study_id,title,doi,publish_in,ex_id,con_id,out_id,es_id,shared_control,sp_latin,sp_common,strain,dam_age,gest_stage_ex,exposure_span_d,exposure_type,exposure_session_duration_h,noise_type,noise_type_2,loudness_dB,frequency_Hz,control_conditions,offspring_sex,offspring_age_d,experimental_procedures,outcome_type,assay_type,measurement_variable,data_type,data_units,measurement_timing,data_source,data_file,c_a_id,ex_a_id,comparison,comparison_structure,higher_better,c_mean,c_sd,c_n,c_se,c_mean_method,c_sd_method,c_se_method,ex_mean,ex_sd,ex_n,ex_se,ex_mean_method,ex_sd_method,ex_se_method,c_mean_continuity_corrected,ex_mean_continuity_corrected,c_sd_continuity_corrected,ex_sd_continuity_corrected,lnRR,lnRR_var
uygur_2010_aphyhun,Effects of chronic stress on cognitive functions and anxiety related behaviors in rats,10.1556/APhysiol.97.2010.3.6,Acta Physiologica Hungarica,ex001,con001,out001,es001,yes,Rattus norvegicus,albino rat,Sprague-Dawley,,late,8,intermittent,0.66,white noise,audible,100,,unclear,male,70,none,anxiety,Defensive withdrawal test (DWT),Latency to exit the dark box,time,seconds,light_phase,Table II,uygur_2010_table2,CON_lat,PSN_lat,con_psn_lat,independent,no,90.9,176.07,9,58.69,Extracted mean used unchanged,SD = SE * sqrt(n),Extracted SE used unchanged,137,211.5563754652646,10,66.9,Extracted mean used unchanged,SD = SE * sqrt(n),Extracted SE used unchanged,FALSE,FALSE,FALSE,FALSE,0.32101479719866327,0.6553273808977046
uygur_2010_aphyhun,Effects of chronic stress on cognitive functions and anxiety related behaviors in rats,10.1556/APhysiol.97.2010.3.6,Acta Physiologica Hungarica,ex001,con001,out002,es002,yes,Rattus norvegicus,albino rat,Sprague-Dawley,,late,8,intermittent,0.66,white noise,audible,100,,unclear,male,70,none,anxiety,Defensive withdrawal test (DWT),Exits from dark box,count,count,light_phase,Table II,uygur_2010_table2,CON_ex,PSN_ex,con_psn_ex,independent,yes,4.3,2.46,9,0.82,Extracted mean used unchanged,SD = SE * sqrt(n),Extracted SE used unchanged,3.67,2.308462691922917,10,0.73,Extracted mean used unchanged,SD = SE * sqrt(n),Extracted SE used unchanged,FALSE,FALSE,FALSE,FALSE,0.15682355183769348,0.0759308236480169
uygur_2010_aphyhun,Effects of chronic stress on cognitive functions and anxiety related behaviors in rats,10.1556/APhysiol.97.2010.3.6,Acta Physiologica Hungarica,ex001,con001,out003,es003,yes,Rattus norvegicus,albino rat,Sprague-Dawley,,late,8,intermittent,0.66,white noise,audible,100,,unclear,male,70,none,anxiety,Defensive withdrawal test (DWT),Time in open field,time,seconds,light_phase,Table II,uygur_2010_table2,CON_oat,PSN_oat,con_psn_oat,independent,yes,101.74,75.75,9,25.25,Extracted mean used unchanged,SD = SE * sqrt(n),Extracted SE used unchanged,66.67,53.34762412704057,10,16.87,Extracted mean used unchanged,SD = SE * sqrt(n),Extracted SE used unchanged,FALSE,FALSE,FALSE,FALSE,0.42144857607545705,0.12562202572156428
barzegar_2014_hippo,Effects of chronic stress on cognitive functions and anxiety related behaviors in rats,10.1002/hipo.22363,Hippocampus,ex002,con002,out004,es004,yes,Rattus norvegicus,brown rat,Wistar rat,,late,7,intermittent,1,white noise,audible,95,,unclear,male,46,none,anxiety,Elevated Plus Maze (EPM),Entries into open arms (OAE),percentage,percent,not_reported,Figure 2A,barzegar_2014_figure2,CON_oae,N1_oae,con_n1_oae,independent,yes,32.07,10.96,10,3.47,Extracted mean used unchanged,Extracted SD used unchanged,Extracted SE used unchanged,33.93,19.61,10,6.2,Extracted mean used unchanged,Extracted SD used unchanged,Extracted SE used unchanged,FALSE,FALSE,FALSE,FALSE,-0.03232825700500543,0.014895622010148228
barzegar_2014_hippo,"Prenatal Exposure to Noise Stress: Anxiety, Impaired Spatial Memory, and Deteriorated Hippocampal Plasticity in Postnatal Life",10.1002/hipo.22363,Hippocampus,ex002,con002,out005,es005,yes,Rattus norvegicus,brown rat,Wistar rat,,late,7,intermittent,1,white noise,audible,95,,unclear,male,46,none,anxiety,Elevated Plus Maze (EPM),Time in open arms (OAT),percentage,percent,not_reported,Figure 2B,barzegar_2014_figure2,CON_oat,N1_oat,con_n1_oat,independent,yes,30.02,6.41,10,2.03,Extracted mean used unchanged,Extracted SD used unchanged,Extracted SE used unchanged,30.78,4.33,10,1.37,Extracted mean used unchanged,Extracted SD used unchanged,Extracted SE used unchanged,FALSE,FALSE,FALSE,FALSE,-0.014146620025982245,0.002090254204068703
barzegar_2014_hippo,"Prenatal Exposure to Noise Stress: Anxiety, Impaired Spatial Memory, and Deteriorated Hippocampal Plasticity in Postnatal Life",10.1002/hipo.22363,Hippocampus,ex003,con002,out004,es006,yes,Rattus norvegicus,brown rat,Wistar rat,,late,7,intermittent,2,white noise,audible,95,,unclear,male,46,none,anxiety,Elevated Plus Maze (EPM),Entries into open arms (OAE),percentage,percent,not_reported,Figure 2A,barzegar_2014_figure2,CON_oae,N2_oae,con_n2_oae,independent,yes,32.07,10.96,10,3.47,Extracted mean used unchanged,Extracted SD used unchanged,Extracted SE used unchanged,14.27,8.43,10,8.43,Extracted mean used unchanged,Extracted SD used unchanged,Extracted SE used unchanged,FALSE,FALSE,FALSE,FALSE,0.44089548322101596,0.013481443069010878
barzegar_2014_hippo,"Prenatal Exposure to Noise Stress: Anxiety, Impaired Spatial Memory, and Deteriorated Hippocampal Plasticity in Postnatal Life",10.1002/hipo.22363,Hippocampus,ex003,con002,out005,es007,yes,Rattus norvegicus,brown rat,Wistar rat,,late,7,intermittent,2,white noise,audible,95,,unclear,male,46,none,anxiety,Elevated Plus Maze (EPM),Time in open arms (OAT),percentage,percent,not_reported,Figure 2B,barzegar_2014_figure2,CON_oat,N2_oat,con_n2_oat,independent,yes,30.02,6.41,10,2.03,Extracted mean used unchanged,Extracted SD used unchanged,Extracted SE used unchanged,21.53,5.72,10,1.81,Extracted mean used unchanged,Extracted SD used unchanged,Extracted SE used unchanged,FALSE,FALSE,FALSE,FALSE,0.1837809435938105,0.0035337728041804845
barzegar_2014_hippo,"Prenatal Exposure to Noise Stress: Anxiety, Impaired Spatial Memory, and Deteriorated Hippocampal Plasticity in Postnatal Life",10.1002/hipo.22363,Hippocampus,ex004,con002,out004,es008,yes,Rattus norvegicus,brown rat,Wistar rat,,late,7,intermittent,4,white noise,audible,95,,unclear,male,46,none,anxiety,Elevated Plus Maze (EPM),Entries into open arms (OAE),percentage,percent,not_reported,Figure 2A,barzegar_2014_figure2,CON_oae,N4_oae,con_n4_oae,independent,yes,32.07,10.96,10,3.47,Extracted mean used unchanged,Extracted SD used unchanged,Extracted SE used unchanged,15.33,8.85,10,2.8,Extracted mean used unchanged,Extracted SD used unchanged,Extracted SE used unchanged,FALSE,FALSE,FALSE,FALSE,0.4030839725042804,0.013124380265486332
barzegar_2014_hippo,"Prenatal Exposure to Noise Stress: Anxiety, Impaired Spatial Memory, and Deteriorated Hippocampal Plasticity in Postnatal Life",10.1002/hipo.22363,Hippocampus,ex004,con002,out005,es009,yes,Rattus norvegicus,brown rat,Wistar rat,,late,7,intermittent,4,white noise,audible,95,,unclear,male,46,none,anxiety,Elevated Plus Maze (EPM),Time in open arms (OAT),percentage,percent,not_reported,Figure 2B,barzegar_2014_figure2b,CON_oat,N4_oat,con_n4_oat,independent,yes,30.02,6.41,10,2.03,Extracted mean used unchanged,Extracted SD used unchanged,Extracted SE used unchanged,16.92,8.31,10,2.63,Extracted mean used unchanged,Extracted SD used unchanged,Extracted SE used unchanged,FALSE,FALSE,FALSE,FALSE,0.3132315052223049,0.00828815784134692
hassanvand_2012_phyphar,Alterations in dopamine related behavior of the offspring of pregnant Wistar rats exposed to noise pollution stress,http://ppj.phypha.ir/article-1-805-en.html,Physiology and Pharmacology,ex005,con003,out006,es010,yes,Rattus norvegicus,brown rat,Wistar rat,,"early, mid",14,intermittent,0.083,traffic,audible,125,,unclear,male,90,none,anxiety,Open Field Test (OFT),Sniffing,count,count,not_reported,Figure 2,hassanvand_2012_phyphar_Figure2,Control_sniff,Expn_sniff,control_exp_sniff,independent,yes,41.568,2.7625,6,1.1278,Extracted mean used unchanged,Extracted SD used unchanged,Extracted SE used unchanged,35.5825,2.916,6,1.1904,Extracted mean used unchanged,Extracted SD used unchanged,Extracted SE used unchanged,FALSE,FALSE,FALSE,FALSE,0.1552850894092796,0.0018554082883641227
hassanvand_2012_phyphar,Alterations in dopamine related behavior of the offspring of pregnant Wistar rats exposed to noise pollution stress,http://ppj.phypha.ir/article-1-805-en.html,Physiology and Pharmacology,ex005,con003,out007,es011,yes,Rattus norvegicus,brown rat,Wistar rat,,"early, mid",14,intermittent,0.083,traffic,audible,125,,unclear,male,90,none,anxiety,Open Field Test (OFT),Rearing frequency,count,count,not_reported,Figure 2,hassanvand_2012_phyphar_Figure2,Control_rear,Exp_rear,control_exp_rear,independent,yes,13.943,1.8417,6,0.7519,Extracted mean used unchanged,Extracted SD used unchanged,Extracted SE used unchanged,20.6957,2.4556,6,1.0025,Extracted mean used unchanged,Extracted SD used unchanged,Extracted SE used unchanged,FALSE,FALSE,FALSE,FALSE,-0.394667631692305,0.005254273097981812
hassanvand_2012_phyphar,Alterations in dopamine related behavior of the offspring of pregnant Wistar rats exposed to noise pollution stress,http://ppj.phypha.ir/article-1-805-en.html,Physiology and Pharmacology,ex005,con003,out008,es012,yes,Rattus norvegicus,brown rat,Wistar rat,,"early, mid",14,intermittent,0.083,traffic,audible,125,,unclear,male,90,none,anxiety,Open Field Test (OFT),Sections crossed,count,count,not_reported,Figure 2,hassanvand_2012_phyphar_Figure2,Control_loco,Exp_loco,control_exp_loco,independent,yes,24.686,4.4507,6,1.817,Extracted mean used unchanged,Extracted SD used unchanged,Extracted SE used unchanged,28.5228,2.609,6,1.0651,Extracted mean used unchanged,Extracted SD used unchanged,Extracted SE used unchanged,FALSE,FALSE,FALSE,FALSE,-0.14245594527997454,0.006812043642669949
arjunan_2023_stress,Impacts of Maternal Noise Exposure on Risk of Stillbirth and Oxidative Stress-Induced Neurobehavioral Changes in Offspring,10.3390/stresses3030037,Stresses,ex006,con004,out009,es013,yes,Rattus norvegicus,albino rat,Wistar rat,,"early, mid",10,intermittent,4,ultrasound,ultrasound,100,"0-20,000",unclear,male,45,none,anxiety,Open Field Test (OFT),Time in central square,time,seconds,not_reported,Figure 3B,arjunan_2023_stress_fig3B_cen,Con_cen,Egs_cen,con_egs_cen,independent,yes,225.39,25.92,6,10.58,Extracted mean used unchanged,Extracted SD used unchanged,Extracted SE used unchanged,160.21,18.85,6,7.69,Extracted mean used unchanged,Extracted SD used unchanged,Extracted SE used unchanged,FALSE,FALSE,FALSE,FALSE,0.3412952579524951,0.0045114292322744574
arjunan_2023_stress,Impacts of Maternal Noise Exposure on Risk of Stillbirth and Oxidative Stress-Induced Neurobehavioral Changes in Offspring,10.3390/stresses3030037,Stresses,ex006,con004,out010,es014,yes,Rattus norvegicus,albino rat,Wistar rat,,"early, mid",10,intermittent,4,ultrasound,ultrasound,100,"0-20,000",unclear,male,45,none,anxiety,Open Field Test (OFT),Time in peripheral square,time,seconds,not_reported,Figure 3B,arjunan_2023_stress_fig3B_per,Con_per,Egs_per,con_egs_per,independent,no,71.74,28.21,6,11.52,Extracted mean used unchanged,Extracted SD used unchanged,Extracted SE used unchanged,132.86,19.48,6,7.95,Extracted mean used unchanged,Extracted SD used unchanged,Extracted SE used unchanged,FALSE,FALSE,FALSE,FALSE,0.6051534075625605,0.02935398241976085
arjunan_2023_stress,Impacts of Maternal Noise Exposure on Risk of Stillbirth and Oxidative Stress-Induced Neurobehavioral Changes in Offspring,10.3390/stresses3030037,Stresses,ex007,con004,out009,es015,yes,Rattus norvegicus,albino rat,Wistar rat,,late,11,intermittent,4,ultrasound,ultrasound,100,"0-20,000",unclear,male,45,none,anxiety,Open Field Test (OFT),Time in central square,time,seconds,not_reported,Figure 3B,arjunan_2023_stress_fig3B_cen,Con_cen,Lgs_cen,con_lgs_cen,independent,yes,225.39,25.92,6,10.58,Extracted mean used unchanged,Extracted SD used unchanged,Extracted SE used unchanged,124.08,11.78,6,4.81,Extracted mean used unchanged,Extracted SD used unchanged,Extracted SE used unchanged,FALSE,FALSE,FALSE,FALSE,0.5972566984283891,0.003706419861165428
arjunan_2023_stress,Impacts of Maternal Noise Exposure on Risk of Stillbirth and Oxidative Stress-Induced Neurobehavioral Changes in Offspring,10.3390/stresses3030037,Stresses,ex007,con004,out010,es016,yes,Rattus norvegicus,albino rat,Wistar rat,,late,11,intermittent,4,ultrasound,ultrasound,100,"0-20,000",unclear,male,45,none,anxiety,Open Field Test (OFT),Time in peripheral square,time,seconds,not_reported,Figure 3B,arjunan_2023_stress_fig3B_per,Con_per,Lgs_per,con_lgs_per,independent,no,71.74,28.21,6,11.52,Extracted mean used unchanged,Extracted SD used unchanged,Extracted SE used unchanged,170.48,10.75,6,4.39,Extracted mean used unchanged,Extracted SD used unchanged,Extracted SE used unchanged,FALSE,FALSE,FALSE,FALSE,0.8530153401954489,0.026433756579004992
arjunan_2023_stress,Impacts of Maternal Noise Exposure on Risk of Stillbirth and Oxidative Stress-Induced Neurobehavioral Changes in Offspring,10.3390/stresses3030037,Stresses,ex008,con004,out009,es017,yes,Rattus norvegicus,albino rat,Wistar rat,,"early, mid, late",21,intermittent,4,ultrasound,ultrasound,100,"0-20,000",unclear,male,45,none,anxiety,Open Field Test (OFT),Time in central square,time,seconds,not_reported,Figure 3B,arjunan_2023_stress_fig3B_cen,Con_cen,Fgs_cen,con_fgs_cen,independent,yes,225.39,25.92,6,10.58,Extracted mean used unchanged,Extracted SD used unchanged,Extracted SE used unchanged,93.46,11.78,6,4.81,Extracted mean used unchanged,Extracted SD used unchanged,Extracted SE used unchanged,FALSE,FALSE,FALSE,FALSE,0.8800768859421931,0.0048520080255642275
arjunan_2023_stress,Impacts of Maternal Noise Exposure on Risk of Stillbirth and Oxidative Stress-Induced Neurobehavioral Changes in Offspring,10.3390/stresses3030037,Stresses,ex008,con004,out010,es018,yes,Rattus norvegicus,albino rat,Wistar rat,,"early, mid, late",21,intermittent,4,ultrasound,ultrasound,100,"0-20,000",unclear,male,45,none,anxiety,Open Field Test (OFT),Time in peripheral square,time,seconds,not_reported,Figure 3B,arjunan_2023_stress_fig3B_per,Con_per,Fgs_per,con_fgs_per,independent,no,71.74,28.21,6,11.52,Extracted mean used unchanged,Extracted SD used unchanged,Extracted SE used unchanged,202.72,12.09,6,4.94,Extracted mean used unchanged,Extracted SD used unchanged,Extracted SE used unchanged,FALSE,FALSE,FALSE,FALSE,1.0261881175521326,0.026363853727437752
hadizadeh_2018_irjbamedsci,Probiotic supplementation improves the cognitive function and the anxiety-like behaviors in the stressed rats,10.22038/ijbms.2019.33956.8078,Iranian Journal of Basic Medical Sciences,ex009,con005,out011,es019,yes,Rattus norvegicus,brown rat,Wistar rat,,late,7,intermittent,4,traffic,audible,95,,unclear,male,45,The CON and ST groups received drinking water as vehicle,anxiety,Elevated Plus Maze (EPM),Entries into open arms (OAE),percentage,percent,not_reported,Figure 2A,hadizadeh_2018_irjbamedsci_fig2A,CON_en,ST_en,CON_ST_en,independent,yes,54.98,7.67,6,3.13,Extracted mean used unchanged,Extracted SD used unchanged,Extracted SE used unchanged,19.51,3.07,6,1.25,Extracted mean used unchanged,Extracted SD used unchanged,Extracted SE used unchanged,FALSE,FALSE,FALSE,FALSE,0.6020041514518896,0.0026141985237946594
hadizadeh_2018_irjbamedsci,Probiotic supplementation improves the cognitive function and the anxiety-like behaviors in the stressed rats,10.22038/ijbms.2019.33956.8078,Iranian Journal of Basic Medical Sciences,ex009,con005,out012,es020,yes,Rattus norvegicus,brown rat,Wistar rat,,late,7,intermittent,4,traffic,audible,95,,unclear,male,45,The CON and ST groups received drinking water as vehicle,anxiety,Elevated Plus Maze (EPM),Time in open arms (OAT),percentage,percent,not_reported,Figure 2B,hadizadeh_2018_irjbamedsci_fig2B,CON_ti,ST_ti,CON_ST_ti,independent,yes,41.56,2.9,6,1.18,Extracted mean used unchanged,Extracted SD used unchanged,Extracted SE used unchanged,17.52,4.35,6,1.78,Extracted mean used unchanged,Extracted SD used unchanged,Extracted SE used unchanged,FALSE,FALSE,FALSE,FALSE,0.48380341854470477,0.0032193134002988645
abramova_2024_devneur,Ultrasound-Induced Prenatal Stress: New Possibilities for Modeling Mental Disorders,10.1159/000534687,Developmental Neuroscience,ex010,con006,out013,es021,no,Rattus norvegicus,brown rat,Wistar rat,16,"early, mid, late",21,continuous,24,ultrasound,ultrasound,50,"20,000-45,000",ambient_sound,female,70,none,anxiety,Elevated Plus Maze (EPM),Time in open arms (OAT),time,seconds,light_phase,Fig. 2. a,abramova_2024_devneur_fig2a,Con_f_oa,PS_f_oa,Con_PS_f_oa,independent,yes,45.56,30.7,37,5.05,Extracted mean used unchanged,Extracted SD used unchanged,Extracted SE used unchanged,27.88,17.52,49,2.5,Extracted mean used unchanged,Extracted SD used unchanged,Extracted SE used unchanged,FALSE,FALSE,FALSE,FALSE,0.49322689281086113,0.020330881736930546
abramova_2024_devneur,Ultrasound-Induced Prenatal Stress: New Possibilities for Modeling Mental Disorders,10.1159/000534687,Developmental Neuroscience,ex011,con007,out013,es022,no,Rattus norvegicus,brown rat,Wistar rat,16,"early, mid, late",21,continuous,24,ultrasound,ultrasound,50,"20,000-45,000",ambient_sound,male,70,none,anxiety,Elevated Plus Maze (EPM),Time in open arms (OAT),time,seconds,light_phase,Fig. 2. a,abramova_2024_devneur_fig2a,Con_m_oa,PS_m_oa,Con_PS_m_oa,independent,yes,53.82,29.51,35,4.99,Extracted mean used unchanged,Extracted SD used unchanged,Extracted SE used unchanged,38.35,24.99,44,3.77,Extracted mean used unchanged,Extracted SD used unchanged,Extracted SE used unchanged,FALSE,FALSE,FALSE,FALSE,0.33836027480339675,0.018240282821045596
abramova_2024_devneur,Ultrasound-Induced Prenatal Stress: New Possibilities for Modeling Mental Disorders,10.1159/000534687,Developmental Neuroscience,ex010,con006,out014,es023,no,Rattus norvegicus,brown rat,Wistar rat,16,"early, mid, late",21,continuous,24,ultrasound,ultrasound,50,"20,000-45,000",ambient_sound,female,70,none,anxiety,Elevated Plus Maze (EPM),Head-dipping,count,count,light_phase,Fig. 2. b,abramova_2024_devneur_fig2b,Con_f_hd,PS_f_hd,Con_PS_f_hd,independent,yes,10.2,5.76,37,0.95,Extracted mean used unchanged,Extracted SD used unchanged,Extracted SE used unchanged,4.46,3.09,49,0.44,Extracted mean used unchanged,Extracted SD used unchanged,Extracted SE used unchanged,FALSE,FALSE,FALSE,FALSE,0.8266502886250093,0.01841477632400082
abramova_2024_devneur,Ultrasound-Induced Prenatal Stress: New Possibilities for Modeling Mental Disorders,10.1159/000534687,Developmental Neuroscience,ex011,con007,out014,es024,no,Rattus norvegicus,brown rat,Wistar rat,16,"early, mid, late",21,continuous,24,ultrasound,ultrasound,50,"20,000-45,000",ambient_sound,male,70,none,anxiety,Elevated Plus Maze (EPM),Head-dipping,count,count,light_phase,Fig. 2. b,abramova_2024_devneur_fig2b,Con_m_hd,PS_m_hd,Con_PS_m_hd,independent,yes,11.55,6.92,35,1.17,Extracted mean used unchanged,Extracted SD used unchanged,Extracted SE used unchanged,8.55,5.26,44,0.79,Extracted mean used unchanged,Extracted SD used unchanged,Extracted SE used unchanged,FALSE,FALSE,FALSE,FALSE,0.3015813068851739,0.018857796472043983
abramova_2024_devneur,Ultrasound-Induced Prenatal Stress: New Possibilities for Modeling Mental Disorders,10.1159/000534687,Developmental Neuroscience,ex010,con006,out015,es025,no,Rattus norvegicus,brown rat,Wistar rat,16,"early, mid, late",21,continuous,24,ultrasound,ultrasound,50,"20,000-45,000",ambient_sound,female,70,none,anxiety,Elevated Plus Maze (EPM),Total freezing time,time,seconds,light_phase,Fig. 2. c,abramova_2024_devneur_fig2c,Con_f_fr,PS_f_fr,Con_PS_f_fr,independent,no,2.59,3.45,37,0.57,Extracted mean used unchanged,Extracted SD used unchanged,Extracted SE used unchanged,20.84,19.55,49,2.79,Extracted mean used unchanged,Extracted SD used unchanged,Extracted SE used unchanged,FALSE,FALSE,FALSE,FALSE,2.070218583904154,0.06591515739157564
abramova_2024_devneur,Ultrasound-Induced Prenatal Stress: New Possibilities for Modeling Mental Disorders,10.1159/000534687,Developmental Neuroscience,ex011,con007,out015,es026,no,Rattus norvegicus,brown rat,Wistar rat,16,"early, mid, late",21,continuous,24,ultrasound,ultrasound,50,"20,000-45,000",ambient_sound,male,70,none,anxiety,Elevated Plus Maze (EPM),Total freezing time,time,seconds,light_phase,Fig. 2. c,abramova_2024_devneur_fig2c,Con_m_fr,PS_m_fr,Con_PS_m_fr,independent,no,1.23,2.02,35,0.34,Extracted mean used unchanged,Extracted SD used unchanged,Extracted SE used unchanged,3.27,3.72,44,0.56,Extracted mean used unchanged,Extracted SD used unchanged,Extracted SE used unchanged,FALSE,FALSE,FALSE,FALSE,0.953952662658561,0.10647208562557989
abramova_2024_devneur,Ultrasound-Induced Prenatal Stress: New Possibilities for Modeling Mental Disorders,10.1159/000534687,Developmental Neuroscience,ex010,con006,out016,es027,no,Rattus norvegicus,brown rat,Wistar rat,16,"early, mid, late",21,continuous,24,ultrasound,ultrasound,50,"20,000-45,000",ambient_sound,female,70,none,anxiety,Elevated Plus Maze (EPM),Total grooming time,time,seconds,light_phase,Fig. 2. d,abramova_2024_devneur_fig2d,Con_f_gd,PS_f_gd,Con_PS_f_gd,independent,no,22.57,14.12,37,2.32,Extracted mean used unchanged,Extracted SD used unchanged,Extracted SE used unchanged,30.57,22.63,49,3.23,Extracted mean used unchanged,Extracted SD used unchanged,Extracted SE used unchanged,FALSE,FALSE,FALSE,FALSE,0.30370033979448874,0.021761637596990485
abramova_2024_devneur,Ultrasound-Induced Prenatal Stress: New Possibilities for Modeling Mental Disorders,10.1159/000534687,Developmental Neuroscience,ex011,con007,out016,es028,no,Rattus norvegicus,brown rat,Wistar rat,16,"early, mid, late",21,continuous,24,ultrasound,ultrasound,50,"20,000-45,000",ambient_sound,male,70,none,anxiety,Elevated Plus Maze (EPM),Total grooming time,time,seconds,light_phase,Fig. 2. d,abramova_2024_devneur_fig2d,Con_m_gd,PS_m_gd,Con_PS_m_gd,independent,no,28.31,19.54,35,3.3,Extracted mean used unchanged,Extracted SD used unchanged,Extracted SE used unchanged,48.4,27.76,44,4.19,Extracted mean used unchanged,Extracted SD used unchanged,Extracted SE used unchanged,FALSE,FALSE,FALSE,FALSE,0.5332172632755117,0.02108780576417853
abramova_2024_devneur,Ultrasound-Induced Prenatal Stress: New Possibilities for Modeling Mental Disorders,10.1159/000534687,Developmental Neuroscience,ex010,con006,out017,es029,no,Rattus norvegicus,brown rat,Wistar rat,16,"early, mid, late",21,continuous,24,ultrasound,ultrasound,50,"20,000-45,000",ambient_sound,female,70,none,anxiety,Elevated Plus Maze (EPM),Mean grooming duration,time,seconds,light_phase,Fig. 2. e,abramova_2024_devneur_fig2e,Con_f_mg,PS_f_mg,Con_PS_f_mg,independent,no,6.97,3.61,37,0.59,Extracted mean used unchanged,Extracted SD used unchanged,Extracted SE used unchanged,7.61,4.63,49,0.66,Extracted mean used unchanged,Extracted SD used unchanged,Extracted SE used unchanged,FALSE,FALSE,FALSE,FALSE,0.08800004153386727,0.01480449326153831
abramova_2024_devneur,Ultrasound-Induced Prenatal Stress: New Possibilities for Modeling Mental Disorders,10.1159/000534687,Developmental Neuroscience,ex011,con007,out017,es030,no,Rattus norvegicus,brown rat,Wistar rat,16,"early, mid, late",21,continuous,24,ultrasound,ultrasound,50,"20,000-45,000",ambient_sound,male,70,none,anxiety,Elevated Plus Maze (EPM),Mean grooming duration,time,seconds,light_phase,Fig. 2. e,abramova_2024_devneur_fig2e,Con_m_mg,PS_m_mg,Con_PS_m_mg,independent,no,7.13,4.67,35,0.79,Extracted mean used unchanged,Extracted SD used unchanged,Extracted SE used unchanged,12.15,7.17,44,1.08,Extracted mean used unchanged,Extracted SD used unchanged,Extracted SE used unchanged,FALSE,FALSE,FALSE,FALSE,0.530846737925981,0.020171744607558773
abramova_2024_devneur,Ultrasound-Induced Prenatal Stress: New Possibilities for Modeling Mental Disorders,10.1159/000534687,Developmental Neuroscience,ex010,con006,out018,es031,no,Rattus norvegicus,brown rat,Wistar rat,16,"early, mid, late",21,continuous,24,ultrasound,ultrasound,50,"20,000-45,000",ambient_sound,female,74,none,anxiety,Open Field Test (OFT),Center entries (crossing),count,count,light_phase,Fig. 3. a,abramova_2024_devneur_fig3a,Con_f_ce,PS_f_ce,Con_PS_f_ce,independent,yes,2.46,1.21,37,0.2,Extracted mean used unchanged,Extracted SD used unchanged,Extracted SE used unchanged,2.2,1.91,49,0.27,Extracted mean used unchanged,Extracted SD used unchanged,Extracted SE used unchanged,FALSE,FALSE,FALSE,FALSE,0.1072821740975249,0.02192125350123063
abramova_2024_devneur,Ultrasound-Induced Prenatal Stress: New Possibilities for Modeling Mental Disorders,10.1159/000534687,Developmental Neuroscience,ex011,con007,out018,es032,no,Rattus norvegicus,brown rat,Wistar rat,16,"early, mid, late",21,continuous,24,ultrasound,ultrasound,50,"20,000-45,000",ambient_sound,male,74,none,anxiety,Open Field Test (OFT),Center entries (crossing),count,count,light_phase,Fig. 3. a,abramova_2024_devneur_fig3a,Con_m_ce,PS_m_ce,Con_PS_m_ce,independent,yes,2.87,1.49,35,0.25,Extracted mean used unchanged,Extracted SD used unchanged,Extracted SE used unchanged,1.48,1.35,44,0.2,Extracted mean used unchanged,Extracted SD used unchanged,Extracted SE used unchanged,FALSE,FALSE,FALSE,FALSE,0.6566653871948419,0.026610881765960326
abramova_2024_devneur,Ultrasound-Induced Prenatal Stress: New Possibilities for Modeling Mental Disorders,10.1159/000534687,Developmental Neuroscience,ex010,con006,out019,es033,no,Rattus norvegicus,brown rat,Wistar rat,16,"early, mid, late",21,continuous,24,ultrasound,ultrasound,50,"20,000-45,000",ambient_sound,female,74,none,anxiety,Open Field Test (OFT),Rearing frequency,count,count,light_phase,Fig. 3. c,abramova_2024_devneur_fig3b,Con_f_re,PS_f_re,Con_PS_f_re,independent,yes,21.48,5.57,37,0.92,Extracted mean used unchanged,Extracted SD used unchanged,Extracted SE used unchanged,23.44,10.99,49,1.57,Extracted mean used unchanged,Extracted SD used unchanged,Extracted SE used unchanged,FALSE,FALSE,FALSE,FALSE,-0.08865614504848328,0.006303612823403787
abramova_2024_devneur,Ultrasound-Induced Prenatal Stress: New Possibilities for Modeling Mental Disorders,10.1159/000534687,Developmental Neuroscience,ex011,con007,out019,es034,no,Rattus norvegicus,brown rat,Wistar rat,16,"early, mid, late",21,continuous,24,ultrasound,ultrasound,50,"20,000-45,000",ambient_sound,male,74,none,anxiety,Open Field Test (OFT),Rearing frequency,count,count,light_phase,Fig. 3. c,abramova_2024_devneur_fig3b,Con_m_re,PS_m_re,Con_PS_m_re,independent,yes,21.46,9.73,35,1.64,Extracted mean used unchanged,Extracted SD used unchanged,Extracted SE used unchanged,15.37,8.01,44,1.21,Extracted mean used unchanged,Extracted SD used unchanged,Extracted SE used unchanged,FALSE,FALSE,FALSE,FALSE,0.3336236629256064,0.012046066664067906
abramova_2024_devneur,Ultrasound-Induced Prenatal Stress: New Possibilities for Modeling Mental Disorders,10.1159/000534687,Developmental Neuroscience,ex010,con006,out020,es035,no,Rattus norvegicus,brown rat,Wistar rat,16,"early, mid, late",21,continuous,24,ultrasound,ultrasound,50,"20,000-45,000",ambient_sound,female,74,none,anxiety,Open Field Test (OFT),Sections crossed,count,count,light_phase,Fig. 3. b,abramova_2024_devneur_fig3c,Con_f_cs,PS_f_cs,Con_PS_f_cs,independent,yes,50.7,14.38,37,2.36,Extracted mean used unchanged,Extracted SD used unchanged,Extracted SE used unchanged,44.22,17.61,49,2.52,Extracted mean used unchanged,Extracted SD used unchanged,Extracted SE used unchanged,FALSE,FALSE,FALSE,FALSE,0.13621755120163062,0.005410774319964087
abramova_2024_devneur,Ultrasound-Induced Prenatal Stress: New Possibilities for Modeling Mental Disorders,10.1159/000534687,Developmental Neuroscience,ex011,con007,out020,es036,no,Rattus norvegicus,brown rat,Wistar rat,16,"early, mid, late",21,continuous,24,ultrasound,ultrasound,50,"20,000-45,000",ambient_sound,male,74,none,anxiety,Open Field Test (OFT),Sections crossed,count,count,light_phase,Fig. 3. b,abramova_2024_devneur_fig3c,Con_m_cs,PS_m_cs,Con_PS_m_cs,independent,yes,45.52,13.15,35,2.22,Extracted mean used unchanged,Extracted SD used unchanged,Extracted SE used unchanged,32.55,13.67,44,2.06,Extracted mean used unchanged,Extracted SD used unchanged,Extracted SE used unchanged,FALSE,FALSE,FALSE,FALSE,0.33456236851789606,0.006392903549353243
abramova_2024_devneur,Ultrasound-Induced Prenatal Stress: New Possibilities for Modeling Mental Disorders,10.1159/000534687,Developmental Neuroscience,ex010,con006,out021,es037,no,Rattus norvegicus,brown rat,Wistar rat,16,"early, mid, late",21,continuous,24,ultrasound,ultrasound,50,"20,000-45,000",ambient_sound,female,74,none,anxiety,Open Field Test (OFT),Total freezing time,time,seconds,light_phase,Fig. 3. d,abramova_2024_devneur_fig3d,Con_f_fr,PS_f_fr,Con_PS_f_fr,independent,no,10.51,10.74,37,1.76,Extracted mean used unchanged,Extracted SD used unchanged,Extracted SE used unchanged,31.13,30.81,49,4.4,Extracted mean used unchanged,Extracted SD used unchanged,Extracted SE used unchanged,FALSE,FALSE,FALSE,FALSE,1.0817287317559285,0.0482136344425505
abramova_2024_devneur,Ultrasound-Induced Prenatal Stress: New Possibilities for Modeling Mental Disorders,10.1159/000534687,Developmental Neuroscience,ex011,con007,out021,es038,no,Rattus norvegicus,brown rat,Wistar rat,16,"early, mid, late",21,continuous,24,ultrasound,ultrasound,50,"20,000-45,000",ambient_sound,male,74,none,anxiety,Open Field Test (OFT),Total freezing time,time,seconds,light_phase,Fig. 3. d,abramova_2024_devneur_fig3d,Con_m_fr,PS_m_fr,Con_PS_m_fr,independent,no,17.03,15.77,35,2.67,Extracted mean used unchanged,Extracted SD used unchanged,Extracted SE used unchanged,51.69,49.02,44,7.39,Extracted mean used unchanged,Extracted SD used unchanged,Extracted SE used unchanged,FALSE,FALSE,FALSE,FALSE,1.108257845170479,0.04493999698885094
abramova_2024_devneur,Ultrasound-Induced Prenatal Stress: New Possibilities for Modeling Mental Disorders,10.1159/000534687,Developmental Neuroscience,ex010,con006,out022,es039,no,Rattus norvegicus,brown rat,Wistar rat,16,"early, mid, late",21,continuous,24,ultrasound,ultrasound,50,"20,000-45,000",ambient_sound,female,74,none,anxiety,Open Field Test (OFT),Total grooming time,time,seconds,light_phase,Fig. 3. e,abramova_2024_devneur_fig3e,Con_f_grd,PS_f_grd,Con_PS_f_grd,independent,no,25.07,13.32,37,2.19,Extracted mean used unchanged,Extracted SD used unchanged,Extracted SE used unchanged,29.12,17.2,49,2.46,Extracted mean used unchanged,Extracted SD used unchanged,Extracted SE used unchanged,FALSE,FALSE,FALSE,FALSE,0.14949852801559432,0.014749503293872836
abramova_2024_devneur,Ultrasound-Induced Prenatal Stress: New Possibilities for Modeling Mental Disorders,10.1159/000534687,Developmental Neuroscience,ex011,con007,out022,es040,no,Rattus norvegicus,brown rat,Wistar rat,16,"early, mid, late",21,continuous,24,ultrasound,ultrasound,50,"20,000-45,000",ambient_sound,male,74,none,anxiety,Open Field Test (OFT),Total grooming time,time,seconds,light_phase,Fig. 3. e,abramova_2024_devneur_fig3e,Con_m_grd,PS_m_grd,Con_PS_m_grd,independent,no,17.34,8.33,35,1.41,Extracted mean used unchanged,Extracted SD used unchanged,Extracted SE used unchanged,40.38,25.3,44,3.81,Extracted mean used unchanged,Extracted SD used unchanged,Extracted SE used unchanged,FALSE,FALSE,FALSE,FALSE,0.8464827660285075,0.015515484671008417
abramova_2024_devneur,Ultrasound-Induced Prenatal Stress: New Possibilities for Modeling Mental Disorders,10.1159/000534687,Developmental Neuroscience,ex010,con006,out023,es041,no,Rattus norvegicus,brown rat,Wistar rat,16,"early, mid, late",21,continuous,24,ultrasound,ultrasound,50,"20,000-45,000",ambient_sound,female,74,none,anxiety,Open Field Test (OFT),Grooming frequency,count,count,light_phase,Fig. 3. f,abramova_2024_devneur_fig3f,Con_f_gf,PS_f_gf,Con_PS_f_gf,independent,no,3.62,2.13,37,0.35,Extracted mean used unchanged,Extracted SD used unchanged,Extracted SE used unchanged,4.49,2.18,49,0.31,Extracted mean used unchanged,Extracted SD used unchanged,Extracted SE used unchanged,FALSE,FALSE,FALSE,FALSE,0.213105574268987,0.014167956669434361
abramova_2024_devneur,Ultrasound-Induced Prenatal Stress: New Possibilities for Modeling Mental Disorders,10.1159/000534687,Developmental Neuroscience,ex011,con007,out023,es042,no,Rattus norvegicus,brown rat,Wistar rat,16,"early, mid, late",21,continuous,24,ultrasound,ultrasound,50,"20,000-45,000",ambient_sound,male,74,none,anxiety,Open Field Test (OFT),Grooming frequency,count,count,light_phase,Fig. 3. f,abramova_2024_devneur_fig3f,Con_m_gf,PS_m_gf,Con_PS_m_gf,independent,no,3.17,1.5,35,0.25,Extracted mean used unchanged,Extracted SD used unchanged,Extracted SE used unchanged,4.46,2.78,44,0.42,Extracted mean used unchanged,Extracted SD used unchanged,Extracted SE used unchanged,FALSE,FALSE,FALSE,FALSE,0.3426335998208099,0.015227420729838015
abramova_2024_devneur,Ultrasound-Induced Prenatal Stress: New Possibilities for Modeling Mental Disorders,10.1159/000534687,Developmental Neuroscience,ex010,con006,out024,es043,no,Rattus norvegicus,brown rat,Wistar rat,16,"early, mid, late",21,continuous,24,ultrasound,ultrasound,50,"20,000-45,000",ambient_sound,female,95,none,depression,Forced Swimming Test (FST),Total immobility time,time,seconds,light_phase,Fig.4. a,abramova_2024_devneur_fig4a,Con_f_ti,PS_f_ti,Con_PS_f_ti,independent,no,49.76,27.37,14,7.32,Extracted mean used unchanged,Extracted SD used unchanged,Extracted SE used unchanged,86.12,19.43,13,5.39,Extracted mean used unchanged,Extracted SD used unchanged,Extracted SE used unchanged,FALSE,FALSE,FALSE,FALSE,0.5396828550287345,0.025525863903295136
abramova_2024_devneur,Ultrasound-Induced Prenatal Stress: New Possibilities for Modeling Mental Disorders,10.1159/000534687,Developmental Neuroscience,ex011,con007,out024,es044,no,Rattus norvegicus,brown rat,Wistar rat,16,"early, mid, late",21,continuous,24,ultrasound,ultrasound,50,"20,000-45,000",ambient_sound,male,95,none,depression,Forced Swimming Test (FST),Total immobility time,time,seconds,light_phase,Fig.4. a,abramova_2024_devneur_fig4a,Con_m_ti,PS_m_ti,Con_PS_m_ti,independent,no,103.97,44.65,12,12.89,Extracted mean used unchanged,Extracted SD used unchanged,Extracted SE used unchanged,128.29,46.06,14,12.31,Extracted mean used unchanged,Extracted SD used unchanged,Extracted SE used unchanged,FALSE,FALSE,FALSE,FALSE,0.2071101010231378,0.02457634021973905
abramova_2024_devneur,Ultrasound-Induced Prenatal Stress: New Possibilities for Modeling Mental Disorders,10.1159/000534687,Developmental Neuroscience,ex010,con006,out025,es045,no,Rattus norvegicus,brown rat,Wistar rat,16,"early, mid, late",21,continuous,24,ultrasound,ultrasound,50,"20,000-45,000",ambient_sound,female,80,none,depression,Sucrose Preference Test (SPT),Sucrose preference index,index,percent,light_phase,author's email,,Con_f_su,PS_f_su,Con_PS_f_su,independent,yes,52.8,26.15587888028234,37,4.3,Extracted mean used unchanged,SD = SE * sqrt(n),Extracted SE used unchanged,59.8,37.8,49,5.4,Extracted mean used unchanged,SD = SE * sqrt(n),Extracted SE used unchanged,FALSE,FALSE,FALSE,FALSE,-0.1252554184042724,0.014786646090235871
abramova_2024_devneur,Ultrasound-Induced Prenatal Stress: New Possibilities for Modeling Mental Disorders,10.1159/000534687,Developmental Neuroscience,ex011,con007,out025,es046,no,Rattus norvegicus,brown rat,Wistar rat,16,"early, mid, late",21,continuous,24,ultrasound,ultrasound,50,"20,000-45,000",ambient_sound,male,80,none,depression,Sucrose Preference Test (SPT),Sucrose preference index,index,percent,light_phase,author's email,,Con_m_su,PS_m_su,Con_PS_m_su,independent,yes,54.8,30.763614872118005,35,5.2,Extracted mean used unchanged,SD = SE * sqrt(n),Extracted SE used unchanged,57.8,28.522973197056437,44,4.3,Extracted mean used unchanged,SD = SE * sqrt(n),Extracted SE used unchanged,FALSE,FALSE,FALSE,FALSE,-0.05156374530250108,0.014538745292566883
oliveira_2015_jbehavbraisci,Intrauterine Exposure to Chronic 22 kHz Sound Affects Inhibitory Avoidance and Serotonergic Parameters in Forebrain Areas of Dams and Rat Offspring,10.4236/jbbs.2015.52003,Journal of Behavioral and Brain Science,ex012,con008,out026,es047,yes,Rattus norvegicus,brown rat,Wistar rat,16,"early, mid, late",19,intermittent,1,ultrasound,ultrasound,65,"22,000",silence,male,60,none,anxiety,Elevated T Maze (ETM),Avoidance latency,latency,seconds,light_phase,Figure 2. b,oliveira_2015_jbehavbraisci_fig2b,C_BL,IE_BL,C_IE_BL,dependent,no,9.33,25.13,12,7.25,Extracted mean used unchanged,Extracted SD used unchanged,Extracted SE used unchanged,6.22,14.36,12,4.15,Extracted mean used unchanged,Extracted SD used unchanged,Extracted SE used unchanged,FALSE,FALSE,FALSE,FALSE,-0.4856620338208002,0.5305335085605141
oliveira_2015_jbehavbraisci,Intrauterine Exposure to Chronic 22 kHz Sound Affects Inhibitory Avoidance and Serotonergic Parameters in Forebrain Areas of Dams and Rat Offspring,10.4236/jbbs.2015.52003,Journal of Behavioral and Brain Science,ex012,con008,out026,es048,yes,Rattus norvegicus,brown rat,Wistar rat,16,"early, mid, late",19,intermittent,1,ultrasound,ultrasound,65,"22,000",silence,male,60,none,anxiety,Elevated T Maze (ETM),Avoidance latency,latency,seconds,light_phase,Figure 2. b,oliveira_2015_jbehavbraisci_fig2b,C_A1,IE_A1,C_IE_A1,dependent,no,56.48,118.46,12,34.2,Extracted mean used unchanged,Extracted SD used unchanged,Extracted SE used unchanged,86.53,131.03,12,37.82,Extracted mean used unchanged,Extracted SD used unchanged,Extracted SE used unchanged,FALSE,FALSE,FALSE,FALSE,0.33885541575137973,0.2930015129759355
oliveira_2015_jbehavbraisci,Intrauterine Exposure to Chronic 22 kHz Sound Affects Inhibitory Avoidance and Serotonergic Parameters in Forebrain Areas of Dams and Rat Offspring,10.4236/jbbs.2015.52003,Journal of Behavioral and Brain Science,ex012,con008,out026,es049,yes,Rattus norvegicus,brown rat,Wistar rat,16,"early, mid, late",19,intermittent,1,ultrasound,ultrasound,65,"22,000",silence,male,60,none,anxiety,Elevated T Maze (ETM),Avoidance latency,latency,seconds,light_phase,Figure 2. b,oliveira_2015_jbehavbraisci_fig2b,C_A2,IE_A2,C_IE_A2,dependent,no,103.11,129.23,12,37.31,Extracted mean used unchanged,Extracted SD used unchanged,Extracted SE used unchanged,136.27,147.18,12,42.49,Extracted mean used unchanged,Extracted SD used unchanged,Extracted SE used unchanged,FALSE,FALSE,FALSE,FALSE,0.26199674387254157,0.11530697787613985
oliveira_2015_jbehavbraisci,Intrauterine Exposure to Chronic 22 kHz Sound Affects Inhibitory Avoidance and Serotonergic Parameters in Forebrain Areas of Dams and Rat Offspring,10.4236/jbbs.2015.52003,Journal of Behavioral and Brain Science,ex012,con008,out027,es050,yes,Rattus norvegicus,brown rat,Wistar rat,16,"early, mid, late",19,intermittent,1,ultrasound,ultrasound,65,"22,000",silence,male,60,none,anxiety,Elevated T Maze (ETM),Escape latency,latency,seconds,light_phase,Figure 3. b,oliveira_2015_jbehavbraisci_fig3b,C_F1,IE_F1,C_IE_F1,dependent,yes,5.34,3.86,12,1.11,Extracted mean used unchanged,Extracted SD used unchanged,Extracted SE used unchanged,6.54,8.21,12,2.37,Extracted mean used unchanged,Extracted SD used unchanged,Extracted SE used unchanged,FALSE,FALSE,FALSE,FALSE,-0.24660321527852405,0.09924902727777907
oliveira_2015_jbehavbraisci,Intrauterine Exposure to Chronic 22 kHz Sound Affects Inhibitory Avoidance and Serotonergic Parameters in Forebrain Areas of Dams and Rat Offspring,10.4236/jbbs.2015.52003,Journal of Behavioral and Brain Science,ex012,con008,out027,es051,yes,Rattus norvegicus,brown rat,Wistar rat,16,"early, mid, late",19,intermittent,1,ultrasound,ultrasound,65,"22,000",silence,male,60,none,anxiety,Elevated T Maze (ETM),Escape latency,latency,seconds,light_phase,Figure 3. b,oliveira_2015_jbehavbraisci_fig3b,C_F2,IE_F2,C_IE_F2,dependent,yes,6.8,8.02,12,2.31,Extracted mean used unchanged,Extracted SD used unchanged,Extracted SE used unchanged,6.6,4.06,12,1.17,Extracted mean used unchanged,Extracted SD used unchanged,Extracted SE used unchanged,FALSE,FALSE,FALSE,FALSE,0.07204465998857446,0.08699221360612523
oliveira_2015_jbehavbraisci,Intrauterine Exposure to Chronic 22 kHz Sound Affects Inhibitory Avoidance and Serotonergic Parameters in Forebrain Areas of Dams and Rat Offspring,10.4236/jbbs.2015.52003,Journal of Behavioral and Brain Science,ex012,con008,out027,es052,yes,Rattus norvegicus,brown rat,Wistar rat,16,"early, mid, late",19,intermittent,1,ultrasound,ultrasound,65,"22,000",silence,male,60,none,anxiety,Elevated T Maze (ETM),Escape latency,latency,seconds,light_phase,Figure 3. b,oliveira_2015_jbehavbraisci_fig3b,C_F3,IE_F3,C_IE_F3,dependent,yes,6.46,7.72,12,2.23,Extracted mean used unchanged,Extracted SD used unchanged,Extracted SE used unchanged,13.2,15.44,12,4.46,Extracted mean used unchanged,Extracted SD used unchanged,Extracted SE used unchanged,FALSE,FALSE,FALSE,FALSE,-0.7120898037998797,0.11654039955886651
pavlov_2023_molsci,Maternal Chronic Ultrasound Stress Provokes Immune Activation and Behavioral Deficits in the Offspring: A Mouse Model of Neurodevelopmental Pathology,10.3390/ijms241411712,International Journal of Molecular Sciences,ex013,con009,out028,es053,yes,Mus musculus,albino house mouse,BALB/c mice,16,"early, mid, late",21,continuous,24,ultrasound,ultrasound,50,"20,000-45,000",unclear,female,60,none,depression,Sucrose Preference Test (SPT),Sucrose preference index,index,percent,dark_phase,Figure 4A,pavlov_2023_molsci_Fig4A,NonSt_su,US_su,NonSt_US_su,independent,yes,71.6,9.72,10,3.07,Extracted mean used unchanged,Extracted SD used unchanged,Extracted SE used unchanged,40.48,13.49,14,3.61,Extracted mean used unchanged,Extracted SD used unchanged,Extracted SE used unchanged,FALSE,FALSE,FALSE,FALSE,0.5672422153811231,0.009775507230011261
pavlov_2023_molsci,Maternal Chronic Ultrasound Stress Provokes Immune Activation and Behavioral Deficits in the Offspring: A Mouse Model of Neurodevelopmental Pathology,10.3390/ijms241411712,International Journal of Molecular Sciences,ex013,con009,out029,es054,yes,Mus musculus,albino house mouse,BALB/c mice,16,"early, mid, late",21,continuous,24,ultrasound,ultrasound,50,"20,000-45,000",unclear,female,60,none,anxiety,Open Field Test (OFT),Sections crossed,count,count,dark_phase,Figure 4C,pavlov_2023_molsci_Fig4C,NonSt_sq,US_sq,NonSt_US_sq,independent,yes,10.55,6.17,10,1.95,Extracted mean used unchanged,Extracted SD used unchanged,Extracted SE used unchanged,6.4,3.17,14,0.85,Extracted mean used unchanged,Extracted SD used unchanged,Extracted SE used unchanged,FALSE,FALSE,FALSE,FALSE,0.5081674716887264,0.051726986072589985
pavlov_2023_molsci,Maternal Chronic Ultrasound Stress Provokes Immune Activation and Behavioral Deficits in the Offspring: A Mouse Model of Neurodevelopmental Pathology,10.3390/ijms241411712,International Journal of Molecular Sciences,ex013,con009,out030,es055,yes,Mus musculus,albino house mouse,BALB/c mice,16,"early, mid, late",21,continuous,24,ultrasound,ultrasound,50,"20,000-45,000",unclear,female,60,none,anxiety,Open Field Test (OFT),Time in central square,time,seconds,dark_phase,Figure 4D,pavlov_2023_molsci_Fig4D,NonSt_csq,US_csq,NonSt_US_csq,independent,yes,71.66,17.5,10,5.53,Extracted mean used unchanged,Extracted SD used unchanged,Extracted SE used unchanged,25.99,11.15,14,2.98,Extracted mean used unchanged,Extracted SD used unchanged,Extracted SE used unchanged,FALSE,FALSE,FALSE,FALSE,1.010629524455695,0.01911026157981374
pavlov_2023_molsci,Maternal Chronic Ultrasound Stress Provokes Immune Activation and Behavioral Deficits in the Offspring: A Mouse Model of Neurodevelopmental Pathology,10.3390/ijms241411712,International Journal of Molecular Sciences,ex013,con009,out031,es056,yes,Mus musculus,albino house mouse,BALB/c mice,16,"early, mid, late",21,continuous,24,ultrasound,ultrasound,50,"20,000-45,000",unclear,female,60,none,anxiety,Elevated Plus Maze (EPM),Time in open arms (OAT),time,seconds,dark_phase,Figure 4E,pavlov_2023_molsci_Fig4E,NonSt_oat,US_oat,NonSt_US_oat,independent,yes,69.17,20.84,10,6.59,Extracted mean used unchanged,Extracted SD used unchanged,Extracted SE used unchanged,25.42,9.56,14,2.55,Extracted mean used unchanged,Extracted SD used unchanged,Extracted SE used unchanged,FALSE,FALSE,FALSE,FALSE,1.0005183194875096,0.01918004803648296
pavlov_2023_molsci,Maternal Chronic Ultrasound Stress Provokes Immune Activation and Behavioral Deficits in the Offspring: A Mouse Model of Neurodevelopmental Pathology,10.3390/ijms241411712,International Journal of Molecular Sciences,ex013,con009,out032,es057,yes,Mus musculus,albino house mouse,BALB/c mice,16,"early, mid, late",21,continuous,24,ultrasound,ultrasound,50,"20,000-45,000",unclear,female,60,none,anxiety,Elevated Plus Maze (EPM),Entries into open arms (OAE),count,count,dark_phase,Figure 4F,pavlov_2023_molsci_Fig4F,NonSt_oae,US_oae,NonSt_US_oae,independent,yes,13.27,5.44,10,1.72,Extracted mean used unchanged,Extracted SD used unchanged,Extracted SE used unchanged,8.68,4.23,14,1.13,Extracted mean used unchanged,Extracted SD used unchanged,Extracted SE used unchanged,FALSE,FALSE,FALSE,FALSE,0.42440545028494975,0.03376908823764939
nishio_2006_intjdevlneur,Effects of perinatal stress on the anxiety-related behavior of the adolescence mouse,10.1016/j.ijdevneu.2006.02.003,International Journal of Developemental Neuroscience,ex014,con010,out033,es058,yes,Mus musculus,albino house mouse,ddY mice,,"mid, late",9,intermittent,0.25,other/unclear,unclear,90,,unclear,male,35,none,anxiety,Elevated Plus Maze (EPM),Time in open arms (OAT),percentage,percent,not_reported,Fig. 2a,nishio_2006_intjdevlneur_fig2a,pre_n_m_oat,pre_so_m_oat,pre_n_m_oat,independent,yes,27.16,13.81,5,6.17,Extracted mean used unchanged,Extracted SD used unchanged,Extracted SE used unchanged,24.15,7.94,5,3.55,Extracted mean used unchanged,Extracted SD used unchanged,Extracted SE used unchanged,FALSE,FALSE,FALSE,FALSE,0.06494991038275061,0.022559426337194283
nishio_2006_intjdevlneur,Effects of perinatal stress on the anxiety-related behavior of the adolescence mouse,10.1016/j.ijdevneu.2006.02.003,International Journal of Developemental Neuroscience,ex015,con011,out033,es059,yes,Mus musculus,albino house mouse,ddY mice,,"mid, late",9,intermittent,0.25,other/unclear,unclear,90,,unclear,female,35,none,anxiety,Elevated Plus Maze (EPM),Time in open arms (OAT),percentage,percent,not_reported,Fig. 2a,nishio_2006_intjdevlneur_fig2a,pre_n_f_oat,pre_so_f_oat,pre_n_f_oat,independent,yes,18.69,6.84,5,3.06,Extracted mean used unchanged,Extracted SD used unchanged,Extracted SE used unchanged,29.23,13.81,5,6.17,Extracted mean used unchanged,Extracted SD used unchanged,Extracted SE used unchanged,FALSE,FALSE,FALSE,FALSE,-0.24505130664630775,0.02183015835508744
nishio_2006_intjdevlneur,Effects of perinatal stress on the anxiety-related behavior of the adolescence mouse,10.1016/j.ijdevneu.2006.02.003,International Journal of Developemental Neuroscience,ex014,con010,out034,es060,yes,Mus musculus,albino house mouse,ddY mice,,"mid, late",9,intermittent,0.25,other/unclear,unclear,90,,unclear,male,35,none,anxiety,Elevated Plus Maze (EPM),Entries into open arms (OAE),percentage,percent,not_reported,Fig. 2b,nishio_2006_intjdevlneur_fig2b,pre_n_m_oae,pre_so_m_oae,pre_n_m_oae,independent,yes,39.61,9.64,5,4.31,Extracted mean used unchanged,Extracted SD used unchanged,Extracted SE used unchanged,46.66,7.78,5,3.48,Extracted mean used unchanged,Extracted SD used unchanged,Extracted SE used unchanged,FALSE,FALSE,FALSE,FALSE,-0.09952695067893032,0.006342206163476739
nishio_2006_intjdevlneur,Effects of perinatal stress on the anxiety-related behavior of the adolescence mouse,10.1016/j.ijdevneu.2006.02.003,International Journal of Developemental Neuroscience,ex015,con011,out034,es061,yes,Mus musculus,albino house mouse,ddY mice,,"mid, late",9,intermittent,0.25,other/unclear,unclear,90,,unclear,female,35,none,anxiety,Elevated Plus Maze (EPM),Entries into open arms (OAE),percentage,percent,not_reported,Fig. 2b,nishio_2006_intjdevlneur_fig2b,pre_n_f_oae,pre_so_f_oae,pre_n_f_oae,independent,yes,33.07,7.6,5,3.4,Extracted mean used unchanged,Extracted SD used unchanged,Extracted SE used unchanged,42.1,14.82,5,6.63,Extracted mean used unchanged,Extracted SD used unchanged,Extracted SE used unchanged,FALSE,FALSE,FALSE,FALSE,-0.14185924964074667,0.012512733314762287
nishio_2006_intjdevlneur,Effects of perinatal stress on the anxiety-related behavior of the adolescence mouse,10.1016/j.ijdevneu.2006.02.003,International Journal of Developemental Neuroscience,ex014,con010,out035,es062,yes,Mus musculus,albino house mouse,ddY mice,,"mid, late",9,intermittent,0.25,other/unclear,unclear,90,,unclear,male,35,none,anxiety,Elevated Plus Maze (EPM),Entries to closed arms,count,count,not_reported,Fig. 2c,nishio_2006_intjdevlneur_fig2c,pre_n_m_cae,pre_so_m_cae,pre_n_m_cae,independent,yes,3.97,1.71,5,0.76,Extracted mean used unchanged,Extracted SD used unchanged,Extracted SE used unchanged,3.58,1.18,5,0.53,Extracted mean used unchanged,Extracted SD used unchanged,Extracted SE used unchanged,FALSE,FALSE,FALSE,FALSE,0.11109196356803729,0.05883415951125435
nishio_2006_intjdevlneur,Effects of perinatal stress on the anxiety-related behavior of the adolescence mouse,10.1016/j.ijdevneu.2006.02.003,International Journal of Developemental Neuroscience,ex015,con011,out035,es063,yes,Mus musculus,albino house mouse,ddY mice,,"mid, late",9,intermittent,0.25,other/unclear,unclear,90,,unclear,female,35,none,anxiety,Elevated Plus Maze (EPM),Entries to closed arms,count,count,not_reported,Fig. 2c,nishio_2006_intjdevlneur_fig2c,pre_n_f_cae,pre_so_f_cae,pre_n_f_cae,independent,yes,6.68,2.41,5,1.08,Extracted mean used unchanged,Extracted SD used unchanged,Extracted SE used unchanged,4.55,1.15,5,0.51,Extracted mean used unchanged,Extracted SD used unchanged,Extracted SE used unchanged,FALSE,FALSE,FALSE,FALSE,0.3906187457101268,0.03880845175737624
uygur_2011_ankarauniv,Investigation of the long term effects of chronic white noise stress on learning in radial arm maze and behaviors in forced swim test,10.1501/Vetfak_0000002481,Ankara Üniv Vet Fak Derg,ex016,con012,out036,es064,yes,Rattus norvegicus,albino rat,Sprague-Dawley,,"mid, late",9,intermittent,0.75,white noise,audible,100,,unclear,male,70,none,depression,Forced Swimming Test (FST),Total immobility time,time,seconds,light_phase,In paper: Table 2.,uygur_2011_ankarauniv.pdf,CON_in,PSN_in,CON_PSN_in1,independent,no,45.87,24.869999999999997,9,8.29,Extracted mean used unchanged,SD = SE * sqrt(n),Extracted SE used unchanged,26.79,24.855502408923464,10,7.86,Extracted mean used unchanged,SD = SE * sqrt(n),Extracted SE used unchanged,FALSE,FALSE,FALSE,FALSE,-0.5110742132257738,0.11874214826813656
uygur_2011_ankarauniv,Investigation of the long term effects of chronic white noise stress on learning in radial arm maze and behaviors in forced swim test,10.1501/Vetfak_0000002481,Ankara Üniv Vet Fak Derg,ex016,con012,out036,es065,yes,Rattus norvegicus,albino rat,Sprague-Dawley,,"mid, late",9,intermittent,0.75,white noise,audible,100,,unclear,male,70,none,depression,Forced Swimming Test (FST),Total immobility time,time,seconds,light_phase,In paper: Table 2.,uygur_2011_ankarauniv.pdf,CON_in,PSN_in,CON_PSN_in2,independent,no,79.05,40.56,9,13.52,Extracted mean used unchanged,SD = SE * sqrt(n),Extracted SE used unchanged,48.87,40.57202237996031,10,12.83,Extracted mean used unchanged,SD = SE * sqrt(n),Extracted SE used unchanged,FALSE,FALSE,FALSE,FALSE,-0.46108079859669204,0.09817530871557525
uygur_2011_ankarauniv,Investigation of the long term effects of chronic white noise stress on learning in radial arm maze and behaviors in forced swim test,10.1501/Vetfak_0000002481,Ankara Üniv Vet Fak Derg,ex016,con012,out037,es066,yes,Rattus norvegicus,albino rat,Sprague-Dawley,,"mid, late",9,intermittent,0.75,white noise,audible,100,,unclear,male,70,none,depression,Forced Swimming Test (FST),Total swimming time,time,seconds,light_phase,In paper: Table 2.,uygur_2011_ankarauniv.pdf,CON_sw,PSN_sw,CON_PSN_sw1,independent,yes,20.09,18.84,9,6.28,Extracted mean used unchanged,SD = SE * sqrt(n),Extracted SE used unchanged,39.08,18.84717485460354,10,5.96,Extracted mean used unchanged,SD = SE * sqrt(n),Extracted SE used unchanged,FALSE,FALSE,FALSE,FALSE,-0.6281606490678288,0.12097318137982901
uygur_2011_ankarauniv,Investigation of the long term effects of chronic white noise stress on learning in radial arm maze and behaviors in forced swim test,10.1501/Vetfak_0000002481,Ankara Üniv Vet Fak Derg,ex016,con012,out037,es067,yes,Rattus norvegicus,albino rat,Sprague-Dawley,,"mid, late",9,intermittent,0.75,white noise,audible,100,,unclear,male,70,none,depression,Forced Swimming Test (FST),Total swimming time,time,seconds,light_phase,In paper: Table 2.,uygur_2011_ankarauniv.pdf,CON_sw,PSN_sw,CON_PSN_sw2,independent,yes,31.89,39.45,9,13.15,Extracted mean used unchanged,SD = SE * sqrt(n),Extracted SE used unchanged,33.44,39.46522519890138,10,12.48,Extracted mean used unchanged,SD = SE * sqrt(n),Extracted SE used unchanged,FALSE,FALSE,FALSE,FALSE,-0.0320832592576523,0.30931914704017577
uygur_2011_ankarauniv,Investigation of the long term effects of chronic white noise stress on learning in radial arm maze and behaviors in forced swim test,10.1501/Vetfak_0000002481,Ankara Üniv Vet Fak Derg,ex016,con012,out038,es068,yes,Rattus norvegicus,albino rat,Sprague-Dawley,,"mid, late",9,intermittent,0.75,white noise,audible,100,,unclear,male,70,none,depression,Forced Swimming Test (FST),Total diving time,count,count,light_phase,In paper: Table 2.,uygur_2011_ankarauniv.pdf,CON_di,PSN_di,CON_PSN_di1,independent,yes,5.44,4.47,9,1.49,Extracted mean used unchanged,SD = SE * sqrt(n),Extracted SE used unchanged,6.2,4.490434277439099,10,1.42,Extracted mean used unchanged,SD = SE * sqrt(n),Extracted SE used unchanged,FALSE,FALSE,FALSE,FALSE,-0.11948831938417015,0.12747537406631104
uygur_2011_ankarauniv,Investigation of the long term effects of chronic white noise stress on learning in radial arm maze and behaviors in forced swim test,10.1501/Vetfak_0000002481,Ankara Üniv Vet Fak Derg,ex016,con012,out038,es069,yes,Rattus norvegicus,albino rat,Sprague-Dawley,,"mid, late",9,intermittent,0.75,white noise,audible,100,,unclear,male,70,none,depression,Forced Swimming Test (FST),Total diving time,count,count,light_phase,In paper: Table 2.,uygur_2011_ankarauniv.pdf,CON_di,PSN_di,CON_PSN_di2,independent,yes,2.56,2.8499999999999996,9,0.95,Extracted mean used unchanged,SD = SE * sqrt(n),Extracted SE used unchanged,1.7,2.8460498941515415,10,0.9,Extracted mean used unchanged,SD = SE * sqrt(n),Extracted SE used unchanged,FALSE,FALSE,FALSE,FALSE,0.33809588476933367,0.4179873878980591
uygur_2011_ankarauniv,Investigation of the long term effects of chronic white noise stress on learning in radial arm maze and behaviors in forced swim test,10.1501/Vetfak_0000002481,Ankara Üniv Vet Fak Derg,ex016,con012,out039,es070,yes,Rattus norvegicus,albino rat,Sprague-Dawley,,"mid, late",9,intermittent,0.75,white noise,audible,100,,unclear,male,70,none,depression,Forced Swimming Test (FST),Total jumping time,count,count,light_phase,In paper: Table 2.,uygur_2011_ankarauniv.pdf,CON_ju,PSN_ju,CON_PSN_ju1,independent,yes,26.78,14.669999999999998,9,4.89,Extracted mean used unchanged,SD = SE * sqrt(n),Extracted SE used unchanged,23,14.67296834318128,10,4.64,Extracted mean used unchanged,SD = SE * sqrt(n),Extracted SE used unchanged,FALSE,FALSE,FALSE,FALSE,0.14848297504153632,0.07404105491248347
uygur_2011_ankarauniv,Investigation of the long term effects of chronic white noise stress on learning in radial arm maze and behaviors in forced swim test,10.1501/Vetfak_0000002481,Ankara Üniv Vet Fak Derg,ex016,con012,out039,es071,yes,Rattus norvegicus,albino rat,Sprague-Dawley,,"mid, late",9,intermittent,0.75,white noise,audible,100,,unclear,male,70,none,depression,Forced Swimming Test (FST),Total jumping time,count,count,light_phase,In paper: Table 2.,uygur_2011_ankarauniv.pdf,CON_ju,PSN_ju,CON_PSN_ju2,independent,yes,16,11.79,9,3.93,Extracted mean used unchanged,SD = SE * sqrt(n),Extracted SE used unchanged,18.4,11.795295672428056,10,3.73,Extracted mean used unchanged,SD = SE * sqrt(n),Extracted SE used unchanged,FALSE,FALSE,FALSE,FALSE,-0.13014329243127867,0.10142598136224008
morra_1965_physiolrec,PRENATAL SOUND STIMULATION ON POSTNATAL RAT OFFSPRING OPEN FIELD BEHAVIORS,10.1007/BF03393632,The psychological Record,ex017,con013,out040,es072,yes,Rattus norvegicus,albino rat,Wistar rat,18,"mid, late",9,intermittent,0.005,door bell,audible,85,,unclear,mixed,25,none,anxiety,Open Field Test (OFT),Sections crossed,count,count,not_reported,Table 2 and text,,GIII_csq,GII_csq,GIII_GII_csq,independent,yes,19.5,8.4,63,1.0583005244258363,Extracted mean used unchanged,Extracted SD used unchanged,SE = SD / sqrt(n),14.2,8.3,35,1.4029560628493376,Extracted mean used unchanged,Extracted SD used unchanged,SE = SD / sqrt(n),FALSE,FALSE,FALSE,FALSE,0.313764523675013,0.01270681585042289
morra_1965_physiolrec,PRENATAL SOUND STIMULATION ON POSTNATAL RAT OFFSPRING OPEN FIELD BEHAVIORS,10.1007/BF03393632,The psychological Record,ex017,con013,out041,es073,yes,Rattus norvegicus,albino rat,Wistar rat,18,"mid, late",9,intermittent,0.005,door bell,audible,85,,unclear,mixed,25,none,anxiety,Open Field Test (OFT),Initial latency to move,latency,seconds,not_reported,Table 2 and text,,GIII_il,GII_il,GIII_GII_il,independent,no,13.1,7.9,63,0.995306445590965,Extracted mean used unchanged,Extracted SD used unchanged,SE = SD / sqrt(n),18.8,8.2,35,1.386052977754767,Extracted mean used unchanged,Extracted SD used unchanged,SE = SD / sqrt(n),FALSE,FALSE,FALSE,FALSE,0.36107612036295916,0.011208150217637207
abramova_2021_front,The Behavior and Postnatal Development in Infant and Juvenile Rats After Ultrasound-Induced Chronic Prenatal Stress,10.3389/fphys.2021.659366,Frontiers in Physiology,ex018,con014,out042,es074,yes,Rattus norvegicus,albino rat,Wistar rat,,"early, mid, late",21,continuous,24,ultrasound,ultrasound,50,"20,000-45,000",ambient_sound,female,20,none,anxiety,Open Field Test (OFT),Sections crossed,count,count,light_phase,Figure 2a,OF-pups-abramova2015,C_f_sq,PS_f_sq,C_PS_f_sq,independent,yes,29,15.7903,25,3.1581,Extracted mean used unchanged,Extracted SD used unchanged,Extracted SE used unchanged,24.8421,12.6985,19,2.9132,Extracted mean used unchanged,Extracted SD used unchanged,Extracted SE used unchanged,FALSE,FALSE,FALSE,FALSE,0.1538093513627181,0.025611187314359393
abramova_2021_front,The Behavior and Postnatal Development in Infant and Juvenile Rats After Ultrasound-Induced Chronic Prenatal Stress,10.3389/fphys.2021.659366,Frontiers in Physiology,ex019,con015,out042,es075,yes,Rattus norvegicus,albino rat,Wistar rat,,"early, mid, late",21,continuous,24,ultrasound,ultrasound,50,"20,000-45,000",ambient_sound,male,20,none,anxiety,Open Field Test (OFT),Sections crossed,count,count,light_phase,Figure 2a,OF-pups-abramova2016,C_m_sq,PS_m_sq,C_PS_m_sq,independent,yes,33.7391,16.896,23,3.5231,Extracted mean used unchanged,Extracted SD used unchanged,Extracted SE used unchanged,22.1667,14.5733,18,3.435,Extracted mean used unchanged,Extracted SD used unchanged,Extracted SE used unchanged,FALSE,FALSE,FALSE,FALSE,0.4135117217882007,0.034916389345118065
abramova_2021_front,The Behavior and Postnatal Development in Infant and Juvenile Rats After Ultrasound-Induced Chronic Prenatal Stress,10.3389/fphys.2021.659366,Frontiers in Physiology,ex018,con014,out043,es076,yes,Rattus norvegicus,albino rat,Wistar rat,,"early, mid, late",21,continuous,24,ultrasound,ultrasound,50,"20,000-45,000",ambient_sound,female,20,none,anxiety,Open Field Test (OFT),Rearing frequency,count,count,light_phase,Figure 2b,OF-pups-abramova2017,C_f_re,PS_f_re,C_PS_f_re,independent,yes,8.92,6.9337,25,1.3867,Extracted mean used unchanged,Extracted SD used unchanged,Extracted SE used unchanged,6.8947,4.4208,19,1.0142,Extracted mean used unchanged,Extracted SD used unchanged,Extracted SE used unchanged,FALSE,FALSE,FALSE,FALSE,0.2588084865334971,0.0458071077714791
abramova_2021_front,The Behavior and Postnatal Development in Infant and Juvenile Rats After Ultrasound-Induced Chronic Prenatal Stress,10.3389/fphys.2021.659366,Frontiers in Physiology,ex019,con015,out043,es077,yes,Rattus norvegicus,albino rat,Wistar rat,,"early, mid, late",21,continuous,24,ultrasound,ultrasound,50,"20,000-45,000",ambient_sound,male,20,none,anxiety,Open Field Test (OFT),Rearing frequency,count,count,light_phase,Figure 2b,OF-pups-abramova2018,C_m_re,PS_m_re,C_PS_m_re,independent,yes,10.1304,8.7558,23,1.8257,Extracted mean used unchanged,Extracted SD used unchanged,Extracted SE used unchanged,4.3889,4.1747,18,0.984,Extracted mean used unchanged,Extracted SD used unchanged,Extracted SE used unchanged,FALSE,FALSE,FALSE,FALSE,0.8275694200736594,0.0827447112289958
abramova_2021_front,The Behavior and Postnatal Development in Infant and Juvenile Rats After Ultrasound-Induced Chronic Prenatal Stress,10.3389/fphys.2021.659366,Frontiers in Physiology,ex018,con014,out044,es078,yes,Rattus norvegicus,albino rat,Wistar rat,,"early, mid, late",21,continuous,24,ultrasound,ultrasound,50,"20,000-45,000",ambient_sound,female,20,none,anxiety,Open Field Test (OFT),Center entries (crossing),count,count,light_phase,Raw data,OF-pups-abramova2019,C_f_cen,PS_f_cen,C_PS_f_cen,independent,yes,1.16,1.4911,25,0.2982,Extracted mean used unchanged,Extracted SD used unchanged,Extracted SE used unchanged,1.3158,2.029,19,0.4655,Extracted mean used unchanged,Extracted SD used unchanged,Extracted SE used unchanged,FALSE,FALSE,FALSE,FALSE,-0.1555531636595423,0.1912432817690231
abramova_2021_front,The Behavior and Postnatal Development in Infant and Juvenile Rats After Ultrasound-Induced Chronic Prenatal Stress,10.3389/fphys.2021.659366,Frontiers in Physiology,ex019,con015,out044,es079,yes,Rattus norvegicus,albino rat,Wistar rat,,"early, mid, late",21,continuous,24,ultrasound,ultrasound,50,"20,000-45,000",ambient_sound,male,20,none,anxiety,Open Field Test (OFT),Center entries (crossing),count,count,light_phase,Raw data,OF-pups-abramova2020,C_m_cen,PS_m_cen,C_PS_m_cen,independent,yes,2.2609,2.5265,23,0.5268,Extracted mean used unchanged,Extracted SD used unchanged,Extracted SE used unchanged,0.8889,2.3235,18,0.5477,Extracted mean used unchanged,Extracted SD used unchanged,Extracted SE used unchanged,FALSE,FALSE,FALSE,FALSE,0.7708886403877426,0.4338767744814988
abramova_2021_front,The Behavior and Postnatal Development in Infant and Juvenile Rats After Ultrasound-Induced Chronic Prenatal Stress,10.3389/fphys.2021.659366,Frontiers in Physiology,ex018,con014,out045,es080,yes,Rattus norvegicus,albino rat,Wistar rat,,"early, mid, late",21,continuous,24,ultrasound,ultrasound,50,"20,000-45,000",ambient_sound,female,20,none,anxiety,Open Field Test (OFT),Time in central square,count,count,light_phase,Raw data,OF-pups-abramova2021,C_f_centt,PS_f_centt,C_PS_f_centt,independent,yes,2.0964,3.3901,25,0.678,Extracted mean used unchanged,Extracted SD used unchanged,Extracted SE used unchanged,2.9368,5.119,19,1.1744,Extracted mean used unchanged,Extracted SD used unchanged,Extracted SE used unchanged,FALSE,FALSE,FALSE,FALSE,-0.3647519412953538,0.2645083716098056
abramova_2021_front,The Behavior and Postnatal Development in Infant and Juvenile Rats After Ultrasound-Induced Chronic Prenatal Stress,10.3389/fphys.2021.659366,Frontiers in Physiology,ex019,con015,out045,es081,yes,Rattus norvegicus,albino rat,Wistar rat,,"early, mid, late",21,continuous,24,ultrasound,ultrasound,50,"20,000-45,000",ambient_sound,male,20,none,anxiety,Open Field Test (OFT),Time in central square,count,count,light_phase,Raw data,OF-pups-abramova2022,C_m_centt,PS_m_centt,C_PS_m_centt,independent,yes,5.177,6.8377,23,1.4258,Extracted mean used unchanged,Extracted SD used unchanged,Extracted SE used unchanged,0.7739,2.1925,18,0.5168,Extracted mean used unchanged,Extracted SD used unchanged,Extracted SE used unchanged,FALSE,FALSE,FALSE,FALSE,1.7155118728892331,0.5217460861929396
abramova_2021_front,The Behavior and Postnatal Development in Infant and Juvenile Rats After Ultrasound-Induced Chronic Prenatal Stress,10.3389/fphys.2021.659366,Frontiers in Physiology,ex018,con014,out046,es082,yes,Rattus norvegicus,albino rat,Wistar rat,,"early, mid, late",21,continuous,24,ultrasound,ultrasound,50,"20,000-45,000",ambient_sound,female,20,none,anxiety,Open Field Test (OFT),Grooming frequency,count,count,light_phase,Raw data,OF-pups-abramova2023,C_f_gfr,PS_f_gfr,C_PS_f_gfr,independent,no,3.76,1.6653,25,0.3331,Extracted mean used unchanged,Extracted SD used unchanged,Extracted SE used unchanged,2.7895,1.782,19,0.4088,Extracted mean used unchanged,Extracted SD used unchanged,Extracted SE used unchanged,FALSE,FALSE,FALSE,FALSE,-0.29174040187259065,0.029325131864389425
abramova_2021_front,The Behavior and Postnatal Development in Infant and Juvenile Rats After Ultrasound-Induced Chronic Prenatal Stress,10.3389/fphys.2021.659366,Frontiers in Physiology,ex019,con015,out046,es083,yes,Rattus norvegicus,albino rat,Wistar rat,,"early, mid, late",21,continuous,24,ultrasound,ultrasound,50,"20,000-45,000",ambient_sound,male,20,none,anxiety,Open Field Test (OFT),Grooming frequency,count,count,light_phase,Raw data,OF-pups-abramova2024,C_m_gfr,PS_m_gfr,C_PS_m_gfr,independent,no,2.6522,1.465,23,0.3055,Extracted mean used unchanged,Extracted SD used unchanged,Extracted SE used unchanged,3,1.7489,18,0.4122,Extracted mean used unchanged,Extracted SD used unchanged,Extracted SE used unchanged,FALSE,FALSE,FALSE,FALSE,0.12603016413254786,0.0321464065977832
abramova_2021_front,The Behavior and Postnatal Development in Infant and Juvenile Rats After Ultrasound-Induced Chronic Prenatal Stress,10.3389/fphys.2021.659366,Frontiers in Physiology,ex018,con014,out047,es084,yes,Rattus norvegicus,albino rat,Wistar rat,,"early, mid, late",21,continuous,24,ultrasound,ultrasound,50,"20,000-45,000",ambient_sound,female,20,none,anxiety,Open Field Test (OFT),Total grooming time,time,seconds,light_phase,Raw data,OF-pups-abramova2025,C_f_gtt,PS_f_gtt,C_PS_f_gtt,independent,no,34.048,25.0853,25,5.0171,Extracted mean used unchanged,Extracted SD used unchanged,Extracted SE used unchanged,28.2516,24.6902,19,5.6643,Extracted mean used unchanged,Extracted SD used unchanged,Extracted SE used unchanged,FALSE,FALSE,FALSE,FALSE,-0.1773783544768892,0.06191124669074186
abramova_2021_front,The Behavior and Postnatal Development in Infant and Juvenile Rats After Ultrasound-Induced Chronic Prenatal Stress,10.3389/fphys.2021.659366,Frontiers in Physiology,ex019,con015,out047,es085,yes,Rattus norvegicus,albino rat,Wistar rat,,"early, mid, late",21,continuous,24,ultrasound,ultrasound,50,"20,000-45,000",ambient_sound,male,20,none,anxiety,Open Field Test (OFT),Total grooming time,time,seconds,light_phase,Raw data,OF-pups-abramova2026,C_m_gtt,PS_m_gtt,C_PS_m_gtt,independent,no,16.3787,13.1338,23,2.7386,Extracted mean used unchanged,Extracted SD used unchanged,Extracted SE used unchanged,24.2061,17.297,18,4.0769,Extracted mean used unchanged,Extracted SD used unchanged,Extracted SE used unchanged,FALSE,FALSE,FALSE,FALSE,0.39082803974056557,0.056324620386802075
abramova_2021_front,The Behavior and Postnatal Development in Infant and Juvenile Rats After Ultrasound-Induced Chronic Prenatal Stress,10.3389/fphys.2021.659366,Frontiers in Physiology,ex018,con014,out048,es086,yes,Rattus norvegicus,albino rat,Wistar rat,,"early, mid, late",21,continuous,24,ultrasound,ultrasound,50,"20,000-45,000",ambient_sound,female,20,none,anxiety,Open Field Test (OFT),Total freezing time,time,seconds,light_phase,Figure 2c,OF-pups-abramova2027,C_f_frtt,PS_f_fr,C_PS_f_fr,independent,no,36.678,36.638,25,7.3276,Extracted mean used unchanged,Extracted SD used unchanged,Extracted SE used unchanged,62.3595,53.8477,19,12.3535,Extracted mean used unchanged,Extracted SD used unchanged,Extracted SE used unchanged,FALSE,FALSE,FALSE,FALSE,0.5304046043824765,0.07915700054681933
abramova_2021_front,The Behavior and Postnatal Development in Infant and Juvenile Rats After Ultrasound-Induced Chronic Prenatal Stress,10.3389/fphys.2021.659366,Frontiers in Physiology,ex019,con015,out048,es087,yes,Rattus norvegicus,albino rat,Wistar rat,,"early, mid, late",21,continuous,24,ultrasound,ultrasound,50,"20,000-45,000",ambient_sound,male,20,none,anxiety,Open Field Test (OFT),Total freezing time,time,seconds,light_phase,Figure 2c,OF-pups-abramova2028,C_m_ftt,PS_m_fr,C_PS_m_fr,independent,no,39.257,41.7274,23,8.7008,Extracted mean used unchanged,Extracted SD used unchanged,Extracted SE used unchanged,79.8783,55.483,18,13.0775,Extracted mean used unchanged,Extracted SD used unchanged,Extracted SE used unchanged,FALSE,FALSE,FALSE,FALSE,0.699214891806517,0.07592590630840781
badache_2017_stress,"Prenatal noise and restraint stress interact to alter exploratory behavior and balance in juvenile rats, and mixed stress reverses these effects",10.1080/10253890.2017.1307962,Stress,ex020,con016,out049,es088,yes,Rattus norvegicus,albino rat,Wistar rat,13,"mid, late",9,intermittent,0.05,traffic,audible,110,500,unclear,male,45,none,anxiety,Open Field Test (OFT),Time in corners,time,seconds,light_phase,Figure 5a,badache_2017_stress_5a,Cn_cor,Ns_cor,Cn_Ns_cor,independent,no,216.89,47.03,16,11.76,Extracted mean used unchanged,Extracted SD used unchanged,Extracted SE used unchanged,253.78,51.89,16,12.97,Extracted mean used unchanged,Extracted SD used unchanged,Extracted SE used unchanged,FALSE,FALSE,FALSE,FALSE,0.1569145814949363,0.005551629526496642
badache_2017_stress,"Prenatal noise and restraint stress interact to alter exploratory behavior and balance in juvenile rats, and mixed stress reverses these effects",10.1080/10253890.2017.1307962,Stress,ex020,con016,out050,es089,yes,Rattus norvegicus,albino rat,Wistar rat,13,"mid, late",9,intermittent,0.05,traffic,audible,110,500,unclear,male,45,none,anxiety,Open Field Test (OFT),Sections crossed,count,count,light_phase,Figure 5b,badache_2017_stress_5b,Cn_sq,Ns_sq,Cn_Ns_sq,independent,yes,70.44,16.15,16,4.04,Extracted mean used unchanged,Extracted SD used unchanged,Extracted SE used unchanged,45.26,8.92,16,2.23,Extracted mean used unchanged,Extracted SD used unchanged,Extracted SE used unchanged,FALSE,FALSE,FALSE,FALSE,0.4427665265473928,0.005713005356097395
badache_2017_stress,"Prenatal noise and restraint stress interact to alter exploratory behavior and balance in juvenile rats, and mixed stress reverses these effects",10.1080/10253890.2017.1307962,Stress,ex020,con016,out051,es090,yes,Rattus norvegicus,albino rat,Wistar rat,13,"mid, late",9,intermittent,0.05,traffic,audible,110,500,unclear,male,45,none,anxiety,Open Field Test (OFT),Time in central square,time,seconds,light_phase,Figure 5c,badache_2017_stress_5c,Cn_cen,Ns_cen,Cn_Ns_cen,independent,yes,4.13,0.93,16,0.23,Extracted mean used unchanged,Extracted SD used unchanged,Extracted SE used unchanged,0.18,0.26,16,0.07,Extracted mean used unchanged,Extracted SD used unchanged,Extracted SE used unchanged,FALSE,FALSE,FALSE,FALSE,3.0694598037842358,0.13357040657453786
badache_2017_stress,"Prenatal noise and restraint stress interact to alter exploratory behavior and balance in juvenile rats, and mixed stress reverses these effects",10.1080/10253890.2017.1307962,Stress,ex020,con016,out052,es091,yes,Rattus norvegicus,albino rat,Wistar rat,13,"mid, late",9,intermittent,0.05,traffic,audible,110,500,unclear,male,45,none,anxiety,Open Field Test (OFT),Rearing time,time,seconds,light_phase,Figure 5d,badache_2017_stress_5d,Cn_re,Ns_re,Cn_Ns_re,independent,yes,22,5.03,16,1.26,Extracted mean used unchanged,Extracted SD used unchanged,Extracted SE used unchanged,8.54,1.93,16,0.48,Extracted mean used unchanged,Extracted SD used unchanged,Extracted SE used unchanged,FALSE,FALSE,FALSE,FALSE,0.9463189675531793,0.006459279356423696
badache_2017_stress,"Prenatal noise and restraint stress interact to alter exploratory behavior and balance in juvenile rats, and mixed stress reverses these effects",10.1080/10253890.2017.1307962,Stress,ex020,con016,out053,es092,yes,Rattus norvegicus,albino rat,Wistar rat,13,"mid, late",9,intermittent,0.05,traffic,audible,110,500,unclear,male,46,none,anxiety,Elevated Plus Maze (EPM),Time in open arms (OAT),time,seconds,light_phase,Figure 6a,badache_2017_stress_6a,Cn_oat,Ns_oat,Cn_Ns_oat,independent,yes,135.51,31.84,16,7.96,Extracted mean used unchanged,Extracted SD used unchanged,Extracted SE used unchanged,67.96,14.69,16,3.67,Extracted mean used unchanged,Extracted SD used unchanged,Extracted SE used unchanged,FALSE,FALSE,FALSE,FALSE,0.6903912827825432,0.0063707399522205214
badache_2017_stress,"Prenatal noise and restraint stress interact to alter exploratory behavior and balance in juvenile rats, and mixed stress reverses these effects",10.1080/10253890.2017.1307962,Stress,ex020,con016,out054,es093,yes,Rattus norvegicus,albino rat,Wistar rat,13,"mid, late",9,intermittent,0.05,traffic,audible,110,500,unclear,male,46,Cross-Fostered,anxiety,Elevated Plus Maze (EPM),Rearing time,time,seconds,light_phase,Figure 6b,badache_2017_stress_6b,Cn_rt,Ns_rt,Cn_Ns_rt,independent,yes,18.12,4.52,16,1.13,Extracted mean used unchanged,Extracted SD used unchanged,Extracted SE used unchanged,7.77,2.05,16,0.51,Extracted mean used unchanged,Extracted SD used unchanged,Extracted SE used unchanged,FALSE,FALSE,FALSE,FALSE,0.8465153649832358,0.008239588301294766
whitlow_1978_thesis,THE EFFECT OF SOUND STIMULATION DURING GESTATION ON THE BEHAVIOR OF RAT OFFSPRING,,Thesis,ex021,con017,out055,es094,yes,Rattus norvegicus,hooded rat,Lister rat,,"mid, late",8,intermittent,0.005,white noise,audible,85,2500,unclear,mixed,25,Cross-Fostered,anxiety,Open Field Test (OFT),Sections crossed,count,count,not_reported,Figure 2,whitlow_1978_thesis_fig2,HNoN_1_sq,HN_1_sq,HNoN_HN_1_sq,dependent,yes,65.63,8.1012,20,1.8114833899321297,Extracted mean used unchanged,Extracted SD used unchanged,SE = SD / sqrt(n),71.2285,8.4397,20,1.8871742909704976,Extracted mean used unchanged,Extracted SD used unchanged,SE = SD / sqrt(n),FALSE,FALSE,FALSE,FALSE,-0.08183017390537731,7.325159029649271e-4
whitlow_1978_thesis,THE EFFECT OF SOUND STIMULATION DURING GESTATION ON THE BEHAVIOR OF RAT OFFSPRING,,Thesis,ex022,con017,out055,es095,yes,Rattus norvegicus,hooded rat,Lister rat,,"mid, late",8,intermittent,0.005,white noise,audible,65,2500,unclear,mixed,25,Cross-Fostered,anxiety,Open Field Test (OFT),Sections crossed,count,count,not_reported,Figure 2,whitlow_1978_thesis_fig2,HNoN_1_sq,HLN_1_sq,HNoN_HLN_1_sq,dependent,yes,65.63,8.1012,20,1.8114833899321297,Extracted mean used unchanged,Extracted SD used unchanged,SE = SD / sqrt(n),60.8719,7.802,20,1.7445802360453355,Extracted mean used unchanged,Extracted SD used unchanged,SE = SD / sqrt(n),FALSE,FALSE,FALSE,FALSE,0.07523147868384246,7.921740669302817e-4
whitlow_1978_thesis,THE EFFECT OF SOUND STIMULATION DURING GESTATION ON THE BEHAVIOR OF RAT OFFSPRING,,Thesis,ex021,con017,out055,es096,yes,Rattus norvegicus,hooded rat,Lister rat,,"mid, late",8,intermittent,0.005,white noise,audible,85,2500,unclear,mixed,26,Cross-Fostered,anxiety,Open Field Test (OFT),Sections crossed,count,count,not_reported,Figure 2,whitlow_1978_thesis_fig2,HNoN_2_sq,HN_2_sq,HNoN_HN_2_sq,dependent,yes,39.74,6.304,20,1.4096172530158677,Extracted mean used unchanged,Extracted SD used unchanged,SE = SD / sqrt(n),42.8005,6.5422,20,1.4628803922399125,Extracted mean used unchanged,Extracted SD used unchanged,SE = SD / sqrt(n),FALSE,FALSE,FALSE,FALSE,-0.07414655567416602,0.0012140339232181493
whitlow_1978_thesis,THE EFFECT OF SOUND STIMULATION DURING GESTATION ON THE BEHAVIOR OF RAT OFFSPRING,,Thesis,ex022,con017,out055,es097,yes,Rattus norvegicus,hooded rat,Lister rat,,"mid, late",8,intermittent,0.005,white noise,audible,65,2500,unclear,mixed,26,Cross-Fostered,anxiety,Open Field Test (OFT),Sections crossed,count,count,not_reported,Figure 2,whitlow_1978_thesis_fig2,HNoN_2_sq,HLN_2_sq,HNoN_HLN_2_sq,dependent,yes,39.74,6.304,20,1.4096172530158677,Extracted mean used unchanged,Extracted SD used unchanged,SE = SD / sqrt(n),36.8824,6.0731,20,1.3579864434153972,Extracted mean used unchanged,Extracted SD used unchanged,SE = SD / sqrt(n),FALSE,FALSE,FALSE,FALSE,0.07457502757964032,0.0013078374297761537
whitlow_1978_thesis,THE EFFECT OF SOUND STIMULATION DURING GESTATION ON THE BEHAVIOR OF RAT OFFSPRING,,Thesis,ex021,con017,out055,es098,yes,Rattus norvegicus,hooded rat,Lister rat,,"mid, late",8,intermittent,0.005,white noise,audible,85,2500,unclear,mixed,27,Cross-Fostered,anxiety,Open Field Test (OFT),Sections crossed,count,count,not_reported,Figure 2,whitlow_1978_thesis_fig2,HNoN_3_sq,HN_3_sq,HNoN_HN_3_sq,dependent,yes,17.33,4.1629,20,0.9308527383533872,Extracted mean used unchanged,Extracted SD used unchanged,SE = SD / sqrt(n),26.7371,5.1708,20,1.156226029805591,Extracted mean used unchanged,Extracted SD used unchanged,SE = SD / sqrt(n),FALSE,FALSE,FALSE,FALSE,-0.43310548002795346,0.002432397245208313
whitlow_1978_thesis,THE EFFECT OF SOUND STIMULATION DURING GESTATION ON THE BEHAVIOR OF RAT OFFSPRING,,Thesis,ex022,con017,out055,es099,yes,Rattus norvegicus,hooded rat,Lister rat,,"mid, late",8,intermittent,0.005,white noise,audible,65,2500,unclear,mixed,27,Cross-Fostered,anxiety,Open Field Test (OFT),Sections crossed,count,count,not_reported,Figure 2,whitlow_1978_thesis_fig2,HNoN_3_sq,HLN_3_sq,HNoN_HLN_3_sq,dependent,yes,17.33,4.1629,20,0.9308527383533872,Extracted mean used unchanged,Extracted SD used unchanged,SE = SD / sqrt(n),15.7464,3.9682,20,0.8873164948314665,Extracted mean used unchanged,Extracted SD used unchanged,SE = SD / sqrt(n),FALSE,FALSE,FALSE,FALSE,0.09568221340085256,0.0030337260027618377
whitlow_1978_thesis,THE EFFECT OF SOUND STIMULATION DURING GESTATION ON THE BEHAVIOR OF RAT OFFSPRING,,Thesis,ex021,con017,out056,es100,yes,Rattus norvegicus,hooded rat,Lister rat,,"mid, late",8,intermittent,0.005,white noise,audible,85,2500,unclear,mixed,25,Cross-Fostered,anxiety,Open Field Test (OFT),Grooming frequency,count,count,not_reported,Figure 4,whitlow_1978_thesis_fig4,HNoN_1_gr,HN_1_gr,HNoN_HN_1_gr,dependent,no,4.48,2.1166,20,0.4732861481176055,Extracted mean used unchanged,Extracted SD used unchanged,SE = SD / sqrt(n),3.6809,1.9186,20,0.4290120021631096,Extracted mean used unchanged,Extracted SD used unchanged,SE = SD / sqrt(n),FALSE,FALSE,FALSE,FALSE,-0.19525406090831954,0.012431878367652154
whitlow_1978_thesis,THE EFFECT OF SOUND STIMULATION DURING GESTATION ON THE BEHAVIOR OF RAT OFFSPRING,,Thesis,ex022,con017,out056,es101,yes,Rattus norvegicus,hooded rat,Lister rat,,"mid, late",8,intermittent,0.005,white noise,audible,65,2500,unclear,mixed,25,Cross-Fostered,anxiety,Open Field Test (OFT),Grooming frequency,count,count,not_reported,Figure 4,whitlow_1978_thesis_fig4,HNoN_1_gr,HLN_1_gr,HNoN_HLN_1_gr,dependent,no,4.48,2.1166,20,0.4732861481176055,Extracted mean used unchanged,Extracted SD used unchanged,SE = SD / sqrt(n),3.708,1.9256,20,0.4305772497473595,Extracted mean used unchanged,Extracted SD used unchanged,SE = SD / sqrt(n),FALSE,FALSE,FALSE,FALSE,-0.18796868879689757,0.012377296154901457
whitlow_1978_thesis,THE EFFECT OF SOUND STIMULATION DURING GESTATION ON THE BEHAVIOR OF RAT OFFSPRING,,Thesis,ex021,con017,out056,es102,yes,Rattus norvegicus,hooded rat,Lister rat,,"mid, late",8,intermittent,0.005,white noise,audible,85,2500,unclear,mixed,26,Cross-Fostered,anxiety,Open Field Test (OFT),Grooming frequency,count,count,not_reported,Figure 4,whitlow_1978_thesis_fig4,HNoN_2_gr,HN_2_gr,HNoN_HN_2_gr,dependent,no,6.39,2.5278,20,0.5652332633523969,Extracted mean used unchanged,Extracted SD used unchanged,SE = SD / sqrt(n),5.6705,2.3813,20,0.5324748674820249,Extracted mean used unchanged,Extracted SD used unchanged,SE = SD / sqrt(n),FALSE,FALSE,FALSE,FALSE,-0.11896034307392842,0.008335909397953435
whitlow_1978_thesis,THE EFFECT OF SOUND STIMULATION DURING GESTATION ON THE BEHAVIOR OF RAT OFFSPRING,,Thesis,ex022,con017,out056,es103,yes,Rattus norvegicus,hooded rat,Lister rat,,"mid, late",8,intermittent,0.005,white noise,audible,65,2500,unclear,mixed,26,Cross-Fostered,anxiety,Open Field Test (OFT),Grooming frequency,count,count,not_reported,Figure 4,whitlow_1978_thesis_fig4,HNoN_2_gr,HLN_2_gr,HNoN_HLN_2_gr,dependent,no,6.39,2.5278,20,0.5652332633523969,Extracted mean used unchanged,Extracted SD used unchanged,SE = SD / sqrt(n),4.8023,2.1914,20,0.49001193658930386,Extracted mean used unchanged,Extracted SD used unchanged,SE = SD / sqrt(n),FALSE,FALSE,FALSE,FALSE,-0.2843457552786482,0.009210213285537087
whitlow_1978_thesis,THE EFFECT OF SOUND STIMULATION DURING GESTATION ON THE BEHAVIOR OF RAT OFFSPRING,,Thesis,ex021,con017,out056,es104,yes,Rattus norvegicus,hooded rat,Lister rat,,"mid, late",8,intermittent,0.005,white noise,audible,85,2500,unclear,mixed,27,Cross-Fostered,anxiety,Open Field Test (OFT),Grooming frequency,count,count,not_reported,Figure 4,whitlow_1978_thesis_fig4,HNoN_3_gr,HN_3_gr,HNoN_HN_3_gr,dependent,no,3.84,1.9596,20,0.4381798808708588,Extracted mean used unchanged,Extracted SD used unchanged,SE = SD / sqrt(n),3.6899,1.9209,20,0.4295262977979346,Extracted mean used unchanged,Extracted SD used unchanged,SE = SD / sqrt(n),FALSE,FALSE,FALSE,FALSE,-0.039608308318805935,0.013288280438393238
whitlow_1978_thesis,THE EFFECT OF SOUND STIMULATION DURING GESTATION ON THE BEHAVIOR OF RAT OFFSPRING,,Thesis,ex022,con017,out056,es105,yes,Rattus norvegicus,hooded rat,Lister rat,,"mid, late",8,intermittent,0.005,white noise,audible,65,2500,unclear,mixed,27,Cross-Fostered,anxiety,Open Field Test (OFT),Grooming frequency,count,count,not_reported,Figure 4,whitlow_1978_thesis_fig4,HNoN_3_gr,HLN_3_gr,HNoN_HLN_3_gr,dependent,no,3.84,1.9596,20,0.4381798808708588,Extracted mean used unchanged,Extracted SD used unchanged,SE = SD / sqrt(n),3.0749,1.7535,20,0.3920945198545881,Extracted mean used unchanged,Extracted SD used unchanged,SE = SD / sqrt(n),FALSE,FALSE,FALSE,FALSE,-0.22058047590915378,0.014730302574122464
whitlow_1978_thesis,THE EFFECT OF SOUND STIMULATION DURING GESTATION ON THE BEHAVIOR OF RAT OFFSPRING,,Thesis,ex021,con017,out057,es106,yes,Rattus norvegicus,hooded rat,Lister rat,,"mid, late",8,intermittent,0.005,white noise,audible,85,2500,unclear,mixed,25,Cross-Fostered,anxiety,Open Field Test (OFT),Defecation amount,count,count,not_reported,Figure 5,whitlow_1978_thesis_fig5,HNoN_1_de,HN_1_de,HNoN_HN_1_de,dependent,no,1.74,1.3191,20,0.29495972691199723,Extracted mean used unchanged,Extracted SD used unchanged,SE = SD / sqrt(n),2.3777,1.542,20,0.3448016821304676,Extracted mean used unchanged,Extracted SD used unchanged,SE = SD / sqrt(n),FALSE,FALSE,FALSE,FALSE,0.3083951453245886,0.025182847641075735
whitlow_1978_thesis,THE EFFECT OF SOUND STIMULATION DURING GESTATION ON THE BEHAVIOR OF RAT OFFSPRING,,Thesis,ex022,con017,out057,es107,yes,Rattus norvegicus,hooded rat,Lister rat,,"mid, late",8,intermittent,0.005,white noise,audible,65,2500,unclear,mixed,25,Cross-Fostered,anxiety,Open Field Test (OFT),Defecation amount,count,count,not_reported,Figure 5,whitlow_1978_thesis_fig5,HNoN_1_de,HLN_1_de,HNoN_HLN_1_de,dependent,no,1.74,1.3191,20,0.29495972691199723,Extracted mean used unchanged,Extracted SD used unchanged,SE = SD / sqrt(n),2.0226,1.4222,20,0.31801358776002003,Extracted mean used unchanged,Extracted SD used unchanged,SE = SD / sqrt(n),FALSE,FALSE,FALSE,FALSE,0.1484913295036004,0.026804157227646386
whitlow_1978_thesis,THE EFFECT OF SOUND STIMULATION DURING GESTATION ON THE BEHAVIOR OF RAT OFFSPRING,,Thesis,ex021,con017,out057,es108,yes,Rattus norvegicus,hooded rat,Lister rat,,"mid, late",8,intermittent,0.005,white noise,audible,85,2500,unclear,mixed,26,Cross-Fostered,anxiety,Open Field Test (OFT),Defecation amount,count,count,not_reported,Figure 5,whitlow_1978_thesis_fig5,HNoN_2_de,HN_2_de,HNoN_HN_2_de,dependent,no,2.22,1.49,20,0.33317412864746865,Extracted mean used unchanged,Extracted SD used unchanged,SE = SD / sqrt(n),1.9827,1.4081,20,0.31486073191174535,Extracted mean used unchanged,Extracted SD used unchanged,SE = SD / sqrt(n),FALSE,FALSE,FALSE,FALSE,-0.11170005374625236,0.02390919493774669
whitlow_1978_thesis,THE EFFECT OF SOUND STIMULATION DURING GESTATION ON THE BEHAVIOR OF RAT OFFSPRING,,Thesis,ex022,con017,out057,es109,yes,Rattus norvegicus,hooded rat,Lister rat,,"mid, late",8,intermittent,0.005,white noise,audible,65,2500,unclear,mixed,26,Cross-Fostered,anxiety,Open Field Test (OFT),Defecation amount,count,count,not_reported,Figure 5,whitlow_1978_thesis_fig5,HNoN_2_de,HLN_2_de,HNoN_HLN_2_de,dependent,no,2.22,1.49,20,0.33317412864746865,Extracted mean used unchanged,Extracted SD used unchanged,SE = SD / sqrt(n),1.8311,1.3532,20,0.30258471871527154,Extracted mean used unchanged,Extracted SD used unchanged,SE = SD / sqrt(n),FALSE,FALSE,FALSE,FALSE,-0.190198715178682,0.025030189014707542
whitlow_1978_thesis,THE EFFECT OF SOUND STIMULATION DURING GESTATION ON THE BEHAVIOR OF RAT OFFSPRING,,Thesis,ex021,con017,out057,es110,yes,Rattus norvegicus,hooded rat,Lister rat,,"mid, late",8,intermittent,0.005,white noise,audible,85,2500,unclear,mixed,27,Cross-Fostered,anxiety,Open Field Test (OFT),Defecation amount,count,count,not_reported,Figure 5,whitlow_1978_thesis_fig5,HNoN_3_de,HN_3_de,HNoN_HN_3_de,dependent,no,1.14,1.0677,20,0.23874497795765257,Extracted mean used unchanged,Extracted SD used unchanged,SE = SD / sqrt(n),2.5731,1.6041,20,0.3586876642707413,Extracted mean used unchanged,Extracted SD used unchanged,SE = SD / sqrt(n),FALSE,FALSE,FALSE,FALSE,0.8018696780352111,0.034097396039294
whitlow_1978_thesis,THE EFFECT OF SOUND STIMULATION DURING GESTATION ON THE BEHAVIOR OF RAT OFFSPRING,,Thesis,ex022,con017,out057,es111,yes,Rattus norvegicus,hooded rat,Lister rat,,"mid, late",8,intermittent,0.005,white noise,audible,65,2500,unclear,mixed,26,Cross-Fostered,anxiety,Open Field Test (OFT),Defecation amount,count,count,not_reported,Figure 5,whitlow_1978_thesis_fig5,HNoN_3_de,HLN_3_de,HNoN_HLN_3_de,dependent,no,1.14,1.0677,20,0.23874497795765257,Extracted mean used unchanged,Extracted SD used unchanged,SE = SD / sqrt(n),2.8604,1.6913,20,0.37818617703453944,Extracted mean used unchanged,Extracted SD used unchanged,SE = SD / sqrt(n),FALSE,FALSE,FALSE,FALSE,0.906744038411518,0.033650599710504006
whitlow_1978_thesis,THE EFFECT OF SOUND STIMULATION DURING GESTATION ON THE BEHAVIOR OF RAT OFFSPRING,,Thesis,ex021,con018,out058,es112,yes,Rattus norvegicus,hooded rat,Lister rat,,"mid, late",8,intermittent,0.005,white noise,audible,85,2500,unclear,mixed,25,Cross-Fostered,anxiety,Open Field Test (OFT),Sections crossed,count,count,not_reported,Figure 2,whitlow_1978_thesis_fig2,C_1_sq,HN_1_sq,C_HN_1_sq,dependent,yes,45.7671,6.7651,20,1.5127223474583826,Extracted mean used unchanged,Extracted SD used unchanged,SE = SD / sqrt(n),71.2285,8.4397,20,1.8871742909704976,Extracted mean used unchanged,Extracted SD used unchanged,SE = SD / sqrt(n),FALSE,FALSE,FALSE,FALSE,-0.44213227244127584,9.187244126501103e-4
whitlow_1978_thesis,THE EFFECT OF SOUND STIMULATION DURING GESTATION ON THE BEHAVIOR OF RAT OFFSPRING,,Thesis,ex022,con018,out058,es113,yes,Rattus norvegicus,hooded rat,Lister rat,,"mid, late",8,intermittent,0.005,white noise,audible,65,2500,unclear,mixed,25,Cross-Fostered,anxiety,Open Field Test (OFT),Sections crossed,count,count,not_reported,Figure 2,whitlow_1978_thesis_fig2,C_1_sq,HLN_1_sq,C_HLN_1_sq,dependent,yes,45.7671,6.7651,20,1.5127223474583826,Extracted mean used unchanged,Extracted SD used unchanged,SE = SD / sqrt(n),60.8719,7.802,20,1.7445802360453355,Extracted mean used unchanged,Extracted SD used unchanged,SE = SD / sqrt(n),FALSE,FALSE,FALSE,FALSE,-0.2850706198520561,9.665796659311438e-4
whitlow_1978_thesis,THE EFFECT OF SOUND STIMULATION DURING GESTATION ON THE BEHAVIOR OF RAT OFFSPRING,,Thesis,ex021,con018,out058,es114,yes,Rattus norvegicus,hooded rat,Lister rat,,"mid, late",8,intermittent,0.005,white noise,audible,85,2500,unclear,mixed,26,Cross-Fostered,anxiety,Open Field Test (OFT),Sections crossed,count,count,not_reported,Figure 2,whitlow_1978_thesis_fig2,C_2_sq,HN_2_sq,C_HN_2_sq,dependent,yes,31.7366,5.6335,20,1.2596888951245064,Extracted mean used unchanged,Extracted SD used unchanged,SE = SD / sqrt(n),42.8005,6.5422,20,1.4628803922399125,Extracted mean used unchanged,Extracted SD used unchanged,SE = SD / sqrt(n),FALSE,FALSE,FALSE,FALSE,-0.29887557231283,0.001387027114766971
whitlow_1978_thesis,THE EFFECT OF SOUND STIMULATION DURING GESTATION ON THE BEHAVIOR OF RAT OFFSPRING,,Thesis,ex022,con018,out058,es115,yes,Rattus norvegicus,hooded rat,Lister rat,,"mid, late",8,intermittent,0.005,white noise,audible,65,2500,unclear,mixed,26,Cross-Fostered,anxiety,Open Field Test (OFT),Sections crossed,count,count,not_reported,Figure 2,whitlow_1978_thesis_fig2,C_2_sq,HLN_2_sq,C_HLN_2_sq,dependent,yes,31.7366,5.6335,20,1.2596888951245064,Extracted mean used unchanged,Extracted SD used unchanged,SE = SD / sqrt(n),36.8824,6.0731,20,1.3579864434153972,Extracted mean used unchanged,Extracted SD used unchanged,SE = SD / sqrt(n),FALSE,FALSE,FALSE,FALSE,-0.1501539890590236,0.0014696858602052819
whitlow_1978_thesis,THE EFFECT OF SOUND STIMULATION DURING GESTATION ON THE BEHAVIOR OF RAT OFFSPRING,,Thesis,ex021,con018,out058,es116,yes,Rattus norvegicus,hooded rat,Lister rat,,"mid, late",8,intermittent,0.005,white noise,audible,85,2500,unclear,mixed,27,Cross-Fostered,anxiety,Open Field Test (OFT),Sections crossed,count,count,not_reported,Figure 2,whitlow_1978_thesis_fig2,C_3_sq,HN_3_sq,C_HN_3_sq,dependent,yes,19.1201,4.3726,20,0.977743083841558,Extracted mean used unchanged,Extracted SD used unchanged,SE = SD / sqrt(n),26.7371,5.1708,20,1.156226029805591,Extracted mean used unchanged,Extracted SD used unchanged,SE = SD / sqrt(n),FALSE,FALSE,FALSE,FALSE,-0.3349395167377667,0.0022736724322598026
whitlow_1978_thesis,THE EFFECT OF SOUND STIMULATION DURING GESTATION ON THE BEHAVIOR OF RAT OFFSPRING,,Thesis,ex022,con018,out058,es117,yes,Rattus norvegicus,hooded rat,Lister rat,,"mid, late",8,intermittent,0.005,white noise,audible,65,2500,unclear,mixed,27,Cross-Fostered,anxiety,Open Field Test (OFT),Sections crossed,count,count,not_reported,Figure 2,whitlow_1978_thesis_fig2,C_3_sq,HLN_3_sq,C_HLN_3_sq,dependent,yes,19.1201,4.3726,20,0.977743083841558,Extracted mean used unchanged,Extracted SD used unchanged,SE = SD / sqrt(n),15.7464,3.9682,20,0.8873164948314665,Extracted mean used unchanged,Extracted SD used unchanged,SE = SD / sqrt(n),FALSE,FALSE,FALSE,FALSE,0.1938481766910394,0.0029087685888493937
whitlow_1978_thesis,THE EFFECT OF SOUND STIMULATION DURING GESTATION ON THE BEHAVIOR OF RAT OFFSPRING,,Thesis,ex021,con018,out059,es118,yes,Rattus norvegicus,hooded rat,Lister rat,,"mid, late",8,intermittent,0.005,white noise,audible,85,2500,unclear,mixed,25,Cross-Fostered,anxiety,Open Field Test (OFT),Grooming frequency,count,count,not_reported,Figure 4,whitlow_1978_thesis_fig4,C_1_gr,HN_1_gr,C_HN_1_gr,dependent,no,4.0526,2.0131,20,0.45014284455048265,Extracted mean used unchanged,Extracted SD used unchanged,SE = SD / sqrt(n),3.6809,1.9186,20,0.4290120021631096,Extracted mean used unchanged,Extracted SD used unchanged,SE = SD / sqrt(n),FALSE,FALSE,FALSE,FALSE,-0.09557814934087412,0.012975877686274931
whitlow_1978_thesis,THE EFFECT OF SOUND STIMULATION DURING GESTATION ON THE BEHAVIOR OF RAT OFFSPRING,,Thesis,ex022,con018,out059,es119,yes,Rattus norvegicus,hooded rat,Lister rat,,"mid, late",8,intermittent,0.005,white noise,audible,65,2500,unclear,mixed,25,Cross-Fostered,anxiety,Open Field Test (OFT),Grooming frequency,count,count,not_reported,Figure 4,whitlow_1978_thesis_fig4,C_1_gr,HLN_1_gr,C_HLN_1_gr,dependent,no,4.0526,2.0131,20,0.45014284455048265,Extracted mean used unchanged,Extracted SD used unchanged,SE = SD / sqrt(n),3.708,1.9256,20,0.4305772497473595,Extracted mean used unchanged,Extracted SD used unchanged,SE = SD / sqrt(n),FALSE,FALSE,FALSE,FALSE,-0.08829277722945213,0.012923629038084607
whitlow_1978_thesis,THE EFFECT OF SOUND STIMULATION DURING GESTATION ON THE BEHAVIOR OF RAT OFFSPRING,,Thesis,ex021,con018,out059,es120,yes,Rattus norvegicus,hooded rat,Lister rat,,"mid, late",8,intermittent,0.005,white noise,audible,85,2500,unclear,mixed,26,Cross-Fostered,anxiety,Open Field Test (OFT),Grooming frequency,count,count,not_reported,Figure 4,whitlow_1978_thesis_fig4,C_2_gr,HN_2_gr,C_HN_2_gr,dependent,no,3.5127,1.8742,20,0.4190838603430106,Extracted mean used unchanged,Extracted SD used unchanged,SE = SD / sqrt(n),5.6705,2.3813,20,0.5324748674820249,Extracted mean used unchanged,Extracted SD used unchanged,SE = SD / sqrt(n),FALSE,FALSE,FALSE,FALSE,0.47618429493802694,0.011848382615580928
whitlow_1978_thesis,THE EFFECT OF SOUND STIMULATION DURING GESTATION ON THE BEHAVIOR OF RAT OFFSPRING,,Thesis,ex022,con018,out059,es121,yes,Rattus norvegicus,hooded rat,Lister rat,,"mid, late",8,intermittent,0.005,white noise,audible,65,2500,unclear,mixed,26,Cross-Fostered,anxiety,Open Field Test (OFT),Grooming frequency,count,count,not_reported,Figure 4,whitlow_1978_thesis_fig4,C_2_gr,HLN_2_gr,C_HLN_2_gr,dependent,no,3.5127,1.8742,20,0.4190838603430106,Extracted mean used unchanged,Extracted SD used unchanged,SE = SD / sqrt(n),4.8023,2.1914,20,0.49001193658930386,Extracted mean used unchanged,Extracted SD used unchanged,SE = SD / sqrt(n),FALSE,FALSE,FALSE,FALSE,0.31079888273330697,0.012471748101514253
whitlow_1978_thesis,THE EFFECT OF SOUND STIMULATION DURING GESTATION ON THE BEHAVIOR OF RAT OFFSPRING,,Thesis,ex021,con018,out059,es122,yes,Rattus norvegicus,hooded rat,Lister rat,,"mid, late",8,intermittent,0.005,white noise,audible,85,2500,unclear,mixed,27,Cross-Fostered,anxiety,Open Field Test (OFT),Grooming frequency,count,count,not_reported,Figure 4,whitlow_1978_thesis_fig4,C_3_gr,HN_3_gr,C_HN_3_gr,dependent,no,3.8478,1.9616,20,0.4386270944663587,Extracted mean used unchanged,Extracted SD used unchanged,SE = SD / sqrt(n),3.6899,1.9209,20,0.4295262977979346,Extracted mean used unchanged,Extracted SD used unchanged,SE = SD / sqrt(n),FALSE,FALSE,FALSE,FALSE,-0.041624372017293756,0.013275425271972837
whitlow_1978_thesis,THE EFFECT OF SOUND STIMULATION DURING GESTATION ON THE BEHAVIOR OF RAT OFFSPRING,,Thesis,ex022,con018,out059,es123,yes,Rattus norvegicus,hooded rat,Lister rat,,"mid, late",8,intermittent,0.005,white noise,audible,65,2500,unclear,mixed,27,Cross-Fostered,anxiety,Open Field Test (OFT),Grooming frequency,count,count,not_reported,Figure 4,whitlow_1978_thesis_fig4,C_3_gr,HLN_3_gr,C_HLN_3_gr,dependent,no,3.8478,1.9616,20,0.4386270944663587,Extracted mean used unchanged,Extracted SD used unchanged,SE = SD / sqrt(n),3.0749,1.7535,20,0.3920945198545881,Extracted mean used unchanged,Extracted SD used unchanged,SE = SD / sqrt(n),FALSE,FALSE,FALSE,FALSE,-0.22259653960764156,0.014718725886544918
whitlow_1978_thesis,THE EFFECT OF SOUND STIMULATION DURING GESTATION ON THE BEHAVIOR OF RAT OFFSPRING,,Thesis,ex021,con018,out060,es124,yes,Rattus norvegicus,hooded rat,Lister rat,,"mid, late",8,intermittent,0.005,white noise,audible,85,2500,unclear,mixed,25,Cross-Fostered,anxiety,Open Field Test (OFT),Defecation amount,count,count,not_reported,Figure 5,whitlow_1978_thesis_fig5,C_1_de,HN_1_de,C_HN_1_de,dependent,no,2.3849,1.5443,20,0.3453159777652925,Extracted mean used unchanged,Extracted SD used unchanged,SE = SD / sqrt(n),2.3777,1.542,20,0.3448016821304676,Extracted mean used unchanged,Extracted SD used unchanged,SE = SD / sqrt(n),FALSE,FALSE,FALSE,FALSE,-0.002991370176290052,0.020997125252224705
whitlow_1978_thesis,THE EFFECT OF SOUND STIMULATION DURING GESTATION ON THE BEHAVIOR OF RAT OFFSPRING,,Thesis,ex022,con018,out060,es125,yes,Rattus norvegicus,hooded rat,Lister rat,,"mid, late",8,intermittent,0.005,white noise,audible,65,2500,unclear,mixed,25,Cross-Fostered,anxiety,Open Field Test (OFT),Defecation amount,count,count,not_reported,Figure 5,whitlow_1978_thesis_fig5,C_1_de,HLN_1_de,C_HLN_1_de,dependent,no,2.3849,1.5443,20,0.3453159777652925,Extracted mean used unchanged,Extracted SD used unchanged,SE = SD / sqrt(n),2.0226,1.4222,20,0.31801358776002003,Extracted mean used unchanged,Extracted SD used unchanged,SE = SD / sqrt(n),FALSE,FALSE,FALSE,FALSE,-0.1628951859972784,0.022920451219039562
whitlow_1978_thesis,THE EFFECT OF SOUND STIMULATION DURING GESTATION ON THE BEHAVIOR OF RAT OFFSPRING,,Thesis,ex021,con018,out060,es126,yes,Rattus norvegicus,hooded rat,Lister rat,,"mid, late",8,intermittent,0.005,white noise,audible,85,2500,unclear,mixed,26,Cross-Fostered,anxiety,Open Field Test (OFT),Defecation amount,count,count,not_reported,Figure 5,whitlow_1978_thesis_fig5,C_2_de,HN_2_de,C_HN_2_de,dependent,no,1.5268,1.2357,20,0.276310919979649,Extracted mean used unchanged,Extracted SD used unchanged,SE = SD / sqrt(n),1.9827,1.4081,20,0.31486073191174535,Extracted mean used unchanged,Extracted SD used unchanged,SE = SD / sqrt(n),FALSE,FALSE,FALSE,FALSE,0.25751909615366875,0.029230882451296163
whitlow_1978_thesis,THE EFFECT OF SOUND STIMULATION DURING GESTATION ON THE BEHAVIOR OF RAT OFFSPRING,,Thesis,ex022,con018,out060,es127,yes,Rattus norvegicus,hooded rat,Lister rat,,"mid, late",8,intermittent,0.005,white noise,audible,65,2500,unclear,mixed,26,Cross-Fostered,anxiety,Open Field Test (OFT),Defecation amount,count,count,not_reported,Figure 5,whitlow_1978_thesis_fig5,C_2_de,HLN_2_de,C_HLN_2_de,dependent,no,1.5268,1.2357,20,0.276310919979649,Extracted mean used unchanged,Extracted SD used unchanged,SE = SD / sqrt(n),1.8311,1.3532,20,0.30258471871527154,Extracted mean used unchanged,Extracted SD used unchanged,SE = SD / sqrt(n),FALSE,FALSE,FALSE,FALSE,0.17902043472123896,0.030152802015421802
whitlow_1978_thesis,THE EFFECT OF SOUND STIMULATION DURING GESTATION ON THE BEHAVIOR OF RAT OFFSPRING,,Thesis,ex021,con018,out060,es128,yes,Rattus norvegicus,hooded rat,Lister rat,,"mid, late",8,intermittent,0.005,white noise,audible,85,2500,unclear,mixed,27,Cross-Fostered,anxiety,Open Field Test (OFT),Defecation amount,count,count,not_reported,Figure 5,whitlow_1978_thesis_fig5,C_3_de,HN_3_de,C_HN_3_de,dependent,no,2.775,1.6658,20,0.372484203691915,Extracted mean used unchanged,Extracted SD used unchanged,SE = SD / sqrt(n),2.5731,1.6041,20,0.3586876642707413,Extracted mean used unchanged,Extracted SD used unchanged,SE = SD / sqrt(n),FALSE,FALSE,FALSE,FALSE,-0.07483195436684123,0.01873806361630443
whitlow_1978_thesis,THE EFFECT OF SOUND STIMULATION DURING GESTATION ON THE BEHAVIOR OF RAT OFFSPRING,,Thesis,ex022,con018,out060,es129,yes,Rattus norvegicus,hooded rat,Lister rat,,"mid, late",8,intermittent,0.005,white noise,audible,65,2500,unclear,mixed,26,Cross-Fostered,anxiety,Open Field Test (OFT),Defecation amount,count,count,not_reported,Figure 5,whitlow_1978_thesis_fig5,C_3_de,HLN_3_de,C_HLN_3_de,dependent,no,2.775,1.6658,20,0.372484203691915,Extracted mean used unchanged,Extracted SD used unchanged,SE = SD / sqrt(n),2.8604,1.6913,20,0.37818617703453944,Extracted mean used unchanged,Extracted SD used unchanged,SE = SD / sqrt(n),FALSE,FALSE,FALSE,FALSE,0.030042406009465426,0.01775100777676556
abramova_2020_genpath,Social and Cognitive Impairments in Rat Offspring after Ultrasound-Induced Prenatal Stress,10.1007/s10517-020-04790-0,General Pathology and Pathophysiology,ex023,con019,out061,es130,no,Rattus norvegicus,albino lab rat,Sprague-Dawley,,"early, mid, late",21,continuous,24,ultrasound,ultrasound,50,"20,000-45,000",ambient_sound,male,90,none,anxiety,Open Field Test (OFT),Sections crossed,count,count,light_phase,raw data,abramova_2020_genpath,KO-m-sq,US-m-g1-sq,KO_US_m_sq,independent,yes,51.375,16.8263,8,18.1638,Extracted mean used unchanged,Extracted SD used unchanged,Extracted SE used unchanged,56.2632,26.4614,19,6.0707,Extracted mean used unchanged,Extracted SD used unchanged,Extracted SE used unchanged,FALSE,FALSE,FALSE,FALSE,-0.09000564565308171,0.02505048659484778
abramova_2020_genpath,Social and Cognitive Impairments in Rat Offspring after Ultrasound-Induced Prenatal Stress,10.1007/s10517-020-04790-0,General Pathology and Pathophysiology,ex024,con020,out061,es131,no,Rattus norvegicus,albino lab rat,Sprague-Dawley,,"early, mid, late",21,continuous,24,ultrasound,ultrasound,50,"20,000-45,000",ambient_sound,female,90,none,anxiety,Open Field Test (OFT),Sections crossed,count,count,light_phase,raw data,abramova_2020_genpath,CO-f-sq,US-f-g1-sq,CO_US_f_sq,independent,yes,65.5,17.0042,8,23.1577,Extracted mean used unchanged,Extracted SD used unchanged,Extracted SE used unchanged,59.625,19.4418,16,14.9063,Extracted mean used unchanged,Extracted SD used unchanged,Extracted SE used unchanged,FALSE,FALSE,FALSE,FALSE,0.09486489249652713,0.015069434553426745
abramova_2020_genpath,Social and Cognitive Impairments in Rat Offspring after Ultrasound-Induced Prenatal Stress,10.1007/s10517-020-04790-0,General Pathology and Pathophysiology,ex023,con019,out062,es132,no,Rattus norvegicus,albino lab rat,Sprague-Dawley,,"early, mid, late",21,continuous,24,ultrasound,ultrasound,50,"20,000-45,000",ambient_sound,male,90,none,anxiety,Open Field Test (OFT),Rearing frequency,count,count,light_phase,raw data,abramova_2020_genpath,KO-m-rea,US-m-g1-rea,KO_US_m_rea,independent,yes,23.625,6.7387,8,8.3527,Extracted mean used unchanged,Extracted SD used unchanged,Extracted SE used unchanged,23.5789,11.057,19,2.5367,Extracted mean used unchanged,Extracted SD used unchanged,Extracted SE used unchanged,FALSE,FALSE,FALSE,FALSE,0.0012513289206046415,0.02174369118812252
abramova_2020_genpath,Social and Cognitive Impairments in Rat Offspring after Ultrasound-Induced Prenatal Stress,10.1007/s10517-020-04790-0,General Pathology and Pathophysiology,ex024,con020,out062,es133,no,Rattus norvegicus,albino lab rat,Sprague-Dawley,,"early, mid, late",21,continuous,24,ultrasound,ultrasound,50,"20,000-45,000",ambient_sound,female,90,none,anxiety,Open Field Test (OFT),Rearing frequency,count,count,light_phase,raw data,abramova_2020_genpath,CO-f-rea,US-f-g1-rea,CO_US_f_rea,independent,yes,28.125,6.4683,8,9.9437,Extracted mean used unchanged,Extracted SD used unchanged,Extracted SE used unchanged,28.1875,8.9086,16,7.0469,Extracted mean used unchanged,Extracted SD used unchanged,Extracted SE used unchanged,FALSE,FALSE,FALSE,FALSE,-0.0020354126919983075,0.012854471971370997
abramova_2020_genpath,Social and Cognitive Impairments in Rat Offspring after Ultrasound-Induced Prenatal Stress,10.1007/s10517-020-04790-0,General Pathology and Pathophysiology,ex023,con019,out063,es134,no,Rattus norvegicus,albino lab rat,Sprague-Dawley,,"early, mid, late",21,continuous,24,ultrasound,ultrasound,50,"20,000-45,000",ambient_sound,male,90,none,anxiety,Open Field Test (OFT),Center entries (crossing),count,count,light_phase,raw data,abramova_2020_genpath,KO-m-cen,US-m-g1-cen,KO_US_m_cen,independent,yes,1.875,2.997,8,0.6629,Extracted mean used unchanged,Extracted SD used unchanged,Extracted SE used unchanged,1.8421,1.4245,19,0.3268,Extracted mean used unchanged,Extracted SD used unchanged,Extracted SE used unchanged,FALSE,FALSE,FALSE,FALSE,0.16164584932221138,0.35083380984825646
abramova_2020_genpath,Social and Cognitive Impairments in Rat Offspring after Ultrasound-Induced Prenatal Stress,10.1007/s10517-020-04790-0,General Pathology and Pathophysiology,ex024,con020,out063,es135,no,Rattus norvegicus,albino lab rat,Sprague-Dawley,,"early, mid, late",21,continuous,24,ultrasound,ultrasound,50,"20,000-45,000",ambient_sound,female,90,none,anxiety,Open Field Test (OFT),Center entries (crossing),count,count,light_phase,raw data,abramova_2020_genpath,CO-f-cen,US-f-g1-cen,CO_US_f_cen,independent,yes,2.75,1.8323,8,0.9723,Extracted mean used unchanged,Extracted SD used unchanged,Extracted SE used unchanged,1.25,0.9309,16,0.3125,Extracted mean used unchanged,Extracted SD used unchanged,Extracted SE used unchanged,FALSE,FALSE,FALSE,FALSE,0.7988723376353446,0.09015593934214876
abramova_2020_genpath,Social and Cognitive Impairments in Rat Offspring after Ultrasound-Induced Prenatal Stress,10.1007/s10517-020-04790-0,General Pathology and Pathophysiology,ex023,con019,out064,es136,no,Rattus norvegicus,albino lab rat,Sprague-Dawley,,"early, mid, late",21,continuous,24,ultrasound,ultrasound,50,"20,000-45,000",ambient_sound,male,90,none,anxiety,Open Field Test (OFT),Total grooming time,time,seconds,light_phase,raw data,abramova_2020_genpath,KO-m-grt,US-m-g1-grt,KO_US_m_grt,independent,no,12.5038,11.0261,8,4.4207,Extracted mean used unchanged,Extracted SD used unchanged,Extracted SE used unchanged,33.2405,19.9724,19,4.582,Extracted mean used unchanged,Extracted SD used unchanged,Extracted SE used unchanged,FALSE,FALSE,FALSE,FALSE,0.9386364133481813,0.11620159473144273
abramova_2020_genpath,Social and Cognitive Impairments in Rat Offspring after Ultrasound-Induced Prenatal Stress,10.1007/s10517-020-04790-0,General Pathology and Pathophysiology,ex024,con020,out064,es137,no,Rattus norvegicus,albino lab rat,Sprague-Dawley,,"early, mid, late",21,continuous,24,ultrasound,ultrasound,50,"20,000-45,000",ambient_sound,female,90,none,anxiety,Open Field Test (OFT),Total grooming time,time,seconds,light_phase,raw data,abramova_2020_genpath,CO-f-grt,US-f-g1-grt,CO_US_f_grt,independent,no,13.8713,13.5053,8,4.9042,Extracted mean used unchanged,Extracted SD used unchanged,Extracted SE used unchanged,17.125,12.2961,16,4.2813,Extracted mean used unchanged,Extracted SD used unchanged,Extracted SE used unchanged,FALSE,FALSE,FALSE,FALSE,0.1675831338406774,0.15071275447266796
abramova_2020_genpath,Social and Cognitive Impairments in Rat Offspring after Ultrasound-Induced Prenatal Stress,10.1007/s10517-020-04790-0,General Pathology and Pathophysiology,ex023,con019,out065,es138,no,Rattus norvegicus,albino lab rat,Sprague-Dawley,,"early, mid, late",21,continuous,24,ultrasound,ultrasound,50,"20,000-45,000",ambient_sound,male,90,none,anxiety,Open Field Test (OFT),Total freezing time,time,seconds,light_phase,raw data,abramova_2020_genpath,KO-m-fr,US-m-fr,KO_US_m_fr,independent,no,9.4775,15.5527,8,3.3508,Extracted mean used unchanged,Extracted SD used unchanged,Extracted SE used unchanged,33.2316,43.7813,19,10.0441,Extracted mean used unchanged,Extracted SD used unchanged,Extracted SE used unchanged,FALSE,FALSE,FALSE,FALSE,1.1319492786435474,0.4279680884546835
abramova_2020_genpath,Social and Cognitive Impairments in Rat Offspring after Ultrasound-Induced Prenatal Stress,10.1007/s10517-020-04790-0,General Pathology and Pathophysiology,ex024,con020,out065,es139,no,Rattus norvegicus,albino lab rat,Sprague-Dawley,,"early, mid, late",21,continuous,24,ultrasound,ultrasound,50,"20,000-45,000",ambient_sound,female,90,none,anxiety,Open Field Test (OFT),Total freezing time,time,seconds,light_phase,raw data,abramova_2020_genpath,CO-f-fr,US-f-g1-fr,CO_US_f_fr,independent,no,8.2563,21.4515,8,2.919,Extracted mean used unchanged,Extracted SD used unchanged,Extracted SE used unchanged,32.7925,28.6499,16,8.1981,Extracted mean used unchanged,Extracted SD used unchanged,Extracted SE used unchanged,FALSE,FALSE,FALSE,FALSE,0.9811620465187575,0.8915353961152244
abramova_2020_genpath,Social and Cognitive Impairments in Rat Offspring after Ultrasound-Induced Prenatal Stress,10.1007/s10517-020-04790-0,General Pathology and Pathophysiology,ex023,con019,out066,es140,no,Rattus norvegicus,albino lab rat,Sprague-Dawley,,"early, mid, late",21,continuous,24,ultrasound,ultrasound,50,"20,000-45,000",ambient_sound,male,90,none,anxiety,Open Field Test (OFT),Grooming frequency,count,count,light_phase,raw data,abramova_2020_genpath,KO-m-grf,US-m-g1-grf,KO_US_m_grf,independent,no,4.625,3.7009,8,1.6352,Extracted mean used unchanged,Extracted SD used unchanged,Extracted SE used unchanged,4.2105,2.1751,19,0.499,Extracted mean used unchanged,Extracted SD used unchanged,Extracted SE used unchanged,FALSE,FALSE,FALSE,FALSE,-0.12689167231612247,0.09408443362531446
abramova_2020_genpath,Social and Cognitive Impairments in Rat Offspring after Ultrasound-Induced Prenatal Stress,10.1007/s10517-020-04790-0,General Pathology and Pathophysiology,ex024,con020,out066,es141,no,Rattus norvegicus,albino lab rat,Sprague-Dawley,,"early, mid, late",21,continuous,24,ultrasound,ultrasound,50,"20,000-45,000",ambient_sound,female,90,none,anxiety,Open Field Test (OFT),Grooming frequency,count,count,light_phase,raw data,abramova_2020_genpath,CO-f-grf,US-f-g1-grf,KO_US_f_grf,independent,no,2.875,1.8077,8,1.0165,Extracted mean used unchanged,Extracted SD used unchanged,Extracted SE used unchanged,3,1.3663,16,0.75,Extracted mean used unchanged,Extracted SD used unchanged,Extracted SE used unchanged,FALSE,FALSE,FALSE,FALSE,0.02433236829094723,0.062381932394586226
abramova_2020_genpath,Social and Cognitive Impairments in Rat Offspring after Ultrasound-Induced Prenatal Stress,10.1007/s10517-020-04790-0,General Pathology and Pathophysiology,ex023,con019,out067,es142,no,Rattus norvegicus,albino lab rat,Sprague-Dawley,,"early, mid, late",21,continuous,24,ultrasound,ultrasound,50,"20,000-45,000",ambient_sound,male,90,none,anxiety,Elevated Plus Maze (EPM),Total time in dark,time,seconds,light_phase,raw data,abramova_2020_genpath,KO-m-grf,US-m-g1,KO_US_m_d,independent,no,282.218,17.0866,20,63.1059,Extracted mean used unchanged,Extracted SD used unchanged,Extracted SE used unchanged,253.7111,39.4675,19,9.0545,Extracted mean used unchanged,Extracted SD used unchanged,Extracted SE used unchanged,FALSE,FALSE,FALSE,FALSE,-0.10593842313922792,0.0014569186780402988
abramova_2020_genpath,Social and Cognitive Impairments in Rat Offspring after Ultrasound-Induced Prenatal Stress,10.1007/s10517-020-04790-0,General Pathology and Pathophysiology,ex024,con020,out067,es143,no,Rattus norvegicus,albino lab rat,Sprague-Dawley,,"early, mid, late",21,continuous,24,ultrasound,ultrasound,50,"20,000-45,000",ambient_sound,female,90,none,anxiety,Elevated Plus Maze (EPM),Total time in dark,time,seconds,light_phase,raw data,abramova_2020_genpath,CO-f-grf,US-f-g1,CO_US_f_d,independent,no,270.4478,23.5988,18,63.7452,Extracted mean used unchanged,Extracted SD used unchanged,Extracted SE used unchanged,242.4406,43.8737,16,10.9684,Extracted mean used unchanged,Extracted SD used unchanged,Extracted SE used unchanged,FALSE,FALSE,FALSE,FALSE,-0.10851046607493844,0.0024698115181200544
abramova_2020_genpath,Social and Cognitive Impairments in Rat Offspring after Ultrasound-Induced Prenatal Stress,10.1007/s10517-020-04790-0,General Pathology and Pathophysiology,ex023,con019,out068,es144,no,Rattus norvegicus,albino lab rat,Sprague-Dawley,,"early, mid, late",21,continuous,24,ultrasound,ultrasound,50,"20,000-45,000",ambient_sound,male,90,none,anxiety,Elevated Plus Maze (EPM),Total time in light,time,seconds,light_phase,raw data,abramova_2020_genpath,KO-m-d,US-m-g1,KO_US_m_li,independent,yes,15.626,16.2996,20,3.4941,Extracted mean used unchanged,Extracted SD used unchanged,Extracted SE used unchanged,42.7837,38.8467,19,8.912,Extracted mean used unchanged,Extracted SD used unchanged,Extracted SE used unchanged,FALSE,FALSE,FALSE,FALSE,-1.0017145727890713,0.09779450996594
abramova_2020_genpath,Social and Cognitive Impairments in Rat Offspring after Ultrasound-Induced Prenatal Stress,10.1007/s10517-020-04790-0,General Pathology and Pathophysiology,ex024,con020,out068,es145,no,Rattus norvegicus,albino lab rat,Sprague-Dawley,,"early, mid, late",21,continuous,24,ultrasound,ultrasound,50,"20,000-45,000",ambient_sound,female,90,none,anxiety,Elevated Plus Maze (EPM),Total time in light,time,seconds,light_phase,raw data,abramova_2020_genpath,KO-f-d,US-f-g1,CO_US_f_li,independent,yes,26.8306,21.928,18,6.324,Extracted mean used unchanged,Extracted SD used unchanged,Extracted SE used unchanged,49.9631,41.8416,16,10.4604,Extracted mean used unchanged,Extracted SD used unchanged,Extracted SE used unchanged,FALSE,FALSE,FALSE,FALSE,-0.6251041546118175,0.0809404230877527
abramova_2020_genpath,Social and Cognitive Impairments in Rat Offspring after Ultrasound-Induced Prenatal Stress,10.1007/s10517-020-04790-0,General Pathology and Pathophysiology,ex023,con019,out069,es146,no,Rattus norvegicus,albino lab rat,Sprague-Dawley,,"early, mid, late",21,continuous,24,ultrasound,ultrasound,50,"20,000-45,000",ambient_sound,male,90,none,anxiety,Elevated Plus Maze (EPM),Center entries (crossing),count,count,light_phase,raw data,abramova_2020_genpath,KO-m-l,US-m-g1,KO_US_m_tr,independent,yes,1.95,2.0894,20,0.436,Extracted mean used unchanged,Extracted SD used unchanged,Extracted SE used unchanged,3.7895,3.1372,19,0.7197,Extracted mean used unchanged,Extracted SD used unchanged,Extracted SE used unchanged,FALSE,FALSE,FALSE,FALSE,-0.6537384580192876,0.09347597023053159
abramova_2020_genpath,Social and Cognitive Impairments in Rat Offspring after Ultrasound-Induced Prenatal Stress,10.1007/s10517-020-04790-0,General Pathology and Pathophysiology,ex024,con020,out069,es147,no,Rattus norvegicus,albino lab rat,Sprague-Dawley,,"early, mid, late",21,continuous,24,ultrasound,ultrasound,50,"20,000-45,000",ambient_sound,female,90,none,anxiety,Elevated Plus Maze (EPM),Center entries (crossing),count,count,light_phase,raw data,abramova_2020_genpath,KO-f-l,US-f-g1,KO_US_f_tr,independent,yes,4.3889,2.6153,18,1.0345,Extracted mean used unchanged,Extracted SD used unchanged,Extracted SE used unchanged,4.6875,3.2397,16,0.8099,Extracted mean used unchanged,Extracted SD used unchanged,Extracted SE used unchanged,FALSE,FALSE,FALSE,FALSE,-0.07088446341333206,0.049581224651950764
abramova_2020_genpath,Social and Cognitive Impairments in Rat Offspring after Ultrasound-Induced Prenatal Stress,10.1007/s10517-020-04790-0,General Pathology and Pathophysiology,ex023,con019,out070,es148,no,Rattus norvegicus,albino lab rat,Sprague-Dawley,,"early, mid, late",21,continuous,24,ultrasound,ultrasound,50,"20,000-45,000",ambient_sound,male,90,none,anxiety,Elevated Plus Maze (EPM),Head-out inspections,count,count,light_phase,raw data,abramova_2020_genpath,KO-m-tr,US-m-g1,KO_US_m_ho,independent,no,2.9,1.2524,20,0.6485,Extracted mean used unchanged,Extracted SD used unchanged,Extracted SE used unchanged,3.0526,2.1978,19,0.5042,Extracted mean used unchanged,Extracted SD used unchanged,Extracted SE used unchanged,FALSE,FALSE,FALSE,FALSE,0.060261539816625034,0.03660766528145533
abramova_2020_genpath,Social and Cognitive Impairments in Rat Offspring after Ultrasound-Induced Prenatal Stress,10.1007/s10517-020-04790-0,General Pathology and Pathophysiology,ex024,con020,out070,es149,no,Rattus norvegicus,albino lab rat,Sprague-Dawley,,"early, mid, late",21,continuous,24,ultrasound,ultrasound,50,"20,000-45,000",ambient_sound,female,90,none,anxiety,Elevated Plus Maze (EPM),Head-out inspections,count,count,light_phase,raw data,abramova_2020_genpath,KO-f-tr,US-f-g1,KO_US_f_ho,independent,no,3.7222,1.8726,18,0.8773,Extracted mean used unchanged,Extracted SD used unchanged,Extracted SE used unchanged,3.25,1.9149,16,0.4787,Extracted mean used unchanged,Extracted SD used unchanged,Extracted SE used unchanged,FALSE,FALSE,FALSE,FALSE,-0.1318417809897194,0.03575835200727864
abramova_2020_genpath,Social and Cognitive Impairments in Rat Offspring after Ultrasound-Induced Prenatal Stress,10.1007/s10517-020-04790-0,General Pathology and Pathophysiology,ex023,con019,out071,es150,no,Rattus norvegicus,albino lab rat,Sprague-Dawley,,"early, mid, late",21,continuous,24,ultrasound,ultrasound,50,"20,000-45,000",ambient_sound,male,90,none,anxiety,Elevated Plus Maze (EPM),Overhangs,count,count,light_phase,raw data,abramova_2020_genpath,KO-m-hea,US-m-g1,KO_US_m_oh,independent,no,2.95,3.0517,20,0.6596,Extracted mean used unchanged,Extracted SD used unchanged,Extracted SE used unchanged,7.1053,5.4149,19,1.2423,Extracted mean used unchanged,Extracted SD used unchanged,Extracted SE used unchanged,FALSE,FALSE,FALSE,FALSE,0.867566211575596,0.08407455986233196
abramova_2020_genpath,Social and Cognitive Impairments in Rat Offspring after Ultrasound-Induced Prenatal Stress,10.1007/s10517-020-04790-0,General Pathology and Pathophysiology,ex024,con020,out071,es151,no,Rattus norvegicus,albino lab rat,Sprague-Dawley,,"early, mid, late",21,continuous,24,ultrasound,ultrasound,50,"20,000-45,000",ambient_sound,female,90,none,anxiety,Elevated Plus Maze (EPM),Overhangs,count,count,light_phase,raw data,abramova_2020_genpath,KO-f-hea,US-f-g1,KO_US_f_oh,independent,no,5.7778,4.9415,18,1.3618,Extracted mean used unchanged,Extracted SD used unchanged,Extracted SE used unchanged,8.625,6.8593,16,1.7148,Extracted mean used unchanged,Extracted SD used unchanged,Extracted SE used unchanged,FALSE,FALSE,FALSE,FALSE,0.4000883020476929,0.08016636227225568
abramova_2020_genpath,Social and Cognitive Impairments in Rat Offspring after Ultrasound-Induced Prenatal Stress,10.1007/s10517-020-04790-0,General Pathology and Pathophysiology,ex023,con019,out072,es152,no,Rattus norvegicus,albino lab rat,Sprague-Dawley,,"early, mid, late",21,continuous,24,ultrasound,ultrasound,50,"20,000-45,000",ambient_sound,male,90,none,anxiety,Elevated Plus Maze (EPM),Total grooming time,time,seconds,light_phase,raw data,abramova_2020_genpath,KO-m-tgt,US-m-g1,KO_US_m_tgt,independent,no,47.411,38.3449,20,10.6014,Extracted mean used unchanged,Extracted SD used unchanged,Extracted SE used unchanged,22.8753,20.7601,19,4.7627,Extracted mean used unchanged,Extracted SD used unchanged,Extracted SE used unchanged,FALSE,FALSE,FALSE,FALSE,-0.7234753961286405,0.07605422834254932
abramova_2020_genpath,Social and Cognitive Impairments in Rat Offspring after Ultrasound-Induced Prenatal Stress,10.1007/s10517-020-04790-0,General Pathology and Pathophysiology,ex024,con020,out072,es153,no,Rattus norvegicus,albino lab rat,Sprague-Dawley,,"early, mid, late",21,continuous,24,ultrasound,ultrasound,50,"20,000-45,000",ambient_sound,female,90,none,anxiety,Elevated Plus Maze (EPM),Total grooming time,time,seconds,light_phase,raw data,abramova_2020_genpath,KO-f-tgt,US-f-g1,KO_US_f_tgt,independent,no,46.7839,44.2145,18,11.0271,Extracted mean used unchanged,Extracted SD used unchanged,Extracted SE used unchanged,30.5488,22.0721,16,5.518,Extracted mean used unchanged,Extracted SD used unchanged,Extracted SE used unchanged,FALSE,FALSE,FALSE,FALSE,-0.43471056978168054,0.08224797783132914
abramova_2020_genpath,Social and Cognitive Impairments in Rat Offspring after Ultrasound-Induced Prenatal Stress,10.1007/s10517-020-04790-0,General Pathology and Pathophysiology,ex023,con019,out073,es154,no,Rattus norvegicus,albino lab rat,Sprague-Dawley,,"early, mid, late",21,continuous,24,ultrasound,ultrasound,50,"20,000-45,000",ambient_sound,male,90,none,anxiety,Elevated Plus Maze (EPM),Rearing frequency,count,count,light_phase,raw data,abramova_2020_genpath,KO-m-rea,US-m-g1,KO_US_m_rf,independent,yes,8.25,3.8645,20,1.8448,Extracted mean used unchanged,Extracted SD used unchanged,Extracted SE used unchanged,12.4211,5.3678,19,1.2314,Extracted mean used unchanged,Extracted SD used unchanged,Extracted SE used unchanged,FALSE,FALSE,FALSE,FALSE,-0.40861251592225084,0.02080028080431339
abramova_2020_genpath,Social and Cognitive Impairments in Rat Offspring after Ultrasound-Induced Prenatal Stress,10.1007/s10517-020-04790-0,General Pathology and Pathophysiology,ex024,con020,out073,es155,no,Rattus norvegicus,albino lab rat,Sprague-Dawley,,"early, mid, late",21,continuous,24,ultrasound,ultrasound,50,"20,000-45,000",ambient_sound,female,90,none,anxiety,Elevated Plus Maze (EPM),Rearing frequency,count,count,light_phase,raw data,abramova_2020_genpath,KO-f-rea,US-f-g1,KO_US_f_rf,independent,yes,11.7222,5.4966,18,2.763,Extracted mean used unchanged,Extracted SD used unchanged,Extracted SE used unchanged,16.9375,6.678,16,1.6695,Extracted mean used unchanged,Extracted SD used unchanged,Extracted SE used unchanged,FALSE,FALSE,FALSE,FALSE,-0.36679591352541435,0.02193081654136853
abramova_2020_genpath,Social and Cognitive Impairments in Rat Offspring after Ultrasound-Induced Prenatal Stress,10.1007/s10517-020-04790-0,General Pathology and Pathophysiology,ex023,con019,out074,es156,no,Rattus norvegicus,albino lab rat,Sprague-Dawley,,"early, mid, late",21,continuous,24,ultrasound,ultrasound,50,"20,000-45,000",ambient_sound,male,90,none,anxiety,Elevated Plus Maze (EPM),Total freezing time,time,seconds,light_phase,raw data,abramova_2020_genpath,KO-m-rea,US-m-g1,KO_US_m_tft,independent,no,22.984,36.2606,20,5.1394,Extracted mean used unchanged,Extracted SD used unchanged,Extracted SE used unchanged,6.5274,11.2848,19,2.5889,Extracted mean used unchanged,Extracted SD used unchanged,Extracted SE used unchanged,FALSE,FALSE,FALSE,FALSE,-1.2423592193123176,0.28175727647638227
abramova_2020_genpath,Social and Cognitive Impairments in Rat Offspring after Ultrasound-Induced Prenatal Stress,10.1007/s10517-020-04790-0,General Pathology and Pathophysiology,ex024,con020,out074,es157,no,Rattus norvegicus,albino lab rat,Sprague-Dawley,,"early, mid, late",21,continuous,24,ultrasound,ultrasound,50,"20,000-45,000",ambient_sound,female,90,none,anxiety,Elevated Plus Maze (EPM),Total freezing time,time,seconds,light_phase,raw data,abramova_2020_genpath,KO-f-rea,US-f-g1,KO_US_f_tft,independent,no,11.1783,30.8267,18,2.6348,Extracted mean used unchanged,Extracted SD used unchanged,Extracted SE used unchanged,11.8338,18.4115,16,4.6029,Extracted mean used unchanged,Extracted SD used unchanged,Extracted SE used unchanged,FALSE,FALSE,FALSE,FALSE,-0.07862123009804622,0.5737931328509353
abramova_2020_genpath,Social and Cognitive Impairments in Rat Offspring after Ultrasound-Induced Prenatal Stress,10.1007/s10517-020-04790-0,General Pathology and Pathophysiology,ex023,con019,out075,es158,no,Rattus norvegicus,albino lab rat,Sprague-Dawley,,"early, mid, late",21,continuous,24,ultrasound,ultrasound,50,"20,000-45,000",ambient_sound,male,90,none,anxiety,Elevated Plus Maze (EPM),Grooming frequency,count,count,light_phase,raw data,abramova_2020_genpath,KO-m-rea,US-m-g1,KO_US_m_grf,independent,no,3.8,2.3753,20,0.8497,Extracted mean used unchanged,Extracted SD used unchanged,Extracted SE used unchanged,3.8421,2.5224,19,0.5787,Extracted mean used unchanged,Extracted SD used unchanged,Extracted SE used unchanged,FALSE,FALSE,FALSE,FALSE,0.012592386177627772,0.04222109062825981
abramova_2020_genpath,Social and Cognitive Impairments in Rat Offspring after Ultrasound-Induced Prenatal Stress,10.1007/s10517-020-04790-0,General Pathology and Pathophysiology,ex024,con020,out075,es159,no,Rattus norvegicus,albino lab rat,Sprague-Dawley,,"early, mid, late",21,continuous,24,ultrasound,ultrasound,50,"20,000-45,000",ambient_sound,female,90,none,anxiety,Elevated Plus Maze (EPM),Grooming frequency,count,count,light_phase,raw data,abramova_2020_genpath,KO-f-rea,US-f-g1,KO_US_f_grf,independent,no,4.3889,2.2528,18,1.0345,Extracted mean used unchanged,Extracted SD used unchanged,Extracted SE used unchanged,3.5625,1.8608,16,0.4652,Extracted mean used unchanged,Extracted SD used unchanged,Extracted SE used unchanged,FALSE,FALSE,FALSE,FALSE,-0.20740884884535202,0.031689092157091696
abramova_2020_genpath,Social and Cognitive Impairments in Rat Offspring after Ultrasound-Induced Prenatal Stress,10.1007/s10517-020-04790-0,General Pathology and Pathophysiology,ex023,con019,out076,es160,no,Rattus norvegicus,albino lab rat,Sprague-Dawley,,"early, mid, late",21,continuous,24,ultrasound,ultrasound,50,"20,000-45,000",ambient_sound,male,90,none,depression,Forced Swimming Test (FST),Total immobility time,time,seconds,light_phase,raw data,abramova_2020_genpath,con_m_inm,ex_m_inm,con_ex_m_inm,independent,no,247.5357,63.8354,21,54.0167,Extracted mean used unchanged,Extracted SD used unchanged,Extracted SE used unchanged,186.3768,71.3936,19,42.7578,Extracted mean used unchanged,Extracted SD used unchanged,Extracted SE used unchanged,FALSE,FALSE,FALSE,FALSE,-0.28150635302863186,0.010889770173273416
abramova_2020_genpath,Social and Cognitive Impairments in Rat Offspring after Ultrasound-Induced Prenatal Stress,10.1007/s10517-020-04790-0,General Pathology and Pathophysiology,ex024,con020,out076,es161,no,Rattus norvegicus,albino lab rat,Sprague-Dawley,,"early, mid, late",21,continuous,24,ultrasound,ultrasound,50,"20,000-45,000",ambient_sound,female,90,none,depression,Forced Swimming Test (FST),Total immobility time,time,seconds,light_phase,raw data,abramova_2020_genpath,con_f_inm,ex_f_inm,con_ex_f_inm,independent,no,179.33,56.2763,18,42.2685,Extracted mean used unchanged,Extracted SD used unchanged,Extracted SE used unchanged,207.1638,75.8212,16,51.7909,Extracted mean used unchanged,Extracted SD used unchanged,Extracted SE used unchanged,FALSE,FALSE,FALSE,FALSE,0.14573260532212579,0.01384315921771604
abramova_2020_genpath,Social and Cognitive Impairments in Rat Offspring after Ultrasound-Induced Prenatal Stress,10.1007/s10517-020-04790-0,General Pathology and Pathophysiology,ex023,con019,out077,es162,no,Rattus norvegicus,albino lab rat,Sprague-Dawley,,"early, mid, late",21,continuous,24,ultrasound,ultrasound,50,"20,000-45,000",ambient_sound,male,90,none,depression,Sucrose Preference Test (SPT),Sucrose preference index,index,percent,light_phase,raw data,abramova_2020_genpath,con_m_liq,ex_m_liq,con_ex_m_liq,independent,yes,52.7727,34.0695,8,18.658,Extracted mean used unchanged,Extracted SD used unchanged,Extracted SE used unchanged,58.4183,28.588,19,13.4021,Extracted mean used unchanged,Extracted SD used unchanged,Extracted SE used unchanged,FALSE,FALSE,FALSE,FALSE,-0.08188818630731723,0.0647024463464225
abramova_2020_genpath,Social and Cognitive Impairments in Rat Offspring after Ultrasound-Induced Prenatal Stress,10.1007/s10517-020-04790-0,General Pathology and Pathophysiology,ex024,con020,out077,es163,no,Rattus norvegicus,albino lab rat,Sprague-Dawley,,"early, mid, late",21,continuous,24,ultrasound,ultrasound,50,"20,000-45,000",ambient_sound,female,90,none,depression,Sucrose Preference Test (SPT),Sucrose preference index,index,percent,light_phase,raw data,abramova_2020_genpath.xlsx,con_f_liq,ex_f_liq,con_ex_f_liq,independent,yes,63.8303,26.4372,17,15.4811,Extracted mean used unchanged,Extracted SD used unchanged,Extracted SE used unchanged,49.8194,33.9636,16,12.4549,Extracted mean used unchanged,Extracted SD used unchanged,Extracted SE used unchanged,FALSE,FALSE,FALSE,FALSE,0.23834515623753977,0.03913847503824906
abramova_2023_biopsy,Blood BDNF and neuropeptide concentrations as potential biomarkers of behavioral impairments in rats with prenatal ultrasound stress experience,,Российский психиатрический журнал,ex025,con021,out078,es164,no,Rattus norvegicus,albino lab rat,Wistar rat,16 weeks,"early, mid, late",21,continuous,24,ultrasound,ultrasound,50,"20,000-45,000",ambient_sound,male,74,none,anxiety,Open Field Test (OFT),Sections crossed,count,count,light_phase,paper Table 1,abramova_2023_biopsy_data.xlsx,KON_m_,PS_m_,KON_PS_m_,independent,yes,51.7,8.1,9,2.7,Extracted mean used unchanged,Extracted SD used unchanged,Extracted SE used unchanged,22.3,10.4355,10,3.3,Extracted mean used unchanged,Extracted SD used unchanged,Extracted SE used unchanged,FALSE,FALSE,FALSE,FALSE,0.8312854842387754,0.024626007549744627
abramova_2023_biopsy,Blood BDNF and neuropeptide concentrations as potential biomarkers of behavioral impairments in rats with prenatal ultrasound stress experience,,Российский психиатрический журнал,ex026,con022,out078,es165,no,Rattus norvegicus,albino lab rat,Wistar rat,16 weeks,"early, mid, late",21,continuous,24,ultrasound,ultrasound,50,"20,000-45,000",ambient_sound,female,74,none,anxiety,Open Field Test (OFT),Sections crossed,count,count,light_phase,paper Table 1,abramova_2023_biopsy_data.xlsx,KON_f_,PS_f_,KON_PS_f_,independent,yes,53.2,11.068,10,3.5,Extracted mean used unchanged,Extracted SD used unchanged,Extracted SE used unchanged,31.1,14.425,8,5.1,Extracted mean used unchanged,Extracted SD used unchanged,Extracted SE used unchanged,FALSE,FALSE,FALSE,FALSE,0.5255687844652972,0.031220139184717416
abramova_2023_biopsy,Blood BDNF and neuropeptide concentrations as potential biomarkers of behavioral impairments in rats with prenatal ultrasound stress experience,,Российский психиатрический журнал,ex025,con021,out079,es166,no,Rattus norvegicus,albino lab rat,Wistar rat,16 weeks,"early, mid, late",21,continuous,24,ultrasound,ultrasound,50,"20,000-45,000",ambient_sound,male,74,none,anxiety,Open Field Test (OFT),Rearing frequency,count,count,light_phase,paper Table 1,abramova_2023_biopsy_data.xlsx,KON_m_,PS_m_,KON_PS_m_,independent,yes,23.4,5.1,9,1.7,Extracted mean used unchanged,Extracted SD used unchanged,Extracted SE used unchanged,8.4,3.7947,10,1.2,Extracted mean used unchanged,Extracted SD used unchanged,Extracted SE used unchanged,FALSE,FALSE,FALSE,FALSE,1.0169393935924704,0.025685766656165537
abramova_2023_biopsy,Blood BDNF and neuropeptide concentrations as potential biomarkers of behavioral impairments in rats with prenatal ultrasound stress experience,,Российский психиатрический журнал,ex026,con022,out079,es167,no,Rattus norvegicus,albino lab rat,Wistar rat,16 weeks,"early, mid, late",21,continuous,24,ultrasound,ultrasound,50,"20,000-45,000",ambient_sound,female,74,none,anxiety,Open Field Test (OFT),Rearing frequency,count,count,light_phase,paper Table 1,abramova_2023_biopsy_data.xlsx,KON_f_,PS_f_,KON_PS_f_,independent,yes,23.4,7.9057,10,2.5,Extracted mean used unchanged,Extracted SD used unchanged,Extracted SE used unchanged,14.1,4.8083,8,1.7,Extracted mean used unchanged,Extracted SD used unchanged,Extracted SE used unchanged,FALSE,FALSE,FALSE,FALSE,0.5050002034200726,0.025950625371094438
abramova_2023_biopsy,Blood BDNF and neuropeptide concentrations as potential biomarkers of behavioral impairments in rats with prenatal ultrasound stress experience,,Российский психиатрический журнал,ex025,con021,out080,es168,no,Rattus norvegicus,albino lab rat,Wistar rat,16 weeks,"early, mid, late",21,continuous,24,ultrasound,ultrasound,50,"20,000-45,000",ambient_sound,male,74,none,anxiety,Open Field Test (OFT),Center entries (crossing),count,count,light_phase,paper Table 1,abramova_2023_biopsy_data.xlsx,KON_m_,PS_m_,KON_PS_m_,independent,yes,2,1.74936031309562,9,0.5831201043652067,"Luo et al. (2018): Q1, median, Q3, and n","Wan et al. (2014): Q1, Q3, and n",SE = SD / sqrt(n),0.5,0.8600034647511502,10,0.2719569744249966,"Luo et al. (2018): Q1, median, Q3, and n","Wan et al. (2014): Q1, Q3, and n",SE = SD / sqrt(n),FALSE,FALSE,FALSE,FALSE,1.2808768012574552,0.38084964778231556
abramova_2023_biopsy,Blood BDNF and neuropeptide concentrations as potential biomarkers of behavioral impairments in rats with prenatal ultrasound stress experience,,Российский психиатрический журнал,ex026,con022,out080,es169,no,Rattus norvegicus,albino lab rat,Wistar rat,16 weeks,"early, mid, late",21,continuous,24,ultrasound,ultrasound,50,"20,000-45,000",ambient_sound,female,74,none,anxiety,Open Field Test (OFT),Center entries (crossing),count,count,light_phase,paper Table 1,abramova_2023_biopsy_data.xlsx,KON_m_,PS_m_,KON_PS_m_,independent,yes,2.0739,1.5480062365520704,10,0.48952255396499395,"Luo et al. (2018): Q1, median, Q3, and n","Wan et al. (2014): Q1, Q3, and n",SE = SD / sqrt(n),0.1871875,0.446753844743742,8,0.157951336569731,"Luo et al. (2018): Q1, median, Q3, and n","Wan et al. (2014): Q1, Q3, and n",SE = SD / sqrt(n),FALSE,FALSE,FALSE,FALSE,2.076922134785344,0.7677358951157122
abramova_2023_biopsy,Blood BDNF and neuropeptide concentrations as potential biomarkers of behavioral impairments in rats with prenatal ultrasound stress experience,,Российский психиатрический журнал,ex025,con021,out081,es170,no,Rattus norvegicus,albino lab rat,Wistar rat,16 weeks,"early, mid, late",21,continuous,24,ultrasound,ultrasound,50,"20,000-45,000",ambient_sound,male,74,none,anxiety,Open Field Test (OFT),Total freezing time,time,seconds,light_phase,paper Table 1,abramova_2023_biopsy_data.xlsx,KON_f_,PS_f_,KON_PS_f_,independent,no,23.7,14.7,9,4.9,Extracted mean used unchanged,Extracted SD used unchanged,Extracted SE used unchanged,80.1,61.3482,10,19.4,Extracted mean used unchanged,Extracted SD used unchanged,Extracted SE used unchanged,FALSE,FALSE,FALSE,FALSE,1.2257575741830273,0.10140553386469323
abramova_2023_biopsy,Blood BDNF and neuropeptide concentrations as potential biomarkers of behavioral impairments in rats with prenatal ultrasound stress experience,,Российский психиатрический журнал,ex026,con022,out081,es171,no,Rattus norvegicus,albino lab rat,Wistar rat,16 weeks,"early, mid, late",21,continuous,24,ultrasound,ultrasound,50,"20,000-45,000",ambient_sound,female,74,none,anxiety,Open Field Test (OFT),Total freezing time,time,seconds,light_phase,paper Table 1,abramova_2023_biopsy_data.xlsx,KON_m_,PS_m_,KON_PS_m_,independent,no,18.3,9.4868,10,3,Extracted mean used unchanged,Extracted SD used unchanged,Extracted SE used unchanged,75.3,56.8514,8,20.1,Extracted mean used unchanged,Extracted SD used unchanged,Extracted SE used unchanged,FALSE,FALSE,FALSE,FALSE,1.436768357502671,0.09812718358402256
abramova_2023_biopsy,Blood BDNF and neuropeptide concentrations as potential biomarkers of behavioral impairments in rats with prenatal ultrasound stress experience,,Российский психиатрический журнал,ex025,con021,out082,es172,no,Rattus norvegicus,albino lab rat,Wistar rat,16 weeks,"early, mid, late",21,continuous,24,ultrasound,ultrasound,50,"20,000-45,000",ambient_sound,male,74,none,anxiety,Open Field Test (OFT),Total grooming time,time,seconds,light_phase,paper Table 1,abramova_2023_biopsy_data.xlsx,KON_f_,PS_f_,KON_PS_f_,independent,no,16.820333333333334,9.971353784645034,9,3.323784594881678,"Luo et al. (2018): Q1, median, Q3, and n","Wan et al. (2014): Q1, Q3, and n",SE = SD / sqrt(n),39.7633,31.47612680989209,10,9.953625263954876,"Luo et al. (2018): Q1, median, Q3, and n","Wan et al. (2014): Q1, Q3, and n",SE = SD / sqrt(n),FALSE,FALSE,FALSE,FALSE,0.8721625351282654,0.10170885712045535
abramova_2023_biopsy,Blood BDNF and neuropeptide concentrations as potential biomarkers of behavioral impairments in rats with prenatal ultrasound stress experience,,Российский психиатрический журнал,ex026,con022,out082,es173,no,Rattus norvegicus,albino lab rat,Wistar rat,16 weeks,"early, mid, late",21,continuous,24,ultrasound,ultrasound,50,"20,000-45,000",ambient_sound,female,74,none,anxiety,Open Field Test (OFT),Total grooming time,time,seconds,light_phase,paper Table 1,abramova_2023_biopsy_data.xlsx,KON_m_,PS_m_,KON_PS_m_,independent,no,26.21495,5.934023906782935,10,1.8765031235324765,"Luo et al. (2018): Q1, median, Q3, and n","Wan et al. (2014): Q1, Q3, and n",SE = SD / sqrt(n),25.0113125,19.389116861878406,8,6.8550880071263265,"Luo et al. (2018): Q1, median, Q3, and n","Wan et al. (2014): Q1, Q3, and n",SE = SD / sqrt(n),FALSE,FALSE,FALSE,FALSE,-0.012003799461819842,0.08024347041595062
abramova_2023_biopsy,Blood BDNF and neuropeptide concentrations as potential biomarkers of behavioral impairments in rats with prenatal ultrasound stress experience,,Российский психиатрический журнал,ex025,con021,out083,es174,no,Rattus norvegicus,albino lab rat,Wistar rat,16 weeks,"early, mid, late",21,continuous,24,ultrasound,ultrasound,50,"20,000-45,000",ambient_sound,male,74,none,anxiety,Open Field Test (OFT),Grooming frequency,count,count,light_phase,paper Table 1,abramova_2023_biopsy_data.xlsx,KON_f_,PS_f_,KON_PS_f_,independent,no,3.3,1.8,9,0.6,Extracted mean used unchanged,Extracted SD used unchanged,Extracted SE used unchanged,3.3,1.5811,10,0.5,Extracted mean used unchanged,Extracted SD used unchanged,Extracted SE used unchanged,FALSE,FALSE,FALSE,FALSE,-0.005051068824609739,0.05601356483011938
abramova_2023_biopsy,Blood BDNF and neuropeptide concentrations as potential biomarkers of behavioral impairments in rats with prenatal ultrasound stress experience,,Российский психиатрический журнал,ex026,con022,out083,es175,no,Rattus norvegicus,albino lab rat,Wistar rat,16 weeks,"early, mid, late",21,continuous,24,ultrasound,ultrasound,50,"20,000-45,000",ambient_sound,female,74,none,anxiety,Open Field Test (OFT),Grooming frequency,count,count,light_phase,paper Table 1,abramova_2023_biopsy_data.xlsx,KON_m_,PS_m_,KON_PS_m_,independent,no,4.8,1.8974,10,0.6,Extracted mean used unchanged,Extracted SD used unchanged,Extracted SE used unchanged,2.9,1.6971,8,0.6,Extracted mean used unchanged,Extracted SD used unchanged,Extracted SE used unchanged,FALSE,FALSE,FALSE,FALSE,-0.4903137615224913,0.058433939145073666
abramova_2023_biopsy,Blood BDNF and neuropeptide concentrations as potential biomarkers of behavioral impairments in rats with prenatal ultrasound stress experience,,Российский психиатрический журнал,ex025,con021,out084,es176,no,Rattus norvegicus,albino lab rat,Wistar rat,16 weeks,"early, mid, late",21,continuous,24,ultrasound,ultrasound,50,"20,000-45,000",ambient_sound,male,74,none,anxiety,Open Field Test (OFT),Mean grooming duration,percentage,percent,light_phase,paper Table 1,abramova_2023_biopsy_data.xlsx,KON_f_,PS_f_,KON_PS_f_,independent,no,4.6,1.3994882504764967,9,0.4664960834921656,"Luo et al. (2018): Q1, median, Q3, and n","Wan et al. (2014): Q1, Q3, and n",SE = SD / sqrt(n),0.63695,1.1180045041764952,10,0.3535440667524956,"Luo et al. (2018): Q1, median, Q3, and n","Wan et al. (2014): Q1, Q3, and n",SE = SD / sqrt(n),FALSE,FALSE,FALSE,FALSE,-0.995295498687728,0.08000460767883823
abramova_2023_biopsy,Blood BDNF and neuropeptide concentrations as potential biomarkers of behavioral impairments in rats with prenatal ultrasound stress experience,,Российский психиатрический журнал,ex026,con022,out084,es177,no,Rattus norvegicus,albino lab rat,Wistar rat,16 weeks,"early, mid, late",21,continuous,24,ultrasound,ultrasound,50,"20,000-45,000",ambient_sound,female,74,none,anxiety,Open Field Test (OFT),Mean grooming duration,percentage,percent,light_phase,paper Table 1,abramova_2023_biopsy_data.xlsx,KON_m_,PS_m_,KON_PS_m_,independent,no,6.1674500000000005,3.526014205479715,10,1.115023595142486,"Luo et al. (2018): Q1, median, Q3, and n","Wan et al. (2014): Q1, Q3, and n",SE = SD / sqrt(n),0.11231249999999998,0.2680523068462452,8,0.0947708019418386,"Luo et al. (2018): Q1, median, Q3, and n","Wan et al. (2014): Q1, Q3, and n",SE = SD / sqrt(n),FALSE,FALSE,FALSE,FALSE,-2.0132102940738243,0.1866659060240197
abramova_2023_biopsy,Blood BDNF and neuropeptide concentrations as potential biomarkers of behavioral impairments in rats with prenatal ultrasound stress experience,,Российский психиатрический журнал,ex025,con021,out085,es178,no,Rattus norvegicus,albino lab rat,Wistar rat,16 weeks,"early, mid, late",21,continuous,24,ultrasound,ultrasound,50,"20,000-45,000",ambient_sound,male,70,none,anxiety,Elevated Plus Maze (EPM),Total time in dark,time,seconds,light_phase,paper Table 1,abramova_2023_biopsy_data.xlsx,KON_f_,PS_f_,KON_PS_f_,independent,no,264,21,9,7,Extracted mean used unchanged,Extracted SD used unchanged,Extracted SE used unchanged,251,41.1096,10,13,Extracted mean used unchanged,Extracted SD used unchanged,Extracted SE used unchanged,FALSE,FALSE,FALSE,FALSE,-0.04950644271811758,0.0033855491125721923
abramova_2023_biopsy,Blood BDNF and neuropeptide concentrations as potential biomarkers of behavioral impairments in rats with prenatal ultrasound stress experience,,Российский психиатрический журнал,ex026,con022,out085,es179,no,Rattus norvegicus,albino lab rat,Wistar rat,16 weeks,"early, mid, late",21,continuous,24,ultrasound,ultrasound,50,"20,000-45,000",ambient_sound,female,70,none,anxiety,Elevated Plus Maze (EPM),Total time in dark,time,seconds,light_phase,paper Table 1,abramova_2023_biopsy_data.xlsx,KON_m_,PS_m_,KON_PS_m_,independent,no,269,15.8114,10,5,Extracted mean used unchanged,Extracted SD used unchanged,Extracted SE used unchanged,266,31.1127,8,11,Extracted mean used unchanged,Extracted SD used unchanged,Extracted SE used unchanged,FALSE,FALSE,FALSE,FALSE,-0.010532764811505344,0.0020555929875711305
abramova_2023_biopsy,Blood BDNF and neuropeptide concentrations as potential biomarkers of behavioral impairments in rats with prenatal ultrasound stress experience,,Российский психиатрический журнал,ex025,con021,out086,es180,no,Rattus norvegicus,albino lab rat,Wistar rat,16 weeks,"early, mid, late",21,continuous,24,ultrasound,ultrasound,50,"20,000-45,000",ambient_sound,male,70,none,anxiety,Elevated Plus Maze (EPM),Total time in light,time,seconds,light_phase,paper Table 1,abramova_2023_biopsy_data.xlsx,KON_f_,PS_f_,KON_PS_f_,independent,yes,33.30683333333334,28.077233025184707,9,9.359077675061569,"Luo et al. (2018): Q1, median, Q3, and n","Wan et al. (2014): Q1, Q3, and n",SE = SD / sqrt(n),34.6578,51.428207192118776,10,16.263027070614797,"Luo et al. (2018): Q1, median, Q3, and n","Wan et al. (2014): Q1, Q3, and n",SE = SD / sqrt(n),FALSE,FALSE,FALSE,FALSE,-0.11037673972259218,0.29915021606585573
abramova_2023_biopsy,Blood BDNF and neuropeptide concentrations as potential biomarkers of behavioral impairments in rats with prenatal ultrasound stress experience,,Российский психиатрический журнал,ex026,con022,out086,es181,no,Rattus norvegicus,albino lab rat,Wistar rat,16 weeks,"early, mid, late",21,continuous,24,ultrasound,ultrasound,50,"20,000-45,000",ambient_sound,female,70,none,anxiety,Elevated Plus Maze (EPM),Total time in light,time,seconds,light_phase,paper Table 1,abramova_2023_biopsy_data.xlsx,KON_m_,PS_m_,KON_PS_m_,independent,yes,26.6205,19.608078996326224,10,6.200619016889923,"Luo et al. (2018): Q1, median, Q3, and n","Wan et al. (2014): Q1, Q3, and n",SE = SD / sqrt(n),33.1008125,28.68159683254824,8,10.140475807776731,"Luo et al. (2018): Q1, median, Q3, and n","Wan et al. (2014): Q1, Q3, and n",SE = SD / sqrt(n),FALSE,FALSE,FALSE,FALSE,-0.23767441273889744,0.14810583711217057
abramova_2023_biopsy,Blood BDNF and neuropeptide concentrations as potential biomarkers of behavioral impairments in rats with prenatal ultrasound stress experience,,Российский психиатрический журнал,ex025,con021,out087,es182,no,Rattus norvegicus,albino lab rat,Wistar rat,16 weeks,"early, mid, late",21,continuous,24,ultrasound,ultrasound,50,"20,000-45,000",ambient_sound,male,70,none,anxiety,Elevated Plus Maze (EPM),Center entries (crossing),count,count,light_phase,paper Table 1,abramova_2023_biopsy_data.xlsx,KON_f_,PS_f_,KON_PS_f_,independent,yes,6.2,3,9,1,Extracted mean used unchanged,Extracted SD used unchanged,Extracted SE used unchanged,2.9,2.5298,10,0.8,Extracted mean used unchanged,Extracted SD used unchanged,Extracted SE used unchanged,FALSE,FALSE,FALSE,FALSE,0.7347965642268814,0.10211311797980949
abramova_2023_biopsy,Blood BDNF and neuropeptide concentrations as potential biomarkers of behavioral impairments in rats with prenatal ultrasound stress experience,,Российский психиатрический журнал,ex026,con022,out087,es183,no,Rattus norvegicus,albino lab rat,Wistar rat,16 weeks,"early, mid, late",21,continuous,24,ultrasound,ultrasound,50,"20,000-45,000",ambient_sound,female,70,none,anxiety,Elevated Plus Maze (EPM),Center entries (crossing),count,count,light_phase,paper Table 1,abramova_2023_biopsy_data.xlsx,KON_m_,PS_m_,KON_PS_m_,independent,yes,4.7,1.9606,10,0.62,Extracted mean used unchanged,Extracted SD used unchanged,Extracted SE used unchanged,2.9,1.9799,8,0.7,Extracted mean used unchanged,Extracted SD used unchanged,Extracted SE used unchanged,FALSE,FALSE,FALSE,FALSE,0.46242041793887695,0.07566535455900329
abramova_2023_biopsy,Blood BDNF and neuropeptide concentrations as potential biomarkers of behavioral impairments in rats with prenatal ultrasound stress experience,,Российский психиатрический журнал,ex025,con021,out088,es184,no,Rattus norvegicus,albino lab rat,Wistar rat,16 weeks,"early, mid, late",21,continuous,24,ultrasound,ultrasound,50,"20,000-45,000",ambient_sound,male,70,none,anxiety,Elevated Plus Maze (EPM),Head-out inspections,count,count,light_phase,paper Table 1,abramova_2023_biopsy_data.xlsx,KON_f_,PS_f_,KON_PS_f_,independent,no,1.53396,0.05,9,0,"Luo et al. (2018): Q1, median, Q3, and n","Wan et al. (2014): Q1, Q3, and n",SE = SD / sqrt(n),0.25865,0.6020024253258051,10,0.1903698820974976,"Luo et al. (2018): Q1, median, Q3, and n","Wan et al. (2014): Q1, Q3, and n",SE = SD / sqrt(n),TRUE,FALSE,TRUE,FALSE,-1.5093332264327912,0.5418338680402098
abramova_2023_biopsy,Blood BDNF and neuropeptide concentrations as potential biomarkers of behavioral impairments in rats with prenatal ultrasound stress experience,,Российский психиатрический журнал,ex026,con022,out088,es185,no,Rattus norvegicus,albino lab rat,Wistar rat,16 weeks,"early, mid, late",21,continuous,24,ultrasound,ultrasound,50,"20,000-45,000",ambient_sound,female,70,none,anxiety,Elevated Plus Maze (EPM),Head-out inspections,count,count,light_phase,paper Table 1,abramova_2023_biopsy_data.xlsx,KON_m_,PS_m_,KON_PS_m_,independent,no,1.7044,0.6880027718009202,10,0.2175655795399973,"Luo et al. (2018): Q1, median, Q3, and n","Wan et al. (2014): Q1, Q3, and n",SE = SD / sqrt(n),0.6256250000000001,0.893507689487484,8,0.315902673139462,"Luo et al. (2018): Q1, median, Q3, and n","Wan et al. (2014): Q1, Q3, and n",SE = SD / sqrt(n),FALSE,FALSE,FALSE,FALSE,-0.8828825845149666,0.2712580954018387
abramova_2023_biopsy,Blood BDNF and neuropeptide concentrations as potential biomarkers of behavioral impairments in rats with prenatal ultrasound stress experience,,Российский психиатрический журнал,ex025,con021,out089,es186,no,Rattus norvegicus,albino lab rat,Wistar rat,16 weeks,"early, mid, late",21,continuous,24,ultrasound,ultrasound,50,"20,000-45,000",ambient_sound,male,70,none,anxiety,Elevated Plus Maze (EPM),Overhangs,count,count,light_phase,paper Table 1,abramova_2023_biopsy_data.xlsx,KON_f_,PS_f_,KON_PS_f_,independent,no,6.7,4.5,9,1.5,Extracted mean used unchanged,Extracted SD used unchanged,Extracted SE used unchanged,9.8,7.2732,10,2.3,Extracted mean used unchanged,Extracted SD used unchanged,Extracted SE used unchanged,FALSE,FALSE,FALSE,FALSE,0.38275391403821846,0.105203152956744
abramova_2023_biopsy,Blood BDNF and neuropeptide concentrations as potential biomarkers of behavioral impairments in rats with prenatal ultrasound stress experience,,Российский психиатрический журнал,ex026,con022,out089,es187,no,Rattus norvegicus,albino lab rat,Wistar rat,16 weeks,"early, mid, late",21,continuous,24,ultrasound,ultrasound,50,"20,000-45,000",ambient_sound,female,70,none,anxiety,Elevated Plus Maze (EPM),Overhangs,count,count,light_phase,paper Table 1,abramova_2023_biopsy_data.xlsx,KON_m_,PS_m_,KON_PS_m_,independent,no,7.8,3.7947,10,1.2,Extracted mean used unchanged,Extracted SD used unchanged,Extracted SE used unchanged,8.1,4.8083,8,1.7,Extracted mean used unchanged,Extracted SD used unchanged,Extracted SE used unchanged,FALSE,FALSE,FALSE,FALSE,0.04793005797065385,0.06771590997561347
abramova_2023_biopsy,Blood BDNF and neuropeptide concentrations as potential biomarkers of behavioral impairments in rats with prenatal ultrasound stress experience,,Российский психиатрический журнал,ex025,con021,out090,es188,no,Rattus norvegicus,albino lab rat,Wistar rat,16 weeks,"early, mid, late",21,continuous,24,ultrasound,ultrasound,50,"20,000-45,000",ambient_sound,male,70,none,anxiety,Elevated Plus Maze (EPM),Rearing frequency,count,count,light_phase,paper Table 1,abramova_2023_biopsy_data.xlsx,KON_f_,PS_f_,KON_PS_f_,independent,yes,14.9,5.4,9,1.8,Extracted mean used unchanged,Extracted SD used unchanged,Extracted SE used unchanged,8,4.111,10,1.3,Extracted mean used unchanged,Extracted SD used unchanged,Extracted SE used unchanged,FALSE,FALSE,FALSE,FALSE,0.6160132640953453,0.041000688772535585
abramova_2023_biopsy,Blood BDNF and neuropeptide concentrations as potential biomarkers of behavioral impairments in rats with prenatal ultrasound stress experience,,Российский психиатрический журнал,ex026,con022,out090,es189,no,Rattus norvegicus,albino lab rat,Wistar rat,16 weeks,"early, mid, late",21,continuous,24,ultrasound,ultrasound,50,"20,000-45,000",ambient_sound,female,70,none,anxiety,Elevated Plus Maze (EPM),Rearing frequency,count,count,light_phase,paper Table 1,abramova_2023_biopsy_data.xlsx,KON_m_,PS_m_,KON_PS_m_,independent,yes,15.8,4.111,10,1.3,Extracted mean used unchanged,Extracted SD used unchanged,Extracted SE used unchanged,15.2,3.9598,8,1.4,Extracted mean used unchanged,Extracted SD used unchanged,Extracted SE used unchanged,FALSE,FALSE,FALSE,FALSE,0.037857756602379,0.015253265202449004
abramova_2023_biopsy,Blood BDNF and neuropeptide concentrations as potential biomarkers of behavioral impairments in rats with prenatal ultrasound stress experience,,Российский психиатрический журнал,ex025,con021,out091,es190,no,Rattus norvegicus,albino lab rat,Wistar rat,16 weeks,"early, mid, late",21,continuous,24,ultrasound,ultrasound,50,"20,000-45,000",ambient_sound,male,70,none,anxiety,Elevated Plus Maze (EPM),Total freezing time,time,seconds,light_phase,paper Table 1,abramova_2023_biopsy_data.xlsx,KON_f_,PS_f_,KON_PS_f_,independent,no,1.107,0.05,9,0,"Luo et al. (2018): Q1, median, Q3, and n","Wan et al. (2014): Q1, Q3, and n",SE = SD / sqrt(n),1.13695,1.978007968927645,10,0.6255010411774922,"Luo et al. (2018): Q1, median, Q3, and n","Wan et al. (2014): Q1, Q3, and n",SE = SD / sqrt(n),TRUE,FALSE,TRUE,FALSE,0.17791862925123125,0.30289943767323496
abramova_2023_biopsy,Blood BDNF and neuropeptide concentrations as potential biomarkers of behavioral impairments in rats with prenatal ultrasound stress experience,,Российский психиатрический журнал,ex026,con022,out091,es191,no,Rattus norvegicus,albino lab rat,Wistar rat,16 weeks,"early, mid, late",21,continuous,24,ultrasound,ultrasound,50,"20,000-45,000",ambient_sound,female,70,none,anxiety,Elevated Plus Maze (EPM),Total freezing time,time,seconds,light_phase,paper Table 1,abramova_2023_biopsy_data.xlsx,KON_m_,PS_m_,KON_PS_m_,independent,no,5.2780000000000005,9.97604019111334,10,3.1547009033299607,"Luo et al. (2018): Q1, median, Q3, and n","Wan et al. (2014): Q1, Q3, and n",SE = SD / sqrt(n),10.893999999999998,16.440541486569707,8,5.8126091857661,"Luo et al. (2018): Q1, median, Q3, and n","Wan et al. (2014): Q1, Q3, and n",SE = SD / sqrt(n),FALSE,FALSE,FALSE,FALSE,0.6883811891497945,0.6419413330407434
abramova_2023_biopsy,Blood BDNF and neuropeptide concentrations as potential biomarkers of behavioral impairments in rats with prenatal ultrasound stress experience,,Российский психиатрический журнал,ex025,con021,out092,es192,no,Rattus norvegicus,albino lab rat,Wistar rat,16 weeks,"early, mid, late",21,continuous,24,ultrasound,ultrasound,50,"20,000-45,000",ambient_sound,male,70,none,anxiety,Elevated Plus Maze (EPM),Total grooming time,time,seconds,light_phase,paper Table 1,abramova_2023_biopsy_data.xlsx,KON_f_,PS_f_,KON_PS_f_,independent,no,24.9,20.7,9,6.9,Extracted mean used unchanged,Extracted SD used unchanged,Extracted SE used unchanged,46.8,20.871,10,6.6,Extracted mean used unchanged,Extracted SD used unchanged,Extracted SE used unchanged,FALSE,FALSE,FALSE,FALSE,0.6025649421187725,0.09667725342572972
abramova_2023_biopsy,Blood BDNF and neuropeptide concentrations as potential biomarkers of behavioral impairments in rats with prenatal ultrasound stress experience,,Российский психиатрический журнал,ex026,con022,out092,es193,no,Rattus norvegicus,albino lab rat,Wistar rat,16 weeks,"early, mid, late",21,continuous,24,ultrasound,ultrasound,50,"20,000-45,000",ambient_sound,female,70,none,anxiety,Elevated Plus Maze (EPM),Total grooming time,time,seconds,light_phase,paper Table 1,abramova_2023_biopsy_data.xlsx,KON_m_,PS_m_,KON_PS_m_,independent,no,24,14.8627,10,4.7,Extracted mean used unchanged,Extracted SD used unchanged,Extracted SE used unchanged,29.7,28.5671,8,10.1,Extracted mean used unchanged,Extracted SD used unchanged,Extracted SE used unchanged,FALSE,FALSE,FALSE,FALSE,0.25174072252477914,0.15399635138161374
abramova_2023_biopsy,Blood BDNF and neuropeptide concentrations as potential biomarkers of behavioral impairments in rats with prenatal ultrasound stress experience,,Российский психиатрический журнал,ex025,con021,out093,es194,no,Rattus norvegicus,albino lab rat,Wistar rat,16 weeks,"early, mid, late",21,continuous,24,ultrasound,ultrasound,50,"20,000-45,000",ambient_sound,male,70,none,anxiety,Elevated Plus Maze (EPM),Grooming frequency,count,count,light_phase,paper Table 1,abramova_2023_biopsy_data.xlsx,KON_f_,PS_f_,KON_PS_f_,independent,no,3,1.74936031309562,9,0.5831201043652067,"Luo et al. (2018): Q1, median, Q3, and n","Wan et al. (2014): Q1, Q3, and n",SE = SD / sqrt(n),2.62815,2.8380114336787954,10,0.8974580156024888,"Luo et al. (2018): Q1, median, Q3, and n","Wan et al. (2014): Q1, Q3, and n",SE = SD / sqrt(n),FALSE,FALSE,FALSE,FALSE,-0.09291866381695747,0.1543889089341413
abramova_2023_biopsy,Blood BDNF and neuropeptide concentrations as potential biomarkers of behavioral impairments in rats with prenatal ultrasound stress experience,,Российский психиатрический журнал,ex026,con022,out093,es195,no,Rattus norvegicus,albino lab rat,Wistar rat,16 weeks,"early, mid, late",21,continuous,24,ultrasound,ultrasound,50,"20,000-45,000",ambient_sound,female,70,none,anxiety,Elevated Plus Maze (EPM),Grooming frequency,count,count,light_phase,paper Table 1,abramova_2023_biopsy_data.xlsx,KON_m_,PS_m_,KON_PS_m_,independent,no,3.3349,1.54800623655207,10,0.4895225539649939,"Luo et al. (2018): Q1, median, Q3, and n","Wan et al. (2014): Q1, Q3, and n",SE = SD / sqrt(n),3.024125,4.467538447437421,8,1.5795133656973102,"Luo et al. (2018): Q1, median, Q3, and n","Wan et al. (2014): Q1, Q3, and n",SE = SD / sqrt(n),FALSE,FALSE,FALSE,FALSE,0.027806643166220404,0.2943483895976501
abramova_2023_biopsy,Blood BDNF and neuropeptide concentrations as potential biomarkers of behavioral impairments in rats with prenatal ultrasound stress experience,,Российский психиатрический журнал,ex025,con021,out094,es196,no,Rattus norvegicus,albino lab rat,Wistar rat,16 weeks,"early, mid, late",21,continuous,24,ultrasound,ultrasound,50,"20,000-45,000",ambient_sound,male,70,none,anxiety,Elevated Plus Maze (EPM),Mean grooming duration,percentage,percent,light_phase,paper Table 1,abramova_2023_biopsy_data.xlsx,KON_f_,PS_f_,KON_PS_f_,independent,no,6.8,5.4,9,1.8,Extracted mean used unchanged,Extracted SD used unchanged,Extracted SE used unchanged,20.9,15.1789,10,4.8,Extracted mean used unchanged,Extracted SD used unchanged,Extracted SE used unchanged,FALSE,FALSE,FALSE,FALSE,0.5876460622540294,0.03381828918359657
abramova_2023_biopsy,Blood BDNF and neuropeptide concentrations as potential biomarkers of behavioral impairments in rats with prenatal ultrasound stress experience,,Российский психиатрический журнал,ex026,con022,out094,es197,no,Rattus norvegicus,albino lab rat,Wistar rat,16 weeks,"early, mid, late",21,continuous,24,ultrasound,ultrasound,50,"20,000-45,000",ambient_sound,female,70,none,anxiety,Elevated Plus Maze (EPM),Mean grooming duration,percentage,percent,light_phase,paper Table 1,abramova_2023_biopsy_data.xlsx,KON_m_,PS_m_,KON_PS_m_,independent,no,6.4,2.846,10,0.9,Extracted mean used unchanged,Extracted SD used unchanged,Extracted SE used unchanged,8.8,8.2024,8,2.9,Extracted mean used unchanged,Extracted SD used unchanged,Extracted SE used unchanged,FALSE,FALSE,FALSE,FALSE,0.1634649471090162,0.034047737921637504
abramova_2023_biopsy,Blood BDNF and neuropeptide concentrations as potential biomarkers of behavioral impairments in rats with prenatal ultrasound stress experience,,Российский психиатрический журнал,ex025,con021,out095,es198,no,Rattus norvegicus,albino lab rat,Wistar rat,16 weeks,"early, mid, late",21,continuous,24,ultrasound,ultrasound,50,"20,000-45,000",ambient_sound,male,80,none,depression,Sucrose Preference Test (SPT),Sucrose preference index,index,percent,light_phase,paper Table 1,abramova_2023_biopsy_data.xlsx,KON_f_,PS_f_,KON_PS_f_,independent,yes,63.5,17.4,9,5.8,Extracted mean used unchanged,Extracted SD used unchanged,Extracted SE used unchanged,60.3,13.914,10,4.4,Extracted mean used unchanged,Extracted SD used unchanged,Extracted SE used unchanged,FALSE,FALSE,FALSE,FALSE,0.05321697848329301,0.013667120735373125
abramova_2023_biopsy,Blood BDNF and neuropeptide concentrations as potential biomarkers of behavioral impairments in rats with prenatal ultrasound stress experience,,Российский психиатрический журнал,ex026,con022,out095,es199,no,Rattus norvegicus,albino lab rat,Wistar rat,16 weeks,"early, mid, late",21,continuous,24,ultrasound,ultrasound,50,"20,000-45,000",ambient_sound,female,80,none,depression,Sucrose Preference Test (SPT),Sucrose preference index,index,percent,light_phase,paper Table 1,abramova_2023_biopsy_data.xlsx,KON_m_,PS_m_,KON_PS_m_,independent,yes,62.3,21.1873,10,6.7,Extracted mean used unchanged,Extracted SD used unchanged,Extracted SE used unchanged,83.4,11.3137,8,4,Extracted mean used unchanged,Extracted SD used unchanged,Extracted SE used unchanged,FALSE,FALSE,FALSE,FALSE,-0.2870541480350298,0.01386610019836396
abramova_2023_biopsy,Blood BDNF and neuropeptide concentrations as potential biomarkers of behavioral impairments in rats with prenatal ultrasound stress experience,,Российский психиатрический журнал,ex025,con021,out096,es200,no,Rattus norvegicus,albino lab rat,Wistar rat,16 weeks,"early, mid, late",21,continuous,24,ultrasound,ultrasound,50,"20,000-45,000",ambient_sound,male,95,none,depression,Forced Swimming Test (FST),Total immobility time,time,seconds,light_phase,paper Table 1,abramova_2023_biopsy_data.xlsx,KON_f_,PS_f_,KON_PS_f_,independent,no,111.48666666666666,54.23016970596423,9,18.07672323532141,"Luo et al. (2018): Q1, median, Q3, and n","Wan et al. (2014): Q1, Q3, and n",SE = SD / sqrt(n),134.827,53.32021481457131,10,16.86133241434979,"Luo et al. (2018): Q1, median, Q3, and n","Wan et al. (2014): Q1, Q3, and n",SE = SD / sqrt(n),FALSE,FALSE,FALSE,FALSE,0.18476226214841182,0.04192993813598919
abramova_2023_biopsy,Blood BDNF and neuropeptide concentrations as potential biomarkers of behavioral impairments in rats with prenatal ultrasound stress experience,,Российский психиатрический журнал,ex026,con022,out096,es201,no,Rattus norvegicus,albino lab rat,Wistar rat,16 weeks,"early, mid, late",21,continuous,24,ultrasound,ultrasound,50,"20,000-45,000",ambient_sound,female,95,none,depression,Forced Swimming Test (FST),Total immobility time,time,seconds,light_phase,paper Table 1,abramova_2023_biopsy_data.xlsx,KON_m_,PS_m_,KON_PS_m_,independent,no,64,32.68013166054371,10,10.334365028149872,"Luo et al. (2018): Q1, median, Q3, and n","Wan et al. (2014): Q1, Q3, and n",SE = SD / sqrt(n),98.5025,19.65716916872465,8,6.949858809068164,"Luo et al. (2018): Q1, median, Q3, and n","Wan et al. (2014): Q1, Q3, and n",SE = SD / sqrt(n),FALSE,FALSE,FALSE,FALSE,0.42065086033039045,0.031052028555016566
abramova_2023_biopsy,Blood BDNF and neuropeptide concentrations as potential biomarkers of behavioral impairments in rats with prenatal ultrasound stress experience,,Российский психиатрический журнал,ex025,con021,out097,es202,no,Rattus norvegicus,albino lab rat,Wistar rat,16 weeks,"early, mid, late",21,continuous,24,ultrasound,ultrasound,50,"20,000-45,000",ambient_sound,male,95,none,depression,Forced Swimming Test (FST),Total passive swimming,time,seconds,light_phase,paper Table 1,abramova_2023_biopsy_data.xlsx,KON_f_,PS_f_,KON_PS_f_,independent,no,202,39,9,13,Extracted mean used unchanged,Extracted SD used unchanged,Extracted SE used unchanged,201,34.7851,10,11,Extracted mean used unchanged,Extracted SD used unchanged,Extracted SE used unchanged,FALSE,FALSE,FALSE,FALSE,-0.005536173122519054,0.0071367340567084
abramova_2023_biopsy,Blood BDNF and neuropeptide concentrations as potential biomarkers of behavioral impairments in rats with prenatal ultrasound stress experience,,Российский психиатрический журнал,ex026,con022,out097,es203,no,Rattus norvegicus,albino lab rat,Wistar rat,16 weeks,"early, mid, late",21,continuous,24,ultrasound,ultrasound,50,"20,000-45,000",ambient_sound,female,95,none,depression,Forced Swimming Test (FST),Total passive swimming,time,seconds,light_phase,paper Table 1,abramova_2023_biopsy_data.xlsx,KON_m_,PS_m_,KON_PS_m_,independent,no,223,82.2192,10,26,Extracted mean used unchanged,Extracted SD used unchanged,Extracted SE used unchanged,228,22.6274,8,8,Extracted mean used unchanged,Extracted SD used unchanged,Extracted SE used unchanged,FALSE,FALSE,FALSE,FALSE,0.015992594894122605,0.014824817592096386
abramova_2023_biopsy,Blood BDNF and neuropeptide concentrations as potential biomarkers of behavioral impairments in rats with prenatal ultrasound stress experience,,Российский психиатрический журнал,ex025,con021,out098,es204,no,Rattus norvegicus,albino lab rat,Wistar rat,16 weeks,"early, mid, late",21,continuous,24,ultrasound,ultrasound,50,"20,000-45,000",ambient_sound,male,95,none,depression,Forced Swimming Test (FST),Total active swimming,time,seconds,light_phase,paper Table 1,abramova_2023_biopsy_data.xlsx,KON_f_,PS_f_,KON_PS_f_,independent,yes,43,21,9,7,Extracted mean used unchanged,Extracted SD used unchanged,Extracted SE used unchanged,22,15.8114,10,5,Extracted mean used unchanged,Extracted SD used unchanged,Extracted SE used unchanged,FALSE,FALSE,FALSE,FALSE,0.6575815834599085,0.07815378024932397
abramova_2023_biopsy,Blood BDNF and neuropeptide concentrations as potential biomarkers of behavioral impairments in rats with prenatal ultrasound stress experience,,Российский психиатрический журнал,ex026,con022,out098,es205,no,Rattus norvegicus,albino lab rat,Wistar rat,16 weeks,"early, mid, late",21,continuous,24,ultrasound,ultrasound,50,"20,000-45,000",ambient_sound,female,95,none,depression,Forced Swimming Test (FST),Total active swimming,time,seconds,light_phase,paper Table 1,abramova_2023_biopsy_data.xlsx,KON_m_,PS_m_,KON_PS_m_,independent,yes,47,25.2982,10,8,Extracted mean used unchanged,Extracted SD used unchanged,Extracted SE used unchanged,36,19.799,8,7,Extracted mean used unchanged,Extracted SD used unchanged,Extracted SE used unchanged,FALSE,FALSE,FALSE,FALSE,0.2622104914032737,0.06678101760266258
abramova_2023_biopsy,Blood BDNF and neuropeptide concentrations as potential biomarkers of behavioral impairments in rats with prenatal ultrasound stress experience,,Российский психиатрический журнал,ex025,con021,out099,es206,no,Rattus norvegicus,albino lab rat,Wistar rat,16 weeks,"early, mid, late",21,continuous,24,ultrasound,ultrasound,50,"20,000-45,000",ambient_sound,male,95,none,depression,Forced Swimming Test (FST),Number of dives,count,count,light_phase,paper Table 1,abramova_2023_biopsy_data.xlsx,KON_f_,PS_f_,KON_PS_f_,independent,yes,1.7433333333333332,3.49872062619124,9,1.1662402087304131,"Luo et al. (2018): Q1, median, Q3, and n","Wan et al. (2014): Q1, Q3, and n",SE = SD / sqrt(n),2.88915,3.182012819579256,10,1.0062408053724876,"Luo et al. (2018): Q1, median, Q3, and n","Wan et al. (2014): Q1, Q3, and n",SE = SD / sqrt(n),FALSE,FALSE,FALSE,FALSE,-0.342052359273766,0.5688235874412247
abramova_2023_biopsy,Blood BDNF and neuropeptide concentrations as potential biomarkers of behavioral impairments in rats with prenatal ultrasound stress experience,,Российский психиатрический журнал,ex026,con022,out099,es207,no,Rattus norvegicus,albino lab rat,Wistar rat,16 weeks,"early, mid, late",21,continuous,24,ultrasound,ultrasound,50,"20,000-45,000",ambient_sound,female,95,none,depression,Forced Swimming Test (FST),Number of dives,count,count,light_phase,paper Table 1,abramova_2023_biopsy_data.xlsx,KON_m_,PS_m_,KON_PS_m_,independent,yes,0.3695,0.8600034647511502,10,0.2719569744249966,"Luo et al. (2018): Q1, median, Q3, and n","Wan et al. (2014): Q1, Q3, and n",SE = SD / sqrt(n),1,1.787015378974968,8,0.631805346278924,"Luo et al. (2018): Q1, median, Q3, and n","Wan et al. (2014): Q1, Q3, and n",SE = SD / sqrt(n),FALSE,FALSE,FALSE,FALSE,-0.9243356278343359,0.9408938126923516
