es_id,es001,es002,es003,es004,es005,es006,es007,es008,es009,es010,es011,es012,es013,es014,es015,es016,es017,es018,es019,es020,es021,es022,es023,es024,es025,es026,es027,es028,es029,es030,es031,es032,es033,es034,es035,es036,es037,es038,es039,es040,es041,es042,es043,es044,es045,es046,es047,es048,es049,es050,es051,es052,es053,es054,es055,es056,es057,es058,es059,es060,es061,es062,es063,es064,es065,es066,es067,es068,es069,es070,es071,es072,es073,es074,es075,es076,es077,es078,es079,es082,es083,es084,es085,es086,es087,es088,es089,es090,es091,es092,es093,es094,es095,es096,es097,es098,es099,es100,es101,es102,es103,es104,es105,es106,es107,es108,es109,es110,es111,es112,es113,es114,es115,es116,es117,es118,es119,es120,es121,es122,es123,es124,es125,es126,es127,es128,es129,es130,es131,es132,es133,es134,es135,es136,es137,es138,es139,es140,es141,es160,es161,es162,es163,es164,es165,es166,es167,es168,es169,es170,es171,es172,es173,es174,es175,es176,es177,es178,es179,es180,es181,es182,es183,es184,es185,es186,es187,es188,es189,es190,es191,es192,es193,es194,es195,es196,es197,es198,es199,es200,es201,es202,es203,es204,es205,es206,es207
es001,0.6553273808977046,0.11153424114443555,0.14346040664515836,0,0,0,0,0,0,0,0,0,0,0,0,0,0,0,0,0,0,0,0,0,0,0,0,0,0,0,0,0,0,0,0,0,0,0,0,0,0,0,0,0,0,0,0,0,0,0,0,0,0,0,0,0,0,0,0,0,0,0,0,0,0,0,0,0,0,0,0,0,0,0,0,0,0,0,0,0,0,0,0,0,0,0,0,0,0,0,0,0,0,0,0,0,0,0,0,0,0,0,0,0,0,0,0,0,0,0,0,0,0,0,0,0,0,0,0,0,0,0,0,0,0,0,0,0,0,0,0,0,0,0,0,0,0,0,0,0,0,0,0,0,0,0,0,0,0,0,0,0,0,0,0,0,0,0,0,0,0,0,0,0,0,0,0,0,0,0,0,0,0,0,0,0,0,0,0,0,0,0,0,0,0,0,0
es002,0.11153424114443555,0.0759308236480169,0.04883283700895009,0,0,0,0,0,0,0,0,0,0,0,0,0,0,0,0,0,0,0,0,0,0,0,0,0,0,0,0,0,0,0,0,0,0,0,0,0,0,0,0,0,0,0,0,0,0,0,0,0,0,0,0,0,0,0,0,0,0,0,0,0,0,0,0,0,0,0,0,0,0,0,0,0,0,0,0,0,0,0,0,0,0,0,0,0,0,0,0,0,0,0,0,0,0,0,0,0,0,0,0,0,0,0,0,0,0,0,0,0,0,0,0,0,0,0,0,0,0,0,0,0,0,0,0,0,0,0,0,0,0,0,0,0,0,0,0,0,0,0,0,0,0,0,0,0,0,0,0,0,0,0,0,0,0,0,0,0,0,0,0,0,0,0,0,0,0,0,0,0,0,0,0,0,0,0,0,0,0,0,0,0,0,0,0
es003,0.14346040664515836,0.04883283700895009,0.12562202572156428,0,0,0,0,0,0,0,0,0,0,0,0,0,0,0,0,0,0,0,0,0,0,0,0,0,0,0,0,0,0,0,0,0,0,0,0,0,0,0,0,0,0,0,0,0,0,0,0,0,0,0,0,0,0,0,0,0,0,0,0,0,0,0,0,0,0,0,0,0,0,0,0,0,0,0,0,0,0,0,0,0,0,0,0,0,0,0,0,0,0,0,0,0,0,0,0,0,0,0,0,0,0,0,0,0,0,0,0,0,0,0,0,0,0,0,0,0,0,0,0,0,0,0,0,0,0,0,0,0,0,0,0,0,0,0,0,0,0,0,0,0,0,0,0,0,0,0,0,0,0,0,0,0,0,0,0,0,0,0,0,0,0,0,0,0,0,0,0,0,0,0,0,0,0,0,0,0,0,0,0,0,0,0,0
es004,0,0,0,0.014895622010148222,0.0027899657940972412,0.0035427256465477837,0.001813796845721944,0.00349549538291904,0.002777783135491657,0,0,0,0,0,0,0,0,0,0,0,0,0,0,0,0,0,0,0,0,0,0,0,0,0,0,0,0,0,0,0,0,0,0,0,0,0,0,0,0,0,0,0,0,0,0,0,0,0,0,0,0,0,0,0,0,0,0,0,0,0,0,0,0,0,0,0,0,0,0,0,0,0,0,0,0,0,0,0,0,0,0,0,0,0,0,0,0,0,0,0,0,0,0,0,0,0,0,0,0,0,0,0,0,0,0,0,0,0,0,0,0,0,0,0,0,0,0,0,0,0,0,0,0,0,0,0,0,0,0,0,0,0,0,0,0,0,0,0,0,0,0,0,0,0,0,0,0,0,0,0,0,0,0,0,0,0,0,0,0,0,0,0,0,0,0,0,0,0,0,0,0,0,0,0,0,0,0
es005,0,0,0,0.002789965794097241,0.0020902542040687005,0.0013271125388393222,6.794521442015751e-4,0.0013094199819416491,0.001040563452289803,0,0,0,0,0,0,0,0,0,0,0,0,0,0,0,0,0,0,0,0,0,0,0,0,0,0,0,0,0,0,0,0,0,0,0,0,0,0,0,0,0,0,0,0,0,0,0,0,0,0,0,0,0,0,0,0,0,0,0,0,0,0,0,0,0,0,0,0,0,0,0,0,0,0,0,0,0,0,0,0,0,0,0,0,0,0,0,0,0,0,0,0,0,0,0,0,0,0,0,0,0,0,0,0,0,0,0,0,0,0,0,0,0,0,0,0,0,0,0,0,0,0,0,0,0,0,0,0,0,0,0,0,0,0,0,0,0,0,0,0,0,0,0,0,0,0,0,0,0,0,0,0,0,0,0,0,0,0,0,0,0,0,0,0,0,0,0,0,0,0,0,0,0,0,0,0,0,0
es006,0,0,0,0.0035427256465477837,0.0013271125388393222,0.013481443069010874,0.00345109971162737,0.003325428406284706,0.002642635144191951,0,0,0,0,0,0,0,0,0,0,0,0,0,0,0,0,0,0,0,0,0,0,0,0,0,0,0,0,0,0,0,0,0,0,0,0,0,0,0,0,0,0,0,0,0,0,0,0,0,0,0,0,0,0,0,0,0,0,0,0,0,0,0,0,0,0,0,0,0,0,0,0,0,0,0,0,0,0,0,0,0,0,0,0,0,0,0,0,0,0,0,0,0,0,0,0,0,0,0,0,0,0,0,0,0,0,0,0,0,0,0,0,0,0,0,0,0,0,0,0,0,0,0,0,0,0,0,0,0,0,0,0,0,0,0,0,0,0,0,0,0,0,0,0,0,0,0,0,0,0,0,0,0,0,0,0,0,0,0,0,0,0,0,0,0,0,0,0,0,0,0,0,0,0,0,0,0,0
es007,0,0,0,0.001813796845721944,6.794521442015753e-4,0.00345109971162737,0.0035337728041804806,0.001702545484963225,0.0013529704998748806,0,0,0,0,0,0,0,0,0,0,0,0,0,0,0,0,0,0,0,0,0,0,0,0,0,0,0,0,0,0,0,0,0,0,0,0,0,0,0,0,0,0,0,0,0,0,0,0,0,0,0,0,0,0,0,0,0,0,0,0,0,0,0,0,0,0,0,0,0,0,0,0,0,0,0,0,0,0,0,0,0,0,0,0,0,0,0,0,0,0,0,0,0,0,0,0,0,0,0,0,0,0,0,0,0,0,0,0,0,0,0,0,0,0,0,0,0,0,0,0,0,0,0,0,0,0,0,0,0,0,0,0,0,0,0,0,0,0,0,0,0,0,0,0,0,0,0,0,0,0,0,0,0,0,0,0,0,0,0,0,0,0,0,0,0,0,0,0,0,0,0,0,0,0,0,0,0,0
es008,0,0,0,0.00349549538291904,0.0013094199819416491,0.003325428406284706,0.001702545484963225,0.013124380265486334,0.005214809085916026,0,0,0,0,0,0,0,0,0,0,0,0,0,0,0,0,0,0,0,0,0,0,0,0,0,0,0,0,0,0,0,0,0,0,0,0,0,0,0,0,0,0,0,0,0,0,0,0,0,0,0,0,0,0,0,0,0,0,0,0,0,0,0,0,0,0,0,0,0,0,0,0,0,0,0,0,0,0,0,0,0,0,0,0,0,0,0,0,0,0,0,0,0,0,0,0,0,0,0,0,0,0,0,0,0,0,0,0,0,0,0,0,0,0,0,0,0,0,0,0,0,0,0,0,0,0,0,0,0,0,0,0,0,0,0,0,0,0,0,0,0,0,0,0,0,0,0,0,0,0,0,0,0,0,0,0,0,0,0,0,0,0,0,0,0,0,0,0,0,0,0,0,0,0,0,0,0,0
es009,0,0,0,0.002777783135491657,0.001040563452289803,0.0026426351441919504,0.0013529704998748806,0.005214809085916026,0.008288157841346922,0,0,0,0,0,0,0,0,0,0,0,0,0,0,0,0,0,0,0,0,0,0,0,0,0,0,0,0,0,0,0,0,0,0,0,0,0,0,0,0,0,0,0,0,0,0,0,0,0,0,0,0,0,0,0,0,0,0,0,0,0,0,0,0,0,0,0,0,0,0,0,0,0,0,0,0,0,0,0,0,0,0,0,0,0,0,0,0,0,0,0,0,0,0,0,0,0,0,0,0,0,0,0,0,0,0,0,0,0,0,0,0,0,0,0,0,0,0,0,0,0,0,0,0,0,0,0,0,0,0,0,0,0,0,0,0,0,0,0,0,0,0,0,0,0,0,0,0,0,0,0,0,0,0,0,0,0,0,0,0,0,0,0,0,0,0,0,0,0,0,0,0,0,0,0,0,0,0
es010,0,0,0,0,0,0,0,0,0,0.0018554082883641201,0.0015611551696839805,0.0017775771597393403,0,0,0,0,0,0,0,0,0,0,0,0,0,0,0,0,0,0,0,0,0,0,0,0,0,0,0,0,0,0,0,0,0,0,0,0,0,0,0,0,0,0,0,0,0,0,0,0,0,0,0,0,0,0,0,0,0,0,0,0,0,0,0,0,0,0,0,0,0,0,0,0,0,0,0,0,0,0,0,0,0,0,0,0,0,0,0,0,0,0,0,0,0,0,0,0,0,0,0,0,0,0,0,0,0,0,0,0,0,0,0,0,0,0,0,0,0,0,0,0,0,0,0,0,0,0,0,0,0,0,0,0,0,0,0,0,0,0,0,0,0,0,0,0,0,0,0,0,0,0,0,0,0,0,0,0,0,0,0,0,0,0,0,0,0,0,0,0,0,0,0,0,0,0,0
es011,0,0,0,0,0,0,0,0,0,0.0015611551696839805,0.005254273097981809,0.002991334888221255,0,0,0,0,0,0,0,0,0,0,0,0,0,0,0,0,0,0,0,0,0,0,0,0,0,0,0,0,0,0,0,0,0,0,0,0,0,0,0,0,0,0,0,0,0,0,0,0,0,0,0,0,0,0,0,0,0,0,0,0,0,0,0,0,0,0,0,0,0,0,0,0,0,0,0,0,0,0,0,0,0,0,0,0,0,0,0,0,0,0,0,0,0,0,0,0,0,0,0,0,0,0,0,0,0,0,0,0,0,0,0,0,0,0,0,0,0,0,0,0,0,0,0,0,0,0,0,0,0,0,0,0,0,0,0,0,0,0,0,0,0,0,0,0,0,0,0,0,0,0,0,0,0,0,0,0,0,0,0,0,0,0,0,0,0,0,0,0,0,0,0,0,0,0,0
es012,0,0,0,0,0,0,0,0,0,0.0017775771597393403,0.002991334888221255,0.00681204364266994,0,0,0,0,0,0,0,0,0,0,0,0,0,0,0,0,0,0,0,0,0,0,0,0,0,0,0,0,0,0,0,0,0,0,0,0,0,0,0,0,0,0,0,0,0,0,0,0,0,0,0,0,0,0,0,0,0,0,0,0,0,0,0,0,0,0,0,0,0,0,0,0,0,0,0,0,0,0,0,0,0,0,0,0,0,0,0,0,0,0,0,0,0,0,0,0,0,0,0,0,0,0,0,0,0,0,0,0,0,0,0,0,0,0,0,0,0,0,0,0,0,0,0,0,0,0,0,0,0,0,0,0,0,0,0,0,0,0,0,0,0,0,0,0,0,0,0,0,0,0,0,0,0,0,0,0,0,0,0,0,0,0,0,0,0,0,0,0,0,0,0,0,0,0,0
es013,0,0,0,0,0,0,0,0,0,0,0,0,0.004511429232274449,0.005753877266074142,0.0010222906542644893,0.002730087248483899,0.0011696551532866604,0.002726475063857296,0,0,0,0,0,0,0,0,0,0,0,0,0,0,0,0,0,0,0,0,0,0,0,0,0,0,0,0,0,0,0,0,0,0,0,0,0,0,0,0,0,0,0,0,0,0,0,0,0,0,0,0,0,0,0,0,0,0,0,0,0,0,0,0,0,0,0,0,0,0,0,0,0,0,0,0,0,0,0,0,0,0,0,0,0,0,0,0,0,0,0,0,0,0,0,0,0,0,0,0,0,0,0,0,0,0,0,0,0,0,0,0,0,0,0,0,0,0,0,0,0,0,0,0,0,0,0,0,0,0,0,0,0,0,0,0,0,0,0,0,0,0,0,0,0,0,0,0,0,0,0,0,0,0,0,0,0,0,0,0,0,0,0,0,0,0,0,0,0
es014,0,0,0,0,0,0,0,0,0,0,0,0,0.005753877266074142,0.02935398241976085,0.002607659192706437,0.006963907065668804,0.0029835565844616415,0.006954693104445526,0,0,0,0,0,0,0,0,0,0,0,0,0,0,0,0,0,0,0,0,0,0,0,0,0,0,0,0,0,0,0,0,0,0,0,0,0,0,0,0,0,0,0,0,0,0,0,0,0,0,0,0,0,0,0,0,0,0,0,0,0,0,0,0,0,0,0,0,0,0,0,0,0,0,0,0,0,0,0,0,0,0,0,0,0,0,0,0,0,0,0,0,0,0,0,0,0,0,0,0,0,0,0,0,0,0,0,0,0,0,0,0,0,0,0,0,0,0,0,0,0,0,0,0,0,0,0,0,0,0,0,0,0,0,0,0,0,0,0,0,0,0,0,0,0,0,0,0,0,0,0,0,0,0,0,0,0,0,0,0,0,0,0,0,0,0,0,0,0
es015,0,0,0,0,0,0,0,0,0,0,0,0,0.0010222906542644893,0.002607659192706437,0.00370641986116542,0.004949105989712591,0.0010601762504557097,0.002471278908179873,0,0,0,0,0,0,0,0,0,0,0,0,0,0,0,0,0,0,0,0,0,0,0,0,0,0,0,0,0,0,0,0,0,0,0,0,0,0,0,0,0,0,0,0,0,0,0,0,0,0,0,0,0,0,0,0,0,0,0,0,0,0,0,0,0,0,0,0,0,0,0,0,0,0,0,0,0,0,0,0,0,0,0,0,0,0,0,0,0,0,0,0,0,0,0,0,0,0,0,0,0,0,0,0,0,0,0,0,0,0,0,0,0,0,0,0,0,0,0,0,0,0,0,0,0,0,0,0,0,0,0,0,0,0,0,0,0,0,0,0,0,0,0,0,0,0,0,0,0,0,0,0,0,0,0,0,0,0,0,0,0,0,0,0,0,0,0,0,0
es016,0,0,0,0,0,0,0,0,0,0,0,0,0.002730087248483899,0.006963907065668804,0.004949105989712591,0.026433756579004992,0.002831262958768834,0.006599695503939854,0,0,0,0,0,0,0,0,0,0,0,0,0,0,0,0,0,0,0,0,0,0,0,0,0,0,0,0,0,0,0,0,0,0,0,0,0,0,0,0,0,0,0,0,0,0,0,0,0,0,0,0,0,0,0,0,0,0,0,0,0,0,0,0,0,0,0,0,0,0,0,0,0,0,0,0,0,0,0,0,0,0,0,0,0,0,0,0,0,0,0,0,0,0,0,0,0,0,0,0,0,0,0,0,0,0,0,0,0,0,0,0,0,0,0,0,0,0,0,0,0,0,0,0,0,0,0,0,0,0,0,0,0,0,0,0,0,0,0,0,0,0,0,0,0,0,0,0,0,0,0,0,0,0,0,0,0,0,0,0,0,0,0,0,0,0,0,0,0
es017,0,0,0,0,0,0,0,0,0,0,0,0,0.0011696551532866604,0.0029835565844616415,0.0010601762504557097,0.002831262958768834,0.00485200802556422,0.0056550338166612485,0,0,0,0,0,0,0,0,0,0,0,0,0,0,0,0,0,0,0,0,0,0,0,0,0,0,0,0,0,0,0,0,0,0,0,0,0,0,0,0,0,0,0,0,0,0,0,0,0,0,0,0,0,0,0,0,0,0,0,0,0,0,0,0,0,0,0,0,0,0,0,0,0,0,0,0,0,0,0,0,0,0,0,0,0,0,0,0,0,0,0,0,0,0,0,0,0,0,0,0,0,0,0,0,0,0,0,0,0,0,0,0,0,0,0,0,0,0,0,0,0,0,0,0,0,0,0,0,0,0,0,0,0,0,0,0,0,0,0,0,0,0,0,0,0,0,0,0,0,0,0,0,0,0,0,0,0,0,0,0,0,0,0,0,0,0,0,0,0
es018,0,0,0,0,0,0,0,0,0,0,0,0,0.002726475063857296,0.006954693104445526,0.002471278908179873,0.006599695503939854,0.0056550338166612485,0.02636385372743775,0,0,0,0,0,0,0,0,0,0,0,0,0,0,0,0,0,0,0,0,0,0,0,0,0,0,0,0,0,0,0,0,0,0,0,0,0,0,0,0,0,0,0,0,0,0,0,0,0,0,0,0,0,0,0,0,0,0,0,0,0,0,0,0,0,0,0,0,0,0,0,0,0,0,0,0,0,0,0,0,0,0,0,0,0,0,0,0,0,0,0,0,0,0,0,0,0,0,0,0,0,0,0,0,0,0,0,0,0,0,0,0,0,0,0,0,0,0,0,0,0,0,0,0,0,0,0,0,0,0,0,0,0,0,0,0,0,0,0,0,0,0,0,0,0,0,0,0,0,0,0,0,0,0,0,0,0,0,0,0,0,0,0,0,0,0,0,0,0
es019,0,0,0,0,0,0,0,0,0,0,0,0,0,0,0,0,0,0,0.00261419852379465,0.0014505106289418922,0,0,0,0,0,0,0,0,0,0,0,0,0,0,0,0,0,0,0,0,0,0,0,0,0,0,0,0,0,0,0,0,0,0,0,0,0,0,0,0,0,0,0,0,0,0,0,0,0,0,0,0,0,0,0,0,0,0,0,0,0,0,0,0,0,0,0,0,0,0,0,0,0,0,0,0,0,0,0,0,0,0,0,0,0,0,0,0,0,0,0,0,0,0,0,0,0,0,0,0,0,0,0,0,0,0,0,0,0,0,0,0,0,0,0,0,0,0,0,0,0,0,0,0,0,0,0,0,0,0,0,0,0,0,0,0,0,0,0,0,0,0,0,0,0,0,0,0,0,0,0,0,0,0,0,0,0,0,0,0,0,0,0,0,0,0,0
es020,0,0,0,0,0,0,0,0,0,0,0,0,0,0,0,0,0,0,0.0014505106289418922,0.00321931340029886,0,0,0,0,0,0,0,0,0,0,0,0,0,0,0,0,0,0,0,0,0,0,0,0,0,0,0,0,0,0,0,0,0,0,0,0,0,0,0,0,0,0,0,0,0,0,0,0,0,0,0,0,0,0,0,0,0,0,0,0,0,0,0,0,0,0,0,0,0,0,0,0,0,0,0,0,0,0,0,0,0,0,0,0,0,0,0,0,0,0,0,0,0,0,0,0,0,0,0,0,0,0,0,0,0,0,0,0,0,0,0,0,0,0,0,0,0,0,0,0,0,0,0,0,0,0,0,0,0,0,0,0,0,0,0,0,0,0,0,0,0,0,0,0,0,0,0,0,0,0,0,0,0,0,0,0,0,0,0,0,0,0,0,0,0,0,0
es021,0,0,0,0,0,0,0,0,0,0,0,0,0,0,0,0,0,0,0,0,0.02033088173693054,0,0.009674562517955131,0,0.01830377877378936,0,0.010517049020356838,0,0.008674508655761439,0,0.010555548451629534,0,0.0056603446632696565,0,0.005244182796308937,0,0.015654278168915164,0,0.008658383324070897,0,0.008485974479990886,0,0.011345787442999604,0,0.008669278414989795,0,0,0,0,0,0,0,0,0,0,0,0,0,0,0,0,0,0,0,0,0,0,0,0,0,0,0,0,0,0,0,0,0,0,0,0,0,0,0,0,0,0,0,0,0,0,0,0,0,0,0,0,0,0,0,0,0,0,0,0,0,0,0,0,0,0,0,0,0,0,0,0,0,0,0,0,0,0,0,0,0,0,0,0,0,0,0,0,0,0,0,0,0,0,0,0,0,0,0,0,0,0,0,0,0,0,0,0,0,0,0,0,0,0,0,0,0,0,0,0,0,0,0,0,0,0,0,0,0,0,0,0,0,0,0,0,0,0,0,0,0,0
es022,0,0,0,0,0,0,0,0,0,0,0,0,0,0,0,0,0,0,0,0,0,0.018240282821045593,0,0.009273234886378622,0,0.022034523788575282,0,0.009806216666149744,0,0.00959085927636014,0,0.011015784238179794,0,0.007411539361592971,0,0.005399267746367773,0,0.014315361111875407,0,0.00841140339813742,0,0.008332953569222886,0,0.010584476300096944,0,0.008142340357654628,0,0,0,0,0,0,0,0,0,0,0,0,0,0,0,0,0,0,0,0,0,0,0,0,0,0,0,0,0,0,0,0,0,0,0,0,0,0,0,0,0,0,0,0,0,0,0,0,0,0,0,0,0,0,0,0,0,0,0,0,0,0,0,0,0,0,0,0,0,0,0,0,0,0,0,0,0,0,0,0,0,0,0,0,0,0,0,0,0,0,0,0,0,0,0,0,0,0,0,0,0,0,0,0,0,0,0,0,0,0,0,0,0,0,0,0,0,0,0,0,0,0,0,0,0,0,0,0,0,0,0,0,0,0,0,0,0,0,0,0,0
es023,0,0,0,0,0,0,0,0,0,0,0,0,0,0,0,0,0,0,0,0,0.009674562517955131,0,0.018414776324000827,0,0.017419908723405923,0,0.010009191885369001,0,0.008255625839411048,0,0.010045832219966673,0,0.005387012627052306,0,0.004990946774956286,0,0.014898349690709958,0,0.00824027918287332,0,0.008076195778888868,0,0.010797911409158768,0,0.008250648161415183,0,0,0,0,0,0,0,0,0,0,0,0,0,0,0,0,0,0,0,0,0,0,0,0,0,0,0,0,0,0,0,0,0,0,0,0,0,0,0,0,0,0,0,0,0,0,0,0,0,0,0,0,0,0,0,0,0,0,0,0,0,0,0,0,0,0,0,0,0,0,0,0,0,0,0,0,0,0,0,0,0,0,0,0,0,0,0,0,0,0,0,0,0,0,0,0,0,0,0,0,0,0,0,0,0,0,0,0,0,0,0,0,0,0,0,0,0,0,0,0,0,0,0,0,0,0,0,0,0,0,0,0,0,0,0,0,0,0,0,0,0,0
es024,0,0,0,0,0,0,0,0,0,0,0,0,0,0,0,0,0,0,0,0,0,0.009273234886378622,0,0.018857796472043987,0,0.02240440202661759,0,0.009970826810536763,0,0.009751854365906441,0,0.011200698552814756,0,0.007535951722238976,0,0.005489901501828404,0,0.014555663130462495,0,0.008552599781513733,0,0.00847283306983958,0,0.010762150548110885,0,0.008279020166754546,0,0,0,0,0,0,0,0,0,0,0,0,0,0,0,0,0,0,0,0,0,0,0,0,0,0,0,0,0,0,0,0,0,0,0,0,0,0,0,0,0,0,0,0,0,0,0,0,0,0,0,0,0,0,0,0,0,0,0,0,0,0,0,0,0,0,0,0,0,0,0,0,0,0,0,0,0,0,0,0,0,0,0,0,0,0,0,0,0,0,0,0,0,0,0,0,0,0,0,0,0,0,0,0,0,0,0,0,0,0,0,0,0,0,0,0,0,0,0,0,0,0,0,0,0,0,0,0,0,0,0,0,0,0,0,0,0,0,0,0,0
es025,0,0,0,0,0,0,0,0,0,0,0,0,0,0,0,0,0,0,0,0,0.01830377877378936,0,0.017419908723405923,0,0.06591515739157565,0,0.01893688046712062,0,0.015619222959520259,0,0.019006202111115242,0,0.010191953092884292,0,0.00944261670447774,0,0.028186917633454576,0,0.015590187868200878,0,0.015279750437939015,0,0.02042909757267174,0,0.015609805446668965,0,0,0,0,0,0,0,0,0,0,0,0,0,0,0,0,0,0,0,0,0,0,0,0,0,0,0,0,0,0,0,0,0,0,0,0,0,0,0,0,0,0,0,0,0,0,0,0,0,0,0,0,0,0,0,0,0,0,0,0,0,0,0,0,0,0,0,0,0,0,0,0,0,0,0,0,0,0,0,0,0,0,0,0,0,0,0,0,0,0,0,0,0,0,0,0,0,0,0,0,0,0,0,0,0,0,0,0,0,0,0,0,0,0,0,0,0,0,0,0,0,0,0,0,0,0,0,0,0,0,0,0,0,0,0,0,0,0,0,0,0,0
es026,0,0,0,0,0,0,0,0,0,0,0,0,0,0,0,0,0,0,0,0,0,0.022034523788575282,0,0.02240440202661759,0,0.10647208562557989,0,0.023692101326070754,0,0.023171791682309154,0,0.026614451346766058,0,0.01790649212791328,0,0.013044786066689748,0,0.03458632391354363,0,0.02032219237935452,0,0.020132655337809037,0,0.025572398971248873,0,0.019672128339853556,0,0,0,0,0,0,0,0,0,0,0,0,0,0,0,0,0,0,0,0,0,0,0,0,0,0,0,0,0,0,0,0,0,0,0,0,0,0,0,0,0,0,0,0,0,0,0,0,0,0,0,0,0,0,0,0,0,0,0,0,0,0,0,0,0,0,0,0,0,0,0,0,0,0,0,0,0,0,0,0,0,0,0,0,0,0,0,0,0,0,0,0,0,0,0,0,0,0,0,0,0,0,0,0,0,0,0,0,0,0,0,0,0,0,0,0,0,0,0,0,0,0,0,0,0,0,0,0,0,0,0,0,0,0,0,0,0,0,0,0,0
es027,0,0,0,0,0,0,0,0,0,0,0,0,0,0,0,0,0,0,0,0,0.010517049020356838,0,0.010009191885369001,0,0.01893688046712062,0,0.021761637596990485,0,0.008974547581419974,0,0.010920649870377906,0,0.005856127940342814,0,0.005425571625878718,0,0.016195737401956747,0,0.008957864497424568,0,0.008779492276465862,0,0.011738222105323298,0,0.008969136434053577,0,0,0,0,0,0,0,0,0,0,0,0,0,0,0,0,0,0,0,0,0,0,0,0,0,0,0,0,0,0,0,0,0,0,0,0,0,0,0,0,0,0,0,0,0,0,0,0,0,0,0,0,0,0,0,0,0,0,0,0,0,0,0,0,0,0,0,0,0,0,0,0,0,0,0,0,0,0,0,0,0,0,0,0,0,0,0,0,0,0,0,0,0,0,0,0,0,0,0,0,0,0,0,0,0,0,0,0,0,0,0,0,0,0,0,0,0,0,0,0,0,0,0,0,0,0,0,0,0,0,0,0,0,0,0,0,0,0,0,0,0,0
es028,0,0,0,0,0,0,0,0,0,0,0,0,0,0,0,0,0,0,0,0,0,0.009806216666149744,0,0.009970826810536763,0,0.023692101326070754,0,0.021087805764178538,0,0.010312344934698597,0,0.01184446184820243,0,0.007969082664181148,0,0.00580543513265562,0,0.015392253957296648,0,0.009044162856219957,0,0.00895981153038737,0,0.011380708173748352,0,0.00875485917625914,0,0,0,0,0,0,0,0,0,0,0,0,0,0,0,0,0,0,0,0,0,0,0,0,0,0,0,0,0,0,0,0,0,0,0,0,0,0,0,0,0,0,0,0,0,0,0,0,0,0,0,0,0,0,0,0,0,0,0,0,0,0,0,0,0,0,0,0,0,0,0,0,0,0,0,0,0,0,0,0,0,0,0,0,0,0,0,0,0,0,0,0,0,0,0,0,0,0,0,0,0,0,0,0,0,0,0,0,0,0,0,0,0,0,0,0,0,0,0,0,0,0,0,0,0,0,0,0,0,0,0,0,0,0,0,0,0,0,0,0,0
es029,0,0,0,0,0,0,0,0,0,0,0,0,0,0,0,0,0,0,0,0,0.00867450865576144,0,0.008255625839411048,0,0.015619222959520259,0,0.008974547581419974,0,0.014804493261538314,0,0.009007400426086349,0,0.0048301602863525086,0,0.004475035529457079,0,0.013358316007444675,0,0.0073884863491309495,0,0.0072413641505314425,0,0.00968173762989862,0,0.007397783492432866,0,0,0,0,0,0,0,0,0,0,0,0,0,0,0,0,0,0,0,0,0,0,0,0,0,0,0,0,0,0,0,0,0,0,0,0,0,0,0,0,0,0,0,0,0,0,0,0,0,0,0,0,0,0,0,0,0,0,0,0,0,0,0,0,0,0,0,0,0,0,0,0,0,0,0,0,0,0,0,0,0,0,0,0,0,0,0,0,0,0,0,0,0,0,0,0,0,0,0,0,0,0,0,0,0,0,0,0,0,0,0,0,0,0,0,0,0,0,0,0,0,0,0,0,0,0,0,0,0,0,0,0,0,0,0,0,0,0,0,0,0,0
es030,0,0,0,0,0,0,0,0,0,0,0,0,0,0,0,0,0,0,0,0,0,0.00959085927636014,0,0.009751854365906441,0,0.023171791682309154,0,0.010312344934698597,0,0.020171744607558773,0,0.011584341918780867,0,0.00779407114852702,0,0.005677940156833057,0,0.01505421985626922,0,0.00884554116838075,0,0.008763042308384381,0,0.011130772883748486,0,0.008562590976976632,0,0,0,0,0,0,0,0,0,0,0,0,0,0,0,0,0,0,0,0,0,0,0,0,0,0,0,0,0,0,0,0,0,0,0,0,0,0,0,0,0,0,0,0,0,0,0,0,0,0,0,0,0,0,0,0,0,0,0,0,0,0,0,0,0,0,0,0,0,0,0,0,0,0,0,0,0,0,0,0,0,0,0,0,0,0,0,0,0,0,0,0,0,0,0,0,0,0,0,0,0,0,0,0,0,0,0,0,0,0,0,0,0,0,0,0,0,0,0,0,0,0,0,0,0,0,0,0,0,0,0,0,0,0,0,0,0,0,0,0,0
es031,0,0,0,0,0,0,0,0,0,0,0,0,0,0,0,0,0,0,0,0,0.010555548451629534,0,0.010045832219966673,0,0.019006202111115242,0,0.010920649870377906,0,0.009007400426086347,0,0.021921253501230635,0,0.005877565284100264,0,0.00544543284564876,0,0.016255024629563117,0,0.008990656270848956,0,0.008811631088299174,0,0.011781191846581782,0,0.009001969470302615,0,0,0,0,0,0,0,0,0,0,0,0,0,0,0,0,0,0,0,0,0,0,0,0,0,0,0,0,0,0,0,0,0,0,0,0,0,0,0,0,0,0,0,0,0,0,0,0,0,0,0,0,0,0,0,0,0,0,0,0,0,0,0,0,0,0,0,0,0,0,0,0,0,0,0,0,0,0,0,0,0,0,0,0,0,0,0,0,0,0,0,0,0,0,0,0,0,0,0,0,0,0,0,0,0,0,0,0,0,0,0,0,0,0,0,0,0,0,0,0,0,0,0,0,0,0,0,0,0,0,0,0,0,0,0,0,0,0,0,0,0,0
es032,0,0,0,0,0,0,0,0,0,0,0,0,0,0,0,0,0,0,0,0,0,0.011015784238179794,0,0.011200698552814756,0,0.026614451346766058,0,0.01184446184820243,0,0.011584341918780867,0,0.026610881765960326,0,0.008952045237575422,0,0.006521518237592901,0,0.017290842565017804,0,0.01015973336414119,0,0.0100649775539026,0,0.012784484576244287,0,0.009834744938303048,0,0,0,0,0,0,0,0,0,0,0,0,0,0,0,0,0,0,0,0,0,0,0,0,0,0,0,0,0,0,0,0,0,0,0,0,0,0,0,0,0,0,0,0,0,0,0,0,0,0,0,0,0,0,0,0,0,0,0,0,0,0,0,0,0,0,0,0,0,0,0,0,0,0,0,0,0,0,0,0,0,0,0,0,0,0,0,0,0,0,0,0,0,0,0,0,0,0,0,0,0,0,0,0,0,0,0,0,0,0,0,0,0,0,0,0,0,0,0,0,0,0,0,0,0,0,0,0,0,0,0,0,0,0,0,0,0,0,0,0,0
es033,0,0,0,0,0,0,0,0,0,0,0,0,0,0,0,0,0,0,0,0,0.005660344663269656,0,0.005387012627052306,0,0.010191953092884292,0,0.005856127940342814,0,0.0048301602863525086,0,0.005877565284100264,0,0.006303612823403781,0,0.002920078183365535,0,0.008716651942330891,0,0.0048211813412817476,0,0.004725180243728158,0,0.006317588015567344,0,0.004827247971400066,0,0,0,0,0,0,0,0,0,0,0,0,0,0,0,0,0,0,0,0,0,0,0,0,0,0,0,0,0,0,0,0,0,0,0,0,0,0,0,0,0,0,0,0,0,0,0,0,0,0,0,0,0,0,0,0,0,0,0,0,0,0,0,0,0,0,0,0,0,0,0,0,0,0,0,0,0,0,0,0,0,0,0,0,0,0,0,0,0,0,0,0,0,0,0,0,0,0,0,0,0,0,0,0,0,0,0,0,0,0,0,0,0,0,0,0,0,0,0,0,0,0,0,0,0,0,0,0,0,0,0,0,0,0,0,0,0,0,0,0,0,0
es034,0,0,0,0,0,0,0,0,0,0,0,0,0,0,0,0,0,0,0,0,0,0.007411539361592971,0,0.007535951722238977,0,0.017906492127913284,0,0.007969082664181148,0,0.00779407114852702,0,0.008952045237575422,0,0.012046066664067902,0,0.0043877483500214965,0,0.011633466804984546,0,0.0068355790294658105,0,0.006771826290474347,0,0.008601540172338136,0,0.006616923284392908,0,0,0,0,0,0,0,0,0,0,0,0,0,0,0,0,0,0,0,0,0,0,0,0,0,0,0,0,0,0,0,0,0,0,0,0,0,0,0,0,0,0,0,0,0,0,0,0,0,0,0,0,0,0,0,0,0,0,0,0,0,0,0,0,0,0,0,0,0,0,0,0,0,0,0,0,0,0,0,0,0,0,0,0,0,0,0,0,0,0,0,0,0,0,0,0,0,0,0,0,0,0,0,0,0,0,0,0,0,0,0,0,0,0,0,0,0,0,0,0,0,0,0,0,0,0,0,0,0,0,0,0,0,0,0,0,0,0,0,0,0
es035,0,0,0,0,0,0,0,0,0,0,0,0,0,0,0,0,0,0,0,0,0.005244182796308937,0,0.004990946774956286,0,0.00944261670447774,0,0.005425571625878718,0,0.0044750355294570785,0,0.00544543284564876,0,0.002920078183365535,0,0.005410774319964081,0,0.008075783168118867,0,0.0044667167375689034,0,0.004377773866742642,0,0.00585310406986209,0,0.004472337334757004,0,0,0,0,0,0,0,0,0,0,0,0,0,0,0,0,0,0,0,0,0,0,0,0,0,0,0,0,0,0,0,0,0,0,0,0,0,0,0,0,0,0,0,0,0,0,0,0,0,0,0,0,0,0,0,0,0,0,0,0,0,0,0,0,0,0,0,0,0,0,0,0,0,0,0,0,0,0,0,0,0,0,0,0,0,0,0,0,0,0,0,0,0,0,0,0,0,0,0,0,0,0,0,0,0,0,0,0,0,0,0,0,0,0,0,0,0,0,0,0,0,0,0,0,0,0,0,0,0,0,0,0,0,0,0,0,0,0,0,0,0,0
es036,0,0,0,0,0,0,0,0,0,0,0,0,0,0,0,0,0,0,0,0,0,0.005399267746367773,0,0.005489901501828404,0,0.013044786066689748,0,0.00580543513265562,0,0.005677940156833057,0,0.006521518237592901,0,0.0043877483500214965,0,0.006392903549353242,0,0.008474919855932994,0,0.004979683650173611,0,0.004933240112524337,0,0.0062661771267460645,0,0.004820394080985328,0,0,0,0,0,0,0,0,0,0,0,0,0,0,0,0,0,0,0,0,0,0,0,0,0,0,0,0,0,0,0,0,0,0,0,0,0,0,0,0,0,0,0,0,0,0,0,0,0,0,0,0,0,0,0,0,0,0,0,0,0,0,0,0,0,0,0,0,0,0,0,0,0,0,0,0,0,0,0,0,0,0,0,0,0,0,0,0,0,0,0,0,0,0,0,0,0,0,0,0,0,0,0,0,0,0,0,0,0,0,0,0,0,0,0,0,0,0,0,0,0,0,0,0,0,0,0,0,0,0,0,0,0,0,0,0,0,0,0,0,0
es037,0,0,0,0,0,0,0,0,0,0,0,0,0,0,0,0,0,0,0,0,0.015654278168915164,0,0.014898349690709958,0,0.028186917633454576,0,0.016195737401956747,0,0.013358316007444677,0,0.01625502462956312,0,0.008716651942330893,0,0.008075783168118867,0,0.048213634442550515,0,0.013333483791005069,0,0.01306798266430213,0,0.017471953747630744,0,0.01335026169430773,0,0,0,0,0,0,0,0,0,0,0,0,0,0,0,0,0,0,0,0,0,0,0,0,0,0,0,0,0,0,0,0,0,0,0,0,0,0,0,0,0,0,0,0,0,0,0,0,0,0,0,0,0,0,0,0,0,0,0,0,0,0,0,0,0,0,0,0,0,0,0,0,0,0,0,0,0,0,0,0,0,0,0,0,0,0,0,0,0,0,0,0,0,0,0,0,0,0,0,0,0,0,0,0,0,0,0,0,0,0,0,0,0,0,0,0,0,0,0,0,0,0,0,0,0,0,0,0,0,0,0,0,0,0,0,0,0,0,0,0,0,0
es038,0,0,0,0,0,0,0,0,0,0,0,0,0,0,0,0,0,0,0,0,0,0.014315361111875407,0,0.014555663130462495,0,0.03458632391354364,0,0.015392253957296648,0,0.01505421985626922,0,0.017290842565017804,0,0.011633466804984546,0,0.008474919855932994,0,0.044939996988850955,0,0.013202895841402383,0,0.01307975765970921,0,0.0166138433161958,0,0.012780563071218994,0,0,0,0,0,0,0,0,0,0,0,0,0,0,0,0,0,0,0,0,0,0,0,0,0,0,0,0,0,0,0,0,0,0,0,0,0,0,0,0,0,0,0,0,0,0,0,0,0,0,0,0,0,0,0,0,0,0,0,0,0,0,0,0,0,0,0,0,0,0,0,0,0,0,0,0,0,0,0,0,0,0,0,0,0,0,0,0,0,0,0,0,0,0,0,0,0,0,0,0,0,0,0,0,0,0,0,0,0,0,0,0,0,0,0,0,0,0,0,0,0,0,0,0,0,0,0,0,0,0,0,0,0,0,0,0,0,0,0,0,0
es039,0,0,0,0,0,0,0,0,0,0,0,0,0,0,0,0,0,0,0,0,0.008658383324070899,0,0.008240279182873322,0,0.015590187868200878,0,0.008957864497424568,0,0.0073884863491309495,0,0.008990656270848956,0,0.004821181341281748,0,0.0044667167375689034,0,0.013333483791005067,0,0.014749503293872833,0,0.0072279029386688246,0,0.00966373992687953,0,0.007384031507470459,0,0,0,0,0,0,0,0,0,0,0,0,0,0,0,0,0,0,0,0,0,0,0,0,0,0,0,0,0,0,0,0,0,0,0,0,0,0,0,0,0,0,0,0,0,0,0,0,0,0,0,0,0,0,0,0,0,0,0,0,0,0,0,0,0,0,0,0,0,0,0,0,0,0,0,0,0,0,0,0,0,0,0,0,0,0,0,0,0,0,0,0,0,0,0,0,0,0,0,0,0,0,0,0,0,0,0,0,0,0,0,0,0,0,0,0,0,0,0,0,0,0,0,0,0,0,0,0,0,0,0,0,0,0,0,0,0,0,0,0,0,0
es040,0,0,0,0,0,0,0,0,0,0,0,0,0,0,0,0,0,0,0,0,0,0.00841140339813742,0,0.008552599781513733,0,0.020322192379354523,0,0.009044162856219957,0,0.00884554116838075,0,0.010159733364141192,0,0.0068355790294658105,0,0.004979683650173611,0,0.013202895841402381,0,0.015515484671008413,0,0.007685388944497172,0,0.009761942925075425,0,0.007509588532711316,0,0,0,0,0,0,0,0,0,0,0,0,0,0,0,0,0,0,0,0,0,0,0,0,0,0,0,0,0,0,0,0,0,0,0,0,0,0,0,0,0,0,0,0,0,0,0,0,0,0,0,0,0,0,0,0,0,0,0,0,0,0,0,0,0,0,0,0,0,0,0,0,0,0,0,0,0,0,0,0,0,0,0,0,0,0,0,0,0,0,0,0,0,0,0,0,0,0,0,0,0,0,0,0,0,0,0,0,0,0,0,0,0,0,0,0,0,0,0,0,0,0,0,0,0,0,0,0,0,0,0,0,0,0,0,0,0,0,0,0,0
es041,0,0,0,0,0,0,0,0,0,0,0,0,0,0,0,0,0,0,0,0,0.008485974479990886,0,0.008076195778888868,0,0.015279750437939015,0,0.008779492276465862,0,0.0072413641505314425,0,0.008811631088299174,0,0.004725180243728158,0,0.004377773866742642,0,0.01306798266430213,0,0.0072279029386688246,0,0.014167956669434363,0,0.009471312060391887,0,0.0072369980152809715,0,0,0,0,0,0,0,0,0,0,0,0,0,0,0,0,0,0,0,0,0,0,0,0,0,0,0,0,0,0,0,0,0,0,0,0,0,0,0,0,0,0,0,0,0,0,0,0,0,0,0,0,0,0,0,0,0,0,0,0,0,0,0,0,0,0,0,0,0,0,0,0,0,0,0,0,0,0,0,0,0,0,0,0,0,0,0,0,0,0,0,0,0,0,0,0,0,0,0,0,0,0,0,0,0,0,0,0,0,0,0,0,0,0,0,0,0,0,0,0,0,0,0,0,0,0,0,0,0,0,0,0,0,0,0,0,0,0,0,0,0,0
es042,0,0,0,0,0,0,0,0,0,0,0,0,0,0,0,0,0,0,0,0,0,0.008332953569222888,0,0.00847283306983958,0,0.020132655337809037,0,0.00895981153038737,0,0.008763042308384381,0,0.0100649775539026,0,0.006771826290474347,0,0.004933240112524338,0,0.013079757659709208,0,0.007685388944497172,0,0.015227420729838013,0,0.00967089714875287,0,0.007439549573963934,0,0,0,0,0,0,0,0,0,0,0,0,0,0,0,0,0,0,0,0,0,0,0,0,0,0,0,0,0,0,0,0,0,0,0,0,0,0,0,0,0,0,0,0,0,0,0,0,0,0,0,0,0,0,0,0,0,0,0,0,0,0,0,0,0,0,0,0,0,0,0,0,0,0,0,0,0,0,0,0,0,0,0,0,0,0,0,0,0,0,0,0,0,0,0,0,0,0,0,0,0,0,0,0,0,0,0,0,0,0,0,0,0,0,0,0,0,0,0,0,0,0,0,0,0,0,0,0,0,0,0,0,0,0,0,0,0,0,0,0,0
es043,0,0,0,0,0,0,0,0,0,0,0,0,0,0,0,0,0,0,0,0,0.011345787442999604,0,0.010797911409158768,0,0.020429097572671744,0,0.011738222105323297,0,0.00968173762989862,0,0.011781191846581782,0,0.006317588015567343,0,0.00585310406986209,0,0.017471953747630744,0,0.00966373992687953,0,0.009471312060391887,0,0.025525863903295126,0,0.009675900086712975,0,0,0,0,0,0,0,0,0,0,0,0,0,0,0,0,0,0,0,0,0,0,0,0,0,0,0,0,0,0,0,0,0,0,0,0,0,0,0,0,0,0,0,0,0,0,0,0,0,0,0,0,0,0,0,0,0,0,0,0,0,0,0,0,0,0,0,0,0,0,0,0,0,0,0,0,0,0,0,0,0,0,0,0,0,0,0,0,0,0,0,0,0,0,0,0,0,0,0,0,0,0,0,0,0,0,0,0,0,0,0,0,0,0,0,0,0,0,0,0,0,0,0,0,0,0,0,0,0,0,0,0,0,0,0,0,0,0,0,0,0,0
es044,0,0,0,0,0,0,0,0,0,0,0,0,0,0,0,0,0,0,0,0,0,0.010584476300096943,0,0.010762150548110885,0,0.025572398971248873,0,0.011380708173748354,0,0.011130772883748486,0,0.012784484576244285,0,0.008601540172338136,0,0.006266177126746064,0,0.0166138433161958,0,0.009761942925075425,0,0.009670897148752869,0,0.024576340219739045,0,0.009449678975753734,0,0,0,0,0,0,0,0,0,0,0,0,0,0,0,0,0,0,0,0,0,0,0,0,0,0,0,0,0,0,0,0,0,0,0,0,0,0,0,0,0,0,0,0,0,0,0,0,0,0,0,0,0,0,0,0,0,0,0,0,0,0,0,0,0,0,0,0,0,0,0,0,0,0,0,0,0,0,0,0,0,0,0,0,0,0,0,0,0,0,0,0,0,0,0,0,0,0,0,0,0,0,0,0,0,0,0,0,0,0,0,0,0,0,0,0,0,0,0,0,0,0,0,0,0,0,0,0,0,0,0,0,0,0,0,0,0,0,0,0,0
es045,0,0,0,0,0,0,0,0,0,0,0,0,0,0,0,0,0,0,0,0,0.008669278414989795,0,0.008250648161415183,0,0.015609805446668965,0,0.008969136434053579,0,0.007397783492432866,0,0.009001969470302615,0,0.004827247971400067,0,0.004472337334757004,0,0.01335026169430773,0,0.007384031507470459,0,0.0072369980152809715,0,0.009675900086712975,0,0.014786646090235873,0,0,0,0,0,0,0,0,0,0,0,0,0,0,0,0,0,0,0,0,0,0,0,0,0,0,0,0,0,0,0,0,0,0,0,0,0,0,0,0,0,0,0,0,0,0,0,0,0,0,0,0,0,0,0,0,0,0,0,0,0,0,0,0,0,0,0,0,0,0,0,0,0,0,0,0,0,0,0,0,0,0,0,0,0,0,0,0,0,0,0,0,0,0,0,0,0,0,0,0,0,0,0,0,0,0,0,0,0,0,0,0,0,0,0,0,0,0,0,0,0,0,0,0,0,0,0,0,0,0,0,0,0,0,0,0,0,0,0,0,0,0
es046,0,0,0,0,0,0,0,0,0,0,0,0,0,0,0,0,0,0,0,0,0,0.008142340357654628,0,0.008279020166754546,0,0.019672128339853556,0,0.008754859176259141,0,0.008562590976976632,0,0.009834744938303048,0,0.006616923284392907,0,0.004820394080985329,0,0.012780563071218994,0,0.007509588532711316,0,0.007439549573963934,0,0.009449678975753736,0,0.014538745292566883,0,0,0,0,0,0,0,0,0,0,0,0,0,0,0,0,0,0,0,0,0,0,0,0,0,0,0,0,0,0,0,0,0,0,0,0,0,0,0,0,0,0,0,0,0,0,0,0,0,0,0,0,0,0,0,0,0,0,0,0,0,0,0,0,0,0,0,0,0,0,0,0,0,0,0,0,0,0,0,0,0,0,0,0,0,0,0,0,0,0,0,0,0,0,0,0,0,0,0,0,0,0,0,0,0,0,0,0,0,0,0,0,0,0,0,0,0,0,0,0,0,0,0,0,0,0,0,0,0,0,0,0,0,0,0,0,0,0,0,0,0
es047,0,0,0,0,0,0,0,0,0,0,0,0,0,0,0,0,0,0,0,0,0,0,0,0,0,0,0,0,0,0,0,0,0,0,0,0,0,0,0,0,0,0,0,0,0,0,0.5305335085605141,0.19713391431502983,0.12366710914198048,0.11473331541328602,0.10741541358425162,0.12432677413474706,0,0,0,0,0,0,0,0,0,0,0,0,0,0,0,0,0,0,0,0,0,0,0,0,0,0,0,0,0,0,0,0,0,0,0,0,0,0,0,0,0,0,0,0,0,0,0,0,0,0,0,0,0,0,0,0,0,0,0,0,0,0,0,0,0,0,0,0,0,0,0,0,0,0,0,0,0,0,0,0,0,0,0,0,0,0,0,0,0,0,0,0,0,0,0,0,0,0,0,0,0,0,0,0,0,0,0,0,0,0,0,0,0,0,0,0,0,0,0,0,0,0,0,0,0,0,0,0,0,0,0,0,0,0,0
es048,0,0,0,0,0,0,0,0,0,0,0,0,0,0,0,0,0,0,0,0,0,0,0,0,0,0,0,0,0,0,0,0,0,0,0,0,0,0,0,0,0,0,0,0,0,0,0.19713391431502983,0.2930015129759356,0.09190364379935066,0.08526446380787714,0.07982613952165114,0.09239387614118148,0,0,0,0,0,0,0,0,0,0,0,0,0,0,0,0,0,0,0,0,0,0,0,0,0,0,0,0,0,0,0,0,0,0,0,0,0,0,0,0,0,0,0,0,0,0,0,0,0,0,0,0,0,0,0,0,0,0,0,0,0,0,0,0,0,0,0,0,0,0,0,0,0,0,0,0,0,0,0,0,0,0,0,0,0,0,0,0,0,0,0,0,0,0,0,0,0,0,0,0,0,0,0,0,0,0,0,0,0,0,0,0,0,0,0,0,0,0,0,0,0,0,0,0,0,0,0,0,0,0,0,0,0,0,0
es049,0,0,0,0,0,0,0,0,0,0,0,0,0,0,0,0,0,0,0,0,0,0,0,0,0,0,0,0,0,0,0,0,0,0,0,0,0,0,0,0,0,0,0,0,0,0,0.12366710914198048,0.09190364379935066,0.11530697787613983,0.05348856277875502,0.050076963889791465,0.05796102413176185,0,0,0,0,0,0,0,0,0,0,0,0,0,0,0,0,0,0,0,0,0,0,0,0,0,0,0,0,0,0,0,0,0,0,0,0,0,0,0,0,0,0,0,0,0,0,0,0,0,0,0,0,0,0,0,0,0,0,0,0,0,0,0,0,0,0,0,0,0,0,0,0,0,0,0,0,0,0,0,0,0,0,0,0,0,0,0,0,0,0,0,0,0,0,0,0,0,0,0,0,0,0,0,0,0,0,0,0,0,0,0,0,0,0,0,0,0,0,0,0,0,0,0,0,0,0,0,0,0,0,0,0,0,0,0
es050,0,0,0,0,0,0,0,0,0,0,0,0,0,0,0,0,0,0,0,0,0,0,0,0,0,0,0,0,0,0,0,0,0,0,0,0,0,0,0,0,0,0,0,0,0,0,0.11473331541328602,0.08526446380787714,0.05348856277875502,0.09924902727777907,0.04645937090929209,0.05377388142672336,0,0,0,0,0,0,0,0,0,0,0,0,0,0,0,0,0,0,0,0,0,0,0,0,0,0,0,0,0,0,0,0,0,0,0,0,0,0,0,0,0,0,0,0,0,0,0,0,0,0,0,0,0,0,0,0,0,0,0,0,0,0,0,0,0,0,0,0,0,0,0,0,0,0,0,0,0,0,0,0,0,0,0,0,0,0,0,0,0,0,0,0,0,0,0,0,0,0,0,0,0,0,0,0,0,0,0,0,0,0,0,0,0,0,0,0,0,0,0,0,0,0,0,0,0,0,0,0,0,0,0,0,0,0,0
es051,0,0,0,0,0,0,0,0,0,0,0,0,0,0,0,0,0,0,0,0,0,0,0,0,0,0,0,0,0,0,0,0,0,0,0,0,0,0,0,0,0,0,0,0,0,0,0.10741541358425162,0.07982613952165114,0.050076963889791465,0.04645937090929209,0.08699221360612523,0.050344084389747565,0,0,0,0,0,0,0,0,0,0,0,0,0,0,0,0,0,0,0,0,0,0,0,0,0,0,0,0,0,0,0,0,0,0,0,0,0,0,0,0,0,0,0,0,0,0,0,0,0,0,0,0,0,0,0,0,0,0,0,0,0,0,0,0,0,0,0,0,0,0,0,0,0,0,0,0,0,0,0,0,0,0,0,0,0,0,0,0,0,0,0,0,0,0,0,0,0,0,0,0,0,0,0,0,0,0,0,0,0,0,0,0,0,0,0,0,0,0,0,0,0,0,0,0,0,0,0,0,0,0,0,0,0,0,0
es052,0,0,0,0,0,0,0,0,0,0,0,0,0,0,0,0,0,0,0,0,0,0,0,0,0,0,0,0,0,0,0,0,0,0,0,0,0,0,0,0,0,0,0,0,0,0,0.12432677413474706,0.09239387614118148,0.05796102413176185,0.05377388142672336,0.050344084389747565,0.11654039955886653,0,0,0,0,0,0,0,0,0,0,0,0,0,0,0,0,0,0,0,0,0,0,0,0,0,0,0,0,0,0,0,0,0,0,0,0,0,0,0,0,0,0,0,0,0,0,0,0,0,0,0,0,0,0,0,0,0,0,0,0,0,0,0,0,0,0,0,0,0,0,0,0,0,0,0,0,0,0,0,0,0,0,0,0,0,0,0,0,0,0,0,0,0,0,0,0,0,0,0,0,0,0,0,0,0,0,0,0,0,0,0,0,0,0,0,0,0,0,0,0,0,0,0,0,0,0,0,0,0,0,0,0,0,0,0
es053,0,0,0,0,0,0,0,0,0,0,0,0,0,0,0,0,0,0,0,0,0,0,0,0,0,0,0,0,0,0,0,0,0,0,0,0,0,0,0,0,0,0,0,0,0,0,0,0,0,0,0,0,0.00977550723001126,0.011243415032134314,0.006833968470824175,0.006846435171908856,0.009084464296506839,0,0,0,0,0,0,0,0,0,0,0,0,0,0,0,0,0,0,0,0,0,0,0,0,0,0,0,0,0,0,0,0,0,0,0,0,0,0,0,0,0,0,0,0,0,0,0,0,0,0,0,0,0,0,0,0,0,0,0,0,0,0,0,0,0,0,0,0,0,0,0,0,0,0,0,0,0,0,0,0,0,0,0,0,0,0,0,0,0,0,0,0,0,0,0,0,0,0,0,0,0,0,0,0,0,0,0,0,0,0,0,0,0,0,0,0,0,0,0,0,0,0,0,0,0,0,0,0,0,0
es054,0,0,0,0,0,0,0,0,0,0,0,0,0,0,0,0,0,0,0,0,0,0,0,0,0,0,0,0,0,0,0,0,0,0,0,0,0,0,0,0,0,0,0,0,0,0,0,0,0,0,0,0,0.011243415032134312,0.05172698607259,0.0157203390117912,0.015749016458613863,0.020897207689981892,0,0,0,0,0,0,0,0,0,0,0,0,0,0,0,0,0,0,0,0,0,0,0,0,0,0,0,0,0,0,0,0,0,0,0,0,0,0,0,0,0,0,0,0,0,0,0,0,0,0,0,0,0,0,0,0,0,0,0,0,0,0,0,0,0,0,0,0,0,0,0,0,0,0,0,0,0,0,0,0,0,0,0,0,0,0,0,0,0,0,0,0,0,0,0,0,0,0,0,0,0,0,0,0,0,0,0,0,0,0,0,0,0,0,0,0,0,0,0,0,0,0,0,0,0,0,0,0,0,0
es055,0,0,0,0,0,0,0,0,0,0,0,0,0,0,0,0,0,0,0,0,0,0,0,0,0,0,0,0,0,0,0,0,0,0,0,0,0,0,0,0,0,0,0,0,0,0,0,0,0,0,0,0,0.006833968470824175,0.015720339011791196,0.01911026157981374,0.009572561505294473,0.012701733243275221,0,0,0,0,0,0,0,0,0,0,0,0,0,0,0,0,0,0,0,0,0,0,0,0,0,0,0,0,0,0,0,0,0,0,0,0,0,0,0,0,0,0,0,0,0,0,0,0,0,0,0,0,0,0,0,0,0,0,0,0,0,0,0,0,0,0,0,0,0,0,0,0,0,0,0,0,0,0,0,0,0,0,0,0,0,0,0,0,0,0,0,0,0,0,0,0,0,0,0,0,0,0,0,0,0,0,0,0,0,0,0,0,0,0,0,0,0,0,0,0,0,0,0,0,0,0,0,0,0,0
es056,0,0,0,0,0,0,0,0,0,0,0,0,0,0,0,0,0,0,0,0,0,0,0,0,0,0,0,0,0,0,0,0,0,0,0,0,0,0,0,0,0,0,0,0,0,0,0,0,0,0,0,0,0.006846435171908855,0.015749016458613863,0.009572561505294473,0.019180048036482964,0.012724904071802932,0,0,0,0,0,0,0,0,0,0,0,0,0,0,0,0,0,0,0,0,0,0,0,0,0,0,0,0,0,0,0,0,0,0,0,0,0,0,0,0,0,0,0,0,0,0,0,0,0,0,0,0,0,0,0,0,0,0,0,0,0,0,0,0,0,0,0,0,0,0,0,0,0,0,0,0,0,0,0,0,0,0,0,0,0,0,0,0,0,0,0,0,0,0,0,0,0,0,0,0,0,0,0,0,0,0,0,0,0,0,0,0,0,0,0,0,0,0,0,0,0,0,0,0,0,0,0,0,0,0
es057,0,0,0,0,0,0,0,0,0,0,0,0,0,0,0,0,0,0,0,0,0,0,0,0,0,0,0,0,0,0,0,0,0,0,0,0,0,0,0,0,0,0,0,0,0,0,0,0,0,0,0,0,0.009084464296506837,0.02089720768998189,0.01270173324327522,0.012724904071802932,0.033769088237649396,0,0,0,0,0,0,0,0,0,0,0,0,0,0,0,0,0,0,0,0,0,0,0,0,0,0,0,0,0,0,0,0,0,0,0,0,0,0,0,0,0,0,0,0,0,0,0,0,0,0,0,0,0,0,0,0,0,0,0,0,0,0,0,0,0,0,0,0,0,0,0,0,0,0,0,0,0,0,0,0,0,0,0,0,0,0,0,0,0,0,0,0,0,0,0,0,0,0,0,0,0,0,0,0,0,0,0,0,0,0,0,0,0,0,0,0,0,0,0,0,0,0,0,0,0,0,0,0,0,0
es058,0,0,0,0,0,0,0,0,0,0,0,0,0,0,0,0,0,0,0,0,0,0,0,0,0,0,0,0,0,0,0,0,0,0,0,0,0,0,0,0,0,0,0,0,0,0,0,0,0,0,0,0,0,0,0,0,0,0.022559426337194283,0,0.005980730155262249,0,0.018215823393446157,0,0,0,0,0,0,0,0,0,0,0,0,0,0,0,0,0,0,0,0,0,0,0,0,0,0,0,0,0,0,0,0,0,0,0,0,0,0,0,0,0,0,0,0,0,0,0,0,0,0,0,0,0,0,0,0,0,0,0,0,0,0,0,0,0,0,0,0,0,0,0,0,0,0,0,0,0,0,0,0,0,0,0,0,0,0,0,0,0,0,0,0,0,0,0,0,0,0,0,0,0,0,0,0,0,0,0,0,0,0,0,0,0,0,0,0,0,0,0,0,0,0,0,0,0
es059,0,0,0,0,0,0,0,0,0,0,0,0,0,0,0,0,0,0,0,0,0,0,0,0,0,0,0,0,0,0,0,0,0,0,0,0,0,0,0,0,0,0,0,0,0,0,0,0,0,0,0,0,0,0,0,0,0,0,0.021830158355087444,0,0.008263699984211654,0,0.014553304155580055,0,0,0,0,0,0,0,0,0,0,0,0,0,0,0,0,0,0,0,0,0,0,0,0,0,0,0,0,0,0,0,0,0,0,0,0,0,0,0,0,0,0,0,0,0,0,0,0,0,0,0,0,0,0,0,0,0,0,0,0,0,0,0,0,0,0,0,0,0,0,0,0,0,0,0,0,0,0,0,0,0,0,0,0,0,0,0,0,0,0,0,0,0,0,0,0,0,0,0,0,0,0,0,0,0,0,0,0,0,0,0,0,0,0,0,0,0,0,0,0,0,0,0,0
es060,0,0,0,0,0,0,0,0,0,0,0,0,0,0,0,0,0,0,0,0,0,0,0,0,0,0,0,0,0,0,0,0,0,0,0,0,0,0,0,0,0,0,0,0,0,0,0,0,0,0,0,0,0,0,0,0,0,0.005980730155262249,0,0.006342206163476729,0,0.009658394911620283,0,0,0,0,0,0,0,0,0,0,0,0,0,0,0,0,0,0,0,0,0,0,0,0,0,0,0,0,0,0,0,0,0,0,0,0,0,0,0,0,0,0,0,0,0,0,0,0,0,0,0,0,0,0,0,0,0,0,0,0,0,0,0,0,0,0,0,0,0,0,0,0,0,0,0,0,0,0,0,0,0,0,0,0,0,0,0,0,0,0,0,0,0,0,0,0,0,0,0,0,0,0,0,0,0,0,0,0,0,0,0,0,0,0,0,0,0,0,0,0,0,0,0,0,0
es061,0,0,0,0,0,0,0,0,0,0,0,0,0,0,0,0,0,0,0,0,0,0,0,0,0,0,0,0,0,0,0,0,0,0,0,0,0,0,0,0,0,0,0,0,0,0,0,0,0,0,0,0,0,0,0,0,0,0,0.008263699984211654,0,0.01251273331476228,0,0.01101816462936167,0,0,0,0,0,0,0,0,0,0,0,0,0,0,0,0,0,0,0,0,0,0,0,0,0,0,0,0,0,0,0,0,0,0,0,0,0,0,0,0,0,0,0,0,0,0,0,0,0,0,0,0,0,0,0,0,0,0,0,0,0,0,0,0,0,0,0,0,0,0,0,0,0,0,0,0,0,0,0,0,0,0,0,0,0,0,0,0,0,0,0,0,0,0,0,0,0,0,0,0,0,0,0,0,0,0,0,0,0,0,0,0,0,0,0,0,0,0,0,0,0,0,0,0
es062,0,0,0,0,0,0,0,0,0,0,0,0,0,0,0,0,0,0,0,0,0,0,0,0,0,0,0,0,0,0,0,0,0,0,0,0,0,0,0,0,0,0,0,0,0,0,0,0,0,0,0,0,0,0,0,0,0,0.018215823393446157,0,0.009658394911620283,0,0.05883415951125435,0,0,0,0,0,0,0,0,0,0,0,0,0,0,0,0,0,0,0,0,0,0,0,0,0,0,0,0,0,0,0,0,0,0,0,0,0,0,0,0,0,0,0,0,0,0,0,0,0,0,0,0,0,0,0,0,0,0,0,0,0,0,0,0,0,0,0,0,0,0,0,0,0,0,0,0,0,0,0,0,0,0,0,0,0,0,0,0,0,0,0,0,0,0,0,0,0,0,0,0,0,0,0,0,0,0,0,0,0,0,0,0,0,0,0,0,0,0,0,0,0,0,0,0,0
es063,0,0,0,0,0,0,0,0,0,0,0,0,0,0,0,0,0,0,0,0,0,0,0,0,0,0,0,0,0,0,0,0,0,0,0,0,0,0,0,0,0,0,0,0,0,0,0,0,0,0,0,0,0,0,0,0,0,0,0.014553304155580055,0,0.01101816462936167,0,0.03880845175737624,0,0,0,0,0,0,0,0,0,0,0,0,0,0,0,0,0,0,0,0,0,0,0,0,0,0,0,0,0,0,0,0,0,0,0,0,0,0,0,0,0,0,0,0,0,0,0,0,0,0,0,0,0,0,0,0,0,0,0,0,0,0,0,0,0,0,0,0,0,0,0,0,0,0,0,0,0,0,0,0,0,0,0,0,0,0,0,0,0,0,0,0,0,0,0,0,0,0,0,0,0,0,0,0,0,0,0,0,0,0,0,0,0,0,0,0,0,0,0,0,0,0,0,0
es064,0,0,0,0,0,0,0,0,0,0,0,0,0,0,0,0,0,0,0,0,0,0,0,0,0,0,0,0,0,0,0,0,0,0,0,0,0,0,0,0,0,0,0,0,0,0,0,0,0,0,0,0,0,0,0,0,0,0,0,0,0,0,0,0.11874214826813655,0.05398506058108788,0.059926236824682705,0.09582434453208913,0.061515647944076136,0.1113920109208942,0.0468822832217762,0.05487152931429096,0,0,0,0,0,0,0,0,0,0,0,0,0,0,0,0,0,0,0,0,0,0,0,0,0,0,0,0,0,0,0,0,0,0,0,0,0,0,0,0,0,0,0,0,0,0,0,0,0,0,0,0,0,0,0,0,0,0,0,0,0,0,0,0,0,0,0,0,0,0,0,0,0,0,0,0,0,0,0,0,0,0,0,0,0,0,0,0,0,0,0,0,0,0,0,0,0,0,0,0,0,0,0,0,0,0,0,0,0,0,0,0,0,0,0,0
es065,0,0,0,0,0,0,0,0,0,0,0,0,0,0,0,0,0,0,0,0,0,0,0,0,0,0,0,0,0,0,0,0,0,0,0,0,0,0,0,0,0,0,0,0,0,0,0,0,0,0,0,0,0,0,0,0,0,0,0,0,0,0,0,0.05398506058108788,0.09817530871557525,0.05448986013073898,0.08713137028692318,0.05593508336141443,0.10128677214487199,0.04262922537315194,0.04989370459290957,0,0,0,0,0,0,0,0,0,0,0,0,0,0,0,0,0,0,0,0,0,0,0,0,0,0,0,0,0,0,0,0,0,0,0,0,0,0,0,0,0,0,0,0,0,0,0,0,0,0,0,0,0,0,0,0,0,0,0,0,0,0,0,0,0,0,0,0,0,0,0,0,0,0,0,0,0,0,0,0,0,0,0,0,0,0,0,0,0,0,0,0,0,0,0,0,0,0,0,0,0,0,0,0,0,0,0,0,0,0,0,0,0,0,0,0
es066,0,0,0,0,0,0,0,0,0,0,0,0,0,0,0,0,0,0,0,0,0,0,0,0,0,0,0,0,0,0,0,0,0,0,0,0,0,0,0,0,0,0,0,0,0,0,0,0,0,0,0,0,0,0,0,0,0,0,0,0,0,0,0,0.059926236824682705,0.05448986013073898,0.12097318137982899,0.09672037179305244,0.06209086395836628,0.11243360717627186,0.047320666641230184,0.05538461799083168,0,0,0,0,0,0,0,0,0,0,0,0,0,0,0,0,0,0,0,0,0,0,0,0,0,0,0,0,0,0,0,0,0,0,0,0,0,0,0,0,0,0,0,0,0,0,0,0,0,0,0,0,0,0,0,0,0,0,0,0,0,0,0,0,0,0,0,0,0,0,0,0,0,0,0,0,0,0,0,0,0,0,0,0,0,0,0,0,0,0,0,0,0,0,0,0,0,0,0,0,0,0,0,0,0,0,0,0,0,0,0,0,0,0,0,0
es067,0,0,0,0,0,0,0,0,0,0,0,0,0,0,0,0,0,0,0,0,0,0,0,0,0,0,0,0,0,0,0,0,0,0,0,0,0,0,0,0,0,0,0,0,0,0,0,0,0,0,0,0,0,0,0,0,0,0,0,0,0,0,0,0.09582434453208913,0.08713137028692318,0.09672037179305244,0.30931914704017577,0.09928566610394811,0.17978563784280627,0.07566755571492349,0.0885621223247852,0,0,0,0,0,0,0,0,0,0,0,0,0,0,0,0,0,0,0,0,0,0,0,0,0,0,0,0,0,0,0,0,0,0,0,0,0,0,0,0,0,0,0,0,0,0,0,0,0,0,0,0,0,0,0,0,0,0,0,0,0,0,0,0,0,0,0,0,0,0,0,0,0,0,0,0,0,0,0,0,0,0,0,0,0,0,0,0,0,0,0,0,0,0,0,0,0,0,0,0,0,0,0,0,0,0,0,0,0,0,0,0,0,0,0,0
es068,0,0,0,0,0,0,0,0,0,0,0,0,0,0,0,0,0,0,0,0,0,0,0,0,0,0,0,0,0,0,0,0,0,0,0,0,0,0,0,0,0,0,0,0,0,0,0,0,0,0,0,0,0,0,0,0,0,0,0,0,0,0,0,0.061515647944076136,0.05593508336141443,0.06209086395836628,0.09928566610394811,0.12747537406631107,0.1154156603621291,0.04857574284360741,0.05685357269819164,0,0,0,0,0,0,0,0,0,0,0,0,0,0,0,0,0,0,0,0,0,0,0,0,0,0,0,0,0,0,0,0,0,0,0,0,0,0,0,0,0,0,0,0,0,0,0,0,0,0,0,0,0,0,0,0,0,0,0,0,0,0,0,0,0,0,0,0,0,0,0,0,0,0,0,0,0,0,0,0,0,0,0,0,0,0,0,0,0,0,0,0,0,0,0,0,0,0,0,0,0,0,0,0,0,0,0,0,0,0,0,0,0,0,0,0
es069,0,0,0,0,0,0,0,0,0,0,0,0,0,0,0,0,0,0,0,0,0,0,0,0,0,0,0,0,0,0,0,0,0,0,0,0,0,0,0,0,0,0,0,0,0,0,0,0,0,0,0,0,0,0,0,0,0,0,0,0,0,0,0,0.1113920109208942,0.10128677214487199,0.11243360717627186,0.17978563784280627,0.1154156603621291,0.41798738789805917,0.08796054106826215,0.1029499648064534,0,0,0,0,0,0,0,0,0,0,0,0,0,0,0,0,0,0,0,0,0,0,0,0,0,0,0,0,0,0,0,0,0,0,0,0,0,0,0,0,0,0,0,0,0,0,0,0,0,0,0,0,0,0,0,0,0,0,0,0,0,0,0,0,0,0,0,0,0,0,0,0,0,0,0,0,0,0,0,0,0,0,0,0,0,0,0,0,0,0,0,0,0,0,0,0,0,0,0,0,0,0,0,0,0,0,0,0,0,0,0,0,0,0,0,0
es070,0,0,0,0,0,0,0,0,0,0,0,0,0,0,0,0,0,0,0,0,0,0,0,0,0,0,0,0,0,0,0,0,0,0,0,0,0,0,0,0,0,0,0,0,0,0,0,0,0,0,0,0,0,0,0,0,0,0,0,0,0,0,0,0.0468822832217762,0.04262922537315194,0.047320666641230184,0.07566755571492349,0.04857574284360741,0.08796054106826215,0.07404105491248346,0.0433292241322013,0,0,0,0,0,0,0,0,0,0,0,0,0,0,0,0,0,0,0,0,0,0,0,0,0,0,0,0,0,0,0,0,0,0,0,0,0,0,0,0,0,0,0,0,0,0,0,0,0,0,0,0,0,0,0,0,0,0,0,0,0,0,0,0,0,0,0,0,0,0,0,0,0,0,0,0,0,0,0,0,0,0,0,0,0,0,0,0,0,0,0,0,0,0,0,0,0,0,0,0,0,0,0,0,0,0,0,0,0,0,0,0,0,0,0,0
es071,0,0,0,0,0,0,0,0,0,0,0,0,0,0,0,0,0,0,0,0,0,0,0,0,0,0,0,0,0,0,0,0,0,0,0,0,0,0,0,0,0,0,0,0,0,0,0,0,0,0,0,0,0,0,0,0,0,0,0,0,0,0,0,0.05487152931429096,0.04989370459290957,0.05538461799083168,0.0885621223247852,0.05685357269819164,0.1029499648064534,0.0433292241322013,0.10142598136224008,0,0,0,0,0,0,0,0,0,0,0,0,0,0,0,0,0,0,0,0,0,0,0,0,0,0,0,0,0,0,0,0,0,0,0,0,0,0,0,0,0,0,0,0,0,0,0,0,0,0,0,0,0,0,0,0,0,0,0,0,0,0,0,0,0,0,0,0,0,0,0,0,0,0,0,0,0,0,0,0,0,0,0,0,0,0,0,0,0,0,0,0,0,0,0,0,0,0,0,0,0,0,0,0,0,0,0,0,0,0,0,0,0,0,0,0
es072,0,0,0,0,0,0,0,0,0,0,0,0,0,0,0,0,0,0,0,0,0,0,0,0,0,0,0,0,0,0,0,0,0,0,0,0,0,0,0,0,0,0,0,0,0,0,0,0,0,0,0,0,0,0,0,0,0,0,0,0,0,0,0,0,0,0,0,0,0,0,0,0.01270681585042289,0.005966990465037486,0,0,0,0,0,0,0,0,0,0,0,0,0,0,0,0,0,0,0,0,0,0,0,0,0,0,0,0,0,0,0,0,0,0,0,0,0,0,0,0,0,0,0,0,0,0,0,0,0,0,0,0,0,0,0,0,0,0,0,0,0,0,0,0,0,0,0,0,0,0,0,0,0,0,0,0,0,0,0,0,0,0,0,0,0,0,0,0,0,0,0,0,0,0,0,0,0,0,0,0,0,0,0,0,0,0,0,0,0,0,0,0,0,0
es073,0,0,0,0,0,0,0,0,0,0,0,0,0,0,0,0,0,0,0,0,0,0,0,0,0,0,0,0,0,0,0,0,0,0,0,0,0,0,0,0,0,0,0,0,0,0,0,0,0,0,0,0,0,0,0,0,0,0,0,0,0,0,0,0,0,0,0,0,0,0,0,0.005966990465037486,0.011208150217637198,0,0,0,0,0,0,0,0,0,0,0,0,0,0,0,0,0,0,0,0,0,0,0,0,0,0,0,0,0,0,0,0,0,0,0,0,0,0,0,0,0,0,0,0,0,0,0,0,0,0,0,0,0,0,0,0,0,0,0,0,0,0,0,0,0,0,0,0,0,0,0,0,0,0,0,0,0,0,0,0,0,0,0,0,0,0,0,0,0,0,0,0,0,0,0,0,0,0,0,0,0,0,0,0,0,0,0,0,0,0,0,0,0,0
es074,0,0,0,0,0,0,0,0,0,0,0,0,0,0,0,0,0,0,0,0,0,0,0,0,0,0,0,0,0,0,0,0,0,0,0,0,0,0,0,0,0,0,0,0,0,0,0,0,0,0,0,0,0,0,0,0,0,0,0,0,0,0,0,0,0,0,0,0,0,0,0,0,0,0.025611187314359386,0,0.017125816896314747,0,0.03499274036139233,0,0.013702658913484331,0,0.01990992551381159,0,0.022512800626795847,0,0,0,0,0,0,0,0,0,0,0,0,0,0,0,0,0,0,0,0,0,0,0,0,0,0,0,0,0,0,0,0,0,0,0,0,0,0,0,0,0,0,0,0,0,0,0,0,0,0,0,0,0,0,0,0,0,0,0,0,0,0,0,0,0,0,0,0,0,0,0,0,0,0,0,0,0,0,0,0,0,0,0,0,0,0,0,0,0,0,0,0,0,0,0,0,0,0,0,0,0,0,0
es075,0,0,0,0,0,0,0,0,0,0,0,0,0,0,0,0,0,0,0,0,0,0,0,0,0,0,0,0,0,0,0,0,0,0,0,0,0,0,0,0,0,0,0,0,0,0,0,0,0,0,0,0,0,0,0,0,0,0,0,0,0,0,0,0,0,0,0,0,0,0,0,0,0,0,0.034916389345118065,0,0.026875390943765728,0,0.06154147054141621,0,0.016751391351277886,0,0.022173477259676458,0,0.025744215399023735,0,0,0,0,0,0,0,0,0,0,0,0,0,0,0,0,0,0,0,0,0,0,0,0,0,0,0,0,0,0,0,0,0,0,0,0,0,0,0,0,0,0,0,0,0,0,0,0,0,0,0,0,0,0,0,0,0,0,0,0,0,0,0,0,0,0,0,0,0,0,0,0,0,0,0,0,0,0,0,0,0,0,0,0,0,0,0,0,0,0,0,0,0,0,0,0,0,0,0,0,0,0
es076,0,0,0,0,0,0,0,0,0,0,0,0,0,0,0,0,0,0,0,0,0,0,0,0,0,0,0,0,0,0,0,0,0,0,0,0,0,0,0,0,0,0,0,0,0,0,0,0,0,0,0,0,0,0,0,0,0,0,0,0,0,0,0,0,0,0,0,0,0,0,0,0,0,0.017125816896314747,0,0.0458071077714791,0,0.04679824146953864,0,0.018325525065635374,0,0.026626937250787224,0,0.0301079443623904,0,0,0,0,0,0,0,0,0,0,0,0,0,0,0,0,0,0,0,0,0,0,0,0,0,0,0,0,0,0,0,0,0,0,0,0,0,0,0,0,0,0,0,0,0,0,0,0,0,0,0,0,0,0,0,0,0,0,0,0,0,0,0,0,0,0,0,0,0,0,0,0,0,0,0,0,0,0,0,0,0,0,0,0,0,0,0,0,0,0,0,0,0,0,0,0,0,0,0,0,0,0,0
es077,0,0,0,0,0,0,0,0,0,0,0,0,0,0,0,0,0,0,0,0,0,0,0,0,0,0,0,0,0,0,0,0,0,0,0,0,0,0,0,0,0,0,0,0,0,0,0,0,0,0,0,0,0,0,0,0,0,0,0,0,0,0,0,0,0,0,0,0,0,0,0,0,0,0,0.02687539094376573,0,0.08274471122899581,0,0.09473780714878269,0,0.025787327948933837,0,0.0341341634180067,0,0.039631008037548696,0,0,0,0,0,0,0,0,0,0,0,0,0,0,0,0,0,0,0,0,0,0,0,0,0,0,0,0,0,0,0,0,0,0,0,0,0,0,0,0,0,0,0,0,0,0,0,0,0,0,0,0,0,0,0,0,0,0,0,0,0,0,0,0,0,0,0,0,0,0,0,0,0,0,0,0,0,0,0,0,0,0,0,0,0,0,0,0,0,0,0,0,0,0,0,0,0,0,0,0,0,0
es078,0,0,0,0,0,0,0,0,0,0,0,0,0,0,0,0,0,0,0,0,0,0,0,0,0,0,0,0,0,0,0,0,0,0,0,0,0,0,0,0,0,0,0,0,0,0,0,0,0,0,0,0,0,0,0,0,0,0,0,0,0,0,0,0,0,0,0,0,0,0,0,0,0,0.03499274036139233,0,0.04679824146953864,0,0.1912432817690231,0,0.03744407314934896,0,0.05440613475415489,0,0.061518786885727206,0,0,0,0,0,0,0,0,0,0,0,0,0,0,0,0,0,0,0,0,0,0,0,0,0,0,0,0,0,0,0,0,0,0,0,0,0,0,0,0,0,0,0,0,0,0,0,0,0,0,0,0,0,0,0,0,0,0,0,0,0,0,0,0,0,0,0,0,0,0,0,0,0,0,0,0,0,0,0,0,0,0,0,0,0,0,0,0,0,0,0,0,0,0,0,0,0,0,0,0,0,0,0
es079,0,0,0,0,0,0,0,0,0,0,0,0,0,0,0,0,0,0,0,0,0,0,0,0,0,0,0,0,0,0,0,0,0,0,0,0,0,0,0,0,0,0,0,0,0,0,0,0,0,0,0,0,0,0,0,0,0,0,0,0,0,0,0,0,0,0,0,0,0,0,0,0,0,0,0.06154147054141621,0,0.09473780714878269,0,0.43387677448149886,0,0.059049934813293715,0,0.07816320204757568,0,0.09075032689841463,0,0,0,0,0,0,0,0,0,0,0,0,0,0,0,0,0,0,0,0,0,0,0,0,0,0,0,0,0,0,0,0,0,0,0,0,0,0,0,0,0,0,0,0,0,0,0,0,0,0,0,0,0,0,0,0,0,0,0,0,0,0,0,0,0,0,0,0,0,0,0,0,0,0,0,0,0,0,0,0,0,0,0,0,0,0,0,0,0,0,0,0,0,0,0,0,0,0,0,0,0,0
es082,0,0,0,0,0,0,0,0,0,0,0,0,0,0,0,0,0,0,0,0,0,0,0,0,0,0,0,0,0,0,0,0,0,0,0,0,0,0,0,0,0,0,0,0,0,0,0,0,0,0,0,0,0,0,0,0,0,0,0,0,0,0,0,0,0,0,0,0,0,0,0,0,0,0.013702658913484331,0,0.018325525065635374,0,0.03744407314934896,0,0.029325131864389415,0,0.02130466775788083,0,0.024089881065631178,0,0,0,0,0,0,0,0,0,0,0,0,0,0,0,0,0,0,0,0,0,0,0,0,0,0,0,0,0,0,0,0,0,0,0,0,0,0,0,0,0,0,0,0,0,0,0,0,0,0,0,0,0,0,0,0,0,0,0,0,0,0,0,0,0,0,0,0,0,0,0,0,0,0,0,0,0,0,0,0,0,0,0,0,0,0,0,0,0,0,0,0,0,0,0,0,0,0,0,0,0,0,0
es083,0,0,0,0,0,0,0,0,0,0,0,0,0,0,0,0,0,0,0,0,0,0,0,0,0,0,0,0,0,0,0,0,0,0,0,0,0,0,0,0,0,0,0,0,0,0,0,0,0,0,0,0,0,0,0,0,0,0,0,0,0,0,0,0,0,0,0,0,0,0,0,0,0,0,0.016751391351277886,0,0.025787327948933837,0,0.059049934813293715,0,0.0321464065977832,0,0.021275773478418646,0,0.024701948584551336,0,0,0,0,0,0,0,0,0,0,0,0,0,0,0,0,0,0,0,0,0,0,0,0,0,0,0,0,0,0,0,0,0,0,0,0,0,0,0,0,0,0,0,0,0,0,0,0,0,0,0,0,0,0,0,0,0,0,0,0,0,0,0,0,0,0,0,0,0,0,0,0,0,0,0,0,0,0,0,0,0,0,0,0,0,0,0,0,0,0,0,0,0,0,0,0,0,0,0,0,0,0
es084,0,0,0,0,0,0,0,0,0,0,0,0,0,0,0,0,0,0,0,0,0,0,0,0,0,0,0,0,0,0,0,0,0,0,0,0,0,0,0,0,0,0,0,0,0,0,0,0,0,0,0,0,0,0,0,0,0,0,0,0,0,0,0,0,0,0,0,0,0,0,0,0,0,0.01990992551381159,0,0.026626937250787224,0,0.05440613475415489,0,0.02130466775788083,0,0.06191124669074186,0,0.03500253058049275,0,0,0,0,0,0,0,0,0,0,0,0,0,0,0,0,0,0,0,0,0,0,0,0,0,0,0,0,0,0,0,0,0,0,0,0,0,0,0,0,0,0,0,0,0,0,0,0,0,0,0,0,0,0,0,0,0,0,0,0,0,0,0,0,0,0,0,0,0,0,0,0,0,0,0,0,0,0,0,0,0,0,0,0,0,0,0,0,0,0,0,0,0,0,0,0,0,0,0,0,0,0,0
es085,0,0,0,0,0,0,0,0,0,0,0,0,0,0,0,0,0,0,0,0,0,0,0,0,0,0,0,0,0,0,0,0,0,0,0,0,0,0,0,0,0,0,0,0,0,0,0,0,0,0,0,0,0,0,0,0,0,0,0,0,0,0,0,0,0,0,0,0,0,0,0,0,0,0,0.022173477259676458,0,0.03413416341800671,0,0.0781632020475757,0,0.021275773478418646,0,0.05632462038680209,0,0.03269746874891454,0,0,0,0,0,0,0,0,0,0,0,0,0,0,0,0,0,0,0,0,0,0,0,0,0,0,0,0,0,0,0,0,0,0,0,0,0,0,0,0,0,0,0,0,0,0,0,0,0,0,0,0,0,0,0,0,0,0,0,0,0,0,0,0,0,0,0,0,0,0,0,0,0,0,0,0,0,0,0,0,0,0,0,0,0,0,0,0,0,0,0,0,0,0,0,0,0,0,0,0,0,0
es086,0,0,0,0,0,0,0,0,0,0,0,0,0,0,0,0,0,0,0,0,0,0,0,0,0,0,0,0,0,0,0,0,0,0,0,0,0,0,0,0,0,0,0,0,0,0,0,0,0,0,0,0,0,0,0,0,0,0,0,0,0,0,0,0,0,0,0,0,0,0,0,0,0,0.022512800626795847,0,0.0301079443623904,0,0.061518786885727206,0,0.024089881065631178,0,0.03500253058049275,0,0.07915700054681933,0,0,0,0,0,0,0,0,0,0,0,0,0,0,0,0,0,0,0,0,0,0,0,0,0,0,0,0,0,0,0,0,0,0,0,0,0,0,0,0,0,0,0,0,0,0,0,0,0,0,0,0,0,0,0,0,0,0,0,0,0,0,0,0,0,0,0,0,0,0,0,0,0,0,0,0,0,0,0,0,0,0,0,0,0,0,0,0,0,0,0,0,0,0,0,0,0,0,0,0,0,0,0
es087,0,0,0,0,0,0,0,0,0,0,0,0,0,0,0,0,0,0,0,0,0,0,0,0,0,0,0,0,0,0,0,0,0,0,0,0,0,0,0,0,0,0,0,0,0,0,0,0,0,0,0,0,0,0,0,0,0,0,0,0,0,0,0,0,0,0,0,0,0,0,0,0,0,0,0.025744215399023735,0,0.039631008037548696,0,0.09075032689841463,0,0.024701948584551336,0,0.03269746874891454,0,0.07592590630840783,0,0,0,0,0,0,0,0,0,0,0,0,0,0,0,0,0,0,0,0,0,0,0,0,0,0,0,0,0,0,0,0,0,0,0,0,0,0,0,0,0,0,0,0,0,0,0,0,0,0,0,0,0,0,0,0,0,0,0,0,0,0,0,0,0,0,0,0,0,0,0,0,0,0,0,0,0,0,0,0,0,0,0,0,0,0,0,0,0,0,0,0,0,0,0,0,0,0,0,0,0,0
es088,0,0,0,0,0,0,0,0,0,0,0,0,0,0,0,0,0,0,0,0,0,0,0,0,0,0,0,0,0,0,0,0,0,0,0,0,0,0,0,0,0,0,0,0,0,0,0,0,0,0,0,0,0,0,0,0,0,0,0,0,0,0,0,0,0,0,0,0,0,0,0,0,0,0,0,0,0,0,0,0,0,0,0,0,0,0.00555162952649664,0.0028158697244343406,0.01361555556161192,0.00299414119552719,0.002973549563416558,0.0033816838150411204,0,0,0,0,0,0,0,0,0,0,0,0,0,0,0,0,0,0,0,0,0,0,0,0,0,0,0,0,0,0,0,0,0,0,0,0,0,0,0,0,0,0,0,0,0,0,0,0,0,0,0,0,0,0,0,0,0,0,0,0,0,0,0,0,0,0,0,0,0,0,0,0,0,0,0,0,0,0,0,0,0,0,0,0,0,0,0,0,0,0,0,0,0,0,0,0
es089,0,0,0,0,0,0,0,0,0,0,0,0,0,0,0,0,0,0,0,0,0,0,0,0,0,0,0,0,0,0,0,0,0,0,0,0,0,0,0,0,0,0,0,0,0,0,0,0,0,0,0,0,0,0,0,0,0,0,0,0,0,0,0,0,0,0,0,0,0,0,0,0,0,0,0,0,0,0,0,0,0,0,0,0,0,0.0028158697244343406,0.00571300535609739,0.013812027803480204,0.0030373466035249347,0.0030164578345030554,0.0034304814566374774,0,0,0,0,0,0,0,0,0,0,0,0,0,0,0,0,0,0,0,0,0,0,0,0,0,0,0,0,0,0,0,0,0,0,0,0,0,0,0,0,0,0,0,0,0,0,0,0,0,0,0,0,0,0,0,0,0,0,0,0,0,0,0,0,0,0,0,0,0,0,0,0,0,0,0,0,0,0,0,0,0,0,0,0,0,0,0,0,0,0,0,0,0,0,0,0
es090,0,0,0,0,0,0,0,0,0,0,0,0,0,0,0,0,0,0,0,0,0,0,0,0,0,0,0,0,0,0,0,0,0,0,0,0,0,0,0,0,0,0,0,0,0,0,0,0,0,0,0,0,0,0,0,0,0,0,0,0,0,0,0,0,0,0,0,0,0,0,0,0,0,0,0,0,0,0,0,0,0,0,0,0,0,0.01361555556161192,0.013812027803480204,0.13357040657453786,0.014686461195741057,0.014585457874187104,0.016587383454079993,0,0,0,0,0,0,0,0,0,0,0,0,0,0,0,0,0,0,0,0,0,0,0,0,0,0,0,0,0,0,0,0,0,0,0,0,0,0,0,0,0,0,0,0,0,0,0,0,0,0,0,0,0,0,0,0,0,0,0,0,0,0,0,0,0,0,0,0,0,0,0,0,0,0,0,0,0,0,0,0,0,0,0,0,0,0,0,0,0,0,0,0,0,0,0,0
es091,0,0,0,0,0,0,0,0,0,0,0,0,0,0,0,0,0,0,0,0,0,0,0,0,0,0,0,0,0,0,0,0,0,0,0,0,0,0,0,0,0,0,0,0,0,0,0,0,0,0,0,0,0,0,0,0,0,0,0,0,0,0,0,0,0,0,0,0,0,0,0,0,0,0,0,0,0,0,0,0,0,0,0,0,0,0.00299414119552719,0.003037346603524935,0.014686461195741057,0.006459279356423688,0.003207428450430408,0.00364766372559147,0,0,0,0,0,0,0,0,0,0,0,0,0,0,0,0,0,0,0,0,0,0,0,0,0,0,0,0,0,0,0,0,0,0,0,0,0,0,0,0,0,0,0,0,0,0,0,0,0,0,0,0,0,0,0,0,0,0,0,0,0,0,0,0,0,0,0,0,0,0,0,0,0,0,0,0,0,0,0,0,0,0,0,0,0,0,0,0,0,0,0,0,0,0,0,0
es092,0,0,0,0,0,0,0,0,0,0,0,0,0,0,0,0,0,0,0,0,0,0,0,0,0,0,0,0,0,0,0,0,0,0,0,0,0,0,0,0,0,0,0,0,0,0,0,0,0,0,0,0,0,0,0,0,0,0,0,0,0,0,0,0,0,0,0,0,0,0,0,0,0,0,0,0,0,0,0,0,0,0,0,0,0,0.002973549563416558,0.0030164578345030554,0.014585457874187104,0.003207428450430408,0.006370739952220518,0.003622577617557259,0,0,0,0,0,0,0,0,0,0,0,0,0,0,0,0,0,0,0,0,0,0,0,0,0,0,0,0,0,0,0,0,0,0,0,0,0,0,0,0,0,0,0,0,0,0,0,0,0,0,0,0,0,0,0,0,0,0,0,0,0,0,0,0,0,0,0,0,0,0,0,0,0,0,0,0,0,0,0,0,0,0,0,0,0,0,0,0,0,0,0,0,0,0,0,0
es093,0,0,0,0,0,0,0,0,0,0,0,0,0,0,0,0,0,0,0,0,0,0,0,0,0,0,0,0,0,0,0,0,0,0,0,0,0,0,0,0,0,0,0,0,0,0,0,0,0,0,0,0,0,0,0,0,0,0,0,0,0,0,0,0,0,0,0,0,0,0,0,0,0,0,0,0,0,0,0,0,0,0,0,0,0,0.0033816838150411204,0.0034304814566374774,0.016587383454079993,0.00364766372559147,0.0036225776175572593,0.008239588301294759,0,0,0,0,0,0,0,0,0,0,0,0,0,0,0,0,0,0,0,0,0,0,0,0,0,0,0,0,0,0,0,0,0,0,0,0,0,0,0,0,0,0,0,0,0,0,0,0,0,0,0,0,0,0,0,0,0,0,0,0,0,0,0,0,0,0,0,0,0,0,0,0,0,0,0,0,0,0,0,0,0,0,0,0,0,0,0,0,0,0,0,0,0,0,0,0
es094,0,0,0,0,0,0,0,0,0,0,0,0,0,0,0,0,0,0,0,0,0,0,0,0,0,0,0,0,0,0,0,0,0,0,0,0,0,0,0,0,0,0,0,0,0,0,0,0,0,0,0,0,0,0,0,0,0,0,0,0,0,0,0,0,0,0,0,0,0,0,0,0,0,0,0,0,0,0,0,0,0,0,0,0,0,0,0,0,0,0,0,7.32515902964927e-4,1.9044029608102143e-4,4.7151329660365587e-4,2.4469518229368114e-4,6.674147257221641e-4,3.726805386538567e-4,0.0015088529259035535,7.527684848764905e-4,0.0012355349246050955,6.49356782774056e-4,0.0015599580718869332,8.212102688650263e-4,0.0021474890208701167,0.0011077700414239653,0.00209247852551633,0.0010704850392313783,0.0024988439751451154,0.0012412090736518553,2.0508843255842067e-4,0,2.519944715924295e-4,0,3.226357480545252e-4,0,7.707559908996868e-4,0,7.365090244833308e-4,0,7.796016663312181e-4,0,9.804567865222646e-4,0,0.0011568298884579154,0,9.262130421004488e-4,0,0,0,0,0,0,0,0,0,0,0,0,0,0,0,0,0,0,0,0,0,0,0,0,0,0,0,0,0,0,0,0,0,0,0,0,0,0,0,0,0,0,0,0,0,0,0,0,0,0,0,0,0,0,0,0,0,0,0,0,0
es095,0,0,0,0,0,0,0,0,0,0,0,0,0,0,0,0,0,0,0,0,0,0,0,0,0,0,0,0,0,0,0,0,0,0,0,0,0,0,0,0,0,0,0,0,0,0,0,0,0,0,0,0,0,0,0,0,0,0,0,0,0,0,0,0,0,0,0,0,0,0,0,0,0,0,0,0,0,0,0,0,0,0,0,0,0,0,0,0,0,0,0,1.9044029608102143e-4,7.921740669302817e-4,2.4516909857624786e-4,5.089289969213336e-4,3.4703043977858417e-4,7.751191949564895e-4,7.845465109732817e-4,0.001565644678130132,6.424314773450124e-4,0.001350563966987423,8.111192559278841e-4,0.0017079932448092546,0.0011166131501306924,0.0023039942622358747,0.001088009771063193,0.0022264470927811494,0.001299304450758655,0.0025815272818291556,0,2.1876062045258327e-4,0,2.697506979820379e-4,0,3.7949399227687694e-4,0,7.999126426756612e-4,0,7.858035463502696e-4,0,8.536609743326202e-4,0,0.0010652754062349234,0,0.0012218394893024074,0,9.374796005324406e-4,0,0,0,0,0,0,0,0,0,0,0,0,0,0,0,0,0,0,0,0,0,0,0,0,0,0,0,0,0,0,0,0,0,0,0,0,0,0,0,0,0,0,0,0,0,0,0,0,0,0,0,0,0,0,0,0,0,0,0,0
es096,0,0,0,0,0,0,0,0,0,0,0,0,0,0,0,0,0,0,0,0,0,0,0,0,0,0,0,0,0,0,0,0,0,0,0,0,0,0,0,0,0,0,0,0,0,0,0,0,0,0,0,0,0,0,0,0,0,0,0,0,0,0,0,0,0,0,0,0,0,0,0,0,0,0,0,0,0,0,0,0,0,0,0,0,0,0,0,0,0,0,0,4.7151329660365587e-4,2.4516909857624786e-4,0.00121403392321814,3.1501577399023484e-4,8.592166156484115e-4,4.7978160924410637e-4,0.0019424676360013996,9.690993695749099e-4,0.0015906034067287454,8.359691743986592e-4,0.002008259397677837,0.001057209978677727,0.0027646352073781746,0.0014261214043173925,0.002693815775589522,0.0013781214244492615,0.0032169626779427656,0.0015979081948203871,2.640268219146843e-4,0,3.2441273573860366e-4,0,4.1535492827289404e-4,0,9.92256131710302e-4,0,9.481672594597732e-4,0,0.0010036438806083814,0,0.0012622208192869084,0,0.0014892800882782963,0,0.0011923884875957257,0,0,0,0,0,0,0,0,0,0,0,0,0,0,0,0,0,0,0,0,0,0,0,0,0,0,0,0,0,0,0,0,0,0,0,0,0,0,0,0,0,0,0,0,0,0,0,0,0,0,0,0,0,0,0,0,0,0,0,0,0
es097,0,0,0,0,0,0,0,0,0,0,0,0,0,0,0,0,0,0,0,0,0,0,0,0,0,0,0,0,0,0,0,0,0,0,0,0,0,0,0,0,0,0,0,0,0,0,0,0,0,0,0,0,0,0,0,0,0,0,0,0,0,0,0,0,0,0,0,0,0,0,0,0,0,0,0,0,0,0,0,0,0,0,0,0,0,0,0,0,0,0,0,2.4469518229368114e-4,5.089289969213336e-4,3.1501577399023484e-4,0.0013078374297761498,4.4589658003340747e-4,9.959443280245519e-4,0.0010080574094403028,0.002011684070052038,8.254549625004634e-4,0.0017353286195305317,0.0010422005125782206,0.0021945865817031077,0.001434727124171807,0.002960383425163067,0.0013979748758337802,0.002860743699975862,0.0016694656854456783,0.003316983337153339,0,2.8108373596284395e-4,0,3.466004704617789e-4,0,4.8760873371064535e-4,0,0.0010278012266651132,0,0.0010096725639378086,0,0.001096862019382981,0,0.0013687636759960227,0,0.0015699315886448357,0,0.0012045598881619977,0,0,0,0,0,0,0,0,0,0,0,0,0,0,0,0,0,0,0,0,0,0,0,0,0,0,0,0,0,0,0,0,0,0,0,0,0,0,0,0,0,0,0,0,0,0,0,0,0,0,0,0,0,0,0,0,0,0,0,0
es098,0,0,0,0,0,0,0,0,0,0,0,0,0,0,0,0,0,0,0,0,0,0,0,0,0,0,0,0,0,0,0,0,0,0,0,0,0,0,0,0,0,0,0,0,0,0,0,0,0,0,0,0,0,0,0,0,0,0,0,0,0,0,0,0,0,0,0,0,0,0,0,0,0,0,0,0,0,0,0,0,0,0,0,0,0,0,0,0,0,0,0,6.674147257221641e-4,3.4703043977858417e-4,8.592166156484115e-4,4.4589658003340747e-4,0.00243239724520831,6.791183057757082e-4,0.00274951207918068,0.0013717347837298418,0.002251457475497149,0.0011832924782022767,0.0028426385952097025,0.0014964530439171059,0.003913268749672491,0.0020186375077118454,0.0038130256982389825,0.001950694792990723,0.00455352644097834,0.0022617972117797923,3.7372305341286404e-4,0,4.5919773334781986e-4,0,5.879240257430597e-4,0,0.001404512574219592,0,0.0013421059299267572,0,0.001420631634619692,0,0.0017866405210059256,0,0.0021080369711763344,0,0.0016877946839151704,0,0,0,0,0,0,0,0,0,0,0,0,0,0,0,0,0,0,0,0,0,0,0,0,0,0,0,0,0,0,0,0,0,0,0,0,0,0,0,0,0,0,0,0,0,0,0,0,0,0,0,0,0,0,0,0,0,0,0,0,0
es099,0,0,0,0,0,0,0,0,0,0,0,0,0,0,0,0,0,0,0,0,0,0,0,0,0,0,0,0,0,0,0,0,0,0,0,0,0,0,0,0,0,0,0,0,0,0,0,0,0,0,0,0,0,0,0,0,0,0,0,0,0,0,0,0,0,0,0,0,0,0,0,0,0,0,0,0,0,0,0,0,0,0,0,0,0,0,0,0,0,0,0,3.726805386538567e-4,7.751191949564895e-4,4.7978160924410637e-4,9.959443280245519e-4,6.791183057757082e-4,0.0030337260027618303,0.0015353117083168858,0.003063875209151335,0.0012572008863254022,0.002642974817100813,0.0015873130184754225,0.0033424430416861568,0.0021851467300893217,0.004508782229261779,0.0021291715875508903,0.0043570269470121995,0.002542662937144767,0.005051898142042398,0,4.281017596813398e-4,0,5.278863638367249e-4,0,7.426475823030577e-4,0,0.0015653823307519219,0,0.001537771653144967,0,0.0016705646771663573,0,0.002084681763157065,0,0.002391068531147665,0,0.001834592834043857,0,0,0,0,0,0,0,0,0,0,0,0,0,0,0,0,0,0,0,0,0,0,0,0,0,0,0,0,0,0,0,0,0,0,0,0,0,0,0,0,0,0,0,0,0,0,0,0,0,0,0,0,0,0,0,0,0,0,0,0
es100,0,0,0,0,0,0,0,0,0,0,0,0,0,0,0,0,0,0,0,0,0,0,0,0,0,0,0,0,0,0,0,0,0,0,0,0,0,0,0,0,0,0,0,0,0,0,0,0,0,0,0,0,0,0,0,0,0,0,0,0,0,0,0,0,0,0,0,0,0,0,0,0,0,0,0,0,0,0,0,0,0,0,0,0,0,0,0,0,0,0,0,0.0015088529259035535,7.845465109732817e-4,0.0019424676360013996,0.0010080574094403028,0.00274951207918068,0.0015353117083168858,0.01243187836765215,0.003101139309976894,0.005089965906544107,0.0026751197555662212,0.006426474269094914,0.003383095198189483,0.008846893505985156,0.004563619879010001,0.008620269765711387,0.0044100188870782285,0.010294351366333956,0.005113341389196601,8.448916406653442e-4,0,0.001038127893837582,0,0.001329144911346616,0,0.003175241458429791,0,0.0030341560969475746,0,0.003211682505518152,0,0.004039134399890147,0,0.004765729057641992,0,0.0038156694016517672,0,0,0,0,0,0,0,0,0,0,0,0,0,0,0,0,0,0,0,0,0,0,0,0,0,0,0,0,0,0,0,0,0,0,0,0,0,0,0,0,0,0,0,0,0,0,0,0,0,0,0,0,0,0,0,0,0,0,0,0,0
es101,0,0,0,0,0,0,0,0,0,0,0,0,0,0,0,0,0,0,0,0,0,0,0,0,0,0,0,0,0,0,0,0,0,0,0,0,0,0,0,0,0,0,0,0,0,0,0,0,0,0,0,0,0,0,0,0,0,0,0,0,0,0,0,0,0,0,0,0,0,0,0,0,0,0,0,0,0,0,0,0,0,0,0,0,0,0,0,0,0,0,0,7.527684848764905e-4,0.001565644678130132,9.690993695749099e-4,0.002011684070052038,0.0013717347837298418,0.003063875209151335,0.003101139309976894,0.01237729615490145,0.002539389928443639,0.005338481466786701,0.003206175509615942,0.006751320563623477,0.00441372549042583,0.009107181125204459,0.0043006626420367,0.008800654268976202,0.005135863905477013,0.010204207936029983,0,8.647124804861251e-4,0,0.0010662650100476852,0,0.001500056046250099,0,0.003161878239279397,0,0.0031061080935570703,0,0.0033743335390171935,0,0.004210798712403211,0,0.004829661999334069,0,0.0037056500804597877,0,0,0,0,0,0,0,0,0,0,0,0,0,0,0,0,0,0,0,0,0,0,0,0,0,0,0,0,0,0,0,0,0,0,0,0,0,0,0,0,0,0,0,0,0,0,0,0,0,0,0,0,0,0,0,0,0,0,0,0
es102,0,0,0,0,0,0,0,0,0,0,0,0,0,0,0,0,0,0,0,0,0,0,0,0,0,0,0,0,0,0,0,0,0,0,0,0,0,0,0,0,0,0,0,0,0,0,0,0,0,0,0,0,0,0,0,0,0,0,0,0,0,0,0,0,0,0,0,0,0,0,0,0,0,0,0,0,0,0,0,0,0,0,0,0,0,0,0,0,0,0,0,0.0012355349246050955,6.424314773450124e-4,0.0015906034067287454,8.254549625004634e-4,0.002251457475497149,0.0012572008863254022,0.005089965906544107,0.002539389928443639,0.008335909397953428,0.0021905407934466785,0.005262364054990942,0.002770271508154988,0.007244341521464744,0.0037369525195853,0.007058769063708332,0.0036111752574495334,0.008429602661005009,0.004187095878809972,6.918455149787459e-4,0,8.50078392017547e-4,0,0.0010883797417475121,0,0.0026000689985040946,0,0.002484540249167955,0,0.0026299090084837863,0,0.003307473863464619,0,0.0039024510545956213,0,0.0031244879640370806,0,0,0,0,0,0,0,0,0,0,0,0,0,0,0,0,0,0,0,0,0,0,0,0,0,0,0,0,0,0,0,0,0,0,0,0,0,0,0,0,0,0,0,0,0,0,0,0,0,0,0,0,0,0,0,0,0,0,0,0,0
es103,0,0,0,0,0,0,0,0,0,0,0,0,0,0,0,0,0,0,0,0,0,0,0,0,0,0,0,0,0,0,0,0,0,0,0,0,0,0,0,0,0,0,0,0,0,0,0,0,0,0,0,0,0,0,0,0,0,0,0,0,0,0,0,0,0,0,0,0,0,0,0,0,0,0,0,0,0,0,0,0,0,0,0,0,0,0,0,0,0,0,0,6.49356782774056e-4,0.001350563966987423,8.359691743986592e-4,0.0017353286195305317,0.0011832924782022767,0.002642974817100813,0.0026751197555662212,0.005338481466786701,0.0021905407934466785,0.00921021328553708,0.0027657265889322806,0.005823856721884642,0.0038073891801953,0.00785608052730007,0.003709858360353284,0.007591662851489845,0.004430323704336717,0.008802403088361357,0,7.459224524325992e-4,0,9.197866680387313e-4,0,0.0012939855848688384,0,0.002727514663846003,0,0.0026794059516341306,0,0.0029107838796709304,0,0.0036323395037504984,0,0.004166186338537073,0,0.003196585753358947,0,0,0,0,0,0,0,0,0,0,0,0,0,0,0,0,0,0,0,0,0,0,0,0,0,0,0,0,0,0,0,0,0,0,0,0,0,0,0,0,0,0,0,0,0,0,0,0,0,0,0,0,0,0,0,0,0,0,0,0
es104,0,0,0,0,0,0,0,0,0,0,0,0,0,0,0,0,0,0,0,0,0,0,0,0,0,0,0,0,0,0,0,0,0,0,0,0,0,0,0,0,0,0,0,0,0,0,0,0,0,0,0,0,0,0,0,0,0,0,0,0,0,0,0,0,0,0,0,0,0,0,0,0,0,0,0,0,0,0,0,0,0,0,0,0,0,0,0,0,0,0,0,0.0015599580718869332,8.111192559278841e-4,0.002008259397677837,0.0010422005125782206,0.0028426385952097025,0.0015873130184754225,0.006426474269094914,0.003206175509615942,0.005262364054990942,0.0027657265889322806,0.01328828043839323,0.003497681299333575,0.009146539532685896,0.004718190583765599,0.0089122400016633,0.004559387095963553,0.010643023076047252,0.0052865312698479995,8.735082870561665e-4,0,0.0010732894902086914,0,0.001374163311457918,0,0.0032827875124418877,0,0.0031369235619594553,0,0.003320462824977375,0,0.004175940678096,0,0.004927145240111983,0,0.0039449068763240955,0,0,0,0,0,0,0,0,0,0,0,0,0,0,0,0,0,0,0,0,0,0,0,0,0,0,0,0,0,0,0,0,0,0,0,0,0,0,0,0,0,0,0,0,0,0,0,0,0,0,0,0,0,0,0,0,0,0,0,0,0
es105,0,0,0,0,0,0,0,0,0,0,0,0,0,0,0,0,0,0,0,0,0,0,0,0,0,0,0,0,0,0,0,0,0,0,0,0,0,0,0,0,0,0,0,0,0,0,0,0,0,0,0,0,0,0,0,0,0,0,0,0,0,0,0,0,0,0,0,0,0,0,0,0,0,0,0,0,0,0,0,0,0,0,0,0,0,0,0,0,0,0,0,8.212102688650263e-4,0.0017079932448092546,0.001057209978677727,0.0021945865817031077,0.0014964530439171059,0.0033424430416861568,0.003383095198189483,0.006751320563623477,0.002770271508154988,0.005823856721884642,0.003497681299333575,0.014730302574122459,0.00481502184205243,0.009935206920436817,0.004691679308471846,0.009600810612574832,0.00560281715215929,0.011131975515787861,0,9.433322234623904e-4,0,0.001163209928649307,0,0.0016364412881282725,0,0.0034493565168620703,0,0.003388515744056886,0,0.003681128273151923,0,0.004593644941600479,0,0.0052687753388760365,0,0.004042568146823235,0,0,0,0,0,0,0,0,0,0,0,0,0,0,0,0,0,0,0,0,0,0,0,0,0,0,0,0,0,0,0,0,0,0,0,0,0,0,0,0,0,0,0,0,0,0,0,0,0,0,0,0,0,0,0,0,0,0,0,0
es106,0,0,0,0,0,0,0,0,0,0,0,0,0,0,0,0,0,0,0,0,0,0,0,0,0,0,0,0,0,0,0,0,0,0,0,0,0,0,0,0,0,0,0,0,0,0,0,0,0,0,0,0,0,0,0,0,0,0,0,0,0,0,0,0,0,0,0,0,0,0,0,0,0,0,0,0,0,0,0,0,0,0,0,0,0,0,0,0,0,0,0,0.0021474890208701167,0.0011166131501306924,0.0027646352073781746,0.001434727124171807,0.003913268749672491,0.0021851467300893217,0.008846893505985156,0.00441372549042583,0.007244341521464744,0.0038073891801953,0.009146539532685896,0.00481502184205243,0.025182847641075732,0.006495214621219502,0.012268879465318483,0.006276600574677682,0.014651531740870645,0.0072776108954984734,0.0012024999196440856,0,0.001477525221976292,0,0.0018917179105133615,0,0.004519192065393823,0,0.004318391006796865,0,0.0045710571260553215,0,0.005748735763884082,0,0.006782868397593609,0,0.005430687117772132,0,0,0,0,0,0,0,0,0,0,0,0,0,0,0,0,0,0,0,0,0,0,0,0,0,0,0,0,0,0,0,0,0,0,0,0,0,0,0,0,0,0,0,0,0,0,0,0,0,0,0,0,0,0,0,0,0,0,0,0,0
es107,0,0,0,0,0,0,0,0,0,0,0,0,0,0,0,0,0,0,0,0,0,0,0,0,0,0,0,0,0,0,0,0,0,0,0,0,0,0,0,0,0,0,0,0,0,0,0,0,0,0,0,0,0,0,0,0,0,0,0,0,0,0,0,0,0,0,0,0,0,0,0,0,0,0,0,0,0,0,0,0,0,0,0,0,0,0,0,0,0,0,0,0.0011077700414239653,0.0023039942622358747,0.0014261214043173925,0.002960383425163067,0.0020186375077118454,0.004508782229261779,0.004563619879010001,0.009107181125204459,0.0037369525195853,0.00785608052730007,0.004718190583765599,0.009935206920436817,0.006495214621219502,0.026804157227646376,0.006328831943464218,0.012950995345801882,0.0075579096171269605,0.01501645735056159,0,0.001272506221464759,0,0.001569109836662794,0,0.002207474385388737,0,0.004653002959706478,0,0.004570931914121754,0,0.004965651032679266,0,0.006196588669399758,0,0.007107304543898211,0,0.005453214667730388,0,0,0,0,0,0,0,0,0,0,0,0,0,0,0,0,0,0,0,0,0,0,0,0,0,0,0,0,0,0,0,0,0,0,0,0,0,0,0,0,0,0,0,0,0,0,0,0,0,0,0,0,0,0,0,0,0,0,0,0
es108,0,0,0,0,0,0,0,0,0,0,0,0,0,0,0,0,0,0,0,0,0,0,0,0,0,0,0,0,0,0,0,0,0,0,0,0,0,0,0,0,0,0,0,0,0,0,0,0,0,0,0,0,0,0,0,0,0,0,0,0,0,0,0,0,0,0,0,0,0,0,0,0,0,0,0,0,0,0,0,0,0,0,0,0,0,0,0,0,0,0,0,0.00209247852551633,0.001088009771063193,0.002693815775589522,0.0013979748758337802,0.0038130256982389825,0.0021291715875508903,0.008620269765711387,0.0043006626420367,0.007058769063708332,0.003709858360353284,0.0089122400016633,0.004691679308471846,0.012268879465318483,0.006328831943464218,0.023909194937746694,0.006115817956747939,0.014276215261520052,0.007091186203002828,0.0011716964484274053,0,0.0014396766492624272,0,0.001843259297539962,0,0.004403427564760667,0,0.004207770265034479,0,0.004453964039966865,0,0.005601475033349052,0,0.006609117124900264,0,0.005291573583054722,0,0,0,0,0,0,0,0,0,0,0,0,0,0,0,0,0,0,0,0,0,0,0,0,0,0,0,0,0,0,0,0,0,0,0,0,0,0,0,0,0,0,0,0,0,0,0,0,0,0,0,0,0,0,0,0,0,0,0,0,0
es109,0,0,0,0,0,0,0,0,0,0,0,0,0,0,0,0,0,0,0,0,0,0,0,0,0,0,0,0,0,0,0,0,0,0,0,0,0,0,0,0,0,0,0,0,0,0,0,0,0,0,0,0,0,0,0,0,0,0,0,0,0,0,0,0,0,0,0,0,0,0,0,0,0,0,0,0,0,0,0,0,0,0,0,0,0,0,0,0,0,0,0,0.0010704850392313783,0.0022264470927811494,0.0013781214244492615,0.002860743699975862,0.001950694792990723,0.0043570269470121995,0.0044100188870782285,0.008800654268976202,0.0036111752574495334,0.007591662851489845,0.004559387095963553,0.009600810612574832,0.006276600574677682,0.012950995345801882,0.006115817956747939,0.02503018901470754,0.007303527691178032,0.014511037792075538,0,0.0012296765767883186,0,0.001516297193683951,0,0.0021331758539051633,0,0.004496393538014803,0,0.004417084815836696,0,0.00479851859298711,0,0.0059880256883787664,0,0.006868088952581088,0,0.005269671952870889,0,0,0,0,0,0,0,0,0,0,0,0,0,0,0,0,0,0,0,0,0,0,0,0,0,0,0,0,0,0,0,0,0,0,0,0,0,0,0,0,0,0,0,0,0,0,0,0,0,0,0,0,0,0,0,0,0,0,0,0
es110,0,0,0,0,0,0,0,0,0,0,0,0,0,0,0,0,0,0,0,0,0,0,0,0,0,0,0,0,0,0,0,0,0,0,0,0,0,0,0,0,0,0,0,0,0,0,0,0,0,0,0,0,0,0,0,0,0,0,0,0,0,0,0,0,0,0,0,0,0,0,0,0,0,0,0,0,0,0,0,0,0,0,0,0,0,0,0,0,0,0,0,0.0024988439751451154,0.001299304450758655,0.0032169626779427656,0.0016694656854456783,0.00455352644097834,0.002542662937144767,0.010294351366333956,0.005135863905477013,0.008429602661005009,0.004430323704336717,0.010643023076047252,0.00560281715215929,0.014651531740870645,0.0075579096171269605,0.014276215261520052,0.007303527691178032,0.034097396039294,0.008468315303562476,0.001399243325629485,0,0.0017192660652413697,0,0.0022012256441921634,0,0.005258586076755532,0,0.005024931557174117,0,0.005318936883253257,0,0.006689297867731367,0,0.007892627000561562,0,0.006319212649406064,0,0,0,0,0,0,0,0,0,0,0,0,0,0,0,0,0,0,0,0,0,0,0,0,0,0,0,0,0,0,0,0,0,0,0,0,0,0,0,0,0,0,0,0,0,0,0,0,0,0,0,0,0,0,0,0,0,0,0,0,0
es111,0,0,0,0,0,0,0,0,0,0,0,0,0,0,0,0,0,0,0,0,0,0,0,0,0,0,0,0,0,0,0,0,0,0,0,0,0,0,0,0,0,0,0,0,0,0,0,0,0,0,0,0,0,0,0,0,0,0,0,0,0,0,0,0,0,0,0,0,0,0,0,0,0,0,0,0,0,0,0,0,0,0,0,0,0,0,0,0,0,0,0,0.0012412090736518553,0.0025815272818291556,0.0015979081948203871,0.003316983337153339,0.0022617972117797923,0.005051898142042398,0.005113341389196601,0.010204207936029983,0.004187095878809972,0.008802403088361357,0.0052865312698479995,0.011131975515787861,0.0072776108954984734,0.01501645735056159,0.007091186203002828,0.014511037792075538,0.008468315303562476,0.033650599710504,0,0.0014257889356984435,0,0.0017581206333389715,0,0.0024733808773854766,0,0.005213491318011082,0,0.005121534212605964,0,0.005563800146127397,0,0.0069430132559467365,0,0.007963431541941566,0,0.006110094399608228,0,0,0,0,0,0,0,0,0,0,0,0,0,0,0,0,0,0,0,0,0,0,0,0,0,0,0,0,0,0,0,0,0,0,0,0,0,0,0,0,0,0,0,0,0,0,0,0,0,0,0,0,0,0,0,0,0,0,0,0
es112,0,0,0,0,0,0,0,0,0,0,0,0,0,0,0,0,0,0,0,0,0,0,0,0,0,0,0,0,0,0,0,0,0,0,0,0,0,0,0,0,0,0,0,0,0,0,0,0,0,0,0,0,0,0,0,0,0,0,0,0,0,0,0,0,0,0,0,0,0,0,0,0,0,0,0,0,0,0,0,0,0,0,0,0,0,0,0,0,0,0,0,2.0508843255842067e-4,0,2.640268219146843e-4,0,3.7372305341286404e-4,0,8.448916406653442e-4,0,6.918455149787459e-4,0,8.735082870561665e-4,0,0.0012024999196440856,0,0.0011716964484274053,0,0.001399243325629485,0,9.187244126501104e-4,2.355870773013306e-4,5.644235270043369e-4,2.9049916939395757e-4,7.226476267667792e-4,4.0868361183543823e-4,0.0017263585668932315,8.614396923654241e-4,0.0016496513540255528,8.462453636979278e-4,0.0017461713322060976,9.193221958008638e-4,0.0021960516594954536,0.0011472134196578144,0.002591096549306465,0.001315819975371191,0.002074555162564356,0.0010095879169757975,0,0,0,0,0,0,0,0,0,0,0,0,0,0,0,0,0,0,0,0,0,0,0,0,0,0,0,0,0,0,0,0,0,0,0,0,0,0,0,0,0,0,0,0,0,0,0,0,0,0,0,0,0,0,0,0,0,0,0,0
es113,0,0,0,0,0,0,0,0,0,0,0,0,0,0,0,0,0,0,0,0,0,0,0,0,0,0,0,0,0,0,0,0,0,0,0,0,0,0,0,0,0,0,0,0,0,0,0,0,0,0,0,0,0,0,0,0,0,0,0,0,0,0,0,0,0,0,0,0,0,0,0,0,0,0,0,0,0,0,0,0,0,0,0,0,0,0,0,0,0,0,0,0,2.1876062045258327e-4,0,2.8108373596284395e-4,0,4.281017596813398e-4,0,8.647124804861251e-4,0,7.459224524325992e-4,0,9.433322234623904e-4,0,0.001272506221464759,0,0.0012296765767883186,0,0.0014257889356984435,2.355870773013306e-4,9.665796659311437e-4,2.894685005778798e-4,5.959380143481671e-4,3.706148219521961e-4,8.383848416570173e-4,8.853749036129767e-4,0.0017671811620664306,8.46035080182575e-4,0.0017360110968495436,8.955360170198824e-4,0.0018859229272658955,0.0011262602472289025,0.0023534252740574925,0.0013288617449401568,0.002699309416265312,0.0010639499304021564,0.0020710965191660666,0,0,0,0,0,0,0,0,0,0,0,0,0,0,0,0,0,0,0,0,0,0,0,0,0,0,0,0,0,0,0,0,0,0,0,0,0,0,0,0,0,0,0,0,0,0,0,0,0,0,0,0,0,0,0,0,0,0,0,0
es114,0,0,0,0,0,0,0,0,0,0,0,0,0,0,0,0,0,0,0,0,0,0,0,0,0,0,0,0,0,0,0,0,0,0,0,0,0,0,0,0,0,0,0,0,0,0,0,0,0,0,0,0,0,0,0,0,0,0,0,0,0,0,0,0,0,0,0,0,0,0,0,0,0,0,0,0,0,0,0,0,0,0,0,0,0,0,0,0,0,0,0,2.519944715924295e-4,0,3.2441273573860366e-4,0,4.5919773334781986e-4,0,0.001038127893837582,0,8.50078392017547e-4,0,0.0010732894902086914,0,0.001477525221976292,0,0.0014396766492624272,0,0.0017192660652413697,0,5.644235270043369e-4,2.894685005778798e-4,0.00138702711476697,3.5693960783779146e-4,8.879252943860915e-4,5.021541660260174e-4,0.002121196253813106,0.001058460671713087,0.002026945235689924,0.0010397912286050426,0.0021455404221482864,0.0011295815569122348,0.002698313457374528,0.0014095940755121117,0.003183709571730506,0.0016167628533119464,0.0025490293404570037,0.0012404920672059226,0,0,0,0,0,0,0,0,0,0,0,0,0,0,0,0,0,0,0,0,0,0,0,0,0,0,0,0,0,0,0,0,0,0,0,0,0,0,0,0,0,0,0,0,0,0,0,0,0,0,0,0,0,0,0,0,0,0,0,0
es115,0,0,0,0,0,0,0,0,0,0,0,0,0,0,0,0,0,0,0,0,0,0,0,0,0,0,0,0,0,0,0,0,0,0,0,0,0,0,0,0,0,0,0,0,0,0,0,0,0,0,0,0,0,0,0,0,0,0,0,0,0,0,0,0,0,0,0,0,0,0,0,0,0,0,0,0,0,0,0,0,0,0,0,0,0,0,0,0,0,0,0,0,2.697506979820379e-4,0,3.466004704617789e-4,0,5.278863638367249e-4,0,0.0010662650100476852,0,9.197866680387313e-4,0,0.001163209928649307,0,0.001569109836662794,0,0.001516297193683951,0,0.0017581206333389715,2.9049916939395757e-4,5.959380143481671e-4,3.5693960783779146e-4,0.00146968586020528,4.5700001534674313e-4,0.0010338007624345726,0.0010917435584671278,0.00217908666990389,0.0010432341658402169,0.0021406512932304936,0.0011042730869906656,0.0023255054996544557,0.0013887759468357798,0.0029019761829720153,0.0016386010538717284,0.003328481138884322,0.0013119419562358133,0.002553840496874575,0,0,0,0,0,0,0,0,0,0,0,0,0,0,0,0,0,0,0,0,0,0,0,0,0,0,0,0,0,0,0,0,0,0,0,0,0,0,0,0,0,0,0,0,0,0,0,0,0,0,0,0,0,0,0,0,0,0,0,0
es116,0,0,0,0,0,0,0,0,0,0,0,0,0,0,0,0,0,0,0,0,0,0,0,0,0,0,0,0,0,0,0,0,0,0,0,0,0,0,0,0,0,0,0,0,0,0,0,0,0,0,0,0,0,0,0,0,0,0,0,0,0,0,0,0,0,0,0,0,0,0,0,0,0,0,0,0,0,0,0,0,0,0,0,0,0,0,0,0,0,0,0,3.226357480545252e-4,0,4.1535492827289404e-4,0,5.879240257430597e-4,0,0.001329144911346616,0,0.0010883797417475121,0,0.001374163311457918,0,0.0018917179105133615,0,0.001843259297539962,0,0.0022012256441921634,0,7.226476267667792e-4,3.706148219521961e-4,8.879252943860915e-4,4.5700001534674313e-4,0.0022736724322598,6.429223782993801e-4,0.0027158283901812714,0.0013551775499137833,0.002595156108980373,0.0013312745265463997,0.0027469969269827044,0.0014462356586632467,0.0034547280950419745,0.0018047437157337218,0.004076194659242209,0.0020699878426251126,0.0032635953593514685,0.0015882375654097918,0,0,0,0,0,0,0,0,0,0,0,0,0,0,0,0,0,0,0,0,0,0,0,0,0,0,0,0,0,0,0,0,0,0,0,0,0,0,0,0,0,0,0,0,0,0,0,0,0,0,0,0,0,0,0,0,0,0,0,0
es117,0,0,0,0,0,0,0,0,0,0,0,0,0,0,0,0,0,0,0,0,0,0,0,0,0,0,0,0,0,0,0,0,0,0,0,0,0,0,0,0,0,0,0,0,0,0,0,0,0,0,0,0,0,0,0,0,0,0,0,0,0,0,0,0,0,0,0,0,0,0,0,0,0,0,0,0,0,0,0,0,0,0,0,0,0,0,0,0,0,0,0,0,3.7949399227687694e-4,0,4.8760873371064535e-4,0,7.426475823030577e-4,0,0.001500056046250099,0,0.0012939855848688384,0,0.0016364412881282725,0,0.002207474385388737,0,0.0021331758539051633,0,0.0024733808773854766,4.0868361183543823e-4,8.383848416570173e-4,5.021541660260174e-4,0.0010338007624345726,6.429223782993801e-4,0.0029087685888493898,0.0015359000908788838,0.0030656094907832903,0.0014676555109440481,0.0030115373617857818,0.0015535270361891828,0.0032715962283977763,0.001953774846128123,0.0040825938001531874,0.0023052368736569016,0.004682614744142783,0.0018456823071524243,0.003592825275513579,0,0,0,0,0,0,0,0,0,0,0,0,0,0,0,0,0,0,0,0,0,0,0,0,0,0,0,0,0,0,0,0,0,0,0,0,0,0,0,0,0,0,0,0,0,0,0,0,0,0,0,0,0,0,0,0,0,0,0,0
es118,0,0,0,0,0,0,0,0,0,0,0,0,0,0,0,0,0,0,0,0,0,0,0,0,0,0,0,0,0,0,0,0,0,0,0,0,0,0,0,0,0,0,0,0,0,0,0,0,0,0,0,0,0,0,0,0,0,0,0,0,0,0,0,0,0,0,0,0,0,0,0,0,0,0,0,0,0,0,0,0,0,0,0,0,0,0,0,0,0,0,0,7.707559908996868e-4,0,9.92256131710302e-4,0,0.001404512574219592,0,0.003175241458429791,0,0.0026000689985040946,0,0.0032827875124418877,0,0.004519192065393823,0,0.004403427564760667,0,0.005258586076755532,0,0.0017263585668932315,8.853749036129767e-4,0.002121196253813106,0.0010917435584671278,0.0027158283901812714,0.0015359000908788838,0.01297587768627493,0.0032374317527649973,0.006199660547158293,0.0031803289717739942,0.006562398467069843,0.0034549637009816695,0.008253122576277756,0.004311416324223459,0.009737766111253383,0.004945067434136878,0.0077965187994836005,0.0037941970965494217,0,0,0,0,0,0,0,0,0,0,0,0,0,0,0,0,0,0,0,0,0,0,0,0,0,0,0,0,0,0,0,0,0,0,0,0,0,0,0,0,0,0,0,0,0,0,0,0,0,0,0,0,0,0,0,0,0,0,0,0
es119,0,0,0,0,0,0,0,0,0,0,0,0,0,0,0,0,0,0,0,0,0,0,0,0,0,0,0,0,0,0,0,0,0,0,0,0,0,0,0,0,0,0,0,0,0,0,0,0,0,0,0,0,0,0,0,0,0,0,0,0,0,0,0,0,0,0,0,0,0,0,0,0,0,0,0,0,0,0,0,0,0,0,0,0,0,0,0,0,0,0,0,0,7.999126426756612e-4,0,0.0010278012266651132,0,0.0015653823307519219,0,0.003161878239279397,0,0.002727514663846003,0,0.0034493565168620703,0,0.004653002959706478,0,0.004496393538014803,0,0.005213491318011082,8.614396923654241e-4,0.0017671811620664306,0.001058460671713087,0.00217908666990389,0.0013551775499137833,0.0030656094907832903,0.0032374317527649973,0.0129236290380846,0.003093583092720502,0.006347839118952332,0.0032745865343752774,0.0068960016181654005,0.004118244905493348,0.008605454795366443,0.004859070649674229,0.009870202983046006,0.0038904031207346343,0.007573101074841681,0,0,0,0,0,0,0,0,0,0,0,0,0,0,0,0,0,0,0,0,0,0,0,0,0,0,0,0,0,0,0,0,0,0,0,0,0,0,0,0,0,0,0,0,0,0,0,0,0,0,0,0,0,0,0,0,0,0,0,0
es120,0,0,0,0,0,0,0,0,0,0,0,0,0,0,0,0,0,0,0,0,0,0,0,0,0,0,0,0,0,0,0,0,0,0,0,0,0,0,0,0,0,0,0,0,0,0,0,0,0,0,0,0,0,0,0,0,0,0,0,0,0,0,0,0,0,0,0,0,0,0,0,0,0,0,0,0,0,0,0,0,0,0,0,0,0,0,0,0,0,0,0,7.365090244833308e-4,0,9.481672594597732e-4,0,0.0013421059299267572,0,0.0030341560969475746,0,0.002484540249167955,0,0.0031369235619594553,0,0.004318391006796865,0,0.004207770265034479,0,0.005024931557174117,0,0.0016496513540255528,8.46035080182575e-4,0.002026945235689924,0.0010432341658402169,0.002595156108980373,0.0014676555109440481,0.006199660547158293,0.003093583092720502,0.011848382615580919,0.0030390175570392582,0.0062708117099560265,0.003301449453626766,0.007886411950558288,0.004119847355826265,0.009305088385851404,0.004725343474358352,0.007450096428924104,0.0036256097069257776,0,0,0,0,0,0,0,0,0,0,0,0,0,0,0,0,0,0,0,0,0,0,0,0,0,0,0,0,0,0,0,0,0,0,0,0,0,0,0,0,0,0,0,0,0,0,0,0,0,0,0,0,0,0,0,0,0,0,0,0
es121,0,0,0,0,0,0,0,0,0,0,0,0,0,0,0,0,0,0,0,0,0,0,0,0,0,0,0,0,0,0,0,0,0,0,0,0,0,0,0,0,0,0,0,0,0,0,0,0,0,0,0,0,0,0,0,0,0,0,0,0,0,0,0,0,0,0,0,0,0,0,0,0,0,0,0,0,0,0,0,0,0,0,0,0,0,0,0,0,0,0,0,0,7.858035463502696e-4,0,0.0010096725639378086,0,0.001537771653144967,0,0.0031061080935570703,0,0.0026794059516341306,0,0.003388515744056886,0,0.004570931914121754,0,0.004417084815836696,0,0.005121534212605964,8.462453636979278e-4,0.0017360110968495436,0.0010397912286050426,0.0021406512932304936,0.0013312745265463997,0.0030115373617857818,0.0031803289717739942,0.006347839118952332,0.0030390175570392582,0.012471748101514251,0.003216828406331707,0.006774367897306456,0.00404560608099771,0.00845366923260111,0.004773364921085145,0.009696109416812137,0.0038217830371822035,0.007439524473039936,0,0,0,0,0,0,0,0,0,0,0,0,0,0,0,0,0,0,0,0,0,0,0,0,0,0,0,0,0,0,0,0,0,0,0,0,0,0,0,0,0,0,0,0,0,0,0,0,0,0,0,0,0,0,0,0,0,0,0,0
es122,0,0,0,0,0,0,0,0,0,0,0,0,0,0,0,0,0,0,0,0,0,0,0,0,0,0,0,0,0,0,0,0,0,0,0,0,0,0,0,0,0,0,0,0,0,0,0,0,0,0,0,0,0,0,0,0,0,0,0,0,0,0,0,0,0,0,0,0,0,0,0,0,0,0,0,0,0,0,0,0,0,0,0,0,0,0,0,0,0,0,0,7.796016663312181e-4,0,0.0010036438806083814,0,0.001420631634619692,0,0.003211682505518152,0,0.0026299090084837863,0,0.003320462824977375,0,0.0045710571260553215,0,0.004453964039966865,0,0.005318936883253257,0,0.0017461713322060976,8.955360170198824e-4,0.0021455404221482864,0.0011042730869906656,0.0027469969269827044,0.0015535270361891828,0.006562398467069843,0.0032745865343752774,0.0062708117099560265,0.003216828406331707,0.01327542527197283,0.003494615014610685,0.008347840547293693,0.00436089682117006,0.009849522775444557,0.005001820105573595,0.007885996501389702,0.0038377416637478652,0,0,0,0,0,0,0,0,0,0,0,0,0,0,0,0,0,0,0,0,0,0,0,0,0,0,0,0,0,0,0,0,0,0,0,0,0,0,0,0,0,0,0,0,0,0,0,0,0,0,0,0,0,0,0,0,0,0,0,0
es123,0,0,0,0,0,0,0,0,0,0,0,0,0,0,0,0,0,0,0,0,0,0,0,0,0,0,0,0,0,0,0,0,0,0,0,0,0,0,0,0,0,0,0,0,0,0,0,0,0,0,0,0,0,0,0,0,0,0,0,0,0,0,0,0,0,0,0,0,0,0,0,0,0,0,0,0,0,0,0,0,0,0,0,0,0,0,0,0,0,0,0,0,8.536609743326202e-4,0,0.001096862019382981,0,0.0016705646771663573,0,0.0033743335390171935,0,0.0029107838796709304,0,0.003681128273151923,0,0.004965651032679266,0,0.00479851859298711,0,0.005563800146127397,9.193221958008638e-4,0.0018859229272658955,0.0011295815569122348,0.0023255054996544557,0.0014462356586632467,0.0032715962283977763,0.0034549637009816695,0.0068960016181654005,0.003301449453626766,0.006774367897306456,0.003494615014610685,0.01471872588654491,0.004394961113259035,0.009183678983514278,0.005185564977791982,0.010533409082251723,0.004151810012008508,0.00808195857568169,0,0,0,0,0,0,0,0,0,0,0,0,0,0,0,0,0,0,0,0,0,0,0,0,0,0,0,0,0,0,0,0,0,0,0,0,0,0,0,0,0,0,0,0,0,0,0,0,0,0,0,0,0,0,0,0,0,0,0,0
es124,0,0,0,0,0,0,0,0,0,0,0,0,0,0,0,0,0,0,0,0,0,0,0,0,0,0,0,0,0,0,0,0,0,0,0,0,0,0,0,0,0,0,0,0,0,0,0,0,0,0,0,0,0,0,0,0,0,0,0,0,0,0,0,0,0,0,0,0,0,0,0,0,0,0,0,0,0,0,0,0,0,0,0,0,0,0,0,0,0,0,0,9.804567865222646e-4,0,0.0012622208192869084,0,0.0017866405210059256,0,0.004039134399890147,0,0.003307473863464619,0,0.004175940678096,0,0.005748735763884082,0,0.005601475033349052,0,0.006689297867731367,0,0.0021960516594954536,0.0011262602472289025,0.002698313457374528,0.0013887759468357798,0.0034547280950419745,0.001953774846128123,0.008253122576277756,0.004118244905493348,0.007886411950558288,0.00404560608099771,0.008347840547293693,0.004394961113259035,0.0209971252522247,0.005484430149772171,0.012387135464494228,0.0062904797145336274,0.009917729941066386,0.004826490272716042,0,0,0,0,0,0,0,0,0,0,0,0,0,0,0,0,0,0,0,0,0,0,0,0,0,0,0,0,0,0,0,0,0,0,0,0,0,0,0,0,0,0,0,0,0,0,0,0,0,0,0,0,0,0,0,0,0,0,0,0
es125,0,0,0,0,0,0,0,0,0,0,0,0,0,0,0,0,0,0,0,0,0,0,0,0,0,0,0,0,0,0,0,0,0,0,0,0,0,0,0,0,0,0,0,0,0,0,0,0,0,0,0,0,0,0,0,0,0,0,0,0,0,0,0,0,0,0,0,0,0,0,0,0,0,0,0,0,0,0,0,0,0,0,0,0,0,0,0,0,0,0,0,0,0.0010652754062349234,0,0.0013687636759960227,0,0.002084681763157065,0,0.004210798712403211,0,0.0036323395037504984,0,0.004593644941600479,0,0.006196588669399758,0,0.0059880256883787664,0,0.0069430132559467365,0.0011472134196578144,0.0023534252740574925,0.0014095940755121117,0.0029019761829720153,0.0018047437157337218,0.0040825938001531874,0.004311416324223459,0.008605454795366443,0.004119847355826265,0.00845366923260111,0.00436089682117006,0.009183678983514278,0.005484430149772171,0.02292045121903956,0.006471017188754085,0.013144540955391264,0.005181004204403607,0.010085399196811036,0,0,0,0,0,0,0,0,0,0,0,0,0,0,0,0,0,0,0,0,0,0,0,0,0,0,0,0,0,0,0,0,0,0,0,0,0,0,0,0,0,0,0,0,0,0,0,0,0,0,0,0,0,0,0,0,0,0,0,0
es126,0,0,0,0,0,0,0,0,0,0,0,0,0,0,0,0,0,0,0,0,0,0,0,0,0,0,0,0,0,0,0,0,0,0,0,0,0,0,0,0,0,0,0,0,0,0,0,0,0,0,0,0,0,0,0,0,0,0,0,0,0,0,0,0,0,0,0,0,0,0,0,0,0,0,0,0,0,0,0,0,0,0,0,0,0,0,0,0,0,0,0,0.0011568298884579154,0,0.0014892800882782963,0,0.0021080369711763344,0,0.004765729057641992,0,0.0039024510545956213,0,0.004927145240111983,0,0.006782868397593609,0,0.006609117124900264,0,0.007892627000561562,0,0.002591096549306465,0.0013288617449401568,0.003183709571730506,0.0016386010538717284,0.004076194659242209,0.0023052368736569016,0.009737766111253383,0.004859070649674229,0.009305088385851404,0.004773364921085145,0.009849522775444557,0.005185564977791982,0.012387135464494228,0.006471017188754085,0.029230882451296163,0.007422065966132681,0.011701817539736127,0.005694721359045356,0,0,0,0,0,0,0,0,0,0,0,0,0,0,0,0,0,0,0,0,0,0,0,0,0,0,0,0,0,0,0,0,0,0,0,0,0,0,0,0,0,0,0,0,0,0,0,0,0,0,0,0,0,0,0,0,0,0,0,0
es127,0,0,0,0,0,0,0,0,0,0,0,0,0,0,0,0,0,0,0,0,0,0,0,0,0,0,0,0,0,0,0,0,0,0,0,0,0,0,0,0,0,0,0,0,0,0,0,0,0,0,0,0,0,0,0,0,0,0,0,0,0,0,0,0,0,0,0,0,0,0,0,0,0,0,0,0,0,0,0,0,0,0,0,0,0,0,0,0,0,0,0,0,0.0012218394893024074,0,0.0015699315886448357,0,0.002391068531147665,0,0.004829661999334069,0,0.004166186338537073,0,0.0052687753388760365,0,0.007107304543898211,0,0.006868088952581088,0,0.007963431541941566,0.001315819975371191,0.002699309416265312,0.0016167628533119464,0.003328481138884322,0.0020699878426251126,0.004682614744142783,0.004945067434136878,0.009870202983046006,0.004725343474358352,0.009696109416812137,0.005001820105573595,0.010533409082251723,0.0062904797145336274,0.013144540955391264,0.007422065966132681,0.030152802015421802,0.00594245909943227,0.011567655586451222,0,0,0,0,0,0,0,0,0,0,0,0,0,0,0,0,0,0,0,0,0,0,0,0,0,0,0,0,0,0,0,0,0,0,0,0,0,0,0,0,0,0,0,0,0,0,0,0,0,0,0,0,0,0,0,0,0,0,0,0
es128,0,0,0,0,0,0,0,0,0,0,0,0,0,0,0,0,0,0,0,0,0,0,0,0,0,0,0,0,0,0,0,0,0,0,0,0,0,0,0,0,0,0,0,0,0,0,0,0,0,0,0,0,0,0,0,0,0,0,0,0,0,0,0,0,0,0,0,0,0,0,0,0,0,0,0,0,0,0,0,0,0,0,0,0,0,0,0,0,0,0,0,9.262130421004488e-4,0,0.0011923884875957257,0,0.0016877946839151704,0,0.0038156694016517672,0,0.0031244879640370806,0,0.0039449068763240955,0,0.005430687117772132,0,0.005291573583054722,0,0.006319212649406064,0,0.002074555162564356,0.0010639499304021564,0.0025490293404570037,0.0013119419562358133,0.0032635953593514685,0.0018456823071524243,0.0077965187994836005,0.0038904031207346343,0.007450096428924104,0.0038217830371822035,0.007885996501389702,0.004151810012008508,0.009917729941066386,0.005181004204403607,0.011701817539736127,0.00594245909943227,0.01873806361630443,0.004559464832730837,0,0,0,0,0,0,0,0,0,0,0,0,0,0,0,0,0,0,0,0,0,0,0,0,0,0,0,0,0,0,0,0,0,0,0,0,0,0,0,0,0,0,0,0,0,0,0,0,0,0,0,0,0,0,0,0,0,0,0,0
es129,0,0,0,0,0,0,0,0,0,0,0,0,0,0,0,0,0,0,0,0,0,0,0,0,0,0,0,0,0,0,0,0,0,0,0,0,0,0,0,0,0,0,0,0,0,0,0,0,0,0,0,0,0,0,0,0,0,0,0,0,0,0,0,0,0,0,0,0,0,0,0,0,0,0,0,0,0,0,0,0,0,0,0,0,0,0,0,0,0,0,0,0,9.374796005324406e-4,0,0.0012045598881619977,0,0.001834592834043857,0,0.0037056500804597877,0,0.003196585753358947,0,0.004042568146823235,0,0.005453214667730388,0,0.005269671952870889,0,0.006110094399608228,0.0010095879169757975,0.0020710965191660666,0.0012404920672059226,0.002553840496874575,0.0015882375654097918,0.003592825275513579,0.0037941970965494217,0.007573101074841681,0.0036256097069257776,0.007439524473039936,0.0038377416637478652,0.00808195857568169,0.004826490272716042,0.010085399196811036,0.005694721359045356,0.011567655586451222,0.004559464832730837,0.017751007776765557,0,0,0,0,0,0,0,0,0,0,0,0,0,0,0,0,0,0,0,0,0,0,0,0,0,0,0,0,0,0,0,0,0,0,0,0,0,0,0,0,0,0,0,0,0,0,0,0,0,0,0,0,0,0,0,0,0,0,0,0
es130,0,0,0,0,0,0,0,0,0,0,0,0,0,0,0,0,0,0,0,0,0,0,0,0,0,0,0,0,0,0,0,0,0,0,0,0,0,0,0,0,0,0,0,0,0,0,0,0,0,0,0,0,0,0,0,0,0,0,0,0,0,0,0,0,0,0,0,0,0,0,0,0,0,0,0,0,0,0,0,0,0,0,0,0,0,0,0,0,0,0,0,0,0,0,0,0,0,0,0,0,0,0,0,0,0,0,0,0,0,0,0,0,0,0,0,0,0,0,0,0,0,0,0,0,0,0,0,0.025050486594847775,0,0.011669297800538096,0,0.04687365371566185,0,0.02697640863384125,0,0.0517706694539888,0,0.02427375559794356,0,0.0080316073263904,0,0.02012975263667511,0,0,0,0,0,0,0,0,0,0,0,0,0,0,0,0,0,0,0,0,0,0,0,0,0,0,0,0,0,0,0,0,0,0,0,0,0,0,0,0,0,0,0,0,0
es131,0,0,0,0,0,0,0,0,0,0,0,0,0,0,0,0,0,0,0,0,0,0,0,0,0,0,0,0,0,0,0,0,0,0,0,0,0,0,0,0,0,0,0,0,0,0,0,0,0,0,0,0,0,0,0,0,0,0,0,0,0,0,0,0,0,0,0,0,0,0,0,0,0,0,0,0,0,0,0,0,0,0,0,0,0,0,0,0,0,0,0,0,0,0,0,0,0,0,0,0,0,0,0,0,0,0,0,0,0,0,0,0,0,0,0,0,0,0,0,0,0,0,0,0,0,0,0,0,0.015069434553426745,0,0.006958980243028314,0,0.018429589167417857,0,0.02382832342975762,0,0.05795458201001402,0,0.015330202604144775,0,0.007078627217622632,0,0.011935480523667004,0,0,0,0,0,0,0,0,0,0,0,0,0,0,0,0,0,0,0,0,0,0,0,0,0,0,0,0,0,0,0,0,0,0,0,0,0,0,0,0,0,0,0,0
es132,0,0,0,0,0,0,0,0,0,0,0,0,0,0,0,0,0,0,0,0,0,0,0,0,0,0,0,0,0,0,0,0,0,0,0,0,0,0,0,0,0,0,0,0,0,0,0,0,0,0,0,0,0,0,0,0,0,0,0,0,0,0,0,0,0,0,0,0,0,0,0,0,0,0,0,0,0,0,0,0,0,0,0,0,0,0,0,0,0,0,0,0,0,0,0,0,0,0,0,0,0,0,0,0,0,0,0,0,0,0,0,0,0,0,0,0,0,0,0,0,0,0,0,0,0,0,0,0.011669297800538096,0,0.021743691188122524,0,0.043670419106338405,0,0.025132904683939018,0,0.04823278437362326,0,0.022614944563044193,0,0.007482746281496149,0,0.01875413296098141,0,0,0,0,0,0,0,0,0,0,0,0,0,0,0,0,0,0,0,0,0,0,0,0,0,0,0,0,0,0,0,0,0,0,0,0,0,0,0,0,0,0,0,0,0
es133,0,0,0,0,0,0,0,0,0,0,0,0,0,0,0,0,0,0,0,0,0,0,0,0,0,0,0,0,0,0,0,0,0,0,0,0,0,0,0,0,0,0,0,0,0,0,0,0,0,0,0,0,0,0,0,0,0,0,0,0,0,0,0,0,0,0,0,0,0,0,0,0,0,0,0,0,0,0,0,0,0,0,0,0,0,0,0,0,0,0,0,0,0,0,0,0,0,0,0,0,0,0,0,0,0,0,0,0,0,0,0,0,0,0,0,0,0,0,0,0,0,0,0,0,0,0,0,0,0.006958980243028314,0,0.012854471971370992,0,0.017021361544587693,0,0.02200757186797892,0,0.05352620096935773,0,0.014158802928621551,0,0.006537740587485652,0,0.011023475746322625,0,0,0,0,0,0,0,0,0,0,0,0,0,0,0,0,0,0,0,0,0,0,0,0,0,0,0,0,0,0,0,0,0,0,0,0,0,0,0,0,0,0,0,0
es134,0,0,0,0,0,0,0,0,0,0,0,0,0,0,0,0,0,0,0,0,0,0,0,0,0,0,0,0,0,0,0,0,0,0,0,0,0,0,0,0,0,0,0,0,0,0,0,0,0,0,0,0,0,0,0,0,0,0,0,0,0,0,0,0,0,0,0,0,0,0,0,0,0,0,0,0,0,0,0,0,0,0,0,0,0,0,0,0,0,0,0,0,0,0,0,0,0,0,0,0,0,0,0,0,0,0,0,0,0,0,0,0,0,0,0,0,0,0,0,0,0,0,0,0,0,0,0,0.04687365371566185,0,0.043670419106338405,0,0.3508338098482564,0,0.10095475247614043,0,0.1937431772773123,0,0.09084052000096719,0,0.030056963498252084,0,0.07533227355891,0,0,0,0,0,0,0,0,0,0,0,0,0,0,0,0,0,0,0,0,0,0,0,0,0,0,0,0,0,0,0,0,0,0,0,0,0,0,0,0,0,0,0,0,0
es135,0,0,0,0,0,0,0,0,0,0,0,0,0,0,0,0,0,0,0,0,0,0,0,0,0,0,0,0,0,0,0,0,0,0,0,0,0,0,0,0,0,0,0,0,0,0,0,0,0,0,0,0,0,0,0,0,0,0,0,0,0,0,0,0,0,0,0,0,0,0,0,0,0,0,0,0,0,0,0,0,0,0,0,0,0,0,0,0,0,0,0,0,0,0,0,0,0,0,0,0,0,0,0,0,0,0,0,0,0,0,0,0,0,0,0,0,0,0,0,0,0,0,0,0,0,0,0,0,0.018429589167417857,0,0.017021361544587693,0,0.09015593934214879,0,0.05828303773467461,0,0.14175437479452158,0,0.037497005590487964,0,0.017314012815487084,0,0.029193663741932593,0,0,0,0,0,0,0,0,0,0,0,0,0,0,0,0,0,0,0,0,0,0,0,0,0,0,0,0,0,0,0,0,0,0,0,0,0,0,0,0,0,0,0,0
es136,0,0,0,0,0,0,0,0,0,0,0,0,0,0,0,0,0,0,0,0,0,0,0,0,0,0,0,0,0,0,0,0,0,0,0,0,0,0,0,0,0,0,0,0,0,0,0,0,0,0,0,0,0,0,0,0,0,0,0,0,0,0,0,0,0,0,0,0,0,0,0,0,0,0,0,0,0,0,0,0,0,0,0,0,0,0,0,0,0,0,0,0,0,0,0,0,0,0,0,0,0,0,0,0,0,0,0,0,0,0,0,0,0,0,0,0,0,0,0,0,0,0,0,0,0,0,0,0.02697640863384125,0,0.025132904683939018,0,0.10095475247614043,0,0.1162015947314427,0,0.1115017649777363,0,0.05227992259621783,0,0.017298180648340995,0,0.04335472133597419,0,0,0,0,0,0,0,0,0,0,0,0,0,0,0,0,0,0,0,0,0,0,0,0,0,0,0,0,0,0,0,0,0,0,0,0,0,0,0,0,0,0,0,0,0
es137,0,0,0,0,0,0,0,0,0,0,0,0,0,0,0,0,0,0,0,0,0,0,0,0,0,0,0,0,0,0,0,0,0,0,0,0,0,0,0,0,0,0,0,0,0,0,0,0,0,0,0,0,0,0,0,0,0,0,0,0,0,0,0,0,0,0,0,0,0,0,0,0,0,0,0,0,0,0,0,0,0,0,0,0,0,0,0,0,0,0,0,0,0,0,0,0,0,0,0,0,0,0,0,0,0,0,0,0,0,0,0,0,0,0,0,0,0,0,0,0,0,0,0,0,0,0,0,0,0.023828323429757624,0,0.02200757186797892,0,0.05828303773467461,0,0.150712754472668,0,0.1832796737628089,0,0.04848131820741843,0,0.022385951932329392,0,0.0377456087286086,0,0,0,0,0,0,0,0,0,0,0,0,0,0,0,0,0,0,0,0,0,0,0,0,0,0,0,0,0,0,0,0,0,0,0,0,0,0,0,0,0,0,0,0
es138,0,0,0,0,0,0,0,0,0,0,0,0,0,0,0,0,0,0,0,0,0,0,0,0,0,0,0,0,0,0,0,0,0,0,0,0,0,0,0,0,0,0,0,0,0,0,0,0,0,0,0,0,0,0,0,0,0,0,0,0,0,0,0,0,0,0,0,0,0,0,0,0,0,0,0,0,0,0,0,0,0,0,0,0,0,0,0,0,0,0,0,0,0,0,0,0,0,0,0,0,0,0,0,0,0,0,0,0,0,0,0,0,0,0,0,0,0,0,0,0,0,0,0,0,0,0,0,0.0517706694539888,0,0.04823278437362326,0,0.1937431772773123,0,0.1115017649777363,0,0.42796808845468354,0,0.10033087163476577,0,0.033197094715462463,0,0.08320243728584542,0,0,0,0,0,0,0,0,0,0,0,0,0,0,0,0,0,0,0,0,0,0,0,0,0,0,0,0,0,0,0,0,0,0,0,0,0,0,0,0,0,0,0,0,0
es139,0,0,0,0,0,0,0,0,0,0,0,0,0,0,0,0,0,0,0,0,0,0,0,0,0,0,0,0,0,0,0,0,0,0,0,0,0,0,0,0,0,0,0,0,0,0,0,0,0,0,0,0,0,0,0,0,0,0,0,0,0,0,0,0,0,0,0,0,0,0,0,0,0,0,0,0,0,0,0,0,0,0,0,0,0,0,0,0,0,0,0,0,0,0,0,0,0,0,0,0,0,0,0,0,0,0,0,0,0,0,0,0,0,0,0,0,0,0,0,0,0,0,0,0,0,0,0,0,0.05795458201001402,0,0.05352620096935773,0,0.14175437479452158,0,0.18327967376280888,0,0.8915353961152246,0,0.11791490661472852,0,0.054446486382429146,0,0.09180381418896577,0,0,0,0,0,0,0,0,0,0,0,0,0,0,0,0,0,0,0,0,0,0,0,0,0,0,0,0,0,0,0,0,0,0,0,0,0,0,0,0,0,0,0,0
es140,0,0,0,0,0,0,0,0,0,0,0,0,0,0,0,0,0,0,0,0,0,0,0,0,0,0,0,0,0,0,0,0,0,0,0,0,0,0,0,0,0,0,0,0,0,0,0,0,0,0,0,0,0,0,0,0,0,0,0,0,0,0,0,0,0,0,0,0,0,0,0,0,0,0,0,0,0,0,0,0,0,0,0,0,0,0,0,0,0,0,0,0,0,0,0,0,0,0,0,0,0,0,0,0,0,0,0,0,0,0,0,0,0,0,0,0,0,0,0,0,0,0,0,0,0,0,0,0.02427375559794356,0,0.022614944563044193,0,0.09084052000096719,0,0.05227992259621783,0,0.10033087163476577,0,0.09408443362531446,0,0.015565148609891758,0,0.039011193966204935,0,0,0,0,0,0,0,0,0,0,0,0,0,0,0,0,0,0,0,0,0,0,0,0,0,0,0,0,0,0,0,0,0,0,0,0,0,0,0,0,0,0,0,0,0
es141,0,0,0,0,0,0,0,0,0,0,0,0,0,0,0,0,0,0,0,0,0,0,0,0,0,0,0,0,0,0,0,0,0,0,0,0,0,0,0,0,0,0,0,0,0,0,0,0,0,0,0,0,0,0,0,0,0,0,0,0,0,0,0,0,0,0,0,0,0,0,0,0,0,0,0,0,0,0,0,0,0,0,0,0,0,0,0,0,0,0,0,0,0,0,0,0,0,0,0,0,0,0,0,0,0,0,0,0,0,0,0,0,0,0,0,0,0,0,0,0,0,0,0,0,0,0,0,0,0.015330202604144775,0,0.014158802928621551,0,0.037497005590487964,0,0.04848131820741843,0,0.11791490661472852,0,0.06238193239458623,0,0.014402237724399839,0,0.024284034541167513,0,0,0,0,0,0,0,0,0,0,0,0,0,0,0,0,0,0,0,0,0,0,0,0,0,0,0,0,0,0,0,0,0,0,0,0,0,0,0,0,0,0,0,0
es160,0,0,0,0,0,0,0,0,0,0,0,0,0,0,0,0,0,0,0,0,0,0,0,0,0,0,0,0,0,0,0,0,0,0,0,0,0,0,0,0,0,0,0,0,0,0,0,0,0,0,0,0,0,0,0,0,0,0,0,0,0,0,0,0,0,0,0,0,0,0,0,0,0,0,0,0,0,0,0,0,0,0,0,0,0,0,0,0,0,0,0,0,0,0,0,0,0,0,0,0,0,0,0,0,0,0,0,0,0,0,0,0,0,0,0,0,0,0,0,0,0,0,0,0,0,0,0,0.0080316073263904,0,0.007482746281496149,0,0.030056963498252084,0,0.017298180648340995,0,0.033197094715462463,0,0.015565148609891758,0,0.01088977017327341,0,0.012907874515171967,0,0,0,0,0,0,0,0,0,0,0,0,0,0,0,0,0,0,0,0,0,0,0,0,0,0,0,0,0,0,0,0,0,0,0,0,0,0,0,0,0,0,0,0,0
es161,0,0,0,0,0,0,0,0,0,0,0,0,0,0,0,0,0,0,0,0,0,0,0,0,0,0,0,0,0,0,0,0,0,0,0,0,0,0,0,0,0,0,0,0,0,0,0,0,0,0,0,0,0,0,0,0,0,0,0,0,0,0,0,0,0,0,0,0,0,0,0,0,0,0,0,0,0,0,0,0,0,0,0,0,0,0,0,0,0,0,0,0,0,0,0,0,0,0,0,0,0,0,0,0,0,0,0,0,0,0,0,0,0,0,0,0,0,0,0,0,0,0,0,0,0,0,0,0,0.007078627217622632,0,0.006537740587485652,0,0.017314012815487084,0,0.022385951932329392,0,0.05444648638242914,0,0.014402237724399839,0,0.013843159217716039,0,0.01163711459725018,0,0,0,0,0,0,0,0,0,0,0,0,0,0,0,0,0,0,0,0,0,0,0,0,0,0,0,0,0,0,0,0,0,0,0,0,0,0,0,0,0,0,0,0
es162,0,0,0,0,0,0,0,0,0,0,0,0,0,0,0,0,0,0,0,0,0,0,0,0,0,0,0,0,0,0,0,0,0,0,0,0,0,0,0,0,0,0,0,0,0,0,0,0,0,0,0,0,0,0,0,0,0,0,0,0,0,0,0,0,0,0,0,0,0,0,0,0,0,0,0,0,0,0,0,0,0,0,0,0,0,0,0,0,0,0,0,0,0,0,0,0,0,0,0,0,0,0,0,0,0,0,0,0,0,0,0,0,0,0,0,0,0,0,0,0,0,0,0,0,0,0,0,0.02012975263667511,0,0.01875413296098141,0,0.07533227355891,0,0.04335472133597419,0,0.08320243728584542,0,0.039011193966204935,0,0.012907874515171967,0,0.0647024463464225,0,0,0,0,0,0,0,0,0,0,0,0,0,0,0,0,0,0,0,0,0,0,0,0,0,0,0,0,0,0,0,0,0,0,0,0,0,0,0,0,0,0,0,0,0
es163,0,0,0,0,0,0,0,0,0,0,0,0,0,0,0,0,0,0,0,0,0,0,0,0,0,0,0,0,0,0,0,0,0,0,0,0,0,0,0,0,0,0,0,0,0,0,0,0,0,0,0,0,0,0,0,0,0,0,0,0,0,0,0,0,0,0,0,0,0,0,0,0,0,0,0,0,0,0,0,0,0,0,0,0,0,0,0,0,0,0,0,0,0,0,0,0,0,0,0,0,0,0,0,0,0,0,0,0,0,0,0,0,0,0,0,0,0,0,0,0,0,0,0,0,0,0,0,0,0.011935480523667004,0,0.011023475746322625,0,0.02919366374193259,0,0.0377456087286086,0,0.09180381418896576,0,0.024284034541167513,0,0.01163711459725018,0,0.039138475038249076,0,0,0,0,0,0,0,0,0,0,0,0,0,0,0,0,0,0,0,0,0,0,0,0,0,0,0,0,0,0,0,0,0,0,0,0,0,0,0,0,0,0,0,0
es164,0,0,0,0,0,0,0,0,0,0,0,0,0,0,0,0,0,0,0,0,0,0,0,0,0,0,0,0,0,0,0,0,0,0,0,0,0,0,0,0,0,0,0,0,0,0,0,0,0,0,0,0,0,0,0,0,0,0,0,0,0,0,0,0,0,0,0,0,0,0,0,0,0,0,0,0,0,0,0,0,0,0,0,0,0,0,0,0,0,0,0,0,0,0,0,0,0,0,0,0,0,0,0,0,0,0,0,0,0,0,0,0,0,0,0,0,0,0,0,0,0,0,0,0,0,0,0,0,0,0,0,0,0,0,0,0,0,0,0,0,0,0,0,0.024626007549744616,0,0.012575152917516659,0,0.04842211865874128,0,0.02498606332807261,0,0.02502340446124503,0,0.018570073171602135,0,0.04427265119464605,0,0.004565428731407214,0,0.042915252181903514,0,0.025073085242440504,0,0.05892947048659887,0,0.02544962494306014,0,0.015887756852819016,0,0.06435152259790552,0,0.0243965918354931,0,0.030830108810256406,0,0.027497471016606944,0,0.009172876026805466,0,0.0160667900737608,0,0.006628522964451066,0,0.02193522043689631,0,0.05917739002102158,0
es165,0,0,0,0,0,0,0,0,0,0,0,0,0,0,0,0,0,0,0,0,0,0,0,0,0,0,0,0,0,0,0,0,0,0,0,0,0,0,0,0,0,0,0,0,0,0,0,0,0,0,0,0,0,0,0,0,0,0,0,0,0,0,0,0,0,0,0,0,0,0,0,0,0,0,0,0,0,0,0,0,0,0,0,0,0,0,0,0,0,0,0,0,0,0,0,0,0,0,0,0,0,0,0,0,0,0,0,0,0,0,0,0,0,0,0,0,0,0,0,0,0,0,0,0,0,0,0,0,0,0,0,0,0,0,0,0,0,0,0,0,0,0,0,0,0.03122013918471742,0,0.014231849282647946,0,0.0774093364889148,0,0.027674646923210706,0,0.025026048005282082,0,0.02135600450236717,0,0.07623950864893937,0,0.004005493077609165,0,0.03399957664703728,0,0.024301660955545177,0,0.046012812056607566,0,0.022989672325081364,0,0.01091110744427284,0,0.07078399848474769,0,0.034669105569918555,0,0.04793119467537834,0,0.031653792841185496,0,0.010403143492980388,0,0.015567985205666763,0,0.010756775406845867,0,0.022830421943386144,0,0.08569544298020558
es166,0,0,0,0,0,0,0,0,0,0,0,0,0,0,0,0,0,0,0,0,0,0,0,0,0,0,0,0,0,0,0,0,0,0,0,0,0,0,0,0,0,0,0,0,0,0,0,0,0,0,0,0,0,0,0,0,0,0,0,0,0,0,0,0,0,0,0,0,0,0,0,0,0,0,0,0,0,0,0,0,0,0,0,0,0,0,0,0,0,0,0,0,0,0,0,0,0,0,0,0,0,0,0,0,0,0,0,0,0,0,0,0,0,0,0,0,0,0,0,0,0,0,0,0,0,0,0,0,0,0,0,0,0,0,0,0,0,0,0,0,0,0,0,0.012575152917516659,0,0.02568576665616553,0,0.049453046377395664,0,0.02551802735563822,0,0.025556163497585552,0,0.018965438011066645,0,0.04521523496749876,0,0.0046626286713751285,0,0.04382893634634849,0,0.025606902003966075,0,0.06018410424185471,0,0.025991458396653202,0,0.016226014024964777,0,0.06572159417307438,0,0.024916005761619748,0,0.03148649507797884,0,0.028082903993294724,0,0.009368170500028746,0,0.016408858940131048,0,0.006769647067383233,0,0.02240223070801976,0,0.06043730208972408,0
es167,0,0,0,0,0,0,0,0,0,0,0,0,0,0,0,0,0,0,0,0,0,0,0,0,0,0,0,0,0,0,0,0,0,0,0,0,0,0,0,0,0,0,0,0,0,0,0,0,0,0,0,0,0,0,0,0,0,0,0,0,0,0,0,0,0,0,0,0,0,0,0,0,0,0,0,0,0,0,0,0,0,0,0,0,0,0,0,0,0,0,0,0,0,0,0,0,0,0,0,0,0,0,0,0,0,0,0,0,0,0,0,0,0,0,0,0,0,0,0,0,0,0,0,0,0,0,0,0,0,0,0,0,0,0,0,0,0,0,0,0,0,0,0,0,0.014231849282647946,0,0.025950625371094438,0,0.07057483014164771,0,0.0252312394657376,0,0.02281648657901143,0,0.0194704729251188,0,0.06950828694613717,0,0.0036518462295086845,0,0.03099773820043276,0,0.022156055999047568,0,0.04195031946436675,0,0.02095990345540684,0,0.009947760689656554,0,0.06453444631350241,0,0.031608154103093714,0,0.0436993271888526,0,0.028859064738598793,0,0.009484645112045593,0,0.014193480546044386,0,0.009807054699644836,0,0.020814713364031463,0,0.0781293524342163
es168,0,0,0,0,0,0,0,0,0,0,0,0,0,0,0,0,0,0,0,0,0,0,0,0,0,0,0,0,0,0,0,0,0,0,0,0,0,0,0,0,0,0,0,0,0,0,0,0,0,0,0,0,0,0,0,0,0,0,0,0,0,0,0,0,0,0,0,0,0,0,0,0,0,0,0,0,0,0,0,0,0,0,0,0,0,0,0,0,0,0,0,0,0,0,0,0,0,0,0,0,0,0,0,0,0,0,0,0,0,0,0,0,0,0,0,0,0,0,0,0,0,0,0,0,0,0,0,0,0,0,0,0,0,0,0,0,0,0,0,0,0,0,0,0.04842211865874128,0,0.049453046377395664,0,0.38084964778231556,0,0.09826019267173519,0,0.09840704041209054,0,0.07302866977527192,0,0.17410662813724728,0,0.01795400503420372,0,0.16876852077822802,0,0.09860241505227506,0,0.23174603570106309,0,0.10008319507935012,0,0.06248019261704567,0,0.25306879784001096,0,0.09594203707936218,0,0.12124248594146331,0,0.10813655455045523,0,0.036073252273205264,0,0.06318425866192022,0,0.026067329417363845,0,0.08626244791450612,0,0.23272100406240923,0
es169,0,0,0,0,0,0,0,0,0,0,0,0,0,0,0,0,0,0,0,0,0,0,0,0,0,0,0,0,0,0,0,0,0,0,0,0,0,0,0,0,0,0,0,0,0,0,0,0,0,0,0,0,0,0,0,0,0,0,0,0,0,0,0,0,0,0,0,0,0,0,0,0,0,0,0,0,0,0,0,0,0,0,0,0,0,0,0,0,0,0,0,0,0,0,0,0,0,0,0,0,0,0,0,0,0,0,0,0,0,0,0,0,0,0,0,0,0,0,0,0,0,0,0,0,0,0,0,0,0,0,0,0,0,0,0,0,0,0,0,0,0,0,0,0,0.07740933648891482,0,0.07057483014164771,0,0.7677358951157124,0,0.13723680366802435,0,0.12410257107225968,0,0.10590306012420062,0,0.37806684613656033,0,0.019862983929325066,0,0.16860172554512468,0,0.12051038203366977,0,0.22817459142108373,0,0.11400431434676346,0,0.05410748380224203,0,0.3510133202365007,0,0.17192187664206454,0,0.23768772810329333,0,0.15696913371822363,0,0.0515885230636503,0,0.07720064270756478,0,0.05334216110169159,0,0.11321460189162695,0,0.42495821956287605
es170,0,0,0,0,0,0,0,0,0,0,0,0,0,0,0,0,0,0,0,0,0,0,0,0,0,0,0,0,0,0,0,0,0,0,0,0,0,0,0,0,0,0,0,0,0,0,0,0,0,0,0,0,0,0,0,0,0,0,0,0,0,0,0,0,0,0,0,0,0,0,0,0,0,0,0,0,0,0,0,0,0,0,0,0,0,0,0,0,0,0,0,0,0,0,0,0,0,0,0,0,0,0,0,0,0,0,0,0,0,0,0,0,0,0,0,0,0,0,0,0,0,0,0,0,0,0,0,0,0,0,0,0,0,0,0,0,0,0,0,0,0,0,0,0.02498606332807261,0,0.02551802735563822,0,0.09826019267173519,0,0.10140553386469324,0,0.05077854112483832,0,0.03768317079699789,0,0.08983991937926353,0,0.009264359330055174,0,0.08708542841069399,0,0.05087935544828322,0,0.11958215138963642,0,0.05164344559048032,0,0.03224010210048622,0,0.1305848067853644,0,0.04950658667341237,0,0.06256174896303274,0,0.05579902067315879,0,0.01861398449126174,0,0.032603403816141435,0,0.013450876617072708,0,0.044511868669284756,0,0.12008524009980098,0
es171,0,0,0,0,0,0,0,0,0,0,0,0,0,0,0,0,0,0,0,0,0,0,0,0,0,0,0,0,0,0,0,0,0,0,0,0,0,0,0,0,0,0,0,0,0,0,0,0,0,0,0,0,0,0,0,0,0,0,0,0,0,0,0,0,0,0,0,0,0,0,0,0,0,0,0,0,0,0,0,0,0,0,0,0,0,0,0,0,0,0,0,0,0,0,0,0,0,0,0,0,0,0,0,0,0,0,0,0,0,0,0,0,0,0,0,0,0,0,0,0,0,0,0,0,0,0,0,0,0,0,0,0,0,0,0,0,0,0,0,0,0,0,0,0,0.027674646923210706,0,0.0252312394657376,0,0.13723680366802432,0,0.09812718358402259,0,0.04436796635221484,0,0.037861450956171265,0,0.13516284927334885,0,0.007101224374455115,0,0.0602768792078922,0,0.04308372122322269,0,0.08157480144957226,0,0.04075773401986478,0,0.019343991022902286,0,0.12549093098453493,0,0.061463867929242105,0,0.08497584725042467,0,0.056118106039006896,0,0.018443436229179967,0,0.027600036714986547,0,0.019070380157847466,0,0.04047540356260922,0,0.15192700540978007
es172,0,0,0,0,0,0,0,0,0,0,0,0,0,0,0,0,0,0,0,0,0,0,0,0,0,0,0,0,0,0,0,0,0,0,0,0,0,0,0,0,0,0,0,0,0,0,0,0,0,0,0,0,0,0,0,0,0,0,0,0,0,0,0,0,0,0,0,0,0,0,0,0,0,0,0,0,0,0,0,0,0,0,0,0,0,0,0,0,0,0,0,0,0,0,0,0,0,0,0,0,0,0,0,0,0,0,0,0,0,0,0,0,0,0,0,0,0,0,0,0,0,0,0,0,0,0,0,0,0,0,0,0,0,0,0,0,0,0,0,0,0,0,0,0.02502340446124503,0,0.025556163497585552,0,0.09840704041209054,0,0.05077854112483832,0,0.10170885712045537,0,0.03773948748364892,0,0.08997418320264748,0,0.009278204715418945,0,0.08721557570668709,0,0.05095539354850634,0,0.11976086433778892,0,0.05172062560695415,0,0.03228828423827317,0,0.13077996296488903,0,0.04958057320028581,0,0.06265524614859791,0,0.05588241110703743,0,0.018641802689936385,0,0.03265212890051297,0,0.01347097866229884,0,0.04457839069774154,0,0.12026470490318883,0
es173,0,0,0,0,0,0,0,0,0,0,0,0,0,0,0,0,0,0,0,0,0,0,0,0,0,0,0,0,0,0,0,0,0,0,0,0,0,0,0,0,0,0,0,0,0,0,0,0,0,0,0,0,0,0,0,0,0,0,0,0,0,0,0,0,0,0,0,0,0,0,0,0,0,0,0,0,0,0,0,0,0,0,0,0,0,0,0,0,0,0,0,0,0,0,0,0,0,0,0,0,0,0,0,0,0,0,0,0,0,0,0,0,0,0,0,0,0,0,0,0,0,0,0,0,0,0,0,0,0,0,0,0,0,0,0,0,0,0,0,0,0,0,0,0,0.025026048005282086,0,0.02281648657901143,0,0.12410257107225967,0,0.04436796635221484,0,0.08024347041595063,0,0.03423792512359349,0,0.12222710424567539,0,0.006421602508046562,0,0.05450808737870937,0,0.03896039861214139,0,0.07376769440863759,0,0.0368570197479982,0,0.017492676574922473,0,0.1134808357902677,0,0.05558147548026875,0,0.07684324351018403,0,0.05074732912020698,0,0.01667830927471386,0,0.02495857835850094,0,0.017245251606407854,0,0.03660170969485693,0,0.1373868487368148
es174,0,0,0,0,0,0,0,0,0,0,0,0,0,0,0,0,0,0,0,0,0,0,0,0,0,0,0,0,0,0,0,0,0,0,0,0,0,0,0,0,0,0,0,0,0,0,0,0,0,0,0,0,0,0,0,0,0,0,0,0,0,0,0,0,0,0,0,0,0,0,0,0,0,0,0,0,0,0,0,0,0,0,0,0,0,0,0,0,0,0,0,0,0,0,0,0,0,0,0,0,0,0,0,0,0,0,0,0,0,0,0,0,0,0,0,0,0,0,0,0,0,0,0,0,0,0,0,0,0,0,0,0,0,0,0,0,0,0,0,0,0,0,0,0.018570073171602135,0,0.018965438011066645,0,0.07302866977527192,0,0.03768317079699789,0,0.03773948748364892,0,0.05601356483011937,0,0.06677057744944302,0,0.0068854316259515545,0,0.06472339225803339,0,0.037814414427463,0,0.08887551720995537,0,0.03838229939853638,0,0.023961399889405297,0,0.09705288045032753,0,0.03679414899939932,0,0.04649697076056117,0,0.041470794466453846,0,0.013834234288097508,0,0.024231411989931194,0,0.009996923473758775,0,0.033081988440518545,0,0.08924942141554772,0
es175,0,0,0,0,0,0,0,0,0,0,0,0,0,0,0,0,0,0,0,0,0,0,0,0,0,0,0,0,0,0,0,0,0,0,0,0,0,0,0,0,0,0,0,0,0,0,0,0,0,0,0,0,0,0,0,0,0,0,0,0,0,0,0,0,0,0,0,0,0,0,0,0,0,0,0,0,0,0,0,0,0,0,0,0,0,0,0,0,0,0,0,0,0,0,0,0,0,0,0,0,0,0,0,0,0,0,0,0,0,0,0,0,0,0,0,0,0,0,0,0,0,0,0,0,0,0,0,0,0,0,0,0,0,0,0,0,0,0,0,0,0,0,0,0,0.02135600450236717,0,0.0194704729251188,0,0.10590306012420062,0,0.037861450956171265,0,0.0342379251235935,0,0.058433939145073666,0,0.10430262852652603,0,0.005479881283905054,0,0.04651453394596889,0,0.033246897312723865,0,0.06294973995045498,0,0.03145197673703628,0,0.014927394034153909,0,0.09683899110070575,0,0.047430510816342156,0,0.06557426302521349,0,0.04330528691327958,0,0.014232452838238157,0,0.02129842920801278,0,0.014716253675896742,0,0.0312341076334833,0,0.11723921250251686
es176,0,0,0,0,0,0,0,0,0,0,0,0,0,0,0,0,0,0,0,0,0,0,0,0,0,0,0,0,0,0,0,0,0,0,0,0,0,0,0,0,0,0,0,0,0,0,0,0,0,0,0,0,0,0,0,0,0,0,0,0,0,0,0,0,0,0,0,0,0,0,0,0,0,0,0,0,0,0,0,0,0,0,0,0,0,0,0,0,0,0,0,0,0,0,0,0,0,0,0,0,0,0,0,0,0,0,0,0,0,0,0,0,0,0,0,0,0,0,0,0,0,0,0,0,0,0,0,0,0,0,0,0,0,0,0,0,0,0,0,0,0,0,0,0.04427265119464605,0,0.04521523496749876,0,0.17410662813724728,0,0.08983991937926353,0,0.08997418320264748,0,0.06677057744944302,0,0.31837359585689257,0,0.016415461042259213,0,0.1543061324042671,0,0.09015281547931692,0,0.21188687501766293,0,0.09150670208012261,0,0.057126037664801926,0,0.2313824121158446,0,0.08772041497097136,0,0.11085277634974339,0,0.09886993988725172,0,0.03298200408378423,0,0.05776976972953054,0,0.023833525150030798,0,0.07887030500731353,0,0.2127782947940651,0
es177,0,0,0,0,0,0,0,0,0,0,0,0,0,0,0,0,0,0,0,0,0,0,0,0,0,0,0,0,0,0,0,0,0,0,0,0,0,0,0,0,0,0,0,0,0,0,0,0,0,0,0,0,0,0,0,0,0,0,0,0,0,0,0,0,0,0,0,0,0,0,0,0,0,0,0,0,0,0,0,0,0,0,0,0,0,0,0,0,0,0,0,0,0,0,0,0,0,0,0,0,0,0,0,0,0,0,0,0,0,0,0,0,0,0,0,0,0,0,0,0,0,0,0,0,0,0,0,0,0,0,0,0,0,0,0,0,0,0,0,0,0,0,0,0,0.07623950864893937,0,0.06950828694613718,0,0.37806684613656033,0,0.13516284927334885,0,0.12222710424567539,0,0.10430262852652604,0,0.744706824609797,0,0.019562809911054843,0,0.16605377717924727,0,0.11868920120066713,0,0.22472636409442748,0,0.11228145471704354,0,0.05328979896248181,0,0.3457087255604609,0,0.16932375338305028,0,0.2340957360495239,0,0.1545969797769907,0,0.050808905342579716,0,0.07603396869639768,0,0.052536041996018204,0,0.11150367657961982,0,0.4185361524244729
es178,0,0,0,0,0,0,0,0,0,0,0,0,0,0,0,0,0,0,0,0,0,0,0,0,0,0,0,0,0,0,0,0,0,0,0,0,0,0,0,0,0,0,0,0,0,0,0,0,0,0,0,0,0,0,0,0,0,0,0,0,0,0,0,0,0,0,0,0,0,0,0,0,0,0,0,0,0,0,0,0,0,0,0,0,0,0,0,0,0,0,0,0,0,0,0,0,0,0,0,0,0,0,0,0,0,0,0,0,0,0,0,0,0,0,0,0,0,0,0,0,0,0,0,0,0,0,0,0,0,0,0,0,0,0,0,0,0,0,0,0,0,0,0,0.004565428731407214,0,0.0046626286713751285,0,0.01795400503420372,0,0.009264359330055174,0,0.009278204715418945,0,0.0068854316259515545,0,0.016415461042259213,0,0.0033855491125721906,0,0.015912163182040466,0,0.00929662540869701,0,0.02184993220217883,0,0.0094362392023054,0,0.005890879507524882,0,0.023860326493023047,0,0.009045794458495562,0,0.011431220775063472,0,0.01019554176345214,0,0.003401128800746138,0,0.005957261636996168,0,0.0024577308463475437,0,0.008133164534288926,0,0.021941856072765175,0
es179,0,0,0,0,0,0,0,0,0,0,0,0,0,0,0,0,0,0,0,0,0,0,0,0,0,0,0,0,0,0,0,0,0,0,0,0,0,0,0,0,0,0,0,0,0,0,0,0,0,0,0,0,0,0,0,0,0,0,0,0,0,0,0,0,0,0,0,0,0,0,0,0,0,0,0,0,0,0,0,0,0,0,0,0,0,0,0,0,0,0,0,0,0,0,0,0,0,0,0,0,0,0,0,0,0,0,0,0,0,0,0,0,0,0,0,0,0,0,0,0,0,0,0,0,0,0,0,0,0,0,0,0,0,0,0,0,0,0,0,0,0,0,0,0,0.004005493077609165,0,0.0036518462295086845,0,0.019862983929325062,0,0.007101224374455115,0,0.006421602508046562,0,0.005479881283905053,0,0.01956280991105484,0,0.00205559298757113,0,0.008724180766497933,0,0.006235727147525989,0,0.011806737893359032,0,0.00589907513286763,0,0.0027997546762045466,0,0.018162943749779493,0,0.00889597971012166,0,0.012298988632808235,0,0.008122260272786203,0,0.002669412778717241,0,0.003994694360885152,0,0.0027601535774452136,0,0.005858212002968513,0,0.021989171900161808
es180,0,0,0,0,0,0,0,0,0,0,0,0,0,0,0,0,0,0,0,0,0,0,0,0,0,0,0,0,0,0,0,0,0,0,0,0,0,0,0,0,0,0,0,0,0,0,0,0,0,0,0,0,0,0,0,0,0,0,0,0,0,0,0,0,0,0,0,0,0,0,0,0,0,0,0,0,0,0,0,0,0,0,0,0,0,0,0,0,0,0,0,0,0,0,0,0,0,0,0,0,0,0,0,0,0,0,0,0,0,0,0,0,0,0,0,0,0,0,0,0,0,0,0,0,0,0,0,0,0,0,0,0,0,0,0,0,0,0,0,0,0,0,0,0.042915252181903514,0,0.04382893634634849,0,0.16876852077822802,0,0.08708542841069399,0,0.08721557570668709,0,0.06472339225803339,0,0.1543061324042671,0,0.015912163182040466,0,0.29915021606585573,0,0.08738873111966186,0,0.20539042569282873,0,0.08870110757174798,0,0.05537455396017407,0,0.224288229831816,0,0.08503090798492119,0,0.1074540314109016,0,0.09583858858635877,0,0.031970776190862985,0,0.05599854920667394,0,0.023102789523501643,0,0.07645214229821927,0,0.20625451454840785,0
es181,0,0,0,0,0,0,0,0,0,0,0,0,0,0,0,0,0,0,0,0,0,0,0,0,0,0,0,0,0,0,0,0,0,0,0,0,0,0,0,0,0,0,0,0,0,0,0,0,0,0,0,0,0,0,0,0,0,0,0,0,0,0,0,0,0,0,0,0,0,0,0,0,0,0,0,0,0,0,0,0,0,0,0,0,0,0,0,0,0,0,0,0,0,0,0,0,0,0,0,0,0,0,0,0,0,0,0,0,0,0,0,0,0,0,0,0,0,0,0,0,0,0,0,0,0,0,0,0,0,0,0,0,0,0,0,0,0,0,0,0,0,0,0,0,0.03399957664703729,0,0.030997738200432765,0,0.16860172554512468,0,0.06027687920789221,0,0.05450808737870938,0,0.04651453394596889,0,0.16605377717924727,0,0.008724180766497934,0,0.1481058371121706,0,0.05293033316858675,0,0.10021839563291557,0,0.05007275090493486,0,0.02376498270303732,0,0.15417138069929032,0,0.07551118879608816,0,0.10439673683116167,0,0.06894367443436288,0,0.022658609717720598,0,0.03390791457451989,0,0.023428839170521593,0,0.04972589495234084,0,0.1866493140641445
es182,0,0,0,0,0,0,0,0,0,0,0,0,0,0,0,0,0,0,0,0,0,0,0,0,0,0,0,0,0,0,0,0,0,0,0,0,0,0,0,0,0,0,0,0,0,0,0,0,0,0,0,0,0,0,0,0,0,0,0,0,0,0,0,0,0,0,0,0,0,0,0,0,0,0,0,0,0,0,0,0,0,0,0,0,0,0,0,0,0,0,0,0,0,0,0,0,0,0,0,0,0,0,0,0,0,0,0,0,0,0,0,0,0,0,0,0,0,0,0,0,0,0,0,0,0,0,0,0,0,0,0,0,0,0,0,0,0,0,0,0,0,0,0,0.025073085242440504,0,0.025606902003966075,0,0.09860241505227506,0,0.05087935544828322,0,0.05095539354850634,0,0.037814414427463,0,0.09015281547931692,0,0.00929662540869701,0,0.08738873111966186,0,0.10211311797980949,0,0.11999863427457595,0,0.0518233103191024,0,0.032352388512609756,0,0.13103960991799943,0,0.049679009111055855,0,0.06277964015659464,0,0.05599335851402132,0,0.018678813613928053,0,0.032716955542067085,0,0.013497723574025263,0,0.04466689541250691,0,0.12050347515122152,0
es183,0,0,0,0,0,0,0,0,0,0,0,0,0,0,0,0,0,0,0,0,0,0,0,0,0,0,0,0,0,0,0,0,0,0,0,0,0,0,0,0,0,0,0,0,0,0,0,0,0,0,0,0,0,0,0,0,0,0,0,0,0,0,0,0,0,0,0,0,0,0,0,0,0,0,0,0,0,0,0,0,0,0,0,0,0,0,0,0,0,0,0,0,0,0,0,0,0,0,0,0,0,0,0,0,0,0,0,0,0,0,0,0,0,0,0,0,0,0,0,0,0,0,0,0,0,0,0,0,0,0,0,0,0,0,0,0,0,0,0,0,0,0,0,0,0.024301660955545177,0,0.02215605599904757,0,0.12051038203366976,0,0.04308372122322269,0,0.03896039861214139,0,0.033246897312723865,0,0.11868920120066713,0,0.006235727147525989,0,0.052930333168586745,0,0.07566535455900329,0,0.07163246464693936,0,0.03579018139654486,0,0.016986345396566405,0,0.11019609631312612,0,0.05397265170455002,0,0.0746189909855022,0,0.04927843127362506,0,0.01619555022112459,0,0.02423614423950117,0,0.01674608222375104,0,0.03554226137542639,0,0.13341014198678752
es184,0,0,0,0,0,0,0,0,0,0,0,0,0,0,0,0,0,0,0,0,0,0,0,0,0,0,0,0,0,0,0,0,0,0,0,0,0,0,0,0,0,0,0,0,0,0,0,0,0,0,0,0,0,0,0,0,0,0,0,0,0,0,0,0,0,0,0,0,0,0,0,0,0,0,0,0,0,0,0,0,0,0,0,0,0,0,0,0,0,0,0,0,0,0,0,0,0,0,0,0,0,0,0,0,0,0,0,0,0,0,0,0,0,0,0,0,0,0,0,0,0,0,0,0,0,0,0,0,0,0,0,0,0,0,0,0,0,0,0,0,0,0,0,0.05892947048659887,0,0.06018410424185471,0,0.23174603570106309,0,0.11958215138963642,0,0.11976086433778892,0,0.08887551720995537,0,0.21188687501766293,0,0.02184993220217883,0,0.20539042569282873,0,0.11999863427457595,0,0.5640674778184969,0,0.12180073598593742,0,0.0760380745165626,0,0.30798343125987554,0,0.1167609679026675,0,0.1475514846296291,0,0.13160163322909815,0,0.04390096332155707,0,0.07689491928835908,0,0.031723806436290386,0,0.10498095744850257,0,0.2832202704131719,0
es185,0,0,0,0,0,0,0,0,0,0,0,0,0,0,0,0,0,0,0,0,0,0,0,0,0,0,0,0,0,0,0,0,0,0,0,0,0,0,0,0,0,0,0,0,0,0,0,0,0,0,0,0,0,0,0,0,0,0,0,0,0,0,0,0,0,0,0,0,0,0,0,0,0,0,0,0,0,0,0,0,0,0,0,0,0,0,0,0,0,0,0,0,0,0,0,0,0,0,0,0,0,0,0,0,0,0,0,0,0,0,0,0,0,0,0,0,0,0,0,0,0,0,0,0,0,0,0,0,0,0,0,0,0,0,0,0,0,0,0,0,0,0,0,0,0.046012812056607566,0,0.04195031946436675,0,0.22817459142108373,0,0.08157480144957226,0,0.07376769440863759,0,0.06294973995045498,0,0.22472636409442748,0,0.011806737893359034,0,0.10021839563291557,0,0.07163246464693936,0,0.27125809540183876,0,0.06776519897481909,0,0.03216197936801876,0,0.20864550280340907,0,0.10219192357350075,0,0.14128374247136238,0,0.0933038774915661,0,0.030664686246802145,0,0.045888762579190626,0,0.031707064609924625,0,0.06729578672527524,0,0.2525990219727215
es186,0,0,0,0,0,0,0,0,0,0,0,0,0,0,0,0,0,0,0,0,0,0,0,0,0,0,0,0,0,0,0,0,0,0,0,0,0,0,0,0,0,0,0,0,0,0,0,0,0,0,0,0,0,0,0,0,0,0,0,0,0,0,0,0,0,0,0,0,0,0,0,0,0,0,0,0,0,0,0,0,0,0,0,0,0,0,0,0,0,0,0,0,0,0,0,0,0,0,0,0,0,0,0,0,0,0,0,0,0,0,0,0,0,0,0,0,0,0,0,0,0,0,0,0,0,0,0,0,0,0,0,0,0,0,0,0,0,0,0,0,0,0,0,0.02544962494306014,0,0.025991458396653202,0,0.10008319507935012,0,0.05164344559048032,0,0.05172062560695415,0,0.03838229939853638,0,0.09150670208012261,0,0.0094362392023054,0,0.08870110757174798,0,0.0518233103191024,0,0.12180073598593742,0,0.10520315295674398,0,0.03283824649805816,0,0.13300752152563508,0,0.050425072829855554,0,0.0637224450280733,0,0.05683424914426054,0,0.018959326156286156,0,0.033208288480390265,0,0.013700428137283683,0,0.04533768878570396,0,0.12231315840393359,0
es187,0,0,0,0,0,0,0,0,0,0,0,0,0,0,0,0,0,0,0,0,0,0,0,0,0,0,0,0,0,0,0,0,0,0,0,0,0,0,0,0,0,0,0,0,0,0,0,0,0,0,0,0,0,0,0,0,0,0,0,0,0,0,0,0,0,0,0,0,0,0,0,0,0,0,0,0,0,0,0,0,0,0,0,0,0,0,0,0,0,0,0,0,0,0,0,0,0,0,0,0,0,0,0,0,0,0,0,0,0,0,0,0,0,0,0,0,0,0,0,0,0,0,0,0,0,0,0,0,0,0,0,0,0,0,0,0,0,0,0,0,0,0,0,0,0.022989672325081364,0,0.02095990345540684,0,0.11400431434676345,0,0.04075773401986478,0,0.0368570197479982,0,0.03145197673703628,0,0.11228145471704354,0,0.005899075132867631,0,0.050072750904934855,0,0.03579018139654486,0,0.06776519897481909,0,0.06771590997561348,0,0.016069293180497973,0,0.10424687227659675,0,0.05105879715271967,0,0.07059048988968217,0,0.04661800647071314,0,0.015321191147763693,0,0.022927692700049872,0,0.01584200124251423,0,0.0336234195764714,0,0.12620764707109375
es188,0,0,0,0,0,0,0,0,0,0,0,0,0,0,0,0,0,0,0,0,0,0,0,0,0,0,0,0,0,0,0,0,0,0,0,0,0,0,0,0,0,0,0,0,0,0,0,0,0,0,0,0,0,0,0,0,0,0,0,0,0,0,0,0,0,0,0,0,0,0,0,0,0,0,0,0,0,0,0,0,0,0,0,0,0,0,0,0,0,0,0,0,0,0,0,0,0,0,0,0,0,0,0,0,0,0,0,0,0,0,0,0,0,0,0,0,0,0,0,0,0,0,0,0,0,0,0,0,0,0,0,0,0,0,0,0,0,0,0,0,0,0,0,0.015887756852819016,0,0.016226014024964777,0,0.06248019261704567,0,0.03224010210048622,0,0.03228828423827317,0,0.023961399889405297,0,0.057126037664801926,0,0.005890879507524882,0,0.05537455396017407,0,0.032352388512609756,0,0.0760380745165626,0,0.03283824649805816,0,0.04100068877253557,0,0.08303427521322383,0,0.031479493241997614,0,0.039780810716789274,0,0.03548063019933735,0,0.01183597655125783,0,0.020731355140012935,0,0.008552938265757802,0,0.028303528138730643,0,0.07635797089229589,0
es189,0,0,0,0,0,0,0,0,0,0,0,0,0,0,0,0,0,0,0,0,0,0,0,0,0,0,0,0,0,0,0,0,0,0,0,0,0,0,0,0,0,0,0,0,0,0,0,0,0,0,0,0,0,0,0,0,0,0,0,0,0,0,0,0,0,0,0,0,0,0,0,0,0,0,0,0,0,0,0,0,0,0,0,0,0,0,0,0,0,0,0,0,0,0,0,0,0,0,0,0,0,0,0,0,0,0,0,0,0,0,0,0,0,0,0,0,0,0,0,0,0,0,0,0,0,0,0,0,0,0,0,0,0,0,0,0,0,0,0,0,0,0,0,0,0.01091110744427284,0,0.009947760689656556,0,0.05410748380224203,0,0.019343991022902286,0,0.017492676574922473,0,0.014927394034153909,0,0.05328979896248181,0,0.0027997546762045466,0,0.02376498270303732,0,0.016986345396566405,0,0.03216197936801876,0,0.016069293180497973,0,0.015253265202449002,0,0.049476513107948754,0,0.024232969214652993,0,0.03350288811597718,0,0.02212532959353336,0,0.00727157657680534,0,0.01088169135088483,0,0.00751875778154506,0,0.015957980542528147,0,0.0598992964323034
es190,0,0,0,0,0,0,0,0,0,0,0,0,0,0,0,0,0,0,0,0,0,0,0,0,0,0,0,0,0,0,0,0,0,0,0,0,0,0,0,0,0,0,0,0,0,0,0,0,0,0,0,0,0,0,0,0,0,0,0,0,0,0,0,0,0,0,0,0,0,0,0,0,0,0,0,0,0,0,0,0,0,0,0,0,0,0,0,0,0,0,0,0,0,0,0,0,0,0,0,0,0,0,0,0,0,0,0,0,0,0,0,0,0,0,0,0,0,0,0,0,0,0,0,0,0,0,0,0,0,0,0,0,0,0,0,0,0,0,0,0,0,0,0,0.06435152259790552,0,0.06572159417307438,0,0.25306879784001096,0,0.1305848067853644,0,0.13077996296488903,0,0.09705288045032753,0,0.2313824121158446,0,0.023860326493023047,0,0.224288229831816,0,0.13103960991799943,0,0.30798343125987554,0,0.13300752152563508,0,0.08303427521322383,0,0.67264146692129,0,0.12750404852611952,0,0.16112757537262073,0,0.1437101912631213,0,0.04794025484921768,0,0.08396995756773774,0,0.03464268777437552,0,0.11464016899886076,0,0.3092791345515795,0
es191,0,0,0,0,0,0,0,0,0,0,0,0,0,0,0,0,0,0,0,0,0,0,0,0,0,0,0,0,0,0,0,0,0,0,0,0,0,0,0,0,0,0,0,0,0,0,0,0,0,0,0,0,0,0,0,0,0,0,0,0,0,0,0,0,0,0,0,0,0,0,0,0,0,0,0,0,0,0,0,0,0,0,0,0,0,0,0,0,0,0,0,0,0,0,0,0,0,0,0,0,0,0,0,0,0,0,0,0,0,0,0,0,0,0,0,0,0,0,0,0,0,0,0,0,0,0,0,0,0,0,0,0,0,0,0,0,0,0,0,0,0,0,0,0,0.07078399848474769,0,0.06453444631350243,0,0.3510133202365007,0,0.12549093098453493,0,0.11348083579026771,0,0.09683899110070576,0,0.3457087255604609,0,0.018162943749779493,0,0.15417138069929032,0,0.11019609631312613,0,0.2086455028034091,0,0.10424687227659675,0,0.049476513107948754,0,0.6419413330407435,0,0.1572073655155221,0,0.21734442573753282,0,0.1435344033061697,0,0.04717314608284644,0,0.07059316646146879,0,0.04877669312068064,0,0.10352475001378969,0,0.3885867433307253
es192,0,0,0,0,0,0,0,0,0,0,0,0,0,0,0,0,0,0,0,0,0,0,0,0,0,0,0,0,0,0,0,0,0,0,0,0,0,0,0,0,0,0,0,0,0,0,0,0,0,0,0,0,0,0,0,0,0,0,0,0,0,0,0,0,0,0,0,0,0,0,0,0,0,0,0,0,0,0,0,0,0,0,0,0,0,0,0,0,0,0,0,0,0,0,0,0,0,0,0,0,0,0,0,0,0,0,0,0,0,0,0,0,0,0,0,0,0,0,0,0,0,0,0,0,0,0,0,0,0,0,0,0,0,0,0,0,0,0,0,0,0,0,0,0.0243965918354931,0,0.024916005761619748,0,0.09594203707936218,0,0.04950658667341237,0,0.04958057320028581,0,0.03679414899939932,0,0.08772041497097136,0,0.009045794458495562,0,0.08503090798492119,0,0.049679009111055855,0,0.1167609679026675,0,0.050425072829855554,0,0.031479493241997614,0,0.12750404852611952,0,0.09667725342572973,0,0.0610857914640301,0,0.05448260953752676,0,0.018174843155676152,0,0.0318342239394107,0,0.01313354338166622,0,0.043461744153170744,0,0.11725218773821239,0
es193,0,0,0,0,0,0,0,0,0,0,0,0,0,0,0,0,0,0,0,0,0,0,0,0,0,0,0,0,0,0,0,0,0,0,0,0,0,0,0,0,0,0,0,0,0,0,0,0,0,0,0,0,0,0,0,0,0,0,0,0,0,0,0,0,0,0,0,0,0,0,0,0,0,0,0,0,0,0,0,0,0,0,0,0,0,0,0,0,0,0,0,0,0,0,0,0,0,0,0,0,0,0,0,0,0,0,0,0,0,0,0,0,0,0,0,0,0,0,0,0,0,0,0,0,0,0,0,0,0,0,0,0,0,0,0,0,0,0,0,0,0,0,0,0,0.03466910556991856,0,0.03160815410309372,0,0.17192187664206454,0,0.06146386792924211,0,0.055581475480268754,0,0.047430510816342156,0,0.16932375338305028,0,0.008895979710121661,0,0.07551118879608816,0,0.05397265170455002,0,0.10219192357350075,0,0.05105879715271968,0,0.024232969214652993,0,0.1572073655155221,0,0.15399635138161377,0,0.10645254580456483,0,0.07030133204765374,0,0.02310480923119644,0,0.03457563846290562,0,0.023890206252148622,0,0.050705110818243374,0,0.1903248631893359
es194,0,0,0,0,0,0,0,0,0,0,0,0,0,0,0,0,0,0,0,0,0,0,0,0,0,0,0,0,0,0,0,0,0,0,0,0,0,0,0,0,0,0,0,0,0,0,0,0,0,0,0,0,0,0,0,0,0,0,0,0,0,0,0,0,0,0,0,0,0,0,0,0,0,0,0,0,0,0,0,0,0,0,0,0,0,0,0,0,0,0,0,0,0,0,0,0,0,0,0,0,0,0,0,0,0,0,0,0,0,0,0,0,0,0,0,0,0,0,0,0,0,0,0,0,0,0,0,0,0,0,0,0,0,0,0,0,0,0,0,0,0,0,0,0.030830108810256406,0,0.03148649507797884,0,0.12124248594146331,0,0.06256174896303274,0,0.06265524614859791,0,0.04649697076056117,0,0.11085277634974339,0,0.011431220775063472,0,0.1074540314109016,0,0.06277964015659464,0,0.1475514846296291,0,0.0637224450280733,0,0.039780810716789274,0,0.16112757537262073,0,0.0610857914640301,0,0.15438890893414134,0,0.06884997673588834,0,0.022967650394660723,0,0.04022908587232444,0,0.016596931827662743,0,0.05492284784534523,0,0.14817224186825179,0
es195,0,0,0,0,0,0,0,0,0,0,0,0,0,0,0,0,0,0,0,0,0,0,0,0,0,0,0,0,0,0,0,0,0,0,0,0,0,0,0,0,0,0,0,0,0,0,0,0,0,0,0,0,0,0,0,0,0,0,0,0,0,0,0,0,0,0,0,0,0,0,0,0,0,0,0,0,0,0,0,0,0,0,0,0,0,0,0,0,0,0,0,0,0,0,0,0,0,0,0,0,0,0,0,0,0,0,0,0,0,0,0,0,0,0,0,0,0,0,0,0,0,0,0,0,0,0,0,0,0,0,0,0,0,0,0,0,0,0,0,0,0,0,0,0,0.04793119467537834,0,0.04369932718885261,0,0.23768772810329333,0,0.08497584725042467,0,0.07684324351018403,0,0.06557426302521349,0,0.2340957360495239,0,0.012298988632808235,0,0.10439673683116166,0,0.0746189909855022,0,0.14128374247136238,0,0.07059048988968217,0,0.03350288811597718,0,0.21734442573753282,0,0.10645254580456481,0,0.29434838959765014,0,0.09719393612618141,0,0.03194316931437803,0,0.04780197328277718,0,0.0330290068890683,0,0.0701015067367244,0,0.2631304707499622
es196,0,0,0,0,0,0,0,0,0,0,0,0,0,0,0,0,0,0,0,0,0,0,0,0,0,0,0,0,0,0,0,0,0,0,0,0,0,0,0,0,0,0,0,0,0,0,0,0,0,0,0,0,0,0,0,0,0,0,0,0,0,0,0,0,0,0,0,0,0,0,0,0,0,0,0,0,0,0,0,0,0,0,0,0,0,0,0,0,0,0,0,0,0,0,0,0,0,0,0,0,0,0,0,0,0,0,0,0,0,0,0,0,0,0,0,0,0,0,0,0,0,0,0,0,0,0,0,0,0,0,0,0,0,0,0,0,0,0,0,0,0,0,0,0.027497471016606944,0,0.028082903993294724,0,0.10813655455045523,0,0.05579902067315879,0,0.05588241110703743,0,0.041470794466453846,0,0.09886993988725172,0,0.01019554176345214,0,0.09583858858635877,0,0.05599335851402132,0,0.13160163322909815,0,0.05683424914426054,0,0.03548063019933735,0,0.1437101912631213,0,0.05448260953752676,0,0.06884997673588834,0,0.12281502160377272,0,0.020484919626253234,0,0.03588044822050153,0,0.014802855698775007,0,0.048985860739955436,0,0.13215528856266925,0
es197,0,0,0,0,0,0,0,0,0,0,0,0,0,0,0,0,0,0,0,0,0,0,0,0,0,0,0,0,0,0,0,0,0,0,0,0,0,0,0,0,0,0,0,0,0,0,0,0,0,0,0,0,0,0,0,0,0,0,0,0,0,0,0,0,0,0,0,0,0,0,0,0,0,0,0,0,0,0,0,0,0,0,0,0,0,0,0,0,0,0,0,0,0,0,0,0,0,0,0,0,0,0,0,0,0,0,0,0,0,0,0,0,0,0,0,0,0,0,0,0,0,0,0,0,0,0,0,0,0,0,0,0,0,0,0,0,0,0,0,0,0,0,0,0,0.031653792841185496,0,0.028859064738598793,0,0.15696913371822363,0,0.056118106039006896,0,0.05074732912020697,0,0.043305286913279575,0,0.1545969797769907,0,0.008122260272786203,0,0.06894367443436286,0,0.04927843127362505,0,0.09330387749156609,0,0.04661800647071314,0,0.022125329593533357,0,0.1435344033061697,0,0.07030133204765372,0,0.09719393612618141,0,0.1283738801168647,0,0.021095290259636208,0,0.031568454947570504,0,0.021812378116118882,0,0.04629508167129214,0,0.17377153788327054
es198,0,0,0,0,0,0,0,0,0,0,0,0,0,0,0,0,0,0,0,0,0,0,0,0,0,0,0,0,0,0,0,0,0,0,0,0,0,0,0,0,0,0,0,0,0,0,0,0,0,0,0,0,0,0,0,0,0,0,0,0,0,0,0,0,0,0,0,0,0,0,0,0,0,0,0,0,0,0,0,0,0,0,0,0,0,0,0,0,0,0,0,0,0,0,0,0,0,0,0,0,0,0,0,0,0,0,0,0,0,0,0,0,0,0,0,0,0,0,0,0,0,0,0,0,0,0,0,0,0,0,0,0,0,0,0,0,0,0,0,0,0,0,0,0.009172876026805466,0,0.009368170500028746,0,0.036073252273205264,0,0.01861398449126174,0,0.018641802689936385,0,0.013834234288097508,0,0.03298200408378423,0,0.003401128800746138,0,0.031970776190862985,0,0.018678813613928053,0,0.04390096332155707,0,0.018959326156286156,0,0.01183597655125783,0,0.04794025484921768,0,0.018174843155676152,0,0.022967650394660723,0,0.020484919626253234,0,0.013667120735373121,0,0.011969351767444321,0,0.00493808176343008,0,0.0163411837896871,0,0.04408565709697227,0
es199,0,0,0,0,0,0,0,0,0,0,0,0,0,0,0,0,0,0,0,0,0,0,0,0,0,0,0,0,0,0,0,0,0,0,0,0,0,0,0,0,0,0,0,0,0,0,0,0,0,0,0,0,0,0,0,0,0,0,0,0,0,0,0,0,0,0,0,0,0,0,0,0,0,0,0,0,0,0,0,0,0,0,0,0,0,0,0,0,0,0,0,0,0,0,0,0,0,0,0,0,0,0,0,0,0,0,0,0,0,0,0,0,0,0,0,0,0,0,0,0,0,0,0,0,0,0,0,0,0,0,0,0,0,0,0,0,0,0,0,0,0,0,0,0,0.010403143492980388,0,0.009484645112045593,0,0.0515885230636503,0,0.018443436229179967,0,0.01667830927471386,0,0.014232452838238159,0,0.050808905342579716,0,0.0026694127787172416,0,0.022658609717720598,0,0.01619555022112459,0,0.030664686246802145,0,0.015321191147763695,0,0.00727157657680534,0,0.04717314608284644,0,0.02310480923119644,0,0.03194316931437803,0,0.021095290259636208,0,0.013866100198363962,0,0.010375096858660147,0,0.007168723843099223,0,0.015215060642560934,0,0.057110699266452784
es200,0,0,0,0,0,0,0,0,0,0,0,0,0,0,0,0,0,0,0,0,0,0,0,0,0,0,0,0,0,0,0,0,0,0,0,0,0,0,0,0,0,0,0,0,0,0,0,0,0,0,0,0,0,0,0,0,0,0,0,0,0,0,0,0,0,0,0,0,0,0,0,0,0,0,0,0,0,0,0,0,0,0,0,0,0,0,0,0,0,0,0,0,0,0,0,0,0,0,0,0,0,0,0,0,0,0,0,0,0,0,0,0,0,0,0,0,0,0,0,0,0,0,0,0,0,0,0,0,0,0,0,0,0,0,0,0,0,0,0,0,0,0,0,0.0160667900737608,0,0.016408858940131048,0,0.06318425866192022,0,0.032603403816141435,0,0.03265212890051297,0,0.024231411989931194,0,0.05776976972953054,0,0.005957261636996168,0,0.05599854920667394,0,0.032716955542067085,0,0.07689491928835908,0,0.033208288480390265,0,0.020731355140012935,0,0.08396995756773774,0,0.0318342239394107,0,0.04022908587232444,0,0.03588044822050153,0,0.011969351767444321,0,0.04192993813598919,0,0.008649318144957879,0,0.02862247006701137,0,0.07721842045733321,0
es201,0,0,0,0,0,0,0,0,0,0,0,0,0,0,0,0,0,0,0,0,0,0,0,0,0,0,0,0,0,0,0,0,0,0,0,0,0,0,0,0,0,0,0,0,0,0,0,0,0,0,0,0,0,0,0,0,0,0,0,0,0,0,0,0,0,0,0,0,0,0,0,0,0,0,0,0,0,0,0,0,0,0,0,0,0,0,0,0,0,0,0,0,0,0,0,0,0,0,0,0,0,0,0,0,0,0,0,0,0,0,0,0,0,0,0,0,0,0,0,0,0,0,0,0,0,0,0,0,0,0,0,0,0,0,0,0,0,0,0,0,0,0,0,0,0.015567985205666763,0,0.014193480546044385,0,0.07720064270756478,0,0.027600036714986547,0,0.02495857835850094,0,0.021298429208012778,0,0.07603396869639767,0,0.003994694360885152,0,0.03390791457451989,0,0.024236144239501167,0,0.045888762579190626,0,0.022927692700049872,0,0.01088169135088483,0,0.07059316646146878,0,0.03457563846290562,0,0.047801973282777174,0,0.031568454947570504,0,0.010375096858660145,0,0.03105202855501656,0,0.010727775389062364,0,0.022768871653701585,0,0.08546441004734268
es202,0,0,0,0,0,0,0,0,0,0,0,0,0,0,0,0,0,0,0,0,0,0,0,0,0,0,0,0,0,0,0,0,0,0,0,0,0,0,0,0,0,0,0,0,0,0,0,0,0,0,0,0,0,0,0,0,0,0,0,0,0,0,0,0,0,0,0,0,0,0,0,0,0,0,0,0,0,0,0,0,0,0,0,0,0,0,0,0,0,0,0,0,0,0,0,0,0,0,0,0,0,0,0,0,0,0,0,0,0,0,0,0,0,0,0,0,0,0,0,0,0,0,0,0,0,0,0,0,0,0,0,0,0,0,0,0,0,0,0,0,0,0,0,0.006628522964451066,0,0.006769647067383233,0,0.026067329417363845,0,0.013450876617072708,0,0.01347097866229884,0,0.009996923473758775,0,0.023833525150030798,0,0.0024577308463475437,0,0.023102789523501643,0,0.013497723574025263,0,0.031723806436290386,0,0.013700428137283683,0,0.008552938265757802,0,0.03464268777437552,0,0.01313354338166622,0,0.016596931827662743,0,0.014802855698775007,0,0.00493808176343008,0,0.008649318144957879,0,0.007136734056708401,0,0.011808500594548983,0,0.0318572702406799,0
es203,0,0,0,0,0,0,0,0,0,0,0,0,0,0,0,0,0,0,0,0,0,0,0,0,0,0,0,0,0,0,0,0,0,0,0,0,0,0,0,0,0,0,0,0,0,0,0,0,0,0,0,0,0,0,0,0,0,0,0,0,0,0,0,0,0,0,0,0,0,0,0,0,0,0,0,0,0,0,0,0,0,0,0,0,0,0,0,0,0,0,0,0,0,0,0,0,0,0,0,0,0,0,0,0,0,0,0,0,0,0,0,0,0,0,0,0,0,0,0,0,0,0,0,0,0,0,0,0,0,0,0,0,0,0,0,0,0,0,0,0,0,0,0,0,0.01075677540684587,0,0.009807054699644838,0,0.053342161101691585,0,0.019070380157847466,0,0.017245251606407854,0,0.014716253675896742,0,0.052536041996018204,0,0.002760153577445214,0,0.023428839170521593,0,0.01674608222375104,0,0.031707064609924625,0,0.015842001242514232,0,0.00751875778154506,0,0.04877669312068064,0,0.02389020625214862,0,0.0330290068890683,0,0.021812378116118882,0,0.007168723843099223,0,0.010727775389062366,0,0.014824817592096383,0,0.015732263064909404,0,0.05905205150267054
es204,0,0,0,0,0,0,0,0,0,0,0,0,0,0,0,0,0,0,0,0,0,0,0,0,0,0,0,0,0,0,0,0,0,0,0,0,0,0,0,0,0,0,0,0,0,0,0,0,0,0,0,0,0,0,0,0,0,0,0,0,0,0,0,0,0,0,0,0,0,0,0,0,0,0,0,0,0,0,0,0,0,0,0,0,0,0,0,0,0,0,0,0,0,0,0,0,0,0,0,0,0,0,0,0,0,0,0,0,0,0,0,0,0,0,0,0,0,0,0,0,0,0,0,0,0,0,0,0,0,0,0,0,0,0,0,0,0,0,0,0,0,0,0,0.02193522043689631,0,0.02240223070801976,0,0.08626244791450612,0,0.044511868669284756,0,0.04457839069774154,0,0.033081988440518545,0,0.07887030500731353,0,0.008133164534288926,0,0.07645214229821927,0,0.04466689541250691,0,0.10498095744850257,0,0.04533768878570396,0,0.028303528138730643,0,0.11464016899886076,0,0.043461744153170744,0,0.05492284784534523,0,0.048985860739955436,0,0.0163411837896871,0,0.02862247006701137,0,0.011808500594548983,0,0.07815378024932397,0,0.10542261812997435,0
es205,0,0,0,0,0,0,0,0,0,0,0,0,0,0,0,0,0,0,0,0,0,0,0,0,0,0,0,0,0,0,0,0,0,0,0,0,0,0,0,0,0,0,0,0,0,0,0,0,0,0,0,0,0,0,0,0,0,0,0,0,0,0,0,0,0,0,0,0,0,0,0,0,0,0,0,0,0,0,0,0,0,0,0,0,0,0,0,0,0,0,0,0,0,0,0,0,0,0,0,0,0,0,0,0,0,0,0,0,0,0,0,0,0,0,0,0,0,0,0,0,0,0,0,0,0,0,0,0,0,0,0,0,0,0,0,0,0,0,0,0,0,0,0,0,0.022830421943386144,0,0.020814713364031467,0,0.11321460189162694,0,0.04047540356260922,0,0.03660170969485693,0,0.0312341076334833,0,0.1115036765796198,0,0.005858212002968513,0,0.04972589495234084,0,0.03554226137542639,0,0.06729578672527524,0,0.0336234195764714,0,0.015957980542528147,0,0.10352475001378968,0,0.050705110818243374,0,0.0701015067367244,0,0.04629508167129215,0,0.015215060642560934,0,0.02276887165370159,0,0.015732263064909404,0,0.0667810176026626,0,0.1253334016410273
es206,0,0,0,0,0,0,0,0,0,0,0,0,0,0,0,0,0,0,0,0,0,0,0,0,0,0,0,0,0,0,0,0,0,0,0,0,0,0,0,0,0,0,0,0,0,0,0,0,0,0,0,0,0,0,0,0,0,0,0,0,0,0,0,0,0,0,0,0,0,0,0,0,0,0,0,0,0,0,0,0,0,0,0,0,0,0,0,0,0,0,0,0,0,0,0,0,0,0,0,0,0,0,0,0,0,0,0,0,0,0,0,0,0,0,0,0,0,0,0,0,0,0,0,0,0,0,0,0,0,0,0,0,0,0,0,0,0,0,0,0,0,0,0,0.05917739002102158,0,0.06043730208972408,0,0.23272100406240923,0,0.12008524009980098,0,0.12026470490318883,0,0.08924942141554772,0,0.2127782947940651,0,0.021941856072765175,0,0.20625451454840785,0,0.12050347515122152,0,0.2832202704131719,0,0.12231315840393359,0,0.07635797089229589,0,0.3092791345515795,0,0.11725218773821239,0,0.14817224186825179,0,0.13215528856266925,0,0.04408565709697227,0,0.07721842045733321,0,0.0318572702406799,0,0.10542261812997435,0,0.5688235874412246,0
es207,0,0,0,0,0,0,0,0,0,0,0,0,0,0,0,0,0,0,0,0,0,0,0,0,0,0,0,0,0,0,0,0,0,0,0,0,0,0,0,0,0,0,0,0,0,0,0,0,0,0,0,0,0,0,0,0,0,0,0,0,0,0,0,0,0,0,0,0,0,0,0,0,0,0,0,0,0,0,0,0,0,0,0,0,0,0,0,0,0,0,0,0,0,0,0,0,0,0,0,0,0,0,0,0,0,0,0,0,0,0,0,0,0,0,0,0,0,0,0,0,0,0,0,0,0,0,0,0,0,0,0,0,0,0,0,0,0,0,0,0,0,0,0,0,0.08569544298020558,0,0.0781293524342163,0,0.424958219562876,0,0.15192700540978007,0,0.1373868487368148,0,0.11723921250251686,0,0.4185361524244729,0,0.021989171900161808,0,0.1866493140641445,0,0.13341014198678752,0,0.2525990219727215,0,0.12620764707109375,0,0.0598992964323034,0,0.3885867433307253,0,0.1903248631893359,0,0.2631304707499622,0,0.17377153788327054,0,0.057110699266452784,0,0.08546441004734268,0,0.05905205150267054,0,0.1253334016410273,0,0.9408938126923518
