study_id,es_id,study_cluster_id,cohort_id,test_cluster_id,timepoint_id,ex_id,con_id,out_id,shared_control,data_status,id_notes,outcome_id_notes,title,doi,publish_in,study_notes,sp_latin,sp_common,strain,dam_age,dam_age_notes,gest_stage_ex,gest_window,gest_stage_ex_notes,exposure_span_d,exposure_type,exposure_session_duration_h,ex_session_duration_notes,noise_type,noise_type_2,loudness_dB,frequency_Hz,noise_notes,control_conditions,control_loudness,control_notes,offspring_sex,offspring_age_d,offspring_age_class,offspring_age_notes,experimental_procedures,experimental_procedures_notes,outcome_type,assay_type,assay_type_notes,measurement_variable,data_type,data_units,measurement_timing,data_source,data_file,c_a_id,ex_a_id,comparison,higher_better,effect_direction_label,higher_better_notes,c_mean,c_mean_analysis,c_mean_derivation,c_mean_source,c_sd,c_sd_analysis,c_sd_derivation,c_sd_source,c_n,c_se,c_se_analysis,c_se_derivation,c_se_source,c_ci,c_median,c_q1,c_q3,ex_mean,ex_mean_analysis,ex_mean_derivation,ex_mean_source,ex_sd,ex_sd_analysis,ex_sd_derivation,ex_sd_source,ex_n,ex_se,ex_se_analysis,ex_se_derivation,ex_se_source,ex_ci,ex_median,ex_q1,ex_q3,stat_comment,general_comment
uygur_2010_aphyhun,es001,uygur_2010_aphyhun,uygur_2010_aphyhun__con001__ex001,uygur_2010_aphyhun__defensive_withdrawal_test_dwt,uygur_2010_aphyhun__con001__ex001__pnd70,ex001,con001,out001,Yes,Corrected transcription,One control and one treatment,Only one assay for anxiety,Effects of chronic stress on cognitive functions and anxiety related behaviors in rats,10.1556/APhysiol.97.2010.3.6,Acta Physiologica Hungarica,,Rattus norvegicus,albino rat,Sprague-Dawley,,not reported,late,late,day 14-21,8,Intermittent,0.75,45 min,White noise,Audible,100,,,Unclear,,"They carried the cages to the other room too, but without any noise exposure",male,70,adolescent,70 days of age,none,,Anxiety,Defensive withdrawal test (DWT),Latency to exit the dark box with all four paws for the first time,Latency to exit the dark box,Time,s,Light Phase,Table II,uygur_2010_table2,CON_lat,PSN_lat,con_psn_lat,No,Positive,Not specified,90.9,90.9,Reported mean; used unchanged,uygur_2010_table2,,185.5940758752822,SD = reported SE * sqrt(n),uygur_2010_table2; reported SE and n,10,58.69,58.69,Reported SEM; used unchanged for analysis,uygur_2010_table2; Table II,,,,,137,137,Reported mean; used unchanged,uygur_2010_table2,,200.70000000000002,SD = reported SE * sqrt(n),uygur_2010_table2; reported SE and n,9,66.9,66.9,Reported SEM; used unchanged for analysis,uygur_2010_table2; Table II,,,,,,
uygur_2010_aphyhun,es002,uygur_2010_aphyhun,uygur_2010_aphyhun__con001__ex001,uygur_2010_aphyhun__defensive_withdrawal_test_dwt,uygur_2010_aphyhun__con001__ex001__pnd70,ex001,con001,out002,Yes,Corrected transcription,One control and one treatment,Only one assay for anxiety,Effects of chronic stress on cognitive functions and anxiety related behaviors in rats,10.1556/APhysiol.97.2010.3.6,Acta Physiologica Hungarica,,Rattus norvegicus,albino rat,Sprague-Dawley,,not reported,late,late,day 14-21,8,Intermittent,0.75,45 min,White noise,Audible,100,,,Unclear,,"They carried the cages to the other room too, but without any noise exposure",male,70,adolescent,70 days of age,none,,Anxiety,Defensive withdrawal test (DWT),,Exits from dark box,Count,Count,Light Phase,Table II,uygur_2010_table2,CON_ex,PSN_ex,con_psn_ex,Yes,Negative,Not specified,4.3,4.3,Reported mean; used unchanged,uygur_2010_table2,,2.593067681338071,SD = reported SE * sqrt(n),uygur_2010_table2; reported SE and n,10,0.82,0.82,Reported SEM; used unchanged for analysis,uygur_2010_table2; Table II,,,,,3.67,3.67,Reported mean; used unchanged,uygur_2010_table2,,2.19,SD = reported SE * sqrt(n),uygur_2010_table2; reported SE and n,9,0.73,0.73,Reported SEM; used unchanged for analysis,uygur_2010_table2; Table II,,,,,,
uygur_2010_aphyhun,es003,uygur_2010_aphyhun,uygur_2010_aphyhun__con001__ex001,uygur_2010_aphyhun__defensive_withdrawal_test_dwt,uygur_2010_aphyhun__con001__ex001__pnd70,ex001,con001,out003,Yes,Corrected transcription,One control and one treatment,Only one assay for anxiety,Effects of chronic stress on cognitive functions and anxiety related behaviors in rats,10.1556/APhysiol.97.2010.3.6,Acta Physiologica Hungarica,,Rattus norvegicus,albino rat,Sprague-Dawley,,not reported,late,late,day 14-21,8,Intermittent,0.75,45 min,White noise,Audible,100,,,Unclear,,"They carried the cages to the other room too, but without any noise exposure",male,70,adolescent,70 days of age,none,,Anxiety,Defensive withdrawal test (DWT),,Time in open field,Time,s,Light Phase,Table II,uygur_2010_table2,CON_oat,PSN_oat,con_psn_oat,Yes,Negative,Not specified,101.74,101.74,Reported mean; used unchanged,uygur_2010_table2,,79.84751091925158,SD = reported SE * sqrt(n),uygur_2010_table2; reported SE and n,10,25.25,25.25,Reported SEM; used unchanged for analysis,uygur_2010_table2; Table II,,,,,66.67,66.67,Reported mean; used unchanged,uygur_2010_table2,,50.61,SD = reported SE * sqrt(n),uygur_2010_table2; reported SE and n,9,16.87,16.87,Reported SEM; used unchanged for analysis,uygur_2010_table2; Table II,,,,,,
barzegar_2014_hippo,es004,barzegar_2014_hippo,barzegar_2014_hippo__con002__ex002,barzegar_2014_hippo__elevated_plus_maze_epm,barzegar_2014_hippo__con002__ex002__pnd46,ex002,con002,out004,Yes,Corrected transcription,They tested 1 h daily exposure duration,Only one assay for anxiety,"Prenatal Exposure to Noise Stress: Anxiety, Impaired Spatial Memory, and Deteriorated Hippocampal Plasticity in Postnatal Life",10.1002/hipo.22363,Hippocampus,,Rattus norvegicus,brown rat,Wistar rat,,not reported,late,late,at the third trimester,7,Intermittent,1,h,White noise,Audible,95,,,Unclear,,Control pregnant animals was kept in the noise chamber for the same period of time without noise exposure,male,46,adolescent,42-50 daysof age,none,,Anxiety,Elevated Plus Maze (EPM),"Evaluated spatial anxiety in rats. As a convention, an entry was defined as having all four paws in the arm.",Entries into open arms (OAE),Percentage,%,Not Reported,Figure 2A,barzegar_2014_figure2a.png,CON_oae,N1_oae,con_n1_oae,Yes,Negative,Not specified,32.07,32.07,Reported mean; used unchanged,barzegar_2014_figure2a.png,10.96,10.96,Reported or previously approved SD; used unchanged,barzegar_2014_figure2a.png,10,3.47,3.47,Digitised reported SEM; used unchanged for analysis,Metadigitise_figs/metaDigitise_output.csv and saved figure image,,,,,33.93,33.93,Reported mean; used unchanged,barzegar_2014_figure2a.png,19.61,19.61,Reported or previously approved SD; used unchanged,barzegar_2014_figure2a.png,10,6.2,6.2,Digitised reported SEM; used unchanged for analysis,Metadigitise_figs/metaDigitise_output.csv and saved figure image,,,,,,
barzegar_2014_hippo,es005,barzegar_2014_hippo,barzegar_2014_hippo__con002__ex002,barzegar_2014_hippo__elevated_plus_maze_epm,barzegar_2014_hippo__con002__ex002__pnd46,ex002,con002,out005,Yes,Corrected transcription,They tested 1 h daily exposure duration,Only one assay for anxiety,"Prenatal Exposure to Noise Stress: Anxiety, Impaired Spatial Memory, and Deteriorated Hippocampal Plasticity in Postnatal Life",10.1002/hipo.22363,Hippocampus,,Rattus norvegicus,brown rat,Wistar rat,,not reported,late,late,at the third trimester,7,Intermittent,1,h,White noise,Audible,95,,,Unclear,,Control pregnant animals was kept in the noise chamber for the same period of time without noise exposure,male,46,adolescent,42-50 daysof age,none,,Anxiety,Elevated Plus Maze (EPM),Evaluated spatial anxiety in rats,Time in open arms (OAT),Percentage,%,Not Reported,Figure 2B,barzegar_2014_figure2b.png,CON_oat,N1_oat,con_n1_oat,Yes,Negative,Not specified,30.02,30.02,Reported mean; used unchanged,barzegar_2014_figure2b.png,6.41,6.41,Reported or previously approved SD; used unchanged,barzegar_2014_figure2b.png,10,2.03,2.03,Digitised reported SEM; used unchanged for analysis,Metadigitise_figs/metaDigitise_output.csv and saved figure image,,,,,30.78,30.78,Reported mean; used unchanged,barzegar_2014_figure2b.png,4.33,4.33,Reported or previously approved SD; used unchanged,barzegar_2014_figure2b.png,10,1.37,1.37,Digitised reported SEM; used unchanged for analysis,Metadigitise_figs/metaDigitise_output.csv and saved figure image,,,,,,
barzegar_2014_hippo,es006,barzegar_2014_hippo,barzegar_2014_hippo__con002__ex003,barzegar_2014_hippo__elevated_plus_maze_epm,barzegar_2014_hippo__con002__ex003__pnd46,ex003,con002,out004,Yes,Corrected transcription,They tested 2 h daily exposure duration,Only one assay for anxiety,"Prenatal Exposure to Noise Stress: Anxiety, Impaired Spatial Memory, and Deteriorated Hippocampal Plasticity in Postnatal Life",10.1002/hipo.22363,Hippocampus,,Rattus norvegicus,brown rat,Wistar rat,,not reported,late,late,at the third trimester,7,Intermittent,2,h,White noise,Audible,95,,,Unclear,,Control pregnant animals was kept in the noise chamber for the same period of time without noise exposure,male,46,adolescent,42-50 daysof age,none,,Anxiety,Elevated Plus Maze (EPM),Evaluated spatial anxiety in rats,Entries into open arms (OAE),Percentage,%,Not Reported,Figure 2A,barzegar_2014_figure2a.png,CON_oae,N2_oae,con_n2_oae,Yes,Negative,Not specified,32.07,32.07,Reported mean; used unchanged,barzegar_2014_figure2a.png,10.96,10.96,Reported or previously approved SD; used unchanged,barzegar_2014_figure2a.png,10,3.47,3.47,Digitised reported SEM; used unchanged for analysis,Metadigitise_figs/metaDigitise_output.csv and saved figure image,,,,,14.27,14.27,Reported mean; used unchanged,barzegar_2014_figure2a.png,8.43,8.43,Reported or previously approved SD; used unchanged,barzegar_2014_figure2a.png,10,2.666667,2.666667,Digitised reported SEM; used unchanged for analysis,Metadigitise_figs/metaDigitise_output.csv and saved figure image,,,,,,
barzegar_2014_hippo,es007,barzegar_2014_hippo,barzegar_2014_hippo__con002__ex003,barzegar_2014_hippo__elevated_plus_maze_epm,barzegar_2014_hippo__con002__ex003__pnd46,ex003,con002,out005,Yes,Corrected transcription,They tested 2 h daily exposure duration,Only one assay for anxiety,"Prenatal Exposure to Noise Stress: Anxiety, Impaired Spatial Memory, and Deteriorated Hippocampal Plasticity in Postnatal Life",10.1002/hipo.22363,Hippocampus,,Rattus norvegicus,brown rat,Wistar rat,,not reported,late,late,at the third trimester,7,Intermittent,2,h,White noise,Audible,95,,,Unclear,,Control pregnant animals was kept in the noise chamber for the same period of time without noise exposure,male,46,adolescent,42-50 daysof age,none,,Anxiety,Elevated Plus Maze (EPM),Evaluated spatial anxiety in rats,Time in open arms (OAT),Percentage,%,Not Reported,Figure 2B,barzegar_2014_figure2b.png,CON_oat,N2_oat,con_n2_oat,Yes,Negative,Not specified,30.02,30.02,Reported mean; used unchanged,barzegar_2014_figure2b.png,6.41,6.41,Reported or previously approved SD; used unchanged,barzegar_2014_figure2b.png,10,2.03,2.03,Digitised reported SEM; used unchanged for analysis,Metadigitise_figs/metaDigitise_output.csv and saved figure image,,,,,21.53,21.53,Reported mean; used unchanged,barzegar_2014_figure2b.png,5.72,5.72,Reported or previously approved SD; used unchanged,barzegar_2014_figure2b.png,10,1.81,1.81,Digitised reported SEM; used unchanged for analysis,Metadigitise_figs/metaDigitise_output.csv and saved figure image,,,,,,
barzegar_2014_hippo,es008,barzegar_2014_hippo,barzegar_2014_hippo__con002__ex004,barzegar_2014_hippo__elevated_plus_maze_epm,barzegar_2014_hippo__con002__ex004__pnd46,ex004,con002,out004,Yes,Corrected transcription,They tested 4 h daily exposure duration,Only one assay for anxiety,"Prenatal Exposure to Noise Stress: Anxiety, Impaired Spatial Memory, and Deteriorated Hippocampal Plasticity in Postnatal Life",10.1002/hipo.22363,Hippocampus,,Rattus norvegicus,brown rat,Wistar rat,,not reported,late,late,at the third trimester,7,Intermittent,4,h,White noise,Audible,95,,,Unclear,,Control pregnant animals was kept in the noise chamber for the same period of time without noise exposure,male,46,adolescent,42-50 daysof age,none,,Anxiety,Elevated Plus Maze (EPM),Evaluated spatial anxiety in rats,Entries into open arms (OAE),Percentage,%,Not Reported,Figure 2A,barzegar_2014_figure2a.png,CON_oae,N4_oae,con_n4_oae,Yes,Negative,Not specified,32.07,32.07,Reported mean; used unchanged,barzegar_2014_figure2a.png,10.96,10.96,Reported or previously approved SD; used unchanged,barzegar_2014_figure2a.png,10,3.47,3.47,Digitised reported SEM; used unchanged for analysis,Metadigitise_figs/metaDigitise_output.csv and saved figure image,,,,,15.33,15.33,Reported mean; used unchanged,barzegar_2014_figure2a.png,8.85,8.85,Reported or previously approved SD; used unchanged,barzegar_2014_figure2a.png,10,2.8,2.8,Digitised reported SEM; used unchanged for analysis,Metadigitise_figs/metaDigitise_output.csv and saved figure image,,,,,,
barzegar_2014_hippo,es009,barzegar_2014_hippo,barzegar_2014_hippo__con002__ex004,barzegar_2014_hippo__elevated_plus_maze_epm,barzegar_2014_hippo__con002__ex004__pnd46,ex004,con002,out005,Yes,Corrected transcription,They tested 4 h daily exposure duration,Only one assay for anxiety,"Prenatal Exposure to Noise Stress: Anxiety, Impaired Spatial Memory, and Deteriorated Hippocampal Plasticity in Postnatal Life",10.1002/hipo.22363,Hippocampus,,Rattus norvegicus,brown rat,Wistar rat,,not reported,late,late,at the third trimester,7,Intermittent,4,h,White noise,Audible,95,,,Unclear,,Control pregnant animals was kept in the noise chamber for the same period of time without noise exposure,male,46,adolescent,42-50 daysof age,none,,Anxiety,Elevated Plus Maze (EPM),Evaluated spatial anxiety in rats,Time in open arms (OAT),Percentage,%,Not Reported,Figure 2B,barzegar_2014_figure2b.png,CON_oat,N4_oat,con_n4_oat,Yes,Negative,Not specified,30.02,30.02,Reported mean; used unchanged,barzegar_2014_figure2b.png,6.41,6.41,Reported or previously approved SD; used unchanged,barzegar_2014_figure2b.png,10,2.03,2.03,Digitised reported SEM; used unchanged for analysis,Metadigitise_figs/metaDigitise_output.csv and saved figure image,,,,,16.92,16.92,Reported mean; used unchanged,barzegar_2014_figure2b.png,8.31,8.31,Reported or previously approved SD; used unchanged,barzegar_2014_figure2b.png,10,2.63,2.63,Digitised reported SEM; used unchanged for analysis,Metadigitise_figs/metaDigitise_output.csv and saved figure image,,,,,,
hassanvand_2012_phyphar,es010,hassanvand_2012_phyphar,hassanvand_2012_phyphar__con003__ex005,hassanvand_2012_phyphar__open_field_test_oft,hassanvand_2012_phyphar__con003__ex005__pnd90,ex005,con003,out006,Yes,Verified – no change,Only one experiment,Only one assay,Alterations in dopamine related behavior of the offspring of pregnant Wistar rats exposed to noise pollution stress,,Physiology and Pharmacology,,Rattus norvegicus,brown rat,Wistar rat,,not reported 200g,"early, mid",early_mid,day 1-14,14,Intermittent,0.083,15 min,Traffic,Audible,125,,,Unclear,,"Environment without noise""محیط بی سر و صدا""",male,90,adult,3 months,none,They used a car alarm,Anxiety,Open Field Test (OFT),Locomotor and exploratory behaviour,Sniffing,Count,Count,Not Reported,Figure 2,hassanvand_2012_phyphar_Figure2,Control_sniff,Expn_sniff,control_exp_sniff,Yes,Negative,Not specified,41.568,41.568,Reported mean; used unchanged,hassanvand_2012_phyphar_Figure2,2.7625,2.7625,Reported or previously approved SD; used unchanged,hassanvand_2012_phyphar_Figure2,6,,1.127786,SD / sqrt(n); derived for analysis from the extracted SD and sample size,hassanvand_2012_phyphar_Figure2; Figure 2,,,,,35.5825,35.5825,Reported mean; used unchanged,hassanvand_2012_phyphar_Figure2,2.916,2.916,Reported or previously approved SD; used unchanged,hassanvand_2012_phyphar_Figure2,6,,1.190452,SD / sqrt(n); derived for analysis from the extracted SD and sample size,hassanvand_2012_phyphar_Figure2; Figure 2,,,,,,"non-English language, native speaker crossed-checked | Article URL: http://ppj.phypha.ir/article-1-805-en.html"
hassanvand_2012_phyphar,es011,hassanvand_2012_phyphar,hassanvand_2012_phyphar__con003__ex005,hassanvand_2012_phyphar__open_field_test_oft,hassanvand_2012_phyphar__con003__ex005__pnd90,ex005,con003,out007,Yes,Verified – no change,Only one experiment,Only one assay,Alterations in dopamine related behavior of the offspring of pregnant Wistar rats exposed to noise pollution stress,,Physiology and Pharmacology,,Rattus norvegicus,brown rat,Wistar rat,,not reported 200g,"early, mid",early_mid,day 1-14,14,Intermittent,0.083,15 min,Traffic,Audible,125,,,Unclear,,"Environment without noise""محیط بی سر و صدا""",male,90,adult,3 months,none,They used a car alarm,Anxiety,Open Field Test (OFT),Locomotor and exploratory behaviour,Rearing frequency,Count,Count,Not Reported,Figure 2,hassanvand_2012_phyphar_Figure2,Control_rear,Exp_rear,control_exp_rear,Yes,Negative,Not specified,13.943,13.943,Reported mean; used unchanged,hassanvand_2012_phyphar_Figure2,1.8417,1.8417,Reported or previously approved SD; used unchanged,hassanvand_2012_phyphar_Figure2,6,,0.751871,SD / sqrt(n); derived for analysis from the extracted SD and sample size,hassanvand_2012_phyphar_Figure2; Figure 2,,,,,20.6957,20.6957,Reported mean; used unchanged,hassanvand_2012_phyphar_Figure2,2.4556,2.4556,Reported or previously approved SD; used unchanged,hassanvand_2012_phyphar_Figure2,6,,1.002495,SD / sqrt(n); derived for analysis from the extracted SD and sample size,hassanvand_2012_phyphar_Figure2; Figure 2,,,,,,"non-English language, native speaker crossed-checked | Article URL: http://ppj.phypha.ir/article-1-805-en.html"
hassanvand_2012_phyphar,es012,hassanvand_2012_phyphar,hassanvand_2012_phyphar__con003__ex005,hassanvand_2012_phyphar__open_field_test_oft,hassanvand_2012_phyphar__con003__ex005__pnd90,ex005,con003,out008,Yes,Verified – no change,Only one experiment,Only one assay,Alterations in dopamine related behavior of the offspring of pregnant Wistar rats exposed to noise pollution stress,,Physiology and Pharmacology,,Rattus norvegicus,brown rat,Wistar rat,,not reported 200g,"early, mid",early_mid,day 1-14,14,Intermittent,0.083,15 min,Traffic,Audible,125,,,Unclear,,"Environment without noise""محیط بی سر و صدا""",male,90,adult,3 months,none,They used a car alarm,Anxiety,Open Field Test (OFT),Locomotor and exploratory behaviour,Sections crossed,Count,Count,Not Reported,Figure 2,hassanvand_2012_phyphar_Figure2,Control_loco,Exp_loco,control_exp_loco,Yes,Negative,Not specified,24.686,24.686,Reported mean; used unchanged,hassanvand_2012_phyphar_Figure2,4.4507,4.4507,Reported or previously approved SD; used unchanged,hassanvand_2012_phyphar_Figure2,6,,1.816991,SD / sqrt(n); derived for analysis from the extracted SD and sample size,hassanvand_2012_phyphar_Figure2; Figure 2,,,,,28.5228,28.5228,Reported mean; used unchanged,hassanvand_2012_phyphar_Figure2,2.609,2.609,Reported or previously approved SD; used unchanged,hassanvand_2012_phyphar_Figure2,6,,1.06512,SD / sqrt(n); derived for analysis from the extracted SD and sample size,hassanvand_2012_phyphar_Figure2; Figure 2,,,,,,"non-English language, native speaker crossed-checked | Article URL: http://ppj.phypha.ir/article-1-805-en.html"
arjunan_2023_stress,es013,arjunan_2023_stress,arjunan_2023_stress__con004__ex006,arjunan_2023_stress__open_field_test_oft,arjunan_2023_stress__con004__ex006__pnd45,ex006,con004,out009,Yes,Corrected transcription,"3 experimental groups: Early gestational, late gestational and full-term gestational",,Impacts of Maternal Noise Exposure on Risk of Stillbirth and Oxidative Stress-Induced Neurobehavioral Changes in Offspring,10.3390/stresses3030037,Stresses,,Rattus norvegicus,albino rat,Wistar albino rat,,not reported 160-180g,"early, mid",early_mid,day 1-10,10,Intermittent,4,h,White noise,Audible,100,"0-20,000",,Unclear,,,male,45,adolescent,,none,,Anxiety,Open Field Test (OFT),locomotion and emotional status,Time in central square,Time,s,Not Reported,Figure 3B,arjunan_2023_stress_fig3B_cen,Con_cen,Egs_cen,con_egs_cen,Yes,Negative,reduced time spent in the central square indicated the fear and anxiety-like behavior,225.39,225.39,Reported mean; used unchanged,arjunan_2023_stress_fig3B_cen,25.92,25.92,Reported or previously approved SD; used unchanged,arjunan_2023_stress_fig3B_cen,6,,10.581796,SD / sqrt(n); derived for analysis from the extracted SD and sample size,arjunan_2023_stress_fig3B_cen; Figure 3B,,,,,160.21,160.21,Reported mean; used unchanged,arjunan_2023_stress_fig3B_cen,18.85,18.85,Reported or previously approved SD; used unchanged,arjunan_2023_stress_fig3B_cen,6,,7.69548,SD / sqrt(n); derived for analysis from the extracted SD and sample size,arjunan_2023_stress_fig3B_cen; Figure 3B,,,,,,
arjunan_2023_stress,es014,arjunan_2023_stress,arjunan_2023_stress__con004__ex006,arjunan_2023_stress__open_field_test_oft,arjunan_2023_stress__con004__ex006__pnd45,ex006,con004,out010,Yes,Corrected transcription,"3 experimental groups: Early gestational, late gestational and full-term gestational",,Impacts of Maternal Noise Exposure on Risk of Stillbirth and Oxidative Stress-Induced Neurobehavioral Changes in Offspring,10.3390/stresses3030037,Stresses,,Rattus norvegicus,albino rat,Wistar albino rat,,not reported 160-180g,"early, mid",early_mid,day 1-10,10,Intermittent,4,h,White noise,Audible,100,"0-20,000",,Unclear,,,male,45,adolescent,,none,,Anxiety,Open Field Test (OFT),locomotion and emotional status,Time in peripheral square,Time,s,Not Reported,Figure 3B,arjunan_2023_stress_fig3B_peri.png,Con_per,Egs_per,con_egs_per,No,Positive,reduced time spent in the central square indicated the fear and anxiety-like behavior,71.74,71.74,Reported mean; used unchanged,arjunan_2023_stress_fig3B_peri.png,28.21,28.21,Reported or previously approved SD; used unchanged,arjunan_2023_stress_fig3B_peri.png,6,,11.516684,SD / sqrt(n); derived for analysis from the extracted SD and sample size,arjunan_2023_stress_fig3B_peri.png; Figure 3B,,,,,132.86,132.86,Reported mean; used unchanged,arjunan_2023_stress_fig3B_peri.png,19.48,19.48,Reported or previously approved SD; used unchanged,arjunan_2023_stress_fig3B_peri.png,6,,7.952677,SD / sqrt(n); derived for analysis from the extracted SD and sample size,arjunan_2023_stress_fig3B_peri.png; Figure 3B,,,,,,
arjunan_2023_stress,es015,arjunan_2023_stress,arjunan_2023_stress__con004__ex007,arjunan_2023_stress__open_field_test_oft,arjunan_2023_stress__con004__ex007__pnd45,ex007,con004,out009,Yes,Corrected transcription,"3 experimental groups: Early gestational, late gestational and full-term gestational",,Impacts of Maternal Noise Exposure on Risk of Stillbirth and Oxidative Stress-Induced Neurobehavioral Changes in Offspring,10.3390/stresses3030037,Stresses,,Rattus norvegicus,albino rat,Wistar albino rat,,not reported 160-180g,late,late,day 11-21,11,Intermittent,4,h,White noise,Audible,100,"0-20,000",,Unclear,,,male,45,adolescent,,none,,Anxiety,Open Field Test (OFT),locomotion and emotional status,Time in central square,Time,s,Not Reported,Figure 3B,arjunan_2023_stress_fig3B_cen,Con_cen,Lgs_cen,con_lgs_cen,Yes,Negative,reduced time spent in the central square indicated the fear and anxiety-like behavior,225.39,225.39,Reported mean; used unchanged,arjunan_2023_stress_fig3B_cen,25.92,25.92,Reported or previously approved SD; used unchanged,arjunan_2023_stress_fig3B_cen,6,,10.581796,SD / sqrt(n); derived for analysis from the extracted SD and sample size,arjunan_2023_stress_fig3B_cen; Figure 3B,,,,,124.08,124.08,Reported mean; used unchanged,arjunan_2023_stress_fig3B_cen,11.78,11.78,Reported or previously approved SD; used unchanged,arjunan_2023_stress_fig3B_cen,6,,4.809165,SD / sqrt(n); derived for analysis from the extracted SD and sample size,arjunan_2023_stress_fig3B_cen; Figure 3B,,,,,,
arjunan_2023_stress,es016,arjunan_2023_stress,arjunan_2023_stress__con004__ex007,arjunan_2023_stress__open_field_test_oft,arjunan_2023_stress__con004__ex007__pnd45,ex007,con004,out010,Yes,Corrected transcription,"3 experimental groups: Early gestational, late gestational and full-term gestational",,Impacts of Maternal Noise Exposure on Risk of Stillbirth and Oxidative Stress-Induced Neurobehavioral Changes in Offspring,10.3390/stresses3030037,Stresses,,Rattus norvegicus,albino rat,Wistar albino rat,,not reported 160-180g,late,late,day 11-21,11,Intermittent,4,h,White noise,Audible,100,"0-20,000",,Unclear,,,male,45,adolescent,,none,,Anxiety,Open Field Test (OFT),locomotion and emotional status,Time in peripheral square,Time,s,Not Reported,Figure 3B,arjunan_2023_stress_fig3B_peri.png,Con_per,Lgs_per,con_lgs_per,No,Positive,reduced time spent in the central square indicated the fear and anxiety-like behavior,71.74,71.74,Reported mean; used unchanged,arjunan_2023_stress_fig3B_peri.png,28.21,28.21,Reported or previously approved SD; used unchanged,arjunan_2023_stress_fig3B_peri.png,6,,11.516684,SD / sqrt(n); derived for analysis from the extracted SD and sample size,arjunan_2023_stress_fig3B_peri.png; Figure 3B,,,,,170.48,170.48,Reported mean; used unchanged,arjunan_2023_stress_fig3B_peri.png,10.75,10.75,Reported or previously approved SD; used unchanged,arjunan_2023_stress_fig3B_peri.png,6,,4.388669,SD / sqrt(n); derived for analysis from the extracted SD and sample size,arjunan_2023_stress_fig3B_peri.png; Figure 3B,,,,,,
arjunan_2023_stress,es017,arjunan_2023_stress,arjunan_2023_stress__con004__ex008,arjunan_2023_stress__open_field_test_oft,arjunan_2023_stress__con004__ex008__pnd45,ex008,con004,out009,Yes,Corrected transcription,"3 experimental groups: Early gestational, late gestational and full-term gestational",,Impacts of Maternal Noise Exposure on Risk of Stillbirth and Oxidative Stress-Induced Neurobehavioral Changes in Offspring,10.3390/stresses3030037,Stresses,,Rattus norvegicus,albino rat,Wistar albino rat,,not reported 160-180g,"early, mid, late",full_gestation,day 1-21,21,Intermittent,4,h,White noise,Audible,100,"0-20,000",,Unclear,,,male,45,adolescent,,none,,Anxiety,Open Field Test (OFT),locomotion and emotional status,Time in central square,Time,s,Not Reported,Figure 3B,arjunan_2023_stress_fig3B_cen,Con_cen,Fgs_cen,con_fgs_cen,Yes,Negative,reduced time spent in the central square indicated the fear and anxiety-like behavior,225.39,225.39,Reported mean; used unchanged,arjunan_2023_stress_fig3B_cen,25.92,25.92,Reported or previously approved SD; used unchanged,arjunan_2023_stress_fig3B_cen,6,,10.581796,SD / sqrt(n); derived for analysis from the extracted SD and sample size,arjunan_2023_stress_fig3B_cen; Figure 3B,,,,,93.46,93.46,Reported mean; used unchanged,arjunan_2023_stress_fig3B_cen,11.78,11.78,Reported or previously approved SD; used unchanged,arjunan_2023_stress_fig3B_cen,6,,4.809165,SD / sqrt(n); derived for analysis from the extracted SD and sample size,arjunan_2023_stress_fig3B_cen; Figure 3B,,,,,,
arjunan_2023_stress,es018,arjunan_2023_stress,arjunan_2023_stress__con004__ex008,arjunan_2023_stress__open_field_test_oft,arjunan_2023_stress__con004__ex008__pnd45,ex008,con004,out010,Yes,Corrected transcription,"3 experimental groups: Early gestational, late gestational and full-term gestational",,Impacts of Maternal Noise Exposure on Risk of Stillbirth and Oxidative Stress-Induced Neurobehavioral Changes in Offspring,10.3390/stresses3030037,Stresses,,Rattus norvegicus,albino rat,Wistar albino rat,,not reported 160-180g,"early, mid, late",full_gestation,day 1-21,21,Intermittent,4,h,White noise,Audible,100,"0-20,000",,Unclear,,,male,45,adolescent,,none,,Anxiety,Open Field Test (OFT),locomotion and emotional status,Time in peripheral square,Time,s,Not Reported,Figure 3B,arjunan_2023_stress_fig3B_peri.png,Con_per,Fgs_per,con_fgs_per,No,Positive,reduced time spent in the central square indicated the fear and anxiety-like behavior,71.74,71.74,Reported mean; used unchanged,arjunan_2023_stress_fig3B_peri.png,28.21,28.21,Reported or previously approved SD; used unchanged,arjunan_2023_stress_fig3B_peri.png,6,,11.516684,SD / sqrt(n); derived for analysis from the extracted SD and sample size,arjunan_2023_stress_fig3B_peri.png; Figure 3B,,,,,202.72,202.72,Reported mean; used unchanged,arjunan_2023_stress_fig3B_peri.png,12.09,12.09,Reported or previously approved SD; used unchanged,arjunan_2023_stress_fig3B_peri.png,6,,4.935722,SD / sqrt(n); derived for analysis from the extracted SD and sample size,arjunan_2023_stress_fig3B_peri.png; Figure 3B,,,,,,
hadizadeh_2018_irjbamedsci,es019,hadizadeh_2018_irjbamedsci,hadizadeh_2018_irjbamedsci__con005__ex009,hadizadeh_2018_irjbamedsci__elevated_plus_maze_epm,hadizadeh_2018_irjbamedsci__con005__ex009__pnd45,ex009,con005,out011,Yes,Verified – no change,One control and one stress group; male offspring only,,Probiotic supplementation improves the cognitive function and the anxiety-like behaviors in the stressed rats,10.22038/ijbms.2019.33956.8078,Iranian Journal of Basic Medical Sciences,,Rattus norvegicus,brown rat,Wistar rat,,not reported,late,late,third trimester,7,Intermittent,4,h,Traffic,Audible,95,,,Unclear,,The control: kept in the noise chamber for the same period of time without noise exposure,male,45,adolescent,,The CON and ST groups received drinking water as vehicle,,Anxiety,Elevated Plus Maze (EPM),,Entries into open arms (OAE),Percentage,%,Not Reported,Figure 2A,hadizadeh_2018_irjbamedsci_fig2A,CON_en,ST_en,CON_ST_en,Yes,Negative,declined the anxiety-like behavior where the number of open arm entries increased,54.98,54.98,Reported mean; used unchanged,hadizadeh_2018_irjbamedsci_fig2A,7.67,7.67,Reported or previously approved SD; used unchanged,hadizadeh_2018_irjbamedsci_fig2A,6,3.13,3.13,Reported SEM; used unchanged for analysis,hadizadeh_2018_irjbamedsci_fig2A; Figure 2A,,,,,19.51,19.51,Reported mean; used unchanged,hadizadeh_2018_irjbamedsci_fig2A,3.07,3.07,Reported or previously approved SD; used unchanged,hadizadeh_2018_irjbamedsci_fig2A,6,1.25,1.25,Reported SEM; used unchanged for analysis,hadizadeh_2018_irjbamedsci_fig2A; Figure 2A,,,,,,
hadizadeh_2018_irjbamedsci,es020,hadizadeh_2018_irjbamedsci,hadizadeh_2018_irjbamedsci__con005__ex009,hadizadeh_2018_irjbamedsci__elevated_plus_maze_epm,hadizadeh_2018_irjbamedsci__con005__ex009__pnd45,ex009,con005,out012,Yes,Verified – no change,One control and one stress group; male offspring only,,Probiotic supplementation improves the cognitive function and the anxiety-like behaviors in the stressed rats,10.22038/ijbms.2019.33956.8078,Iranian Journal of Basic Medical Sciences,,Rattus norvegicus,brown rat,Wistar rat,,not reported,late,late,third trimester,7,Intermittent,4,h,Traffic,Audible,95,,,Unclear,,The control: kept in the noise chamber for the same period of time without noise exposure,male,45,adolescent,,The CON and ST groups received drinking water as vehicle,,Anxiety,Elevated Plus Maze (EPM),,Time in open arms (OAT),Percentage,%,Not Reported,Figure 2B,hadizadeh_2018_irjbamedsci_fig2B,CON_ti,ST_ti,CON_ST_ti,Yes,Negative,,41.56,41.56,Reported mean; used unchanged,hadizadeh_2018_irjbamedsci_fig2B,2.9,2.9,Reported or previously approved SD; used unchanged,hadizadeh_2018_irjbamedsci_fig2B,6,1.18,1.18,Reported SEM; used unchanged for analysis,hadizadeh_2018_irjbamedsci_fig2B; Figure 2B,,,,,17.52,17.52,Reported mean; used unchanged,hadizadeh_2018_irjbamedsci_fig2B,4.35,4.35,Reported or previously approved SD; used unchanged,hadizadeh_2018_irjbamedsci_fig2B,6,1.78,1.78,Reported SEM; used unchanged for analysis,hadizadeh_2018_irjbamedsci_fig2B; Figure 2B,,,,,,
abramova_2024_devneur,es021,abramova_2024_devneur,abramova_2024_devneur__con006__ex010,abramova_2024_devneur__elevated_plus_maze_epm,abramova_2024_devneur__con006__ex010__pnd70,ex010,con006,out013,No,Verified – no change,"one control, one treatment for females and males",,Ultrasound-Induced Prenatal Stress: New Possibilities for Modeling Mental Disorders,10.1159/000534687,Developmental Neuroscience,,Rattus norvegicus,brown rat,Wistar rat,16,3 months,"early, mid, late",full_gestation,permanently during the whole period of gestation (21 days),21,Continuous,24,Expossed to continuous variable frequencies,Ultrasound,Ultrasound,50,"20,000-45,000",,Ambient sound,,"No noise, standars housing conditions",female,70,adolescent,,none,,Anxiety,Elevated Plus Maze (EPM),They divided in two groups,Time in open arms (OAT),Time,s,Light Phase,Fig. 2. a,abramova_2024_devneur_fig2a,Con_f_oa,PS_f_oa,Con_PS_f_oa,Yes,Negative,,45.56,45.56,Reported mean; used unchanged,abramova_2024_devneur_fig2a,30.7,30.7,Reported or previously approved SD; used unchanged,abramova_2024_devneur_fig2a,37,,5.047049,SD / sqrt(n); derived for analysis from the extracted SD and sample size,abramova_2024_devneur_fig2a; Fig. 2. a,,,,,27.88,27.88,Reported mean; used unchanged,abramova_2024_devneur_fig2a,17.52,17.52,Reported or previously approved SD; used unchanged,abramova_2024_devneur_fig2a,49,,2.502857,SD / sqrt(n); derived for analysis from the extracted SD and sample size,abramova_2024_devneur_fig2a; Fig. 2. a,,,,,results presented as Med (Q1; Q3),
abramova_2024_devneur,es022,abramova_2024_devneur,abramova_2024_devneur__con007__ex011,abramova_2024_devneur__elevated_plus_maze_epm,abramova_2024_devneur__con007__ex011__pnd70,ex011,con007,out013,No,Verified – no change,"one control, one treatment for females and males",,Ultrasound-Induced Prenatal Stress: New Possibilities for Modeling Mental Disorders,10.1159/000534687,Developmental Neuroscience,,Rattus norvegicus,brown rat,Wistar rat,16,3 months,"early, mid, late",full_gestation,permanently during the whole period of gestation (21 days),21,Continuous,24,Expossed to continuous variable frequencies,Ultrasound,Ultrasound,50,"20,000-45,000",,Ambient sound,,"No noise, standars housing conditions",male,70,adolescent,,none,,Anxiety,Elevated Plus Maze (EPM),They divided in two groups,Time in open arms (OAT),Time,s,Light Phase,Fig. 2. a,abramova_2024_devneur_fig2a,Con_m_oa,PS_m_oa,Con_PS_m_oa,Yes,Negative,,53.82,53.82,Reported mean; used unchanged,abramova_2024_devneur_fig2a,29.51,29.51,Reported or previously approved SD; used unchanged,abramova_2024_devneur_fig2a,35,,4.9881,SD / sqrt(n); derived for analysis from the extracted SD and sample size,abramova_2024_devneur_fig2a; Fig. 2. a,,,,,38.35,38.35,Reported mean; used unchanged,abramova_2024_devneur_fig2a,24.99,24.99,Reported or previously approved SD; used unchanged,abramova_2024_devneur_fig2a,44,,3.767384,SD / sqrt(n); derived for analysis from the extracted SD and sample size,abramova_2024_devneur_fig2a; Fig. 2. a,,,,,results presented as Med (Q1; Q3),
abramova_2024_devneur,es023,abramova_2024_devneur,abramova_2024_devneur__con006__ex010,abramova_2024_devneur__elevated_plus_maze_epm,abramova_2024_devneur__con006__ex010__pnd70,ex010,con006,out014,No,Verified – no change,"one control, one treatment for females and males",,Ultrasound-Induced Prenatal Stress: New Possibilities for Modeling Mental Disorders,10.1159/000534687,Developmental Neuroscience,,Rattus norvegicus,brown rat,Wistar rat,16,3 months,"early, mid, late",full_gestation,permanently during the whole period of gestation (21 days),21,Continuous,24,Expossed to continuous variable frequencies,Ultrasound,Ultrasound,50,"20,000-45,000",,Ambient sound,,"No noise, standars housing conditions",female,70,adolescent,,none,,Anxiety,Elevated Plus Maze (EPM),They divided in two groups | Head-dipping,Head-dipping,Count,Count,Light Phase,Fig. 2. b,abramova_2024_devneur_fig2b,Con_f_hd,PS_f_hd,Con_PS_f_hd,Yes,Negative,,10.2,10.2,Reported mean; used unchanged,abramova_2024_devneur_fig2b,5.76,5.76,Reported or previously approved SD; used unchanged,abramova_2024_devneur_fig2b,37,,0.946938,SD / sqrt(n); derived for analysis from the extracted SD and sample size,abramova_2024_devneur_fig2b; Fig. 2. b,,,,,4.46,4.46,Reported mean; used unchanged,abramova_2024_devneur_fig2b,3.09,3.09,Reported or previously approved SD; used unchanged,abramova_2024_devneur_fig2b,49,,0.441429,SD / sqrt(n); derived for analysis from the extracted SD and sample size,abramova_2024_devneur_fig2b; Fig. 2. b,,,,,results presented as Med (Q1; Q3),
abramova_2024_devneur,es024,abramova_2024_devneur,abramova_2024_devneur__con007__ex011,abramova_2024_devneur__elevated_plus_maze_epm,abramova_2024_devneur__con007__ex011__pnd70,ex011,con007,out014,No,Verified – no change,"one control, one treatment for females and males",,Ultrasound-Induced Prenatal Stress: New Possibilities for Modeling Mental Disorders,10.1159/000534687,Developmental Neuroscience,,Rattus norvegicus,brown rat,Wistar rat,16,3 months,"early, mid, late",full_gestation,permanently during the whole period of gestation (21 days),21,Continuous,24,Expossed to continuous variable frequencies,Ultrasound,Ultrasound,50,"20,000-45,000",,Ambient sound,,"No noise, standars housing conditions",male,70,adolescent,,none,,Anxiety,Elevated Plus Maze (EPM),They divided in two groups | Head-dipping,Head-dipping,Count,Count,Light Phase,Fig. 2. b,abramova_2024_devneur_fig2b,Con_m_hd,PS_m_hd,Con_PS_m_hd,Yes,Negative,,11.55,11.55,Reported mean; used unchanged,abramova_2024_devneur_fig2b,6.92,6.92,Reported or previously approved SD; used unchanged,abramova_2024_devneur_fig2b,35,,1.169693,SD / sqrt(n); derived for analysis from the extracted SD and sample size,abramova_2024_devneur_fig2b; Fig. 2. b,,,,,8.55,8.55,Reported mean; used unchanged,abramova_2024_devneur_fig2b,5.26,5.26,Reported or previously approved SD; used unchanged,abramova_2024_devneur_fig2b,44,,0.792975,SD / sqrt(n); derived for analysis from the extracted SD and sample size,abramova_2024_devneur_fig2b; Fig. 2. b,,,,,results presented as Med (Q1; Q3),
abramova_2024_devneur,es025,abramova_2024_devneur,abramova_2024_devneur__con006__ex010,abramova_2024_devneur__elevated_plus_maze_epm,abramova_2024_devneur__con006__ex010__pnd70,ex010,con006,out015,No,Verified – no change,"one control, one treatment for females and males",,Ultrasound-Induced Prenatal Stress: New Possibilities for Modeling Mental Disorders,10.1159/000534687,Developmental Neuroscience,,Rattus norvegicus,brown rat,Wistar rat,16,3 months,"early, mid, late",full_gestation,permanently during the whole period of gestation (21 days),21,Continuous,24,Expossed to continuous variable frequencies,Ultrasound,Ultrasound,50,"20,000-45,000",,Ambient sound,,"No noise, standars housing conditions",female,70,adolescent,,none,,Anxiety,Elevated Plus Maze (EPM),They divided in two groups,Total freezing time,Time,s,Light Phase,Fig. 2. c,abramova_2024_devneur_fig2c,Con_f_fr,PS_f_fr,Con_PS_f_fr,No,Positive,,2.59,2.59,Reported mean; used unchanged,abramova_2024_devneur_fig2c,3.45,3.45,Reported or previously approved SD; used unchanged,abramova_2024_devneur_fig2c,37,,0.567177,SD / sqrt(n); derived for analysis from the extracted SD and sample size,abramova_2024_devneur_fig2c; Fig. 2. c,,,,,20.84,20.84,Reported mean; used unchanged,abramova_2024_devneur_fig2c,19.55,19.55,Reported or previously approved SD; used unchanged,abramova_2024_devneur_fig2c,49,,2.792857,SD / sqrt(n); derived for analysis from the extracted SD and sample size,abramova_2024_devneur_fig2c; Fig. 2. c,,,,,results presented as Med (Q1; Q3),
abramova_2024_devneur,es026,abramova_2024_devneur,abramova_2024_devneur__con007__ex011,abramova_2024_devneur__elevated_plus_maze_epm,abramova_2024_devneur__con007__ex011__pnd70,ex011,con007,out015,No,Verified – no change,"one control, one treatment for females and males",,Ultrasound-Induced Prenatal Stress: New Possibilities for Modeling Mental Disorders,10.1159/000534687,Developmental Neuroscience,,Rattus norvegicus,brown rat,Wistar rat,16,3 months,"early, mid, late",full_gestation,permanently during the whole period of gestation (21 days),21,Continuous,24,Expossed to continuous variable frequencies,Ultrasound,Ultrasound,50,"20,000-45,000",,Ambient sound,,"No noise, standars housing conditions",male,70,adolescent,,none,,Anxiety,Elevated Plus Maze (EPM),They divided in two groups,Total freezing time,Time,s,Light Phase,Fig. 2. c,abramova_2024_devneur_fig2c,Con_m_fr,PS_m_fr,Con_PS_m_fr,No,Positive,,1.23,1.23,Reported mean; used unchanged,abramova_2024_devneur_fig2c,2.02,2.02,Reported or previously approved SD; used unchanged,abramova_2024_devneur_fig2c,35,,0.341442,SD / sqrt(n); derived for analysis from the extracted SD and sample size,abramova_2024_devneur_fig2c; Fig. 2. c,,,,,3.27,3.27,Reported mean; used unchanged,abramova_2024_devneur_fig2c,3.72,3.72,Reported or previously approved SD; used unchanged,abramova_2024_devneur_fig2c,44,,0.560811,SD / sqrt(n); derived for analysis from the extracted SD and sample size,abramova_2024_devneur_fig2c; Fig. 2. c,,,,,results presented as Med (Q1; Q3),
abramova_2024_devneur,es027,abramova_2024_devneur,abramova_2024_devneur__con006__ex010,abramova_2024_devneur__elevated_plus_maze_epm,abramova_2024_devneur__con006__ex010__pnd70,ex010,con006,out016,No,Verified – no change,"one control, one treatment for females and males",,Ultrasound-Induced Prenatal Stress: New Possibilities for Modeling Mental Disorders,10.1159/000534687,Developmental Neuroscience,,Rattus norvegicus,brown rat,Wistar rat,16,3 months,"early, mid, late",full_gestation,permanently during the whole period of gestation (21 days),21,Continuous,24,Expossed to continuous variable frequencies,Ultrasound,Ultrasound,50,"20,000-45,000",,Ambient sound,,"No noise, standars housing conditions",female,70,adolescent,,none,,Anxiety,Elevated Plus Maze (EPM),They divided in two groups,Total grooming time,Time,s,Light Phase,Fig. 2. d,abramova_2024_devneur_fig2d,Con_f_gd,PS_f_gd,Con_PS_f_gd,No,Positive,,22.57,22.57,Reported mean; used unchanged,abramova_2024_devneur_fig2d,14.12,14.12,Reported or previously approved SD; used unchanged,abramova_2024_devneur_fig2d,37,,2.321314,SD / sqrt(n); derived for analysis from the extracted SD and sample size,abramova_2024_devneur_fig2d; Fig. 2. d,,,,,30.57,30.57,Reported mean; used unchanged,abramova_2024_devneur_fig2d,22.63,22.63,Reported or previously approved SD; used unchanged,abramova_2024_devneur_fig2d,49,,3.232857,SD / sqrt(n); derived for analysis from the extracted SD and sample size,abramova_2024_devneur_fig2d; Fig. 2. d,,,,,results presented as Med (Q1; Q3),
abramova_2024_devneur,es028,abramova_2024_devneur,abramova_2024_devneur__con007__ex011,abramova_2024_devneur__elevated_plus_maze_epm,abramova_2024_devneur__con007__ex011__pnd70,ex011,con007,out016,No,Verified – no change,"one control, one treatment for females and males",,Ultrasound-Induced Prenatal Stress: New Possibilities for Modeling Mental Disorders,10.1159/000534687,Developmental Neuroscience,,Rattus norvegicus,brown rat,Wistar rat,16,3 months,"early, mid, late",full_gestation,permanently during the whole period of gestation (21 days),21,Continuous,24,Expossed to continuous variable frequencies,Ultrasound,Ultrasound,50,"20,000-45,000",,Ambient sound,,"No noise, standars housing conditions",male,70,adolescent,,none,,Anxiety,Elevated Plus Maze (EPM),They divided in two groups,Total grooming time,Time,s,Light Phase,Fig. 2. d,abramova_2024_devneur_fig2d,Con_m_gd,PS_m_gd,Con_PS_m_gd,No,Positive,,28.31,28.31,Reported mean; used unchanged,abramova_2024_devneur_fig2d,19.54,19.54,Reported or previously approved SD; used unchanged,abramova_2024_devneur_fig2d,35,,3.302863,SD / sqrt(n); derived for analysis from the extracted SD and sample size,abramova_2024_devneur_fig2d; Fig. 2. d,,,,,48.4,48.4,Reported mean; used unchanged,abramova_2024_devneur_fig2d,27.76,27.76,Reported or previously approved SD; used unchanged,abramova_2024_devneur_fig2d,44,,4.184977,SD / sqrt(n); derived for analysis from the extracted SD and sample size,abramova_2024_devneur_fig2d; Fig. 2. d,,,,,results presented as Med (Q1; Q3),
abramova_2024_devneur,es029,abramova_2024_devneur,abramova_2024_devneur__con006__ex010,abramova_2024_devneur__elevated_plus_maze_epm,abramova_2024_devneur__con006__ex010__pnd70,ex010,con006,out017,No,Verified – no change,"one control, one treatment for females and males",,Ultrasound-Induced Prenatal Stress: New Possibilities for Modeling Mental Disorders,10.1159/000534687,Developmental Neuroscience,,Rattus norvegicus,brown rat,Wistar rat,16,3 months,"early, mid, late",full_gestation,permanently during the whole period of gestation (21 days),21,Continuous,24,Expossed to continuous variable frequencies,Ultrasound,Ultrasound,50,"20,000-45,000",,Ambient sound,,"No noise, standars housing conditions",female,70,adolescent,,none,,Anxiety,Elevated Plus Maze (EPM),They divided in two groups,Mean grooming duration,Time,s,Light Phase,Fig. 2. e,abramova_2024_devneur_fig2e,Con_f_mg,PS_f_mg,Con_PS_f_mg,No,Positive,,6.97,6.97,Reported mean; used unchanged,abramova_2024_devneur_fig2e,3.61,3.61,Reported or previously approved SD; used unchanged,abramova_2024_devneur_fig2e,37,,0.59348,SD / sqrt(n); derived for analysis from the extracted SD and sample size,abramova_2024_devneur_fig2e; Fig. 2. e,,,,,7.61,7.61,Reported mean; used unchanged,abramova_2024_devneur_fig2e,4.63,4.63,Reported or previously approved SD; used unchanged,abramova_2024_devneur_fig2e,49,,0.661429,SD / sqrt(n); derived for analysis from the extracted SD and sample size,abramova_2024_devneur_fig2e; Fig. 2. e,,,,,results presented as Med (Q1; Q3),
abramova_2024_devneur,es030,abramova_2024_devneur,abramova_2024_devneur__con007__ex011,abramova_2024_devneur__elevated_plus_maze_epm,abramova_2024_devneur__con007__ex011__pnd70,ex011,con007,out017,No,Verified – no change,"one control, one treatment for females and males",,Ultrasound-Induced Prenatal Stress: New Possibilities for Modeling Mental Disorders,10.1159/000534687,Developmental Neuroscience,,Rattus norvegicus,brown rat,Wistar rat,16,3 months,"early, mid, late",full_gestation,permanently during the whole period of gestation (21 days),21,Continuous,24,Expossed to continuous variable frequencies,Ultrasound,Ultrasound,50,"20,000-45,000",,Ambient sound,,"No noise, standars housing conditions",male,70,adolescent,,none,,Anxiety,Elevated Plus Maze (EPM),They divided in two groups,Mean grooming duration,Time,s,Light Phase,Fig. 2. e,abramova_2024_devneur_fig2e,Con_m_mg,PS_m_mg,Con_PS_m_mg,No,Positive,,7.13,7.13,Reported mean; used unchanged,abramova_2024_devneur_fig2e,4.67,4.67,Reported or previously approved SD; used unchanged,abramova_2024_devneur_fig2e,35,,0.789374,SD / sqrt(n); derived for analysis from the extracted SD and sample size,abramova_2024_devneur_fig2e; Fig. 2. e,,,,,12.15,12.15,Reported mean; used unchanged,abramova_2024_devneur_fig2e,7.17,7.17,Reported or previously approved SD; used unchanged,abramova_2024_devneur_fig2e,44,,1.080918,SD / sqrt(n); derived for analysis from the extracted SD and sample size,abramova_2024_devneur_fig2e; Fig. 2. e,,,,,results presented as Med (Q1; Q3),
abramova_2024_devneur,es031,abramova_2024_devneur,abramova_2024_devneur__con006__ex010,abramova_2024_devneur__open_field_test_oft,abramova_2024_devneur__con006__ex010__pnd74,ex010,con006,out018,No,Verified – no change,"one control, one treatment for females and males",,Ultrasound-Induced Prenatal Stress: New Possibilities for Modeling Mental Disorders,10.1159/000534687,Developmental Neuroscience,,Rattus norvegicus,brown rat,Wistar rat,16,3 months,"early, mid, late",full_gestation,permanently during the whole period of gestation (21 days),21,Continuous,24,Expossed to continuous variable frequencies,Ultrasound,Ultrasound,50,"20,000-45,000",,Ambient sound,,"No noise, standars housing conditions",female,74,adult,,none,,Anxiety,Open Field Test (OFT),They divided in two groups,Center entries (crossing),Count,Count,Light Phase,Fig. 3. a,abramova_2024_devneur_fig3a,Con_f_ce,PS_f_ce,Con_PS_f_ce,Yes,Negative,,2.46,2.46,Reported mean; used unchanged,abramova_2024_devneur_fig3a,1.21,1.21,Reported or previously approved SD; used unchanged,abramova_2024_devneur_fig3a,37,,0.198923,SD / sqrt(n); derived for analysis from the extracted SD and sample size,abramova_2024_devneur_fig3a; Fig. 3. a,,,,,2.2,2.2,Reported mean; used unchanged,abramova_2024_devneur_fig3a,1.91,1.91,Reported or previously approved SD; used unchanged,abramova_2024_devneur_fig3a,49,,0.272857,SD / sqrt(n); derived for analysis from the extracted SD and sample size,abramova_2024_devneur_fig3a; Fig. 3. a,,,,,results presented as Med (Q1; Q3),
abramova_2024_devneur,es032,abramova_2024_devneur,abramova_2024_devneur__con007__ex011,abramova_2024_devneur__open_field_test_oft,abramova_2024_devneur__con007__ex011__pnd74,ex011,con007,out018,No,Verified – no change,"one control, one treatment for females and males",,Ultrasound-Induced Prenatal Stress: New Possibilities for Modeling Mental Disorders,10.1159/000534687,Developmental Neuroscience,,Rattus norvegicus,brown rat,Wistar rat,16,3 months,"early, mid, late",full_gestation,permanently during the whole period of gestation (21 days),21,Continuous,24,Expossed to continuous variable frequencies,Ultrasound,Ultrasound,50,"20,000-45,000",,Ambient sound,,"No noise, standars housing conditions",male,74,adult,,none,,Anxiety,Open Field Test (OFT),They divided in two groups,Center entries (crossing),Count,Count,Light Phase,Fig. 3. a,abramova_2024_devneur_fig3a,Con_m_ce,PS_m_ce,Con_PS_m_ce,Yes,Negative,,2.87,2.87,Reported mean; used unchanged,abramova_2024_devneur_fig3a,1.49,1.49,Reported or previously approved SD; used unchanged,abramova_2024_devneur_fig3a,35,,0.251856,SD / sqrt(n); derived for analysis from the extracted SD and sample size,abramova_2024_devneur_fig3a; Fig. 3. a,,,,,1.48,1.48,Reported mean; used unchanged,abramova_2024_devneur_fig3a,1.35,1.35,Reported or previously approved SD; used unchanged,abramova_2024_devneur_fig3a,44,,0.20352,SD / sqrt(n); derived for analysis from the extracted SD and sample size,abramova_2024_devneur_fig3a; Fig. 3. a,,,,,results presented as Med (Q1; Q3),
abramova_2024_devneur,es033,abramova_2024_devneur,abramova_2024_devneur__con006__ex010,abramova_2024_devneur__open_field_test_oft,abramova_2024_devneur__con006__ex010__pnd74,ex010,con006,out019,No,Verified – no change,"one control, one treatment for females and males",,Ultrasound-Induced Prenatal Stress: New Possibilities for Modeling Mental Disorders,10.1159/000534687,Developmental Neuroscience,,Rattus norvegicus,brown rat,Wistar rat,16,3 months,"early, mid, late",full_gestation,permanently during the whole period of gestation (21 days),21,Continuous,24,Expossed to continuous variable frequencies,Ultrasound,Ultrasound,50,"20,000-45,000",,Ambient sound,,"No noise, standars housing conditions",female,74,adult,,none,,Anxiety,Open Field Test (OFT),They divided in two groups,Rearing frequency,Count,Count,Light Phase,Fig. 3. c,abramova_2024_devneur_fig3c,Con_f_re,PS_f_re,Con_PS_f_re,Yes,Negative,,21.48,21.48,Reported mean; used unchanged,abramova_2024_devneur_fig3c,5.57,5.57,Reported or previously approved SD; used unchanged,abramova_2024_devneur_fig3c,37,,0.915702,SD / sqrt(n); derived for analysis from the extracted SD and sample size,abramova_2024_devneur_fig3c; Fig. 3. c,,,,,23.44,23.44,Reported mean; used unchanged,abramova_2024_devneur_fig3c,10.99,10.99,Reported or previously approved SD; used unchanged,abramova_2024_devneur_fig3c,49,,1.57,SD / sqrt(n); derived for analysis from the extracted SD and sample size,abramova_2024_devneur_fig3c; Fig. 3. c,,,,,results presented as Med (Q1; Q3),
abramova_2024_devneur,es034,abramova_2024_devneur,abramova_2024_devneur__con007__ex011,abramova_2024_devneur__open_field_test_oft,abramova_2024_devneur__con007__ex011__pnd74,ex011,con007,out019,No,Verified – no change,"one control, one treatment for females and males",,Ultrasound-Induced Prenatal Stress: New Possibilities for Modeling Mental Disorders,10.1159/000534687,Developmental Neuroscience,,Rattus norvegicus,brown rat,Wistar rat,16,3 months,"early, mid, late",full_gestation,permanently during the whole period of gestation (21 days),21,Continuous,24,Expossed to continuous variable frequencies,Ultrasound,Ultrasound,50,"20,000-45,000",,Ambient sound,,"No noise, standars housing conditions",male,74,adult,,none,,Anxiety,Open Field Test (OFT),They divided in two groups,Rearing frequency,Count,Count,Light Phase,Fig. 3. c,abramova_2024_devneur_fig3c,Con_m_re,PS_m_re,Con_PS_m_re,Yes,Negative,,21.46,21.46,Reported mean; used unchanged,abramova_2024_devneur_fig3c,9.73,9.73,Reported or previously approved SD; used unchanged,abramova_2024_devneur_fig3c,35,,1.64467,SD / sqrt(n); derived for analysis from the extracted SD and sample size,abramova_2024_devneur_fig3c; Fig. 3. c,,,,,15.37,15.37,Reported mean; used unchanged,abramova_2024_devneur_fig3c,8.01,8.01,Reported or previously approved SD; used unchanged,abramova_2024_devneur_fig3c,44,,1.207553,SD / sqrt(n); derived for analysis from the extracted SD and sample size,abramova_2024_devneur_fig3c; Fig. 3. c,,,,,results presented as Med (Q1; Q3),
abramova_2024_devneur,es035,abramova_2024_devneur,abramova_2024_devneur__con006__ex010,abramova_2024_devneur__open_field_test_oft,abramova_2024_devneur__con006__ex010__pnd74,ex010,con006,out020,No,Verified – no change,"one control, one treatment for females and males",,Ultrasound-Induced Prenatal Stress: New Possibilities for Modeling Mental Disorders,10.1159/000534687,Developmental Neuroscience,,Rattus norvegicus,brown rat,Wistar rat,16,3 months,"early, mid, late",full_gestation,permanently during the whole period of gestation (21 days),21,Continuous,24,Expossed to continuous variable frequencies,Ultrasound,Ultrasound,50,"20,000-45,000",,Ambient sound,,"No noise, standars housing conditions",female,74,adult,,none,,Anxiety,Open Field Test (OFT),They divided in two groups,Sections crossed,Count,Count,Light Phase,Fig. 3. b,abramova_2024_devneur_fig3b,Con_f_cs,PS_f_cs,Con_PS_f_cs,Yes,Negative,,50.7,50.7,Reported mean; used unchanged,abramova_2024_devneur_fig3b,14.38,14.38,Reported or previously approved SD; used unchanged,abramova_2024_devneur_fig3b,37,,2.364057,SD / sqrt(n); derived for analysis from the extracted SD and sample size,abramova_2024_devneur_fig3b; Fig. 3. b,,,,,44.22,44.22,Reported mean; used unchanged,abramova_2024_devneur_fig3b,17.61,17.61,Reported or previously approved SD; used unchanged,abramova_2024_devneur_fig3b,49,,2.515714,SD / sqrt(n); derived for analysis from the extracted SD and sample size,abramova_2024_devneur_fig3b; Fig. 3. b,,,,,results presented as Med (Q1; Q3),
abramova_2024_devneur,es036,abramova_2024_devneur,abramova_2024_devneur__con007__ex011,abramova_2024_devneur__open_field_test_oft,abramova_2024_devneur__con007__ex011__pnd74,ex011,con007,out020,No,Verified – no change,"one control, one treatment for females and males",,Ultrasound-Induced Prenatal Stress: New Possibilities for Modeling Mental Disorders,10.1159/000534687,Developmental Neuroscience,,Rattus norvegicus,brown rat,Wistar rat,16,3 months,"early, mid, late",full_gestation,permanently during the whole period of gestation (21 days),21,Continuous,24,Expossed to continuous variable frequencies,Ultrasound,Ultrasound,50,"20,000-45,000",,Ambient sound,,"No noise, standars housing conditions",male,74,adult,,none,,Anxiety,Open Field Test (OFT),They divided in two groups,Sections crossed,Count,Count,Light Phase,Fig. 3. b,abramova_2024_devneur_fig3b,Con_m_cs,PS_m_cs,Con_PS_m_cs,Yes,Negative,,45.52,45.52,Reported mean; used unchanged,abramova_2024_devneur_fig3b,13.15,13.15,Reported or previously approved SD; used unchanged,abramova_2024_devneur_fig3b,35,,2.222756,SD / sqrt(n); derived for analysis from the extracted SD and sample size,abramova_2024_devneur_fig3b; Fig. 3. b,,,,,32.55,32.55,Reported mean; used unchanged,abramova_2024_devneur_fig3b,13.67,13.67,Reported or previously approved SD; used unchanged,abramova_2024_devneur_fig3b,44,,2.06083,SD / sqrt(n); derived for analysis from the extracted SD and sample size,abramova_2024_devneur_fig3b; Fig. 3. b,,,,,results presented as Med (Q1; Q3),
abramova_2024_devneur,es037,abramova_2024_devneur,abramova_2024_devneur__con006__ex010,abramova_2024_devneur__open_field_test_oft,abramova_2024_devneur__con006__ex010__pnd74,ex010,con006,out021,No,Verified – no change,"one control, one treatment for females and males",,Ultrasound-Induced Prenatal Stress: New Possibilities for Modeling Mental Disorders,10.1159/000534687,Developmental Neuroscience,,Rattus norvegicus,brown rat,Wistar rat,16,3 months,"early, mid, late",full_gestation,permanently during the whole period of gestation (21 days),21,Continuous,24,Expossed to continuous variable frequencies,Ultrasound,Ultrasound,50,"20,000-45,000",,Ambient sound,,"No noise, standars housing conditions",female,74,adult,,none,,Anxiety,Open Field Test (OFT),They divided in two groups,Total freezing time,Time,s,Light Phase,Fig. 3. d,abramova_2024_devneur_fig3d,Con_f_fr,PS_f_fr,Con_PS_f_fr,No,Positive,,10.51,10.51,Reported mean; used unchanged,abramova_2024_devneur_fig3d,10.74,10.74,Reported or previously approved SD; used unchanged,abramova_2024_devneur_fig3d,37,,1.765645,SD / sqrt(n); derived for analysis from the extracted SD and sample size,abramova_2024_devneur_fig3d; Fig. 3. d,,,,,31.13,31.13,Reported mean; used unchanged,abramova_2024_devneur_fig3d,30.81,30.81,Reported or previously approved SD; used unchanged,abramova_2024_devneur_fig3d,49,,4.401429,SD / sqrt(n); derived for analysis from the extracted SD and sample size,abramova_2024_devneur_fig3d; Fig. 3. d,,,,,results presented as Med (Q1; Q3),
abramova_2024_devneur,es038,abramova_2024_devneur,abramova_2024_devneur__con007__ex011,abramova_2024_devneur__open_field_test_oft,abramova_2024_devneur__con007__ex011__pnd74,ex011,con007,out021,No,Verified – no change,"one control, one treatment for females and males",,Ultrasound-Induced Prenatal Stress: New Possibilities for Modeling Mental Disorders,10.1159/000534687,Developmental Neuroscience,,Rattus norvegicus,brown rat,Wistar rat,16,3 months,"early, mid, late",full_gestation,permanently during the whole period of gestation (21 days),21,Continuous,24,Expossed to continuous variable frequencies,Ultrasound,Ultrasound,50,"20,000-45,000",,Ambient sound,,"No noise, standars housing conditions",male,74,adult,,none,,Anxiety,Open Field Test (OFT),They divided in two groups,Total freezing time,Time,s,Light Phase,Fig. 3. d,abramova_2024_devneur_fig3d,Con_m_fr,PS_m_fr,Con_PS_m_fr,No,Positive,,17.03,17.03,Reported mean; used unchanged,abramova_2024_devneur_fig3d,15.77,15.77,Reported or previously approved SD; used unchanged,abramova_2024_devneur_fig3d,35,,2.665617,SD / sqrt(n); derived for analysis from the extracted SD and sample size,abramova_2024_devneur_fig3d; Fig. 3. d,,,,,51.69,51.69,Reported mean; used unchanged,abramova_2024_devneur_fig3d,49.02,49.02,Reported or previously approved SD; used unchanged,abramova_2024_devneur_fig3d,44,,7.390043,SD / sqrt(n); derived for analysis from the extracted SD and sample size,abramova_2024_devneur_fig3d; Fig. 3. d,,,,,results presented as Med (Q1; Q3),
abramova_2024_devneur,es039,abramova_2024_devneur,abramova_2024_devneur__con006__ex010,abramova_2024_devneur__open_field_test_oft,abramova_2024_devneur__con006__ex010__pnd74,ex010,con006,out022,No,Verified – no change,"one control, one treatment for females and males",,Ultrasound-Induced Prenatal Stress: New Possibilities for Modeling Mental Disorders,10.1159/000534687,Developmental Neuroscience,,Rattus norvegicus,brown rat,Wistar rat,16,3 months,"early, mid, late",full_gestation,permanently during the whole period of gestation (21 days),21,Continuous,24,Expossed to continuous variable frequencies,Ultrasound,Ultrasound,50,"20,000-45,000",,Ambient sound,,"No noise, standars housing conditions",female,74,adult,,none,,Anxiety,Open Field Test (OFT),They divided in two groups,Total grooming time,Time,s,Light Phase,Fig. 3. e,abramova_2024_devneur_fig3e,Con_f_grd,PS_f_grd,Con_PS_f_grd,No,Positive,,25.07,25.07,Reported mean; used unchanged,abramova_2024_devneur_fig3e,13.32,13.32,Reported or previously approved SD; used unchanged,abramova_2024_devneur_fig3e,37,,2.189795,SD / sqrt(n); derived for analysis from the extracted SD and sample size,abramova_2024_devneur_fig3e; Fig. 3. e,,,,,29.12,29.12,Reported mean; used unchanged,abramova_2024_devneur_fig3e,17.2,17.2,Reported or previously approved SD; used unchanged,abramova_2024_devneur_fig3e,49,,2.457143,SD / sqrt(n); derived for analysis from the extracted SD and sample size,abramova_2024_devneur_fig3e; Fig. 3. e,,,,,results presented as Med (Q1; Q3),
abramova_2024_devneur,es040,abramova_2024_devneur,abramova_2024_devneur__con007__ex011,abramova_2024_devneur__open_field_test_oft,abramova_2024_devneur__con007__ex011__pnd74,ex011,con007,out022,No,Verified – no change,"one control, one treatment for females and males",,Ultrasound-Induced Prenatal Stress: New Possibilities for Modeling Mental Disorders,10.1159/000534687,Developmental Neuroscience,,Rattus norvegicus,brown rat,Wistar rat,16,3 months,"early, mid, late",full_gestation,permanently during the whole period of gestation (21 days),21,Continuous,24,Expossed to continuous variable frequencies,Ultrasound,Ultrasound,50,"20,000-45,000",,Ambient sound,,"No noise, standars housing conditions",male,74,adult,,none,,Anxiety,Open Field Test (OFT),They divided in two groups,Total grooming time,Time,s,Light Phase,Fig. 3. e,abramova_2024_devneur_fig3e,Con_m_grd,PS_m_grd,Con_PS_m_grd,No,Positive,,17.34,17.34,Reported mean; used unchanged,abramova_2024_devneur_fig3e,8.33,8.33,Reported or previously approved SD; used unchanged,abramova_2024_devneur_fig3e,35,,1.408027,SD / sqrt(n); derived for analysis from the extracted SD and sample size,abramova_2024_devneur_fig3e; Fig. 3. e,,,,,40.38,40.38,Reported mean; used unchanged,abramova_2024_devneur_fig3e,25.3,25.3,Reported or previously approved SD; used unchanged,abramova_2024_devneur_fig3e,44,,3.814119,SD / sqrt(n); derived for analysis from the extracted SD and sample size,abramova_2024_devneur_fig3e; Fig. 3. e,,,,,results presented as Med (Q1; Q3),
abramova_2024_devneur,es041,abramova_2024_devneur,abramova_2024_devneur__con006__ex010,abramova_2024_devneur__open_field_test_oft,abramova_2024_devneur__con006__ex010__pnd74,ex010,con006,out023,No,Verified – no change,"one control, one treatment for females and males",,Ultrasound-Induced Prenatal Stress: New Possibilities for Modeling Mental Disorders,10.1159/000534687,Developmental Neuroscience,,Rattus norvegicus,brown rat,Wistar rat,16,3 months,"early, mid, late",full_gestation,permanently during the whole period of gestation (21 days),21,Continuous,24,Expossed to continuous variable frequencies,Ultrasound,Ultrasound,50,"20,000-45,000",,Ambient sound,,"No noise, standars housing conditions",female,74,adult,,none,,Anxiety,Open Field Test (OFT),They divided in two groups,Grooming frequency,Count,Count,Light Phase,Fig. 3. f,abramova_2024_devneur_fig3f,Con_f_gf,PS_f_gf,Con_PS_f_gf,No,Positive,,3.62,3.62,Reported mean; used unchanged,abramova_2024_devneur_fig3f,2.13,2.13,Reported or previously approved SD; used unchanged,abramova_2024_devneur_fig3f,37,,0.35017,SD / sqrt(n); derived for analysis from the extracted SD and sample size,abramova_2024_devneur_fig3f; Fig. 3. f,,,,,4.49,4.49,Reported mean; used unchanged,abramova_2024_devneur_fig3f,2.18,2.18,Reported or previously approved SD; used unchanged,abramova_2024_devneur_fig3f,49,,0.311429,SD / sqrt(n); derived for analysis from the extracted SD and sample size,abramova_2024_devneur_fig3f; Fig. 3. f,,,,,results presented as Med (Q1; Q3),
abramova_2024_devneur,es042,abramova_2024_devneur,abramova_2024_devneur__con007__ex011,abramova_2024_devneur__open_field_test_oft,abramova_2024_devneur__con007__ex011__pnd74,ex011,con007,out023,No,Verified – no change,"one control, one treatment for females and males",,Ultrasound-Induced Prenatal Stress: New Possibilities for Modeling Mental Disorders,10.1159/000534687,Developmental Neuroscience,,Rattus norvegicus,brown rat,Wistar rat,16,3 months,"early, mid, late",full_gestation,permanently during the whole period of gestation (21 days),21,Continuous,24,Expossed to continuous variable frequencies,Ultrasound,Ultrasound,50,"20,000-45,000",,Ambient sound,,"No noise, standars housing conditions",male,74,adult,,none,,Anxiety,Open Field Test (OFT),They divided in two groups,Grooming frequency,Count,Count,Light Phase,Fig. 3. f,abramova_2024_devneur_fig3f,Con_m_gf,PS_m_gf,Con_PS_m_gf,No,Positive,,3.17,3.17,Reported mean; used unchanged,abramova_2024_devneur_fig3f,1.5,1.5,Reported or previously approved SD; used unchanged,abramova_2024_devneur_fig3f,35,,0.253546,SD / sqrt(n); derived for analysis from the extracted SD and sample size,abramova_2024_devneur_fig3f; Fig. 3. f,,,,,4.46,4.46,Reported mean; used unchanged,abramova_2024_devneur_fig3f,2.78,2.78,Reported or previously approved SD; used unchanged,abramova_2024_devneur_fig3f,44,,0.419101,SD / sqrt(n); derived for analysis from the extracted SD and sample size,abramova_2024_devneur_fig3f; Fig. 3. f,,,,,results presented as Med (Q1; Q3),
abramova_2024_devneur,es043,abramova_2024_devneur,abramova_2024_devneur__con006__ex010,abramova_2024_devneur__forced_swimming_test_fst,abramova_2024_devneur__con006__ex010__pnd95,ex010,con006,out024,No,Verified – no change,"one control, one treatment for females and males",,Ultrasound-Induced Prenatal Stress: New Possibilities for Modeling Mental Disorders,10.1159/000534687,Developmental Neuroscience,,Rattus norvegicus,brown rat,Wistar rat,16,3 months,"early, mid, late",full_gestation,permanently during the whole period of gestation (21 days),21,Continuous,24,Expossed to continuous variable frequencies,Ultrasound,Ultrasound,50,"20,000-45,000",,Ambient sound,,"No noise, standars housing conditions",female,95,adult,,none,,Depression,Forced Swimming Test (FST),,Total immobility time,Time,s,Light Phase,Fig.4. a,abramova_2024_devneur_fig4a,Con_f_ti,PS_f_ti,Con_PS_f_ti,No,Positive,,49.76,49.76,Reported mean; used unchanged,abramova_2024_devneur_fig4a,27.37,27.37,Reported or previously approved SD; used unchanged,abramova_2024_devneur_fig4a,14,,7.31494,SD / sqrt(n); derived for analysis from the extracted SD and sample size,abramova_2024_devneur_fig4a; Fig.4. a,,,,,86.12,86.12,Reported mean; used unchanged,abramova_2024_devneur_fig4a,19.43,19.43,Reported or previously approved SD; used unchanged,abramova_2024_devneur_fig4a,13,,5.388912,SD / sqrt(n); derived for analysis from the extracted SD and sample size,abramova_2024_devneur_fig4a; Fig.4. a,,,,,,
abramova_2024_devneur,es044,abramova_2024_devneur,abramova_2024_devneur__con007__ex011,abramova_2024_devneur__forced_swimming_test_fst,abramova_2024_devneur__con007__ex011__pnd95,ex011,con007,out024,No,Verified – no change,"one control, one treatment for females and males",,Ultrasound-Induced Prenatal Stress: New Possibilities for Modeling Mental Disorders,10.1159/000534687,Developmental Neuroscience,,Rattus norvegicus,brown rat,Wistar rat,16,3 months,"early, mid, late",full_gestation,permanently during the whole period of gestation (21 days),21,Continuous,24,Expossed to continuous variable frequencies,Ultrasound,Ultrasound,50,"20,000-45,000",,Ambient sound,,"No noise, standars housing conditions",male,95,adult,,none,,Depression,Forced Swimming Test (FST),,Total immobility time,Time,s,Light Phase,Fig.4. a,abramova_2024_devneur_fig4a,Con_m_ti,PS_m_ti,Con_PS_m_ti,No,Positive,,103.97,103.97,Reported mean; used unchanged,abramova_2024_devneur_fig4a,44.65,44.65,Reported or previously approved SD; used unchanged,abramova_2024_devneur_fig4a,12,,12.889345,SD / sqrt(n); derived for analysis from the extracted SD and sample size,abramova_2024_devneur_fig4a; Fig.4. a,,,,,128.29,128.29,Reported mean; used unchanged,abramova_2024_devneur_fig4a,46.06,46.06,Reported or previously approved SD; used unchanged,abramova_2024_devneur_fig4a,14,,12.310053,SD / sqrt(n); derived for analysis from the extracted SD and sample size,abramova_2024_devneur_fig4a; Fig.4. a,,,,,,
abramova_2024_devneur,es045,abramova_2024_devneur,abramova_2024_devneur__con006__ex010,abramova_2024_devneur__sucrose_preference_test_spt,abramova_2024_devneur__con006__ex010__pnd80,ex010,con006,out025,No,Corrected transcription,"one control, one treatment for females and males",,Ultrasound-Induced Prenatal Stress: New Possibilities for Modeling Mental Disorders,10.1159/000534687,Developmental Neuroscience,,Rattus norvegicus,brown rat,Wistar rat,16,3 months,"early, mid, late",full_gestation,permanently during the whole period of gestation (21 days),21,Continuous,24,Expossed to continuous variable frequencies,Ultrasound,Ultrasound,50,"20,000-45,000",,Ambient sound,,"No noise, standars housing conditions",female,80,adult,,none,,Depression,Sucrose Preference Test (SPT),,Sucrose preference index,Index,%,Light Phase,Author email (saved screenshot),included_studies/abramova_2024_devneur/abramova_2024_devneur_author_email_sucrose_preference.png,Con_f_su,PS_f_su,Con_PS_f_su,Yes,Negative,,52.8,52.8,Reported mean; used unchanged,included_studies/abramova_2024_devneur/abramova_2024_devneur_author_email_sucrose_preference.png,,26.15587888028234,SD = reported SE * sqrt(n),included_studies/abramova_2024_devneur/abramova_2024_devneur_author_email_sucrose_preference.png; reported SE and n,37,4.3,4.3,Reported SE in author email; used unchanged for analysis,included_studies/abramova_2024_devneur/abramova_2024_devneur_author_email_sucrose_preference.png,,,,,59.8,59.8,Reported mean; used unchanged,included_studies/abramova_2024_devneur/abramova_2024_devneur_author_email_sucrose_preference.png,,37.800000000000004,SD = reported SE * sqrt(n),included_studies/abramova_2024_devneur/abramova_2024_devneur_author_email_sucrose_preference.png; reported SE and n,49,5.4,5.4,Reported SE in author email; used unchanged for analysis,included_studies/abramova_2024_devneur/abramova_2024_devneur_author_email_sucrose_preference.png,,,,,"They reported significance in the paper, the author send me the stats output",
abramova_2024_devneur,es046,abramova_2024_devneur,abramova_2024_devneur__con007__ex011,abramova_2024_devneur__sucrose_preference_test_spt,abramova_2024_devneur__con007__ex011__pnd80,ex011,con007,out025,No,Corrected transcription,"one control, one treatment for females and males",,Ultrasound-Induced Prenatal Stress: New Possibilities for Modeling Mental Disorders,10.1159/000534687,Developmental Neuroscience,,Rattus norvegicus,brown rat,Wistar rat,16,3 months,"early, mid, late",full_gestation,permanently during the whole period of gestation (21 days),21,Continuous,24,Expossed to continuous variable frequencies,Ultrasound,Ultrasound,50,"20,000-45,000",,Ambient sound,,"No noise, standars housing conditions",male,80,adult,,none,,Depression,Sucrose Preference Test (SPT),,Sucrose preference index,Index,%,Light Phase,Author email (saved screenshot),included_studies/abramova_2024_devneur/abramova_2024_devneur_author_email_sucrose_preference.png,Con_m_su,PS_m_su,Con_PS_m_su,Yes,Negative,,54.8,54.8,Reported mean; used unchanged,included_studies/abramova_2024_devneur/abramova_2024_devneur_author_email_sucrose_preference.png,,30.763614872118005,SD = reported SE * sqrt(n),included_studies/abramova_2024_devneur/abramova_2024_devneur_author_email_sucrose_preference.png; reported SE and n,35,5.2,5.2,Reported SE in author email; used unchanged for analysis,included_studies/abramova_2024_devneur/abramova_2024_devneur_author_email_sucrose_preference.png,,,,,57.8,57.8,Reported mean; used unchanged,included_studies/abramova_2024_devneur/abramova_2024_devneur_author_email_sucrose_preference.png,,28.522973197056437,SD = reported SE * sqrt(n),included_studies/abramova_2024_devneur/abramova_2024_devneur_author_email_sucrose_preference.png; reported SE and n,44,4.3,4.3,Reported SE in author email; used unchanged for analysis,included_studies/abramova_2024_devneur/abramova_2024_devneur_author_email_sucrose_preference.png,,,,,"They reported significance in the paper, the author send me the stats output",
oliveira_2015_jbehavbraisci,es047,oliveira_2015_jbehavbraisci,oliveira_2015_jbehavbraisci__con008__ex012,oliveira_2015_jbehavbraisci__elevated_t_maze_etm,oliveira_2015_jbehavbraisci__con008__ex012__pnd60,ex012,con008,out026,Yes,Verified – no change,"They used the elevated T Maze, where they measured anxiety in 3 days trials, and fear from anxiety in one trial",,Intrauterine Exposure to Chronic 22 kHz Sound Affects Inhibitory Avoidance and Serotonergic Parameters in Forebrain Areas of Dams and Rat Offspring,10.4236/jbbs.2015.52003,Journal of Behavioral and Brain Science,,Rattus norvegicus,brown rat,Wistar rat,16,3 months,"early, mid, late",full_gestation,,19,Intermittent,1,h,Ultrasound,Ultrasound,65,"22,000",,Silence,,Control placed in an acoustical isolation box for the same period of time,male,60,adolescent,,none,,Anxiety,Elevated T Maze (ETM),Multiple time points,Avoidance latency,Latency,s,Light Phase,Figure 2. b,oliveira_2015_jbehavbraisci_fig2b,C_BL,IE_BL,C_IE_BL,No,Positive,,9.33,9.33,Reported mean; used unchanged,oliveira_2015_jbehavbraisci_fig2b,25.13,25.13,Reported or previously approved SD; used unchanged,oliveira_2015_jbehavbraisci_fig2b,12,7.25,7.25,Reported SEM; used unchanged for analysis,oliveira_2015_jbehavbraisci_fig2b; Figure 2. b,,,,,6.22,6.22,Reported mean; used unchanged,oliveira_2015_jbehavbraisci_fig2b,14.36,14.36,Reported or previously approved SD; used unchanged,oliveira_2015_jbehavbraisci_fig2b,12,4.15,4.15,Reported SEM; used unchanged for analysis,oliveira_2015_jbehavbraisci_fig2b; Figure 2. b,,,,,,
oliveira_2015_jbehavbraisci,es048,oliveira_2015_jbehavbraisci,oliveira_2015_jbehavbraisci__con008__ex012,oliveira_2015_jbehavbraisci__elevated_t_maze_etm,oliveira_2015_jbehavbraisci__con008__ex012__pnd60,ex012,con008,out026,Yes,Verified – no change,"They used the elevated T Maze, where they measured anxiety in 3 days trials, and fear from anxiety in one trial",,Intrauterine Exposure to Chronic 22 kHz Sound Affects Inhibitory Avoidance and Serotonergic Parameters in Forebrain Areas of Dams and Rat Offspring,10.4236/jbbs.2015.52003,Journal of Behavioral and Brain Science,,Rattus norvegicus,brown rat,Wistar rat,16,3 months,"early, mid, late",full_gestation,,19,Intermittent,1,h,Ultrasound,Ultrasound,65,"22,000",,Silence,,Control placed in an acoustical isolation box for the same period of time,male,60,adolescent,,none,,Anxiety,Elevated T Maze (ETM),Multiple time points,Avoidance latency,Latency,s,Light Phase,Figure 2. b,oliveira_2015_jbehavbraisci_fig2b,C_A1,IE_A1,C_IE_A1,No,Positive,,56.48,56.48,Reported mean; used unchanged,oliveira_2015_jbehavbraisci_fig2b,118.46,118.46,Reported or previously approved SD; used unchanged,oliveira_2015_jbehavbraisci_fig2b,12,34.2,34.2,Reported SEM; used unchanged for analysis,oliveira_2015_jbehavbraisci_fig2b; Figure 2. b,,,,,86.53,86.53,Reported mean; used unchanged,oliveira_2015_jbehavbraisci_fig2b,131.03,131.03,Reported or previously approved SD; used unchanged,oliveira_2015_jbehavbraisci_fig2b,12,37.82,37.82,Reported SEM; used unchanged for analysis,oliveira_2015_jbehavbraisci_fig2b; Figure 2. b,,,,,,
oliveira_2015_jbehavbraisci,es049,oliveira_2015_jbehavbraisci,oliveira_2015_jbehavbraisci__con008__ex012,oliveira_2015_jbehavbraisci__elevated_t_maze_etm,oliveira_2015_jbehavbraisci__con008__ex012__pnd60,ex012,con008,out026,Yes,Verified – no change,"They used the elevated T Maze, where they measured anxiety in 3 days trials, and fear from anxiety in one trial",,Intrauterine Exposure to Chronic 22 kHz Sound Affects Inhibitory Avoidance and Serotonergic Parameters in Forebrain Areas of Dams and Rat Offspring,10.4236/jbbs.2015.52003,Journal of Behavioral and Brain Science,,Rattus norvegicus,brown rat,Wistar rat,16,3 months,"early, mid, late",full_gestation,,19,Intermittent,1,h,Ultrasound,Ultrasound,65,"22,000",,Silence,,Control placed in an acoustical isolation box for the same period of time,male,60,adolescent,,none,,Anxiety,Elevated T Maze (ETM),Multiple time points,Avoidance latency,Latency,s,Light Phase,Figure 2. b,oliveira_2015_jbehavbraisci_fig2b,C_A2,IE_A2,C_IE_A2,No,Positive,,103.11,103.11,Reported mean; used unchanged,oliveira_2015_jbehavbraisci_fig2b,129.23,129.23,Reported or previously approved SD; used unchanged,oliveira_2015_jbehavbraisci_fig2b,12,37.31,37.31,Reported SEM; used unchanged for analysis,oliveira_2015_jbehavbraisci_fig2b; Figure 2. b,,,,,136.27,136.27,Reported mean; used unchanged,oliveira_2015_jbehavbraisci_fig2b,147.18,147.18,Reported or previously approved SD; used unchanged,oliveira_2015_jbehavbraisci_fig2b,12,42.49,42.49,Reported SEM; used unchanged for analysis,oliveira_2015_jbehavbraisci_fig2b; Figure 2. b,,,,,,
oliveira_2015_jbehavbraisci,es050,oliveira_2015_jbehavbraisci,oliveira_2015_jbehavbraisci__con008__ex012,oliveira_2015_jbehavbraisci__elevated_t_maze_etm,oliveira_2015_jbehavbraisci__con008__ex012__pnd60,ex012,con008,out027,Yes,Verified – no change,"They used the elevated T Maze, where they measured anxiety in 3 days trials, and fear from anxiety in one trial",,Intrauterine Exposure to Chronic 22 kHz Sound Affects Inhibitory Avoidance and Serotonergic Parameters in Forebrain Areas of Dams and Rat Offspring,10.4236/jbbs.2015.52003,Journal of Behavioral and Brain Science,,Rattus norvegicus,brown rat,Wistar rat,16,3 months,"early, mid, late",full_gestation,,19,Intermittent,1,h,Ultrasound,Ultrasound,65,"22,000",,Silence,,Control placed in an acoustical isolation box for the same period of time,male,60,adolescent,,none,,Anxiety,Elevated T Maze (ETM),Multiple time points: escape latency (time in open arms),Escape latency,Latency,s,Light Phase,Figure 3. b,oliveira_2015_jbehavbraisci_fig3b,C_F1,IE_F1,C_IE_F1,Yes,Negative,,5.34,5.34,Reported mean; used unchanged,oliveira_2015_jbehavbraisci_fig3b,3.86,3.86,Reported or previously approved SD; used unchanged,oliveira_2015_jbehavbraisci_fig3b,12,1.11,1.11,Reported SEM; used unchanged for analysis,oliveira_2015_jbehavbraisci_fig3b; Figure 3. b,,,,,6.54,6.54,Reported mean; used unchanged,oliveira_2015_jbehavbraisci_fig3b,8.21,8.21,Reported or previously approved SD; used unchanged,oliveira_2015_jbehavbraisci_fig3b,12,2.37,2.37,Reported SEM; used unchanged for analysis,oliveira_2015_jbehavbraisci_fig3b; Figure 3. b,,,,,,
oliveira_2015_jbehavbraisci,es051,oliveira_2015_jbehavbraisci,oliveira_2015_jbehavbraisci__con008__ex012,oliveira_2015_jbehavbraisci__elevated_t_maze_etm,oliveira_2015_jbehavbraisci__con008__ex012__pnd60,ex012,con008,out027,Yes,Verified – no change,"They used the elevated T Maze, where they measured anxiety in 3 days trials, and fear from anxiety in one trial",,Intrauterine Exposure to Chronic 22 kHz Sound Affects Inhibitory Avoidance and Serotonergic Parameters in Forebrain Areas of Dams and Rat Offspring,10.4236/jbbs.2015.52003,Journal of Behavioral and Brain Science,,Rattus norvegicus,brown rat,Wistar rat,16,3 months,"early, mid, late",full_gestation,,19,Intermittent,1,h,Ultrasound,Ultrasound,65,"22,000",,Silence,,Control placed in an acoustical isolation box for the same period of time,male,60,adolescent,,none,,Anxiety,Elevated T Maze (ETM),Multiple time points: escape latency (time in open arms),Escape latency,Latency,s,Light Phase,Figure 3. b,oliveira_2015_jbehavbraisci_fig3b,C_F2,IE_F2,C_IE_F2,Yes,Negative,,6.8,6.8,Reported mean; used unchanged,oliveira_2015_jbehavbraisci_fig3b,8.02,8.02,Reported or previously approved SD; used unchanged,oliveira_2015_jbehavbraisci_fig3b,12,2.31,2.31,Reported SEM; used unchanged for analysis,oliveira_2015_jbehavbraisci_fig3b; Figure 3. b,,,,,6.6,6.6,Reported mean; used unchanged,oliveira_2015_jbehavbraisci_fig3b,4.06,4.06,Reported or previously approved SD; used unchanged,oliveira_2015_jbehavbraisci_fig3b,12,1.17,1.17,Reported SEM; used unchanged for analysis,oliveira_2015_jbehavbraisci_fig3b; Figure 3. b,,,,,,
oliveira_2015_jbehavbraisci,es052,oliveira_2015_jbehavbraisci,oliveira_2015_jbehavbraisci__con008__ex012,oliveira_2015_jbehavbraisci__elevated_t_maze_etm,oliveira_2015_jbehavbraisci__con008__ex012__pnd60,ex012,con008,out027,Yes,Verified – no change,"They used the elevated T Maze, where they measured anxiety in 3 days trials, and fear from anxiety in one trial",,Intrauterine Exposure to Chronic 22 kHz Sound Affects Inhibitory Avoidance and Serotonergic Parameters in Forebrain Areas of Dams and Rat Offspring,10.4236/jbbs.2015.52003,Journal of Behavioral and Brain Science,,Rattus norvegicus,brown rat,Wistar rat,16,3 months,"early, mid, late",full_gestation,,19,Intermittent,1,h,Ultrasound,Ultrasound,65,"22,000",,Silence,,Control placed in an acoustical isolation box for the same period of time,male,60,adolescent,,none,,Anxiety,Elevated T Maze (ETM),Multiple time points: escape latency (time in open arms),Escape latency,Latency,s,Light Phase,Figure 3. b,oliveira_2015_jbehavbraisci_fig3b,C_F3,IE_F3,C_IE_F3,Yes,Negative,,6.46,6.46,Reported mean; used unchanged,oliveira_2015_jbehavbraisci_fig3b,7.72,7.72,Reported or previously approved SD; used unchanged,oliveira_2015_jbehavbraisci_fig3b,12,2.23,2.23,Reported SEM; used unchanged for analysis,oliveira_2015_jbehavbraisci_fig3b; Figure 3. b,,,,,13.2,13.2,Reported mean; used unchanged,oliveira_2015_jbehavbraisci_fig3b,15.44,15.44,Reported or previously approved SD; used unchanged,oliveira_2015_jbehavbraisci_fig3b,12,4.46,4.46,Reported SEM; used unchanged for analysis,oliveira_2015_jbehavbraisci_fig3b; Figure 3. b,,,,,,
pavlov_2023_molsci,es053,pavlov_2023_molsci,pavlov_2023_molsci__con009__ex013,pavlov_2023_molsci__sucrose_preference_test_spt,pavlov_2023_molsci__con009__ex013__pnd60,ex013,con009,out028,Yes,Verified – no change,One control and one treatment,,Maternal Chronic Ultrasound Stress Provokes Immune Activation and Behavioral Deficits in the Offspring: A Mouse Model of Neurodevelopmental Pathology,10.3390/ijms241411712,International Journal of Molecular Sciences,,Mus musculus,albino house mouse,BALB/c mice,16,3 months,"early, mid, late",full_gestation,,21,Continuous,24,Varying frequencies. Mice in an accustically isolated room,Ultrasound,Ultrasound,50,"20,000-45,000",,Unclear,,,female,60,adolescent,2 months,none,,Depression,Sucrose Preference Test (SPT),,Sucrose preference index,Index,%,Dark Phase,Figure 4A,pavlov_2023_molsci_Fig4A,NonSt_su,US_su,NonSt_US_su,Yes,Negative,higher anhedonia is better,71.6,71.6,Reported mean; used unchanged,pavlov_2023_molsci_Fig4A,9.72,9.72,Reported or previously approved SD; used unchanged,pavlov_2023_molsci_Fig4A,10,,3.073734,SD / sqrt(n); derived for analysis from the extracted SD and sample size,pavlov_2023_molsci_Fig4A; Figure 4A,,,,,40.48,40.48,Reported mean; used unchanged,pavlov_2023_molsci_Fig4A,13.49,13.49,Reported or previously approved SD; used unchanged,pavlov_2023_molsci_Fig4A,14,,3.605354,SD / sqrt(n); derived for analysis from the extracted SD and sample size,pavlov_2023_molsci_Fig4A; Figure 4A,,,,,,Visual estimations: you can't see the median in the violin plot
pavlov_2023_molsci,es054,pavlov_2023_molsci,pavlov_2023_molsci__con009__ex013,pavlov_2023_molsci__open_field_test_oft,pavlov_2023_molsci__con009__ex013__pnd60,ex013,con009,out029,Yes,Verified – no change,One control and one treatment,,Maternal Chronic Ultrasound Stress Provokes Immune Activation and Behavioral Deficits in the Offspring: A Mouse Model of Neurodevelopmental Pathology,10.3390/ijms241411712,International Journal of Molecular Sciences,,Mus musculus,albino house mouse,BALB/c mice,16,3 months,"early, mid, late",full_gestation,,21,Continuous,24,Varying frequencies. Mice in an accustically isolated room,Ultrasound,Ultrasound,50,"20,000-45,000",,Unclear,,,female,60,adolescent,2 months,none,,Anxiety,Open Field Test (OFT),,Sections crossed,Count,Count,Dark Phase,Figure 4C,pavlov_2023_molsci_Fig4C,NonSt_sq,US_sq,NonSt_US_sq,Yes,Negative,,10.55,10.55,Reported mean; used unchanged,pavlov_2023_molsci_Fig4C,6.17,6.17,Reported or previously approved SD; used unchanged,pavlov_2023_molsci_Fig4C,10,,1.951125,SD / sqrt(n); derived for analysis from the extracted SD and sample size,pavlov_2023_molsci_Fig4C; Figure 4C,,,,,6.4,6.4,Reported mean; used unchanged,pavlov_2023_molsci_Fig4C,3.17,3.17,Reported or previously approved SD; used unchanged,pavlov_2023_molsci_Fig4C,14,,0.847218,SD / sqrt(n); derived for analysis from the extracted SD and sample size,pavlov_2023_molsci_Fig4C; Figure 4C,,,,,,
pavlov_2023_molsci,es055,pavlov_2023_molsci,pavlov_2023_molsci__con009__ex013,pavlov_2023_molsci__open_field_test_oft,pavlov_2023_molsci__con009__ex013__pnd60,ex013,con009,out030,Yes,Verified – no change,One control and one treatment,,Maternal Chronic Ultrasound Stress Provokes Immune Activation and Behavioral Deficits in the Offspring: A Mouse Model of Neurodevelopmental Pathology,10.3390/ijms241411712,International Journal of Molecular Sciences,,Mus musculus,albino house mouse,BALB/c mice,16,3 months,"early, mid, late",full_gestation,,21,Continuous,24,Varying frequencies. Mice in an accustically isolated room,Ultrasound,Ultrasound,50,"20,000-45,000",,Unclear,,,female,60,adolescent,2 months,none,,Anxiety,Open Field Test (OFT),,Time in central square,Time,s,Dark Phase,Figure 4D,pavlov_2023_molsci_Fig4D,NonSt_csq,US_csq,NonSt_US_csq,Yes,Negative,,71.66,71.66,Reported mean; used unchanged,pavlov_2023_molsci_Fig4D,17.5,17.5,Reported or previously approved SD; used unchanged,pavlov_2023_molsci_Fig4D,10,,5.533986,SD / sqrt(n); derived for analysis from the extracted SD and sample size,pavlov_2023_molsci_Fig4D; Figure 4D,,,,,25.99,25.99,Reported mean; used unchanged,pavlov_2023_molsci_Fig4D,11.15,11.15,Reported or previously approved SD; used unchanged,pavlov_2023_molsci_Fig4D,14,,2.979963,SD / sqrt(n); derived for analysis from the extracted SD and sample size,pavlov_2023_molsci_Fig4D; Figure 4D,,,,,,
pavlov_2023_molsci,es056,pavlov_2023_molsci,pavlov_2023_molsci__con009__ex013,pavlov_2023_molsci__elevated_plus_maze_epm,pavlov_2023_molsci__con009__ex013__pnd60,ex013,con009,out031,Yes,Verified – no change,One control and one treatment,,Maternal Chronic Ultrasound Stress Provokes Immune Activation and Behavioral Deficits in the Offspring: A Mouse Model of Neurodevelopmental Pathology,10.3390/ijms241411712,International Journal of Molecular Sciences,,Mus musculus,albino house mouse,BALB/c mice,16,3 months,"early, mid, late",full_gestation,,21,Continuous,24,Varying frequencies. Mice in an accustically isolated room,Ultrasound,Ultrasound,50,"20,000-45,000",,Unclear,,,female,60,adolescent,2 months,none,,Anxiety,Elevated Plus Maze (EPM),,Time in open arms (OAT),Time,s,Dark Phase,Figure 4E,pavlov_2023_molsci_Fig4E,NonSt_oat,US_oat,NonSt_US_oat,Yes,Negative,,69.17,69.17,Reported mean; used unchanged,pavlov_2023_molsci_Fig4E,20.84,20.84,Reported or previously approved SD; used unchanged,pavlov_2023_molsci_Fig4E,10,,6.590187,SD / sqrt(n); derived for analysis from the extracted SD and sample size,pavlov_2023_molsci_Fig4E; Figure 4E,,,,,25.42,25.42,Reported mean; used unchanged,pavlov_2023_molsci_Fig4E,9.56,9.56,Reported or previously approved SD; used unchanged,pavlov_2023_molsci_Fig4E,14,,2.555017,SD / sqrt(n); derived for analysis from the extracted SD and sample size,pavlov_2023_molsci_Fig4E; Figure 4E,,,,,,
pavlov_2023_molsci,es057,pavlov_2023_molsci,pavlov_2023_molsci__con009__ex013,pavlov_2023_molsci__elevated_plus_maze_epm,pavlov_2023_molsci__con009__ex013__pnd60,ex013,con009,out032,Yes,Verified – no change,One control and one treatment,,Maternal Chronic Ultrasound Stress Provokes Immune Activation and Behavioral Deficits in the Offspring: A Mouse Model of Neurodevelopmental Pathology,10.3390/ijms241411712,International Journal of Molecular Sciences,,Mus musculus,albino house mouse,BALB/c mice,16,3 months,"early, mid, late",full_gestation,,21,Continuous,24,Varying frequencies. Mice in an accustically isolated room,Ultrasound,Ultrasound,50,"20,000-45,000",,Unclear,,,female,60,adolescent,2 months,none,,Anxiety,Elevated Plus Maze (EPM),,Entries into open arms (OAE),Count,Count,Dark Phase,Figure 4F,pavlov_2023_molsci_Fig4F,NonSt_oae,US_oae,NonSt_US_oae,Yes,Negative,,13.27,13.27,Reported mean; used unchanged,pavlov_2023_molsci_Fig4F,5.44,5.44,Reported or previously approved SD; used unchanged,pavlov_2023_molsci_Fig4F,10,,1.720279,SD / sqrt(n); derived for analysis from the extracted SD and sample size,pavlov_2023_molsci_Fig4F; Figure 4F,,,,,8.68,8.68,Reported mean; used unchanged,pavlov_2023_molsci_Fig4F,4.23,4.23,Reported or previously approved SD; used unchanged,pavlov_2023_molsci_Fig4F,14,,1.130515,SD / sqrt(n); derived for analysis from the extracted SD and sample size,pavlov_2023_molsci_Fig4F; Figure 4F,,,,,,
nishio_2006_intjdevlneur,es058,nishio_2006_intjdevlneur,nishio_2006_intjdevlneur__con010__ex014,nishio_2006_intjdevlneur__elevated_plus_maze_epm,nishio_2006_intjdevlneur__con010__ex014__pnd35,ex014,con010,out033,Yes,Verified – no change,"one female, one male and one control group per sex",,Effects of perinatal stress on the anxiety-related behavior of  the adolescence mouse,10.1016/j.ijdevneu.2006.02.003,International Journal of Developemental Neuroscience,,Mus musculus,albino house mouse,ddY mice,,not reported,"mid, late",mid_late,day 10 to 18,9,Intermittent,0.25,15 min,Other/Unclear,Unclear,90,,,Unclear,,No information,male,35,adolescent,5 weeks,none,,Anxiety,Elevated Plus Maze (EPM),"To balance for potential locomotion biases, the number of entries and time on the open-arms was expressed as a percentage of the total number of entries to all arms, or of the time spent in all arms, respectively ((open/[close + open]) 100). The absolute number of closed-arm entries was measured to dissociate the effect of the treatment on anxiety and general motor activity.",Time in open arms (OAT),Percentage,%,Not Reported,Fig. 2a,nishio_2006_intjdevlneur_fig2a,pre_n_m_oat,pre_so_m_oat,pre_n_m_oat,Yes,Negative,,27.16,27.16,Reported mean; used unchanged,nishio_2006_intjdevlneur_fig2a,13.81,13.81,Reported or previously approved SD; used unchanged,nishio_2006_intjdevlneur_fig2a,5,6.17,6.17,Reported SEM; used unchanged for analysis,nishio_2006_intjdevlneur_fig2a; Fig. 2a,,,,,24.15,24.15,Reported mean; used unchanged,nishio_2006_intjdevlneur_fig2a,7.94,7.94,Reported or previously approved SD; used unchanged,nishio_2006_intjdevlneur_fig2a,5,3.55,3.55,Reported SEM; used unchanged for analysis,nishio_2006_intjdevlneur_fig2a; Fig. 2a,,,,,,
nishio_2006_intjdevlneur,es059,nishio_2006_intjdevlneur,nishio_2006_intjdevlneur__con011__ex015,nishio_2006_intjdevlneur__elevated_plus_maze_epm,nishio_2006_intjdevlneur__con011__ex015__pnd35,ex015,con011,out033,Yes,Verified – no change,"one female, one male and one control group per sex",,Effects of perinatal stress on the anxiety-related behavior of  the adolescence mouse,10.1016/j.ijdevneu.2006.02.003,International Journal of Developemental Neuroscience,,Mus musculus,albino house mouse,ddY mice,,not reported,"mid, late",mid_late,day 10 to 18,9,Intermittent,0.25,15 min,Other/Unclear,Unclear,90,,,Unclear,,No information,female,35,adolescent,5 weeks,none,,Anxiety,Elevated Plus Maze (EPM),"To balance for potential locomotion biases, the number of entries and time on the open-arms was expressed as a percentage of the total number of entries to all arms, or of the time spent in all arms, respectively ((open/[close + open]) 100). The absolute number of closed-arm entries was measured to dissociate the effect of the treatment on anxiety and general motor activity.",Time in open arms (OAT),Percentage,%,Not Reported,Fig. 2a,nishio_2006_intjdevlneur_fig2a,pre_n_f_oat,pre_so_f_oat,pre_n_f_oat,Yes,Negative,,18.69,18.69,Reported mean; used unchanged,nishio_2006_intjdevlneur_fig2a,6.84,6.84,Reported or previously approved SD; used unchanged,nishio_2006_intjdevlneur_fig2a,5,3.06,3.06,Reported SEM; used unchanged for analysis,nishio_2006_intjdevlneur_fig2a; Fig. 2a,,,,,29.23,29.23,Reported mean; used unchanged,nishio_2006_intjdevlneur_fig2a,13.81,13.81,Reported or previously approved SD; used unchanged,nishio_2006_intjdevlneur_fig2a,5,6.17,6.17,Reported SEM; used unchanged for analysis,nishio_2006_intjdevlneur_fig2a; Fig. 2a,,,,,,
nishio_2006_intjdevlneur,es060,nishio_2006_intjdevlneur,nishio_2006_intjdevlneur__con010__ex014,nishio_2006_intjdevlneur__elevated_plus_maze_epm,nishio_2006_intjdevlneur__con010__ex014__pnd35,ex014,con010,out034,Yes,Verified – no change,"one female, one male and one control group per sex",,Effects of perinatal stress on the anxiety-related behavior of  the adolescence mouse,10.1016/j.ijdevneu.2006.02.003,International Journal of Developemental Neuroscience,,Mus musculus,albino house mouse,ddY mice,,not reported,"mid, late",mid_late,day 10 to 18,9,Intermittent,0.25,15 min,Other/Unclear,Unclear,90,,,Unclear,,No information,male,35,adolescent,5 weeks,none,,Anxiety,Elevated Plus Maze (EPM),,Entries into open arms (OAE),Percentage,%,Not Reported,Fig. 2b,nishio_2006_intjdevlneur_fig2b,pre_n_m_oae,pre_so_m_oae,pre_n_m_oae,Yes,Negative,,39.61,39.61,Reported mean; used unchanged,nishio_2006_intjdevlneur_fig2b,9.64,9.64,Reported or previously approved SD; used unchanged,nishio_2006_intjdevlneur_fig2b,5,4.31,4.31,Reported SEM; used unchanged for analysis,nishio_2006_intjdevlneur_fig2b; Fig. 2b,,,,,46.66,46.66,Reported mean; used unchanged,nishio_2006_intjdevlneur_fig2b,7.78,7.78,Reported or previously approved SD; used unchanged,nishio_2006_intjdevlneur_fig2b,5,3.48,3.48,Reported SEM; used unchanged for analysis,nishio_2006_intjdevlneur_fig2b; Fig. 2b,,,,,,
nishio_2006_intjdevlneur,es061,nishio_2006_intjdevlneur,nishio_2006_intjdevlneur__con011__ex015,nishio_2006_intjdevlneur__elevated_plus_maze_epm,nishio_2006_intjdevlneur__con011__ex015__pnd35,ex015,con011,out034,Yes,Verified – no change,"one female, one male and one control group per sex",,Effects of perinatal stress on the anxiety-related behavior of  the adolescence mouse,10.1016/j.ijdevneu.2006.02.003,International Journal of Developemental Neuroscience,,Mus musculus,albino house mouse,ddY mice,,not reported,"mid, late",mid_late,day 10 to 18,9,Intermittent,0.25,15 min,Other/Unclear,Unclear,90,,,Unclear,,No information,female,35,adolescent,5 weeks,none,,Anxiety,Elevated Plus Maze (EPM),,Entries into open arms (OAE),Percentage,%,Not Reported,Fig. 2b,nishio_2006_intjdevlneur_fig2b,pre_n_f_oae,pre_so_f_oae,pre_n_f_oae,Yes,Negative,,33.07,33.07,Reported mean; used unchanged,nishio_2006_intjdevlneur_fig2b,7.6,7.6,Reported or previously approved SD; used unchanged,nishio_2006_intjdevlneur_fig2b,5,3.4,3.4,Reported SEM; used unchanged for analysis,nishio_2006_intjdevlneur_fig2b; Fig. 2b,,,,,42.1,42.1,Reported mean; used unchanged,nishio_2006_intjdevlneur_fig2b,14.82,14.82,Reported or previously approved SD; used unchanged,nishio_2006_intjdevlneur_fig2b,5,6.63,6.63,Reported SEM; used unchanged for analysis,nishio_2006_intjdevlneur_fig2b; Fig. 2b,,,,,,
nishio_2006_intjdevlneur,es062,nishio_2006_intjdevlneur,nishio_2006_intjdevlneur__con010__ex014,nishio_2006_intjdevlneur__elevated_plus_maze_epm,nishio_2006_intjdevlneur__con010__ex014__pnd35,ex014,con010,out035,Yes,Verified – no change,"one female, one male and one control group per sex",,Effects of perinatal stress on the anxiety-related behavior of  the adolescence mouse,10.1016/j.ijdevneu.2006.02.003,International Journal of Developemental Neuroscience,,Mus musculus,albino house mouse,ddY mice,,not reported,"mid, late",mid_late,day 10 to 18,9,Intermittent,0.25,15 min,Other/Unclear,Unclear,90,,,Unclear,,No information,male,35,adolescent,5 weeks,none,,Anxiety,Elevated Plus Maze (EPM),,Entries to closed arms,Count,Count,Not Reported,Fig. 2c,nishio_2006_intjdevlneur_fig2c,pre_n_m_cae,pre_so_m_cae,pre_n_m_cae,Yes,Negative,,3.97,3.97,Reported mean; used unchanged,nishio_2006_intjdevlneur_fig2c,1.71,1.71,Reported or previously approved SD; used unchanged,nishio_2006_intjdevlneur_fig2c,5,0.76,0.76,Reported SEM; used unchanged for analysis,nishio_2006_intjdevlneur_fig2c; Fig. 2c,,,,,3.58,3.58,Reported mean; used unchanged,nishio_2006_intjdevlneur_fig2c,1.18,1.18,Reported or previously approved SD; used unchanged,nishio_2006_intjdevlneur_fig2c,5,0.53,0.53,Reported SEM; used unchanged for analysis,nishio_2006_intjdevlneur_fig2c; Fig. 2c,,,,,,
nishio_2006_intjdevlneur,es063,nishio_2006_intjdevlneur,nishio_2006_intjdevlneur__con011__ex015,nishio_2006_intjdevlneur__elevated_plus_maze_epm,nishio_2006_intjdevlneur__con011__ex015__pnd35,ex015,con011,out035,Yes,Verified – no change,"one female, one male and one control group per sex",,Effects of perinatal stress on the anxiety-related behavior of  the adolescence mouse,10.1016/j.ijdevneu.2006.02.003,International Journal of Developemental Neuroscience,,Mus musculus,albino house mouse,ddY mice,,not reported,"mid, late",mid_late,day 10 to 18,9,Intermittent,0.25,15 min,Other/Unclear,Unclear,90,,,Unclear,,No information,female,35,adolescent,5 weeks,none,,Anxiety,Elevated Plus Maze (EPM),,Entries to closed arms,Count,Count,Not Reported,Fig. 2c,nishio_2006_intjdevlneur_fig2c,pre_n_f_cae,pre_so_f_cae,pre_n_f_cae,Yes,Negative,,6.68,6.68,Reported mean; used unchanged,nishio_2006_intjdevlneur_fig2c,2.41,2.41,Reported or previously approved SD; used unchanged,nishio_2006_intjdevlneur_fig2c,5,1.08,1.08,Reported SEM; used unchanged for analysis,nishio_2006_intjdevlneur_fig2c; Fig. 2c,,,,,4.55,4.55,Reported mean; used unchanged,nishio_2006_intjdevlneur_fig2c,1.15,1.15,Reported or previously approved SD; used unchanged,nishio_2006_intjdevlneur_fig2c,5,0.51,0.51,Reported SEM; used unchanged for analysis,nishio_2006_intjdevlneur_fig2c; Fig. 2c,,,,,,
uygur_2011_ankarauniv,es064,uygur_2011_ankarauniv,uygur_2011_ankarauniv__con012__ex016,uygur_2011_ankarauniv__forced_swimming_test_fst,uygur_2011_ankarauniv__con012__ex016__pnd70,ex016,con012,out036,Yes,Verified – no change,One treatmentent group and one control,,Investigation of the long term effects of chronic white noise stress on learning in radial arm maze and behaviors in forced swim test,10.1501/Vetfak_0000002481,Ankara Üniv Vet Fak Derg,,Rattus norvegicus,albino rat,Sprague-Dawley,,205±3 g body weight,"mid, late",mid_late,day 14 to 21,9,Intermittent,0.75,45 min,White noise,Audible,100,,,Unclear,,PC group remained undisturbed,male,70,adolescent,,none,,Depression,Forced Swimming Test (FST),"Placed individually into cylinder, swam 15 min first day, 5 mins second day",Total immobility time,Time,s,Light Phase,In paper: Table 2.,uygur_2011_ankarauniv.pdf,CON_in,PSN_in,CON_PSN_in1,No,Positive,,45.87,45.87,Reported mean; used unchanged,uygur_2011_ankarauniv.pdf,,24.869999999999997,SD = reported SE * sqrt(n),uygur_2011_ankarauniv.pdf; reported SE and n,9,8.29,8.29,Reported SEM; used unchanged for analysis,uygur_2011_ankarauniv.pdf; In paper: Table 2.,,,,,26.79,26.79,Reported mean; used unchanged,uygur_2011_ankarauniv.pdf,,24.855502408923464,SD = reported SE * sqrt(n),uygur_2011_ankarauniv.pdf; reported SE and n,10,7.86,7.86,Reported SEM; used unchanged for analysis,uygur_2011_ankarauniv.pdf; In paper: Table 2.,,,,,,1st day
uygur_2011_ankarauniv,es065,uygur_2011_ankarauniv,uygur_2011_ankarauniv__con012__ex016,uygur_2011_ankarauniv__forced_swimming_test_fst,uygur_2011_ankarauniv__con012__ex016__pnd70,ex016,con012,out036,Yes,Verified – no change,One treatmentent group and one control,,Investigation of the long term effects of chronic white noise stress on learning in radial arm maze and behaviors in forced swim test,10.1501/Vetfak_0000002481,Ankara Üniv Vet Fak Derg,,Rattus norvegicus,albino rat,Sprague-Dawley,,205±3 g body weight,"mid, late",mid_late,day 14 to 21,9,Intermittent,0.75,45 min,White noise,Audible,100,,,Unclear,,PC group remained undisturbed,male,70,adolescent,,none,,Depression,Forced Swimming Test (FST),"Placed individually into cylinder, swam 15 min first day, 5 mins second day",Total immobility time,Time,s,Light Phase,In paper: Table 2.,uygur_2011_ankarauniv.pdf,CON_in,PSN_in,CON_PSN_in2,No,Positive,,79.05,79.05,Reported mean; used unchanged,uygur_2011_ankarauniv.pdf,,40.56,SD = reported SE * sqrt(n),uygur_2011_ankarauniv.pdf; reported SE and n,9,13.52,13.52,Reported SEM; used unchanged for analysis,uygur_2011_ankarauniv.pdf; In paper: Table 2.,,,,,48.87,48.87,Reported mean; used unchanged,uygur_2011_ankarauniv.pdf,,40.57202237996031,SD = reported SE * sqrt(n),uygur_2011_ankarauniv.pdf; reported SE and n,10,12.83,12.83,Reported SEM; used unchanged for analysis,uygur_2011_ankarauniv.pdf; In paper: Table 2.,,,,,,2nd day
uygur_2011_ankarauniv,es066,uygur_2011_ankarauniv,uygur_2011_ankarauniv__con012__ex016,uygur_2011_ankarauniv__forced_swimming_test_fst,uygur_2011_ankarauniv__con012__ex016__pnd70,ex016,con012,out037,Yes,Verified – no change,One treatmentent group and one control,,Investigation of the long term effects of chronic white noise stress on learning in radial arm maze and behaviors in forced swim test,10.1501/Vetfak_0000002481,Ankara Üniv Vet Fak Derg,,Rattus norvegicus,albino rat,Sprague-Dawley,,205±3 g body weight,"mid, late",mid_late,day 14 to 21,9,Intermittent,0.75,45 min,White noise,Audible,100,,,Unclear,,PC group remained undisturbed,male,70,adolescent,,none,,Depression,Forced Swimming Test (FST),"Placed individually into cylinder, swam 15 min first day, 5 mins second day",Total swimming time,Time,s,Light Phase,In paper: Table 2.,uygur_2011_ankarauniv.pdf,CON_sw,PSN_sw,CON_PSN_sw1,Yes,Negative,,20.09,20.09,Reported mean; used unchanged,uygur_2011_ankarauniv.pdf,,18.84,SD = reported SE * sqrt(n),uygur_2011_ankarauniv.pdf; reported SE and n,9,6.28,6.28,Reported SEM; used unchanged for analysis,uygur_2011_ankarauniv.pdf; In paper: Table 2.,,,,,39.08,39.08,Reported mean; used unchanged,uygur_2011_ankarauniv.pdf,,18.84717485460354,SD = reported SE * sqrt(n),uygur_2011_ankarauniv.pdf; reported SE and n,10,5.96,5.96,Reported SEM; used unchanged for analysis,uygur_2011_ankarauniv.pdf; In paper: Table 2.,,,,,,1st day
uygur_2011_ankarauniv,es067,uygur_2011_ankarauniv,uygur_2011_ankarauniv__con012__ex016,uygur_2011_ankarauniv__forced_swimming_test_fst,uygur_2011_ankarauniv__con012__ex016__pnd70,ex016,con012,out037,Yes,Verified – no change,One treatmentent group and one control,,Investigation of the long term effects of chronic white noise stress on learning in radial arm maze and behaviors in forced swim test,10.1501/Vetfak_0000002481,Ankara Üniv Vet Fak Derg,,Rattus norvegicus,albino rat,Sprague-Dawley,,205±3 g body weight,"mid, late",mid_late,day 14 to 21,9,Intermittent,0.75,45 min,White noise,Audible,100,,,Unclear,,PC group remained undisturbed,male,70,adolescent,,none,,Depression,Forced Swimming Test (FST),"Placed individually into cylinder, swam 15 min first day, 5 mins second day",Total swimming time,Time,s,Light Phase,In paper: Table 2.,uygur_2011_ankarauniv.pdf,CON_sw,PSN_sw,CON_PSN_sw2,Yes,Negative,,31.89,31.89,Reported mean; used unchanged,uygur_2011_ankarauniv.pdf,,39.45,SD = reported SE * sqrt(n),uygur_2011_ankarauniv.pdf; reported SE and n,9,13.15,13.15,Reported SEM; used unchanged for analysis,uygur_2011_ankarauniv.pdf; In paper: Table 2.,,,,,33.44,33.44,Reported mean; used unchanged,uygur_2011_ankarauniv.pdf,,39.46522519890138,SD = reported SE * sqrt(n),uygur_2011_ankarauniv.pdf; reported SE and n,10,12.48,12.48,Reported SEM; used unchanged for analysis,uygur_2011_ankarauniv.pdf; In paper: Table 2.,,,,,,2nd day
uygur_2011_ankarauniv,es068,uygur_2011_ankarauniv,uygur_2011_ankarauniv__con012__ex016,uygur_2011_ankarauniv__forced_swimming_test_fst,uygur_2011_ankarauniv__con012__ex016__pnd70,ex016,con012,out038,Yes,Corrected transcription,One treatmentent group and one control,,Investigation of the long term effects of chronic white noise stress on learning in radial arm maze and behaviors in forced swim test,10.1501/Vetfak_0000002481,Ankara Üniv Vet Fak Derg,,Rattus norvegicus,albino rat,Sprague-Dawley,,205±3 g body weight,"mid, late",mid_late,day 14 to 21,9,Intermittent,0.75,45 min,White noise,Audible,100,,,Unclear,,PC group remained undisturbed,male,70,adolescent,,none,,Depression,Forced Swimming Test (FST),"Placed individually into cylinder, swam 15 min first day, 5 mins second day",Total diving time,Time,s,Light Phase,In paper: Table 2.,uygur_2011_ankarauniv.pdf,CON_di,PSN_di,CON_PSN_di1,Yes,Negative,,5.44,5.44,Reported mean; used unchanged,uygur_2011_ankarauniv.pdf,,4.47,SD = reported SE * sqrt(n),uygur_2011_ankarauniv.pdf; reported SE and n,9,1.49,1.49,Reported SEM; used unchanged for analysis,uygur_2011_ankarauniv.pdf; In paper: Table 2.,,,,,6.2,6.2,Reported mean; used unchanged,uygur_2011_ankarauniv.pdf,,4.490434277439099,SD = reported SE * sqrt(n),uygur_2011_ankarauniv.pdf; reported SE and n,10,1.42,1.42,Reported SEM; used unchanged for analysis,uygur_2011_ankarauniv.pdf; In paper: Table 2.,,,,,,1st day
uygur_2011_ankarauniv,es069,uygur_2011_ankarauniv,uygur_2011_ankarauniv__con012__ex016,uygur_2011_ankarauniv__forced_swimming_test_fst,uygur_2011_ankarauniv__con012__ex016__pnd70,ex016,con012,out038,Yes,Corrected transcription,One treatmentent group and one control,,Investigation of the long term effects of chronic white noise stress on learning in radial arm maze and behaviors in forced swim test,10.1501/Vetfak_0000002481,Ankara Üniv Vet Fak Derg,,Rattus norvegicus,albino rat,Sprague-Dawley,,205±3 g body weight,"mid, late",mid_late,day 14 to 21,9,Intermittent,0.75,45 min,White noise,Audible,100,,,Unclear,,PC group remained undisturbed,male,70,adolescent,,none,,Depression,Forced Swimming Test (FST),"Placed individually into cylinder, swam 15 min first day, 5 mins second day",Total diving time,Time,s,Light Phase,In paper: Table 2.,uygur_2011_ankarauniv.pdf,CON_di,PSN_di,CON_PSN_di2,Yes,Negative,,2.56,2.56,Reported mean; used unchanged,uygur_2011_ankarauniv.pdf,,2.8499999999999996,SD = reported SE * sqrt(n),uygur_2011_ankarauniv.pdf; reported SE and n,9,0.95,0.95,Reported SEM; used unchanged for analysis,uygur_2011_ankarauniv.pdf; In paper: Table 2.,,,,,1.7,1.7,Reported mean; used unchanged,uygur_2011_ankarauniv.pdf,,2.8460498941515415,SD = reported SE * sqrt(n),uygur_2011_ankarauniv.pdf; reported SE and n,10,0.9,0.9,Reported SEM; used unchanged for analysis,uygur_2011_ankarauniv.pdf; In paper: Table 2.,,,,,,2nd day
uygur_2011_ankarauniv,es070,uygur_2011_ankarauniv,uygur_2011_ankarauniv__con012__ex016,uygur_2011_ankarauniv__forced_swimming_test_fst,uygur_2011_ankarauniv__con012__ex016__pnd70,ex016,con012,out039,Yes,Corrected transcription,One treatmentent group and one control,,Investigation of the long term effects of chronic white noise stress on learning in radial arm maze and behaviors in forced swim test,10.1501/Vetfak_0000002481,Ankara Üniv Vet Fak Derg,,Rattus norvegicus,albino rat,Sprague-Dawley,,205±3 g body weight,"mid, late",mid_late,day 14 to 21,9,Intermittent,0.75,45 min,White noise,Audible,100,,,Unclear,,PC group remained undisturbed,male,70,adolescent,,none,,Depression,Forced Swimming Test (FST),"Placed individually into cylinder, swam 15 min first day, 5 mins second day",Total jumping time,Time,s,Light Phase,In paper: Table 2.,uygur_2011_ankarauniv.pdf,CON_ju,PSN_ju,CON_PSN_ju1,Yes,Negative,,26.78,26.78,Reported mean; used unchanged,uygur_2011_ankarauniv.pdf,,14.669999999999998,SD = reported SE * sqrt(n),uygur_2011_ankarauniv.pdf; reported SE and n,9,4.89,4.89,Reported SEM; used unchanged for analysis,uygur_2011_ankarauniv.pdf; In paper: Table 2.,,,,,23,23,Reported mean; used unchanged,uygur_2011_ankarauniv.pdf,,14.67296834318128,SD = reported SE * sqrt(n),uygur_2011_ankarauniv.pdf; reported SE and n,10,4.64,4.64,Reported SEM; used unchanged for analysis,uygur_2011_ankarauniv.pdf; In paper: Table 2.,,,,,,1st day
uygur_2011_ankarauniv,es071,uygur_2011_ankarauniv,uygur_2011_ankarauniv__con012__ex016,uygur_2011_ankarauniv__forced_swimming_test_fst,uygur_2011_ankarauniv__con012__ex016__pnd70,ex016,con012,out039,Yes,Corrected transcription,One treatmentent group and one control,,Investigation of the long term effects of chronic white noise stress on learning in radial arm maze and behaviors in forced swim test,10.1501/Vetfak_0000002481,Ankara Üniv Vet Fak Derg,,Rattus norvegicus,albino rat,Sprague-Dawley,,205±3 g body weight,"mid, late",mid_late,day 14 to 21,9,Intermittent,0.75,45 min,White noise,Audible,100,,,Unclear,,PC group remained undisturbed,male,70,adolescent,,none,,Depression,Forced Swimming Test (FST),"Placed individually into cylinder, swam 15 min first day, 5 mins second day",Total jumping time,Time,s,Light Phase,In paper: Table 2.,uygur_2011_ankarauniv.pdf,CON_ju,PSN_ju,CON_PSN_ju2,Yes,Negative,,16,16,Reported mean; used unchanged,uygur_2011_ankarauniv.pdf,,11.790000000000001,SD = reported SE * sqrt(n),uygur_2011_ankarauniv.pdf; reported SE and n,9,3.93,3.93,Reported SEM; used unchanged for analysis,uygur_2011_ankarauniv.pdf; In paper: Table 2.,,,,,18.4,18.4,Reported mean; used unchanged,uygur_2011_ankarauniv.pdf,,11.795295672428056,SD = reported SE * sqrt(n),uygur_2011_ankarauniv.pdf; reported SE and n,10,3.73,3.73,Reported SEM; used unchanged for analysis,uygur_2011_ankarauniv.pdf; In paper: Table 2.,,,,,,2nd day
morra_1965_physiolrec,es072,morra_1965_physiolrec,morra_1965_physiolrec__con013__ex017,morra_1965_physiolrec__open_field_test_oft,morra_1965_physiolrec__con013__ex017__pnd25,ex017,con013,out040,Yes,Verified – no change,One control and one treatment,,PRENATAL SOUND STIMULATION ON POSTNATAL RAT OFFSPRING OPEN FIELD BEHAVIORS,10.1007/BF03393632,The psychological Record,,Rattus norvegicus,albino rat,Wistar rat,18,120-140 days,"mid, late",mid_late,day 12-20,9,Intermittent,0.005,"There was a noise of 3.25 sec. duration produced bya door buzzer. for eight consecutive days. Each animal received three trials, twice daily, with an interblock interval of approximately one hour.",Door bell,Audible,85,,,Unclear,,"Same manipulation with no door bell, but they don't mention anything about noise conditions",mixed,25,juvenile,,none,,Anxiety,Open Field Test (OFT),,Sections crossed,Count,Count,Not Reported,Table 2 and text,,GIII_csq,GII_csq,GIII_GII_csq,Yes,Negative,,19.5,19.5,Reported mean; used unchanged,Table 2 and text,8.4,8.4,Reported or previously approved SD; used unchanged,Table 2 and text,63,,1.058301,SD / sqrt(n); derived for analysis from the extracted SD and sample size,Table 2 and text,,,,,14.2,14.2,Reported mean; used unchanged,Table 2 and text,8.3,8.3,Reported or previously approved SD; used unchanged,Table 2 and text,35,,1.402956,SD / sqrt(n); derived for analysis from the extracted SD and sample size,Table 2 and text,,,,,,No SE or CI
morra_1965_physiolrec,es073,morra_1965_physiolrec,morra_1965_physiolrec__con013__ex017,morra_1965_physiolrec__open_field_test_oft,morra_1965_physiolrec__con013__ex017__pnd25,ex017,con013,out041,Yes,Verified – no change,One control and one treatment,,PRENATAL SOUND STIMULATION ON POSTNATAL RAT OFFSPRING OPEN FIELD BEHAVIORS,10.1007/BF03393632,The psychological Record,,Rattus norvegicus,albino rat,Wistar rat,18,120-140 days,"mid, late",mid_late,day 12-20,9,Intermittent,0.005,"There was a noise of 3.25 sec. duration produced bya door buzzer. for eight consecutive days. Each animal received three trials, twice daily, with an interblock interval of approximately one hour.",Door bell,Audible,85,,,Unclear,,"Same manipulation with no door bell, but they don't mention anything about noise conditions",mixed,25,juvenile,,none,,Anxiety,Open Field Test (OFT),,Initial latency to move,Latency,s,Not Reported,Table 2 and text,,GIII_il,GII_il,GIII_GII_il,No,Positive,,13.1,13.1,Reported mean; used unchanged,Table 2 and text,7.9,7.9,Reported or previously approved SD; used unchanged,Table 2 and text,63,,0.995306,SD / sqrt(n); derived for analysis from the extracted SD and sample size,Table 2 and text,,,,,18.8,18.8,Reported mean; used unchanged,Table 2 and text,8.2,8.2,Reported or previously approved SD; used unchanged,Table 2 and text,35,,1.386053,SD / sqrt(n); derived for analysis from the extracted SD and sample size,Table 2 and text,,,,,,No SE or CI
abramova_2021_front,es074,abramova_2021_front,abramova_2021_front__con014__ex018,abramova_2021_front__open_field_test_oft,abramova_2021_front__con014__ex018__pnd20,ex018,con014,out042,Yes,Corrected transcription,"One control female, one male and one experimental female and one male",,The Behavior and Postnatal Development in Infant and Juvenile Rats After Ultrasound-Induced Chronic Prenatal Stress,10.3389/fphys.2021.659366,Frontiers in Physiology,,Rattus norvegicus,albino rat,Wistar rat,,not reported,"early, mid, late",full_gestation,3 weeks,21,Continuous,24,Expossed to continuous variable frequencies,Ultrasound,Ultrasound,50,"20,000-45,000",,Ambient sound,,"""normal conditions without ultrasound""",female,20,juvenile,,none,,Anxiety,Open Field Test (OFT),Square arena on PND20,Sections crossed,Count,Count,Light Phase,Author raw data,included_studies/abramova_2021_front/abramova_2021_front.xlsx,C_f_sq,PS_f_sq,C_PS_f_sq,Yes,Negative,,33.73913,33.73913,Reported mean; used unchanged,included_studies/abramova_2021_front/abramova_2021_front.xlsx,16.895985,16.895985,Reported or previously approved SD; used unchanged,included_studies/abramova_2021_front/abramova_2021_front.xlsx,23,,3.523056,"SD / sqrt(n), using the same-sex subgroup in author raw data","included_studies/abramova_2021_front/abramova_2021_front.xlsx, Лист1, handling=No handling",,,,,24.8421,24.8421,Reported mean; used unchanged,included_studies/abramova_2021_front/abramova_2021_front.xlsx,12.6985,12.6985,Reported or previously approved SD; used unchanged,included_studies/abramova_2021_front/abramova_2021_front.xlsx,19,,2.913236,"SD / sqrt(n), using the same-sex subgroup in author raw data","included_studies/abramova_2021_front/abramova_2021_front.xlsx, Лист1, handling=No handling",,,,,Extracted all from raw data,
abramova_2021_front,es075,abramova_2021_front,abramova_2021_front__con015__ex019,abramova_2021_front__open_field_test_oft,abramova_2021_front__con015__ex019__pnd20,ex019,con015,out042,Yes,Corrected transcription,"One control female, one male and one experimental female and one male",,The Behavior and Postnatal Development in Infant and Juvenile Rats After Ultrasound-Induced Chronic Prenatal Stress,10.3389/fphys.2021.659366,Frontiers in Physiology,,Rattus norvegicus,albino rat,Wistar rat,,not reported,"early, mid, late",full_gestation,3 weeks,21,Continuous,24,Expossed to continuous variable frequencies,Ultrasound,Ultrasound,50,"20,000-45,000",,Ambient sound,,"""normal conditions without ultrasound""",male,20,juvenile,,none,,Anxiety,Open Field Test (OFT),,Sections crossed,Count,Count,Light Phase,Author raw data,included_studies/abramova_2021_front/abramova_2021_front.xlsx,C_m_sq,PS_m_sq,C_PS_m_sq,Yes,Negative,,29,29,Reported mean; used unchanged,included_studies/abramova_2021_front/abramova_2021_front.xlsx,15.790292,15.790292,Reported or previously approved SD; used unchanged,included_studies/abramova_2021_front/abramova_2021_front.xlsx,25,,3.158058,"SD / sqrt(n), using the same-sex subgroup in author raw data","included_studies/abramova_2021_front/abramova_2021_front.xlsx, Лист1, handling=No handling",,,,,22.1667,22.1667,Reported mean; used unchanged,included_studies/abramova_2021_front/abramova_2021_front.xlsx,14.5733,14.5733,Reported or previously approved SD; used unchanged,included_studies/abramova_2021_front/abramova_2021_front.xlsx,18,,3.43496,"SD / sqrt(n), using the same-sex subgroup in author raw data","included_studies/abramova_2021_front/abramova_2021_front.xlsx, Лист1, handling=No handling",,,,,Extracted all from raw data,
abramova_2021_front,es076,abramova_2021_front,abramova_2021_front__con014__ex018,abramova_2021_front__open_field_test_oft,abramova_2021_front__con014__ex018__pnd20,ex018,con014,out043,Yes,Corrected transcription,"One control female, one male and one experimental female and one male",,The Behavior and Postnatal Development in Infant and Juvenile Rats After Ultrasound-Induced Chronic Prenatal Stress,10.3389/fphys.2021.659366,Frontiers in Physiology,,Rattus norvegicus,albino rat,Wistar rat,,not reported,"early, mid, late",full_gestation,3 weeks,21,Continuous,24,Expossed to continuous variable frequencies,Ultrasound,Ultrasound,50,"20,000-45,000",,Ambient sound,,"""normal conditions without ultrasound""",female,20,juvenile,,none,,Anxiety,Open Field Test (OFT),,Rearing frequency,Count,Count,Light Phase,Author raw data,included_studies/abramova_2021_front/abramova_2021_front.xlsx,C_f_re,PS_f_re,C_PS_f_re,Yes,Negative,,10.130435,10.130435,Reported mean; used unchanged,included_studies/abramova_2021_front/abramova_2021_front.xlsx,8.7558,8.7558,Reported or previously approved SD; used unchanged,included_studies/abramova_2021_front/abramova_2021_front.xlsx,23,,1.825711,"SD / sqrt(n), using the same-sex subgroup in author raw data","included_studies/abramova_2021_front/abramova_2021_front.xlsx, Лист1, handling=No handling",,,,,6.8947,6.8947,Reported mean; used unchanged,included_studies/abramova_2021_front/abramova_2021_front.xlsx,4.4208,4.4208,Reported or previously approved SD; used unchanged,included_studies/abramova_2021_front/abramova_2021_front.xlsx,19,,1.014201,"SD / sqrt(n), using the same-sex subgroup in author raw data","included_studies/abramova_2021_front/abramova_2021_front.xlsx, Лист1, handling=No handling",,,,,Extracted all from raw data,
abramova_2021_front,es077,abramova_2021_front,abramova_2021_front__con015__ex019,abramova_2021_front__open_field_test_oft,abramova_2021_front__con015__ex019__pnd20,ex019,con015,out043,Yes,Corrected transcription,"One control female, one male and one experimental female and one male",,The Behavior and Postnatal Development in Infant and Juvenile Rats After Ultrasound-Induced Chronic Prenatal Stress,10.3389/fphys.2021.659366,Frontiers in Physiology,,Rattus norvegicus,albino rat,Wistar rat,,not reported,"early, mid, late",full_gestation,3 weeks,21,Continuous,24,Expossed to continuous variable frequencies,Ultrasound,Ultrasound,50,"20,000-45,000",,Ambient sound,,"""normal conditions without ultrasound""",male,20,juvenile,,none,,Anxiety,Open Field Test (OFT),,Rearing frequency,Count,Count,Light Phase,Author raw data,included_studies/abramova_2021_front/abramova_2021_front.xlsx,C_m_re,PS_m_re,C_PS_m_re,Yes,Negative,,8.92,8.92,Reported mean; used unchanged,included_studies/abramova_2021_front/abramova_2021_front.xlsx,6.933734,6.933734,Reported or previously approved SD; used unchanged,included_studies/abramova_2021_front/abramova_2021_front.xlsx,25,,1.386747,"SD / sqrt(n), using the same-sex subgroup in author raw data","included_studies/abramova_2021_front/abramova_2021_front.xlsx, Лист1, handling=No handling",,,,,4.3889,4.3889,Reported mean; used unchanged,included_studies/abramova_2021_front/abramova_2021_front.xlsx,4.1747,4.1747,Reported or previously approved SD; used unchanged,included_studies/abramova_2021_front/abramova_2021_front.xlsx,18,,0.983986,"SD / sqrt(n), using the same-sex subgroup in author raw data","included_studies/abramova_2021_front/abramova_2021_front.xlsx, Лист1, handling=No handling",,,,,Extracted all from raw data,
abramova_2021_front,es078,abramova_2021_front,abramova_2021_front__con014__ex018,abramova_2021_front__open_field_test_oft,abramova_2021_front__con014__ex018__pnd20,ex018,con014,out044,Yes,Corrected transcription,"One control female, one male and one experimental female and one male",,The Behavior and Postnatal Development in Infant and Juvenile Rats After Ultrasound-Induced Chronic Prenatal Stress,10.3389/fphys.2021.659366,Frontiers in Physiology,,Rattus norvegicus,albino rat,Wistar rat,,not reported,"early, mid, late",full_gestation,3 weeks,21,Continuous,24,Expossed to continuous variable frequencies,Ultrasound,Ultrasound,50,"20,000-45,000",,Ambient sound,,"""normal conditions without ultrasound""",female,20,juvenile,,none,,Anxiety,Open Field Test (OFT),,Center entries (crossing),Count,Count,Light Phase,Author raw data,included_studies/abramova_2021_front/abramova_2021_front.xlsx,C_f_cen,PS_f_cen,C_PS_f_cen,Yes,Negative,,2.26087,2.26087,Reported mean; used unchanged,included_studies/abramova_2021_front/abramova_2021_front.xlsx,2.526539,2.526539,Reported or previously approved SD; used unchanged,included_studies/abramova_2021_front/abramova_2021_front.xlsx,23,,0.52682,"SD / sqrt(n), using the same-sex subgroup in author raw data","included_studies/abramova_2021_front/abramova_2021_front.xlsx, Лист1, handling=No handling",,,,,1.3158,1.3158,Reported mean; used unchanged,included_studies/abramova_2021_front/abramova_2021_front.xlsx,2.029,2.029,Reported or previously approved SD; used unchanged,included_studies/abramova_2021_front/abramova_2021_front.xlsx,19,,0.465485,"SD / sqrt(n), using the same-sex subgroup in author raw data","included_studies/abramova_2021_front/abramova_2021_front.xlsx, Лист1, handling=No handling",,,,,Extracted all from raw data,
abramova_2021_front,es079,abramova_2021_front,abramova_2021_front__con015__ex019,abramova_2021_front__open_field_test_oft,abramova_2021_front__con015__ex019__pnd20,ex019,con015,out044,Yes,Corrected transcription,"One control female, one male and one experimental female and one male",,The Behavior and Postnatal Development in Infant and Juvenile Rats After Ultrasound-Induced Chronic Prenatal Stress,10.3389/fphys.2021.659366,Frontiers in Physiology,,Rattus norvegicus,albino rat,Wistar rat,,not reported,"early, mid, late",full_gestation,3 weeks,21,Continuous,24,Expossed to continuous variable frequencies,Ultrasound,Ultrasound,50,"20,000-45,000",,Ambient sound,,"""normal conditions without ultrasound""",male,20,juvenile,,none,,Anxiety,Open Field Test (OFT),,Center entries (crossing),Count,Count,Light Phase,Author raw data,included_studies/abramova_2021_front/abramova_2021_front.xlsx,C_m_cen,PS_m_cen,C_PS_m_cen,Yes,Negative,,1.16,1.16,Reported mean; used unchanged,included_studies/abramova_2021_front/abramova_2021_front.xlsx,1.491085,1.491085,Reported or previously approved SD; used unchanged,included_studies/abramova_2021_front/abramova_2021_front.xlsx,25,,0.298217,"SD / sqrt(n), using the same-sex subgroup in author raw data","included_studies/abramova_2021_front/abramova_2021_front.xlsx, Лист1, handling=No handling",,,,,0.8889,0.8889,Reported mean; used unchanged,included_studies/abramova_2021_front/abramova_2021_front.xlsx,2.3235,2.3235,Reported or previously approved SD; used unchanged,included_studies/abramova_2021_front/abramova_2021_front.xlsx,18,,0.547654,"SD / sqrt(n), using the same-sex subgroup in author raw data","included_studies/abramova_2021_front/abramova_2021_front.xlsx, Лист1, handling=No handling",,,,,Extracted all from raw data,
abramova_2021_front,es080,abramova_2021_front,abramova_2021_front__con014__ex018,abramova_2021_front__open_field_test_oft,abramova_2021_front__con014__ex018__pnd20,ex018,con014,out045,Yes,Corrected transcription,"One control female, one male and one experimental female and one male",,The Behavior and Postnatal Development in Infant and Juvenile Rats After Ultrasound-Induced Chronic Prenatal Stress,10.3389/fphys.2021.659366,Frontiers in Physiology,,Rattus norvegicus,albino rat,Wistar rat,,not reported,"early, mid, late",full_gestation,3 weeks,21,Continuous,24,Expossed to continuous variable frequencies,Ultrasound,Ultrasound,50,"20,000-45,000",,Ambient sound,,"""normal conditions without ultrasound""",female,20,juvenile,,none,,Anxiety,Open Field Test (OFT),,Time in central square,Time,s,Light Phase,Author raw data,included_studies/abramova_2021_front/abramova_2021_front.xlsx,C_f_centt,PS_f_centt,C_PS_f_centt,Yes,Negative,,5.176957,5.176957,Reported mean; used unchanged,included_studies/abramova_2021_front/abramova_2021_front.xlsx,6.837676,6.837676,Reported or previously approved SD; used unchanged,included_studies/abramova_2021_front/abramova_2021_front.xlsx,23,,1.425754,"SD / sqrt(n), using the same-sex subgroup in author raw data","included_studies/abramova_2021_front/abramova_2021_front.xlsx, Лист1, handling=No handling",,,,,2.9368,2.9368,Reported mean; used unchanged,included_studies/abramova_2021_front/abramova_2021_front.xlsx,5.119,5.119,Reported or previously approved SD; used unchanged,included_studies/abramova_2021_front/abramova_2021_front.xlsx,19,,1.174379,"SD / sqrt(n), using the same-sex subgroup in author raw data","included_studies/abramova_2021_front/abramova_2021_front.xlsx, Лист1, handling=No handling",,,,,Extracted all from raw data,
abramova_2021_front,es081,abramova_2021_front,abramova_2021_front__con015__ex019,abramova_2021_front__open_field_test_oft,abramova_2021_front__con015__ex019__pnd20,ex019,con015,out045,Yes,Corrected transcription,"One control female, one male and one experimental female and one male",,The Behavior and Postnatal Development in Infant and Juvenile Rats After Ultrasound-Induced Chronic Prenatal Stress,10.3389/fphys.2021.659366,Frontiers in Physiology,,Rattus norvegicus,albino rat,Wistar rat,,not reported,"early, mid, late",full_gestation,3 weeks,21,Continuous,24,Expossed to continuous variable frequencies,Ultrasound,Ultrasound,50,"20,000-45,000",,Ambient sound,,"""normal conditions without ultrasound""",male,20,juvenile,,none,,Anxiety,Open Field Test (OFT),,Time in central square,Time,s,Light Phase,Author raw data,included_studies/abramova_2021_front/abramova_2021_front.xlsx,C_m_centt,PS_m_centt,C_PS_m_centt,Yes,Negative,,2.0964,2.0964,Reported mean; used unchanged,included_studies/abramova_2021_front/abramova_2021_front.xlsx,3.390067,3.390067,Reported or previously approved SD; used unchanged,included_studies/abramova_2021_front/abramova_2021_front.xlsx,25,,0.678013,"SD / sqrt(n), using the same-sex subgroup in author raw data","included_studies/abramova_2021_front/abramova_2021_front.xlsx, Лист1, handling=No handling",,,,,0.7739,0.7739,Reported mean; used unchanged,included_studies/abramova_2021_front/abramova_2021_front.xlsx,2.1925,2.1925,Reported or previously approved SD; used unchanged,included_studies/abramova_2021_front/abramova_2021_front.xlsx,18,,0.516777,"SD / sqrt(n), using the same-sex subgroup in author raw data","included_studies/abramova_2021_front/abramova_2021_front.xlsx, Лист1, handling=No handling",,,,,Extracted all from raw data,
abramova_2021_front,es082,abramova_2021_front,abramova_2021_front__con014__ex018,abramova_2021_front__open_field_test_oft,abramova_2021_front__con014__ex018__pnd20,ex018,con014,out046,Yes,Corrected transcription,"One control female, one male and one experimental female and one male",,The Behavior and Postnatal Development in Infant and Juvenile Rats After Ultrasound-Induced Chronic Prenatal Stress,10.3389/fphys.2021.659366,Frontiers in Physiology,,Rattus norvegicus,albino rat,Wistar rat,,not reported,"early, mid, late",full_gestation,3 weeks,21,Continuous,24,Expossed to continuous variable frequencies,Ultrasound,Ultrasound,50,"20,000-45,000",,Ambient sound,,"""normal conditions without ultrasound""",female,20,juvenile,,none,,Anxiety,Open Field Test (OFT),,Grooming frequency,Count,Count,Light Phase,Author raw data,included_studies/abramova_2021_front/abramova_2021_front.xlsx,C_f_gfr,PS_f_gfr,C_PS_f_gfr,No,Positive,,2.652174,2.652174,Reported mean; used unchanged,included_studies/abramova_2021_front/abramova_2021_front.xlsx,1.465007,1.465007,Reported or previously approved SD; used unchanged,included_studies/abramova_2021_front/abramova_2021_front.xlsx,23,,0.305475,"SD / sqrt(n), using the same-sex subgroup in author raw data","included_studies/abramova_2021_front/abramova_2021_front.xlsx, Лист1, handling=No handling",,,,,2.7895,2.7895,Reported mean; used unchanged,included_studies/abramova_2021_front/abramova_2021_front.xlsx,1.782,1.782,Reported or previously approved SD; used unchanged,included_studies/abramova_2021_front/abramova_2021_front.xlsx,19,,0.408819,"SD / sqrt(n), using the same-sex subgroup in author raw data","included_studies/abramova_2021_front/abramova_2021_front.xlsx, Лист1, handling=No handling",,,,,Extracted all from raw data,
abramova_2021_front,es083,abramova_2021_front,abramova_2021_front__con015__ex019,abramova_2021_front__open_field_test_oft,abramova_2021_front__con015__ex019__pnd20,ex019,con015,out046,Yes,Corrected transcription,"One control female, one male and one experimental female and one male",,The Behavior and Postnatal Development in Infant and Juvenile Rats After Ultrasound-Induced Chronic Prenatal Stress,10.3389/fphys.2021.659366,Frontiers in Physiology,,Rattus norvegicus,albino rat,Wistar rat,,not reported,"early, mid, late",full_gestation,3 weeks,21,Continuous,24,Expossed to continuous variable frequencies,Ultrasound,Ultrasound,50,"20,000-45,000",,Ambient sound,,"""normal conditions without ultrasound""",male,20,juvenile,,none,,Anxiety,Open Field Test (OFT),,Grooming frequency,Count,Count,Light Phase,Author raw data,included_studies/abramova_2021_front/abramova_2021_front.xlsx,C_m_gfr,PS_m_gfr,C_PS_m_gfr,No,Positive,,3.76,3.76,Reported mean; used unchanged,included_studies/abramova_2021_front/abramova_2021_front.xlsx,1.665333,1.665333,Reported or previously approved SD; used unchanged,included_studies/abramova_2021_front/abramova_2021_front.xlsx,25,,0.333067,"SD / sqrt(n), using the same-sex subgroup in author raw data","included_studies/abramova_2021_front/abramova_2021_front.xlsx, Лист1, handling=No handling",,,,,3,3,Reported mean; used unchanged,included_studies/abramova_2021_front/abramova_2021_front.xlsx,1.7489,1.7489,Reported or previously approved SD; used unchanged,included_studies/abramova_2021_front/abramova_2021_front.xlsx,18,,0.41222,"SD / sqrt(n), using the same-sex subgroup in author raw data","included_studies/abramova_2021_front/abramova_2021_front.xlsx, Лист1, handling=No handling",,,,,Extracted all from raw data,
abramova_2021_front,es084,abramova_2021_front,abramova_2021_front__con014__ex018,abramova_2021_front__open_field_test_oft,abramova_2021_front__con014__ex018__pnd20,ex018,con014,out047,Yes,Corrected transcription,"One control female, one male and one experimental female and one male",,The Behavior and Postnatal Development in Infant and Juvenile Rats After Ultrasound-Induced Chronic Prenatal Stress,10.3389/fphys.2021.659366,Frontiers in Physiology,,Rattus norvegicus,albino rat,Wistar rat,,not reported,"early, mid, late",full_gestation,3 weeks,21,Continuous,24,Expossed to continuous variable frequencies,Ultrasound,Ultrasound,50,"20,000-45,000",,Ambient sound,,"""normal conditions without ultrasound""",female,20,juvenile,,none,,Anxiety,Open Field Test (OFT),,Total grooming time,Time,s,Light Phase,Author raw data,included_studies/abramova_2021_front/abramova_2021_front.xlsx,C_f_gtt,PS_f_gtt,C_PS_f_gtt,No,Positive,,16.378696,16.378696,Reported mean; used unchanged,included_studies/abramova_2021_front/abramova_2021_front.xlsx,13.13384,13.13384,Reported or previously approved SD; used unchanged,included_studies/abramova_2021_front/abramova_2021_front.xlsx,23,,2.738595,"SD / sqrt(n), using the same-sex subgroup in author raw data","included_studies/abramova_2021_front/abramova_2021_front.xlsx, Лист1, handling=No handling",,,,,28.2516,28.2516,Reported mean; used unchanged,included_studies/abramova_2021_front/abramova_2021_front.xlsx,24.6902,24.6902,Reported or previously approved SD; used unchanged,included_studies/abramova_2021_front/abramova_2021_front.xlsx,19,,5.66432,"SD / sqrt(n), using the same-sex subgroup in author raw data","included_studies/abramova_2021_front/abramova_2021_front.xlsx, Лист1, handling=No handling",,,,,Extracted all from raw data,
abramova_2021_front,es085,abramova_2021_front,abramova_2021_front__con015__ex019,abramova_2021_front__open_field_test_oft,abramova_2021_front__con015__ex019__pnd20,ex019,con015,out047,Yes,Corrected transcription,"One control female, one male and one experimental female and one male",,The Behavior and Postnatal Development in Infant and Juvenile Rats After Ultrasound-Induced Chronic Prenatal Stress,10.3389/fphys.2021.659366,Frontiers in Physiology,,Rattus norvegicus,albino rat,Wistar rat,,not reported,"early, mid, late",full_gestation,3 weeks,21,Continuous,24,Expossed to continuous variable frequencies,Ultrasound,Ultrasound,50,"20,000-45,000",,Ambient sound,,"""normal conditions without ultrasound""",male,20,juvenile,,none,,Anxiety,Open Field Test (OFT),,Total grooming time,Time,s,Light Phase,Author raw data,included_studies/abramova_2021_front/abramova_2021_front.xlsx,C_m_gtt,PS_m_gtt,C_PS_m_gtt,No,Positive,,34.048,34.048,Reported mean; used unchanged,included_studies/abramova_2021_front/abramova_2021_front.xlsx,25.085267,25.085267,Reported or previously approved SD; used unchanged,included_studies/abramova_2021_front/abramova_2021_front.xlsx,25,,5.017053,"SD / sqrt(n), using the same-sex subgroup in author raw data","included_studies/abramova_2021_front/abramova_2021_front.xlsx, Лист1, handling=No handling",,,,,24.2061,24.2061,Reported mean; used unchanged,included_studies/abramova_2021_front/abramova_2021_front.xlsx,17.297,17.297,Reported or previously approved SD; used unchanged,included_studies/abramova_2021_front/abramova_2021_front.xlsx,18,,4.076942,"SD / sqrt(n), using the same-sex subgroup in author raw data","included_studies/abramova_2021_front/abramova_2021_front.xlsx, Лист1, handling=No handling",,,,,Extracted all from raw data,
abramova_2021_front,es086,abramova_2021_front,abramova_2021_front__con014__ex018,abramova_2021_front__open_field_test_oft,abramova_2021_front__con014__ex018__pnd20,ex018,con014,out048,Yes,Corrected transcription,"One control female, one male and one experimental female and one male",,The Behavior and Postnatal Development in Infant and Juvenile Rats After Ultrasound-Induced Chronic Prenatal Stress,10.3389/fphys.2021.659366,Frontiers in Physiology,,Rattus norvegicus,albino rat,Wistar rat,,not reported,"early, mid, late",full_gestation,3 weeks,21,Continuous,24,Expossed to continuous variable frequencies,Ultrasound,Ultrasound,50,"20,000-45,000",,Ambient sound,,"""normal conditions without ultrasound""",female,20,juvenile,,none,,Anxiety,Open Field Test (OFT),,Total freezing time,Time,s,Light Phase,Author raw data,included_studies/abramova_2021_front/abramova_2021_front.xlsx,C_f_frtt,PS_f_fr,C_PS_f_fr,No,Positive,,39.256957,39.256957,Reported mean; used unchanged,included_studies/abramova_2021_front/abramova_2021_front.xlsx,41.727392,41.727392,Reported or previously approved SD; used unchanged,included_studies/abramova_2021_front/abramova_2021_front.xlsx,23,,8.700763,"SD / sqrt(n), using the same-sex subgroup in author raw data","included_studies/abramova_2021_front/abramova_2021_front.xlsx, Лист1, handling=No handling",,,,,62.3595,62.3595,Reported mean; used unchanged,included_studies/abramova_2021_front/abramova_2021_front.xlsx,53.8477,53.8477,Reported or previously approved SD; used unchanged,included_studies/abramova_2021_front/abramova_2021_front.xlsx,19,,12.35351,"SD / sqrt(n), using the same-sex subgroup in author raw data","included_studies/abramova_2021_front/abramova_2021_front.xlsx, Лист1, handling=No handling",,,,,Extracted all from raw data,
abramova_2021_front,es087,abramova_2021_front,abramova_2021_front__con015__ex019,abramova_2021_front__open_field_test_oft,abramova_2021_front__con015__ex019__pnd20,ex019,con015,out048,Yes,Corrected transcription,"One control female, one male and one experimental female and one male",,The Behavior and Postnatal Development in Infant and Juvenile Rats After Ultrasound-Induced Chronic Prenatal Stress,10.3389/fphys.2021.659366,Frontiers in Physiology,,Rattus norvegicus,albino rat,Wistar rat,,not reported,"early, mid, late",full_gestation,3 weeks,21,Continuous,24,Expossed to continuous variable frequencies,Ultrasound,Ultrasound,50,"20,000-45,000",,Ambient sound,,"""normal conditions without ultrasound""",male,20,juvenile,,none,,Anxiety,Open Field Test (OFT),,Total freezing time,Time,s,Light Phase,Author raw data,included_studies/abramova_2021_front/abramova_2021_front.xlsx,C_m_ftt,PS_m_fr,C_PS_m_fr,No,Positive,,36.678,36.678,Reported mean; used unchanged,included_studies/abramova_2021_front/abramova_2021_front.xlsx,36.638022,36.638022,Reported or previously approved SD; used unchanged,included_studies/abramova_2021_front/abramova_2021_front.xlsx,25,,7.327604,"SD / sqrt(n), using the same-sex subgroup in author raw data","included_studies/abramova_2021_front/abramova_2021_front.xlsx, Лист1, handling=No handling",,,,,79.8783,79.8783,Reported mean; used unchanged,included_studies/abramova_2021_front/abramova_2021_front.xlsx,55.483,55.483,Reported or previously approved SD; used unchanged,included_studies/abramova_2021_front/abramova_2021_front.xlsx,18,,13.077469,"SD / sqrt(n), using the same-sex subgroup in author raw data","included_studies/abramova_2021_front/abramova_2021_front.xlsx, Лист1, handling=No handling",,,,,Extracted all from raw data,
badache_2017_stress,es088,badache_2017_stress,badache_2017_stress__con016__ex020,badache_2017_stress__open_field_test_oft,badache_2017_stress__con016__ex020__pnd45,ex020,con016,out049,Yes,Verified – no change,One treatmentent group and one control,,"Prenatal noise and restraint stress interact to alter exploratory behavior and balance in juvenile rats, and mixed stress reverses these effects",10.1080/10253890.2017.1307962,Stress,,Rattus norvegicus,albino rat,Wistar rat,13,90 days,"mid, late",mid_late,day 11-19,9,Intermittent,0.05,"3 mins per day.  HELLA twintone Horn, car horn",Traffic,Audible,110,500,,Unclear,,No information,male,45,adolescent,,none,,Anxiety,Open Field Test (OFT),,Time in corners,Time,s,Light Phase,Figure 5a,badache_2017_stress_5a,Cn_cor,Ns_cor,Cn_Ns_cor,No,Positive,,216.89,216.89,Reported mean; used unchanged,badache_2017_stress_5a,47.03,47.03,Reported or previously approved SD; used unchanged,badache_2017_stress_5a,16,11.76,11.76,Reported SEM; used unchanged for analysis,badache_2017_stress_5a; Figure 5a,,,,,253.78,253.78,Reported mean; used unchanged,badache_2017_stress_5a,51.89,51.89,Reported or previously approved SD; used unchanged,badache_2017_stress_5a,16,12.97,12.97,Reported SEM; used unchanged for analysis,badache_2017_stress_5a; Figure 5a,,,,,,
badache_2017_stress,es089,badache_2017_stress,badache_2017_stress__con016__ex020,badache_2017_stress__open_field_test_oft,badache_2017_stress__con016__ex020__pnd45,ex020,con016,out050,Yes,Verified – no change,One treatmentent group and one control,,"Prenatal noise and restraint stress interact to alter exploratory behavior and balance in juvenile rats, and mixed stress reverses these effects",10.1080/10253890.2017.1307962,Stress,,Rattus norvegicus,albino rat,Wistar rat,13,90 days,"mid, late",mid_late,day 11-19,9,Intermittent,0.05,"3 mins per day.  HELLA twintone Horn, car horn",Traffic,Audible,110,500,,Unclear,,No information,male,45,adolescent,,none,,Anxiety,Open Field Test (OFT),,Sections crossed,Count,Count,Light Phase,Figure 5b,badache_2017_stress_5b,Cn_sq,Ns_sq,Cn_Ns_sq,Yes,Negative,,70.44,70.44,Reported mean; used unchanged,badache_2017_stress_5b,16.15,16.15,Reported or previously approved SD; used unchanged,badache_2017_stress_5b,16,4.04,4.04,Reported SEM; used unchanged for analysis,badache_2017_stress_5b; Figure 5b,,,,,45.26,45.26,Reported mean; used unchanged,badache_2017_stress_5b,8.92,8.92,Reported or previously approved SD; used unchanged,badache_2017_stress_5b,16,2.23,2.23,Reported SEM; used unchanged for analysis,badache_2017_stress_5b; Figure 5b,,,,,,
badache_2017_stress,es090,badache_2017_stress,badache_2017_stress__con016__ex020,badache_2017_stress__open_field_test_oft,badache_2017_stress__con016__ex020__pnd45,ex020,con016,out051,Yes,Verified – no change,One treatmentent group and one control,,"Prenatal noise and restraint stress interact to alter exploratory behavior and balance in juvenile rats, and mixed stress reverses these effects",10.1080/10253890.2017.1307962,Stress,,Rattus norvegicus,albino rat,Wistar rat,13,90 days,"mid, late",mid_late,day 11-19,9,Intermittent,0.05,"3 mins per day.  HELLA twintone Horn, car horn",Traffic,Audible,110,500,,Unclear,,No information,male,45,adolescent,,none,,Anxiety,Open Field Test (OFT),,Time in central square,Time,s,Light Phase,Figure 5c,badache_2017_stress_5c,Cn_cen,Ns_cen,Cn_Ns_cen,Yes,Negative,,4.13,4.13,Reported mean; used unchanged,badache_2017_stress_5c,0.93,0.93,Reported or previously approved SD; used unchanged,badache_2017_stress_5c,16,0.23,0.23,Reported SEM; used unchanged for analysis,badache_2017_stress_5c; Figure 5c,,,,,0.18,0.18,Reported mean; used unchanged,badache_2017_stress_5c,0.26,0.26,Reported or previously approved SD; used unchanged,badache_2017_stress_5c,16,0.07,0.07,Reported SEM; used unchanged for analysis,badache_2017_stress_5c; Figure 5c,,,,,,
badache_2017_stress,es091,badache_2017_stress,badache_2017_stress__con016__ex020,badache_2017_stress__open_field_test_oft,badache_2017_stress__con016__ex020__pnd45,ex020,con016,out052,Yes,Verified – no change,One treatmentent group and one control,,"Prenatal noise and restraint stress interact to alter exploratory behavior and balance in juvenile rats, and mixed stress reverses these effects",10.1080/10253890.2017.1307962,Stress,,Rattus norvegicus,albino rat,Wistar rat,13,90 days,"mid, late",mid_late,day 11-19,9,Intermittent,0.05,"3 mins per day.  HELLA twintone Horn, car horn",Traffic,Audible,110,500,,Unclear,,No information,male,45,adolescent,,none,,Anxiety,Open Field Test (OFT),,Rearing time,Time,s,Light Phase,Figure 5d,badache_2017_stress_5d,Cn_re,Ns_re,Cn_Ns_re,Yes,Negative,,22,22,Reported mean; used unchanged,badache_2017_stress_5d,5.03,5.03,Reported or previously approved SD; used unchanged,badache_2017_stress_5d,16,1.26,1.26,Reported SEM; used unchanged for analysis,badache_2017_stress_5d; Figure 5d,,,,,8.54,8.54,Reported mean; used unchanged,badache_2017_stress_5d,1.93,1.93,Reported or previously approved SD; used unchanged,badache_2017_stress_5d,16,0.48,0.48,Reported SEM; used unchanged for analysis,badache_2017_stress_5d; Figure 5d,,,,,,
badache_2017_stress,es092,badache_2017_stress,badache_2017_stress__con016__ex020,badache_2017_stress__elevated_plus_maze_epm,badache_2017_stress__con016__ex020__pnd46,ex020,con016,out053,Yes,Verified – no change,One treatmentent group and one control,,"Prenatal noise and restraint stress interact to alter exploratory behavior and balance in juvenile rats, and mixed stress reverses these effects",10.1080/10253890.2017.1307962,Stress,,Rattus norvegicus,albino rat,Wistar rat,13,90 days,"mid, late",mid_late,day 11-19,9,Intermittent,0.05,"3 mins per day.  HELLA twintone Horn, car horn",Traffic,Audible,110,500,,Unclear,,No information,male,46,adolescent,,none,,Anxiety,Elevated Plus Maze (EPM),,Time in open arms (OAT),Time,s,Light Phase,Figure 6a,badache_2017_stress_6a,Cn_oat,Ns_oat,Cn_Ns_oat,Yes,Negative,,135.51,135.51,Reported mean; used unchanged,badache_2017_stress_6a,31.84,31.84,Reported or previously approved SD; used unchanged,badache_2017_stress_6a,16,7.96,7.96,Reported SEM; used unchanged for analysis,badache_2017_stress_6a; Figure 6a,,,,,67.96,67.96,Reported mean; used unchanged,badache_2017_stress_6a,14.69,14.69,Reported or previously approved SD; used unchanged,badache_2017_stress_6a,16,3.67,3.67,Reported SEM; used unchanged for analysis,badache_2017_stress_6a; Figure 6a,,,,,,
badache_2017_stress,es093,badache_2017_stress,badache_2017_stress__con016__ex020,badache_2017_stress__elevated_plus_maze_epm,badache_2017_stress__con016__ex020__pnd46,ex020,con016,out054,Yes,Verified – no change,One treatmentent group and one control,,"Prenatal noise and restraint stress interact to alter exploratory behavior and balance in juvenile rats, and mixed stress reverses these effects",10.1080/10253890.2017.1307962,Stress,,Rattus norvegicus,albino rat,Wistar rat,13,90 days,"mid, late",mid_late,day 11-19,9,Intermittent,0.05,"3 mins per day.  HELLA twintone Horn, car horn",Traffic,Audible,110,500,,Unclear,,No information,male,46,adolescent,,Cross-Fostered,,Anxiety,Elevated Plus Maze (EPM),,Rearing time,Time,s,Light Phase,Figure 6b,badache_2017_stress_6b,Cn_rt,Ns_rt,Cn_Ns_rt,Yes,Negative,,18.12,18.12,Reported mean; used unchanged,badache_2017_stress_6b,4.52,4.52,Reported or previously approved SD; used unchanged,badache_2017_stress_6b,16,1.13,1.13,Reported SEM; used unchanged for analysis,badache_2017_stress_6b; Figure 6b,,,,,7.77,7.77,Reported mean; used unchanged,badache_2017_stress_6b,2.05,2.05,Reported or previously approved SD; used unchanged,badache_2017_stress_6b,16,0.51,0.51,Reported SEM; used unchanged for analysis,badache_2017_stress_6b; Figure 6b,,,,,,
whitlow_1978_thesis,es094,whitlow_1978_thesis,whitlow_1978_thesis__con017__ex021,whitlow_1978_thesis__open_field_test_oft,whitlow_1978_thesis__con017__ex021__pnd25,ex021,con017,out055,Yes,Corrected derived value,"They had two experimental groups, 65dB and 85dB, they did 3 trials, one per day of the OFT",,THE EFFECT OF SOUND STIMULATION DURING GESTATION  ON THE BEHAVIOR OF RAT OFFSPRING,,Thesis,,Rattus norvegicus,hooded rat,Lister rat,,not reported,"mid, late",mid_late,day 12-19,8,Intermittent,0.005,18 seconds per day. It was a tone,White noise,Audible,85,2500,,Unclear,,"No noise, moved into experimental sound cage",mixed,25,juvenile,,Cross-Fostered,,Anxiety,Open Field Test (OFT),"Circular open-field, duration 3 minutes and repeated in 3 consecutive days",Sections crossed,Count,Count,Not Reported,Figure 2,whitlow_1978_thesis_fig2,HNoN_1_sq,HN_1_sq,HNoN_HN_1_sq,Yes,Negative,,65.63,65.63,Reported mean; used unchanged,whitlow_1978_thesis_fig2,8.1012,8.1012,Reported or previously approved SD; used unchanged,whitlow_1978_thesis_fig2,20,,1.811483,Accepted analysis assumption: SD = sqrt(mean); SE = SD / sqrt(n),included_studies/whitlow_1978_thesis.pdf; figure error bars are not defined; assumption approved by reviewer,,,,,71.2285,71.2285,Reported mean; used unchanged,whitlow_1978_thesis_fig2,8.4397,8.4397,Reported or previously approved SD; used unchanged,whitlow_1978_thesis_fig2,20,,1.887174,Accepted analysis assumption: SD = sqrt(mean); SE = SD / sqrt(n),included_studies/whitlow_1978_thesis.pdf; figure error bars are not defined; assumption approved by reviewer,,,,,"Figure only showed mean, imputated sd=SQRT(mean) as are counts in a certain tine","The author stated ""hooded rat,"" we assumed ""lister rat"". ""Foster mothers with no noise exposure. We also used the HNoN control, which were manipulated the same way as the noise treatment, but no noise..."". In the pilot they used a ""2 . 5 KHz tone of 3 second duration at  an intensity of 85 dB (re 20 4 N/m~)."" so we assumed they used the same for the actual experiment"
whitlow_1978_thesis,es095,whitlow_1978_thesis,whitlow_1978_thesis__con017__ex022,whitlow_1978_thesis__open_field_test_oft,whitlow_1978_thesis__con017__ex022__pnd25,ex022,con017,out055,Yes,Corrected derived value,"They had two experimental groups, 65dB and 85dB, they did 3 trials, one per day of the OFT",,THE EFFECT OF SOUND STIMULATION DURING GESTATION  ON THE BEHAVIOR OF RAT OFFSPRING,,Thesis,,Rattus norvegicus,hooded rat,Lister rat,,not reported,"mid, late",mid_late,day 12-19,8,Intermittent,0.005,18 seconds per day. It was a tone,White noise,Audible,65,2500,,Unclear,,"No noise, moved into experimental sound cage",mixed,25,juvenile,,Cross-Fostered,,Anxiety,Open Field Test (OFT),"Circular open-field, duration 3 minutes and repeated in 3 consecutive days",Sections crossed,Count,Count,Not Reported,Figure 2,whitlow_1978_thesis_fig2,HNoN_1_sq,HLN_1_sq,HNoN_HLN_1_sq,Yes,Negative,,65.63,65.63,Reported mean; used unchanged,whitlow_1978_thesis_fig2,8.1012,8.1012,Reported or previously approved SD; used unchanged,whitlow_1978_thesis_fig2,20,,1.811483,Accepted analysis assumption: SD = sqrt(mean); SE = SD / sqrt(n),included_studies/whitlow_1978_thesis.pdf; figure error bars are not defined; assumption approved by reviewer,,,,,60.8719,60.8719,Reported mean; used unchanged,whitlow_1978_thesis_fig2,7.802,7.802,Reported or previously approved SD; used unchanged,whitlow_1978_thesis_fig2,20,,1.74458,Accepted analysis assumption: SD = sqrt(mean); SE = SD / sqrt(n),included_studies/whitlow_1978_thesis.pdf; figure error bars are not defined; assumption approved by reviewer,,,,,"Figure only showed mean, imputated sd=SQRT(mean) as are counts in a certain tine","The author stated ""hooded rat,"" we assumed ""lister rat"". ""Foster mothers with no noise exposure. We also used the HNoN control, which were manipulated the same way as the noise treatment, but no noise..."". In the pilot they used a ""2 . 5 KHz tone of 3 second duration at  an intensity of 85 dB (re 20 4 N/m~)."" so we assumed they used the same for the actual experiment"
whitlow_1978_thesis,es096,whitlow_1978_thesis,whitlow_1978_thesis__con017__ex021,whitlow_1978_thesis__open_field_test_oft,whitlow_1978_thesis__con017__ex021__pnd26,ex021,con017,out055,Yes,Corrected derived value,"They had two experimental groups, 65dB and 85dB, they did 3 trials, one per day of the OFT",,THE EFFECT OF SOUND STIMULATION DURING GESTATION  ON THE BEHAVIOR OF RAT OFFSPRING,,Thesis,,Rattus norvegicus,hooded rat,Lister rat,,not reported,"mid, late",mid_late,day 12-19,8,Intermittent,0.005,18 seconds per day. It was a tone,White noise,Audible,85,2500,,Unclear,,"No noise, moved into experimental sound cage",mixed,26,juvenile,,Cross-Fostered,,Anxiety,Open Field Test (OFT),"Circular open-field, duration 3 minutes and repeated in 3 consecutive days",Sections crossed,Count,Count,Not Reported,Figure 2,whitlow_1978_thesis_fig2,HNoN_2_sq,HN_2_sq,HNoN_HN_2_sq,Yes,Negative,,39.74,39.74,Reported mean; used unchanged,whitlow_1978_thesis_fig2,6.304,6.304,Reported or previously approved SD; used unchanged,whitlow_1978_thesis_fig2,20,,1.409617,Accepted analysis assumption: SD = sqrt(mean); SE = SD / sqrt(n),included_studies/whitlow_1978_thesis.pdf; figure error bars are not defined; assumption approved by reviewer,,,,,42.8005,42.8005,Reported mean; used unchanged,whitlow_1978_thesis_fig2,6.5422,6.5422,Reported or previously approved SD; used unchanged,whitlow_1978_thesis_fig2,20,,1.46288,Accepted analysis assumption: SD = sqrt(mean); SE = SD / sqrt(n),included_studies/whitlow_1978_thesis.pdf; figure error bars are not defined; assumption approved by reviewer,,,,,"Figure only showed mean, imputated sd=SQRT(mean) as are counts in a certain tine","The author stated ""hooded rat,"" we assumed ""lister rat"". ""Foster mothers with no noise exposure. We also used the HNoN control, which were manipulated the same way as the noise treatment, but no noise..."". In the pilot they used a ""2 . 5 KHz tone of 3 second duration at  an intensity of 85 dB (re 20 4 N/m~)."" so we assumed they used the same for the actual experiment"
whitlow_1978_thesis,es097,whitlow_1978_thesis,whitlow_1978_thesis__con017__ex022,whitlow_1978_thesis__open_field_test_oft,whitlow_1978_thesis__con017__ex022__pnd26,ex022,con017,out055,Yes,Corrected derived value,"They had two experimental groups, 65dB and 85dB, they did 3 trials, one per day of the OFT",,THE EFFECT OF SOUND STIMULATION DURING GESTATION  ON THE BEHAVIOR OF RAT OFFSPRING,,Thesis,,Rattus norvegicus,hooded rat,Lister rat,,not reported,"mid, late",mid_late,day 12-19,8,Intermittent,0.005,18 seconds per day. It was a tone,White noise,Audible,65,2500,,Unclear,,"No noise, moved into experimental sound cage",mixed,26,juvenile,,Cross-Fostered,,Anxiety,Open Field Test (OFT),"Circular open-field, duration 3 minutes and repeated in 3 consecutive days",Sections crossed,Count,Count,Not Reported,Figure 2,whitlow_1978_thesis_fig2,HNoN_2_sq,HLN_2_sq,HNoN_HLN_2_sq,Yes,Negative,,39.74,39.74,Reported mean; used unchanged,whitlow_1978_thesis_fig2,6.304,6.304,Reported or previously approved SD; used unchanged,whitlow_1978_thesis_fig2,20,,1.409617,Accepted analysis assumption: SD = sqrt(mean); SE = SD / sqrt(n),included_studies/whitlow_1978_thesis.pdf; figure error bars are not defined; assumption approved by reviewer,,,,,36.8824,36.8824,Reported mean; used unchanged,whitlow_1978_thesis_fig2,6.0731,6.0731,Reported or previously approved SD; used unchanged,whitlow_1978_thesis_fig2,20,,1.357986,Accepted analysis assumption: SD = sqrt(mean); SE = SD / sqrt(n),included_studies/whitlow_1978_thesis.pdf; figure error bars are not defined; assumption approved by reviewer,,,,,"Figure only showed mean, imputated sd=SQRT(mean) as are counts in a certain tine","The author stated ""hooded rat,"" we assumed ""lister rat"". ""Foster mothers with no noise exposure. We also used the HNoN control, which were manipulated the same way as the noise treatment, but no noise..."". In the pilot they used a ""2 . 5 KHz tone of 3 second duration at  an intensity of 85 dB (re 20 4 N/m~)."" so we assumed they used the same for the actual experiment"
whitlow_1978_thesis,es098,whitlow_1978_thesis,whitlow_1978_thesis__con017__ex021,whitlow_1978_thesis__open_field_test_oft,whitlow_1978_thesis__con017__ex021__pnd27,ex021,con017,out055,Yes,Corrected derived value,"They had two experimental groups, 65dB and 85dB, they did 3 trials, one per day of the OFT",,THE EFFECT OF SOUND STIMULATION DURING GESTATION  ON THE BEHAVIOR OF RAT OFFSPRING,,Thesis,,Rattus norvegicus,hooded rat,Lister rat,,not reported,"mid, late",mid_late,day 12-19,8,Intermittent,0.005,18 seconds per day. It was a tone,White noise,Audible,85,2500,,Unclear,,"No noise, moved into experimental sound cage",mixed,27,juvenile,,Cross-Fostered,,Anxiety,Open Field Test (OFT),"Circular open-field, duration 3 minutes and repeated in 3 consecutive days",Sections crossed,Count,Count,Not Reported,Figure 2,whitlow_1978_thesis_fig2,HNoN_3_sq,HN_3_sq,HNoN_HN_3_sq,Yes,Negative,,17.33,17.33,Reported mean; used unchanged,whitlow_1978_thesis_fig2,4.1629,4.1629,Reported or previously approved SD; used unchanged,whitlow_1978_thesis_fig2,20,,0.930853,Accepted analysis assumption: SD = sqrt(mean); SE = SD / sqrt(n),included_studies/whitlow_1978_thesis.pdf; figure error bars are not defined; assumption approved by reviewer,,,,,26.7371,26.7371,Reported mean; used unchanged,whitlow_1978_thesis_fig2,5.1708,5.1708,Reported or previously approved SD; used unchanged,whitlow_1978_thesis_fig2,20,,1.156226,Accepted analysis assumption: SD = sqrt(mean); SE = SD / sqrt(n),included_studies/whitlow_1978_thesis.pdf; figure error bars are not defined; assumption approved by reviewer,,,,,"Figure only showed mean, imputated sd=SQRT(mean) as are counts in a certain tine","The author stated ""hooded rat,"" we assumed ""lister rat"". ""Foster mothers with no noise exposure. We also used the HNoN control, which were manipulated the same way as the noise treatment, but no noise..."". In the pilot they used a ""2 . 5 KHz tone of 3 second duration at  an intensity of 85 dB (re 20 4 N/m~)."" so we assumed they used the same for the actual experiment"
whitlow_1978_thesis,es099,whitlow_1978_thesis,whitlow_1978_thesis__con017__ex022,whitlow_1978_thesis__open_field_test_oft,whitlow_1978_thesis__con017__ex022__pnd27,ex022,con017,out055,Yes,Corrected derived value,"They had two experimental groups, 65dB and 85dB, they did 3 trials, one per day of the OFT",,THE EFFECT OF SOUND STIMULATION DURING GESTATION  ON THE BEHAVIOR OF RAT OFFSPRING,,Thesis,,Rattus norvegicus,hooded rat,Lister rat,,not reported,"mid, late",mid_late,day 12-19,8,Intermittent,0.005,18 seconds per day. It was a tone,White noise,Audible,65,2500,,Unclear,,"No noise, moved into experimental sound cage",mixed,27,juvenile,,Cross-Fostered,,Anxiety,Open Field Test (OFT),"Circular open-field, duration 3 minutes and repeated in 3 consecutive days",Sections crossed,Count,Count,Not Reported,Figure 2,whitlow_1978_thesis_fig2,HNoN_3_sq,HLN_3_sq,HNoN_HLN_3_sq,Yes,Negative,,17.33,17.33,Reported mean; used unchanged,whitlow_1978_thesis_fig2,4.1629,4.1629,Reported or previously approved SD; used unchanged,whitlow_1978_thesis_fig2,20,,0.930853,Accepted analysis assumption: SD = sqrt(mean); SE = SD / sqrt(n),included_studies/whitlow_1978_thesis.pdf; figure error bars are not defined; assumption approved by reviewer,,,,,15.7464,15.7464,Reported mean; used unchanged,whitlow_1978_thesis_fig2,3.9682,3.9682,Reported or previously approved SD; used unchanged,whitlow_1978_thesis_fig2,20,,0.887316,Accepted analysis assumption: SD = sqrt(mean); SE = SD / sqrt(n),included_studies/whitlow_1978_thesis.pdf; figure error bars are not defined; assumption approved by reviewer,,,,,"Figure only showed mean, imputated sd=SQRT(mean) as are counts in a certain tine","The author stated ""hooded rat,"" we assumed ""lister rat"". ""Foster mothers with no noise exposure. We also used the HNoN control, which were manipulated the same way as the noise treatment, but no noise..."". In the pilot they used a ""2 . 5 KHz tone of 3 second duration at  an intensity of 85 dB (re 20 4 N/m~)."" so we assumed they used the same for the actual experiment"
whitlow_1978_thesis,es100,whitlow_1978_thesis,whitlow_1978_thesis__con017__ex021,whitlow_1978_thesis__open_field_test_oft,whitlow_1978_thesis__con017__ex021__pnd25,ex021,con017,out056,Yes,Corrected derived value,"They had two experimental groups, 65dB and 85dB, they did 3 trials, one per day of the OFT",,THE EFFECT OF SOUND STIMULATION DURING GESTATION  ON THE BEHAVIOR OF RAT OFFSPRING,,Thesis,,Rattus norvegicus,hooded rat,Lister rat,,not reported,"mid, late",mid_late,day 12-19,8,Intermittent,0.005,18 seconds per day. It was a tone,White noise,Audible,85,2500,,Unclear,,"No noise, moved into experimental sound cage",mixed,25,juvenile,,Cross-Fostered,,Anxiety,Open Field Test (OFT),"Circular open-field, duration 3 minutes and repeated in 3 consecutive days",Grooming frequency,Count,Count,Not Reported,Figure 4,whitlow_1978_thesis_fig4,HNoN_1_gr,HN_1_gr,HNoN_HN_1_gr,No,Positive,,4.48,4.48,Reported mean; used unchanged,whitlow_1978_thesis_fig4,2.1166,2.1166,Reported or previously approved SD; used unchanged,whitlow_1978_thesis_fig4,20,,0.473286,Accepted analysis assumption: SD = sqrt(mean); SE = SD / sqrt(n),included_studies/whitlow_1978_thesis.pdf; figure error bars are not defined; assumption approved by reviewer,,,,,3.6809,3.6809,Reported mean; used unchanged,whitlow_1978_thesis_fig4,1.9186,1.9186,Reported or previously approved SD; used unchanged,whitlow_1978_thesis_fig4,20,,0.429012,Accepted analysis assumption: SD = sqrt(mean); SE = SD / sqrt(n),included_studies/whitlow_1978_thesis.pdf; figure error bars are not defined; assumption approved by reviewer,,,,,"Figure only showed mean, imputated sd=SQRT(mean) as are counts in a certain tine","The author stated ""hooded rat,"" we assumed ""lister rat"". ""Foster mothers with no noise exposure. We also used the HNoN control, which were manipulated the same way as the noise treatment, but no noise..."". In the pilot they used a ""2 . 5 KHz tone of 3 second duration at  an intensity of 85 dB (re 20 4 N/m~)."" so we assumed they used the same for the actual experiment"
whitlow_1978_thesis,es101,whitlow_1978_thesis,whitlow_1978_thesis__con017__ex022,whitlow_1978_thesis__open_field_test_oft,whitlow_1978_thesis__con017__ex022__pnd25,ex022,con017,out056,Yes,Corrected derived value,"They had two experimental groups, 65dB and 85dB, they did 3 trials, one per day of the OFT",,THE EFFECT OF SOUND STIMULATION DURING GESTATION  ON THE BEHAVIOR OF RAT OFFSPRING,,Thesis,,Rattus norvegicus,hooded rat,Lister rat,,not reported,"mid, late",mid_late,day 12-19,8,Intermittent,0.005,18 seconds per day. It was a tone,White noise,Audible,65,2500,,Unclear,,"No noise, moved into experimental sound cage",mixed,25,juvenile,,Cross-Fostered,,Anxiety,Open Field Test (OFT),"Circular open-field, duration 3 minutes and repeated in 3 consecutive days",Grooming frequency,Count,Count,Not Reported,Figure 4,whitlow_1978_thesis_fig4,HNoN_1_gr,HLN_1_gr,HNoN_HLN_1_gr,No,Positive,,4.48,4.48,Reported mean; used unchanged,whitlow_1978_thesis_fig4,2.1166,2.1166,Reported or previously approved SD; used unchanged,whitlow_1978_thesis_fig4,20,,0.473286,Accepted analysis assumption: SD = sqrt(mean); SE = SD / sqrt(n),included_studies/whitlow_1978_thesis.pdf; figure error bars are not defined; assumption approved by reviewer,,,,,3.708,3.708,Reported mean; used unchanged,whitlow_1978_thesis_fig4,1.9256,1.9256,Reported or previously approved SD; used unchanged,whitlow_1978_thesis_fig4,20,,0.430577,Accepted analysis assumption: SD = sqrt(mean); SE = SD / sqrt(n),included_studies/whitlow_1978_thesis.pdf; figure error bars are not defined; assumption approved by reviewer,,,,,"Figure only showed mean, imputated sd=SQRT(mean) as are counts in a certain tine","The author stated ""hooded rat,"" we assumed ""lister rat"". ""Foster mothers with no noise exposure. We also used the HNoN control, which were manipulated the same way as the noise treatment, but no noise..."". In the pilot they used a ""2 . 5 KHz tone of 3 second duration at  an intensity of 85 dB (re 20 4 N/m~)."" so we assumed they used the same for the actual experiment"
whitlow_1978_thesis,es102,whitlow_1978_thesis,whitlow_1978_thesis__con017__ex021,whitlow_1978_thesis__open_field_test_oft,whitlow_1978_thesis__con017__ex021__pnd26,ex021,con017,out056,Yes,Corrected derived value,"They had two experimental groups, 65dB and 85dB, they did 3 trials, one per day of the OFT",,THE EFFECT OF SOUND STIMULATION DURING GESTATION  ON THE BEHAVIOR OF RAT OFFSPRING,,Thesis,,Rattus norvegicus,hooded rat,Lister rat,,not reported,"mid, late",mid_late,day 12-19,8,Intermittent,0.005,18 seconds per day. It was a tone,White noise,Audible,85,2500,,Unclear,,"No noise, moved into experimental sound cage",mixed,26,juvenile,,Cross-Fostered,,Anxiety,Open Field Test (OFT),"Circular open-field, duration 3 minutes and repeated in 3 consecutive days",Grooming frequency,Count,Count,Not Reported,Figure 4,whitlow_1978_thesis_fig4,HNoN_2_gr,HN_2_gr,HNoN_HN_2_gr,No,Positive,,6.39,6.39,Reported mean; used unchanged,whitlow_1978_thesis_fig4,2.5278,2.5278,Reported or previously approved SD; used unchanged,whitlow_1978_thesis_fig4,20,,0.565233,Accepted analysis assumption: SD = sqrt(mean); SE = SD / sqrt(n),included_studies/whitlow_1978_thesis.pdf; figure error bars are not defined; assumption approved by reviewer,,,,,5.6705,5.6705,Reported mean; used unchanged,whitlow_1978_thesis_fig4,2.3813,2.3813,Reported or previously approved SD; used unchanged,whitlow_1978_thesis_fig4,20,,0.532475,Accepted analysis assumption: SD = sqrt(mean); SE = SD / sqrt(n),included_studies/whitlow_1978_thesis.pdf; figure error bars are not defined; assumption approved by reviewer,,,,,"Figure only showed mean, imputated sd=SQRT(mean) as are counts in a certain tine","The author stated ""hooded rat,"" we assumed ""lister rat"". ""Foster mothers with no noise exposure. We also used the HNoN control, which were manipulated the same way as the noise treatment, but no noise..."". In the pilot they used a ""2 . 5 KHz tone of 3 second duration at  an intensity of 85 dB (re 20 4 N/m~)."" so we assumed they used the same for the actual experiment"
whitlow_1978_thesis,es103,whitlow_1978_thesis,whitlow_1978_thesis__con017__ex022,whitlow_1978_thesis__open_field_test_oft,whitlow_1978_thesis__con017__ex022__pnd26,ex022,con017,out056,Yes,Corrected derived value,"They had two experimental groups, 65dB and 85dB, they did 3 trials, one per day of the OFT",,THE EFFECT OF SOUND STIMULATION DURING GESTATION  ON THE BEHAVIOR OF RAT OFFSPRING,,Thesis,,Rattus norvegicus,hooded rat,Lister rat,,not reported,"mid, late",mid_late,day 12-19,8,Intermittent,0.005,18 seconds per day. It was a tone,White noise,Audible,65,2500,,Unclear,,"No noise, moved into experimental sound cage",mixed,26,juvenile,,Cross-Fostered,,Anxiety,Open Field Test (OFT),"Circular open-field, duration 3 minutes and repeated in 3 consecutive days",Grooming frequency,Count,Count,Not Reported,Figure 4,whitlow_1978_thesis_fig4,HNoN_2_gr,HLN_2_gr,HNoN_HLN_2_gr,No,Positive,,6.39,6.39,Reported mean; used unchanged,whitlow_1978_thesis_fig4,2.5278,2.5278,Reported or previously approved SD; used unchanged,whitlow_1978_thesis_fig4,20,,0.565233,Accepted analysis assumption: SD = sqrt(mean); SE = SD / sqrt(n),included_studies/whitlow_1978_thesis.pdf; figure error bars are not defined; assumption approved by reviewer,,,,,4.8023,4.8023,Reported mean; used unchanged,whitlow_1978_thesis_fig4,2.1914,2.1914,Reported or previously approved SD; used unchanged,whitlow_1978_thesis_fig4,20,,0.490012,Accepted analysis assumption: SD = sqrt(mean); SE = SD / sqrt(n),included_studies/whitlow_1978_thesis.pdf; figure error bars are not defined; assumption approved by reviewer,,,,,"Figure only showed mean, imputated sd=SQRT(mean) as are counts in a certain tine","The author stated ""hooded rat,"" we assumed ""lister rat"". ""Foster mothers with no noise exposure. We also used the HNoN control, which were manipulated the same way as the noise treatment, but no noise..."". In the pilot they used a ""2 . 5 KHz tone of 3 second duration at  an intensity of 85 dB (re 20 4 N/m~)."" so we assumed they used the same for the actual experiment"
whitlow_1978_thesis,es104,whitlow_1978_thesis,whitlow_1978_thesis__con017__ex021,whitlow_1978_thesis__open_field_test_oft,whitlow_1978_thesis__con017__ex021__pnd27,ex021,con017,out056,Yes,Corrected derived value,"They had two experimental groups, 65dB and 85dB, they did 3 trials, one per day of the OFT",,THE EFFECT OF SOUND STIMULATION DURING GESTATION  ON THE BEHAVIOR OF RAT OFFSPRING,,Thesis,,Rattus norvegicus,hooded rat,Lister rat,,not reported,"mid, late",mid_late,day 12-19,8,Intermittent,0.005,18 seconds per day. It was a tone,White noise,Audible,85,2500,,Unclear,,"No noise, moved into experimental sound cage",mixed,27,juvenile,,Cross-Fostered,,Anxiety,Open Field Test (OFT),"Circular open-field, duration 3 minutes and repeated in 3 consecutive days",Grooming frequency,Count,Count,Not Reported,Figure 4,whitlow_1978_thesis_fig4,HNoN_3_gr,HN_3_gr,HNoN_HN_3_gr,No,Positive,,3.84,3.84,Reported mean; used unchanged,whitlow_1978_thesis_fig4,1.9596,1.9596,Reported or previously approved SD; used unchanged,whitlow_1978_thesis_fig4,20,,0.43818,Accepted analysis assumption: SD = sqrt(mean); SE = SD / sqrt(n),included_studies/whitlow_1978_thesis.pdf; figure error bars are not defined; assumption approved by reviewer,,,,,3.6899,3.6899,Reported mean; used unchanged,whitlow_1978_thesis_fig4,1.9209,1.9209,Reported or previously approved SD; used unchanged,whitlow_1978_thesis_fig4,20,,0.429526,Accepted analysis assumption: SD = sqrt(mean); SE = SD / sqrt(n),included_studies/whitlow_1978_thesis.pdf; figure error bars are not defined; assumption approved by reviewer,,,,,"Figure only showed mean, imputated sd=SQRT(mean) as are counts in a certain tine","The author stated ""hooded rat,"" we assumed ""lister rat"". ""Foster mothers with no noise exposure. We also used the HNoN control, which were manipulated the same way as the noise treatment, but no noise..."". In the pilot they used a ""2 . 5 KHz tone of 3 second duration at  an intensity of 85 dB (re 20 4 N/m~)."" so we assumed they used the same for the actual experiment"
whitlow_1978_thesis,es105,whitlow_1978_thesis,whitlow_1978_thesis__con017__ex022,whitlow_1978_thesis__open_field_test_oft,whitlow_1978_thesis__con017__ex022__pnd27,ex022,con017,out056,Yes,Corrected derived value,"They had two experimental groups, 65dB and 85dB, they did 3 trials, one per day of the OFT",,THE EFFECT OF SOUND STIMULATION DURING GESTATION  ON THE BEHAVIOR OF RAT OFFSPRING,,Thesis,,Rattus norvegicus,hooded rat,Lister rat,,not reported,"mid, late",mid_late,day 12-19,8,Intermittent,0.005,18 seconds per day. It was a tone,White noise,Audible,65,2500,,Unclear,,"No noise, moved into experimental sound cage",mixed,27,juvenile,,Cross-Fostered,,Anxiety,Open Field Test (OFT),"Circular open-field, duration 3 minutes and repeated in 3 consecutive days",Grooming frequency,Count,Count,Not Reported,Figure 4,whitlow_1978_thesis_fig4,HNoN_3_gr,HLN_3_gr,HNoN_HLN_3_gr,No,Positive,,3.84,3.84,Reported mean; used unchanged,whitlow_1978_thesis_fig4,1.9596,1.9596,Reported or previously approved SD; used unchanged,whitlow_1978_thesis_fig4,20,,0.43818,Accepted analysis assumption: SD = sqrt(mean); SE = SD / sqrt(n),included_studies/whitlow_1978_thesis.pdf; figure error bars are not defined; assumption approved by reviewer,,,,,3.0749,3.0749,Reported mean; used unchanged,whitlow_1978_thesis_fig4,1.7535,1.7535,Reported or previously approved SD; used unchanged,whitlow_1978_thesis_fig4,20,,0.392095,Accepted analysis assumption: SD = sqrt(mean); SE = SD / sqrt(n),included_studies/whitlow_1978_thesis.pdf; figure error bars are not defined; assumption approved by reviewer,,,,,"Figure only showed mean, imputated sd=SQRT(mean) as are counts in a certain tine","The author stated ""hooded rat,"" we assumed ""lister rat"". ""Foster mothers with no noise exposure. We also used the HNoN control, which were manipulated the same way as the noise treatment, but no noise..."". In the pilot they used a ""2 . 5 KHz tone of 3 second duration at  an intensity of 85 dB (re 20 4 N/m~)."" so we assumed they used the same for the actual experiment"
whitlow_1978_thesis,es106,whitlow_1978_thesis,whitlow_1978_thesis__con017__ex021,whitlow_1978_thesis__open_field_test_oft,whitlow_1978_thesis__con017__ex021__pnd25,ex021,con017,out057,Yes,Corrected derived value,"They had two experimental groups, 65dB and 85dB, they did 3 trials, one per day of the OFT",,THE EFFECT OF SOUND STIMULATION DURING GESTATION  ON THE BEHAVIOR OF RAT OFFSPRING,,Thesis,,Rattus norvegicus,hooded rat,Lister rat,,not reported,"mid, late",mid_late,day 12-19,8,Intermittent,0.005,18 seconds per day. It was a tone,White noise,Audible,85,2500,,Unclear,,"No noise, moved into experimental sound cage",mixed,25,juvenile,,Cross-Fostered,,Anxiety,Open Field Test (OFT),"Circular open-field, duration 3 minutes and repeated in 3 consecutive days",Defecation amount,Count,Count,Not Reported,Figure 5,whitlow_1978_thesis_fig5,HNoN_1_de,HN_1_de,HNoN_HN_1_de,No,Positive,,1.74,1.74,Reported mean; used unchanged,whitlow_1978_thesis_fig5,1.3191,1.3191,Reported or previously approved SD; used unchanged,whitlow_1978_thesis_fig5,20,,0.29496,Accepted analysis assumption: SD = sqrt(mean); SE = SD / sqrt(n),included_studies/whitlow_1978_thesis.pdf; figure error bars are not defined; assumption approved by reviewer,,,,,2.3777,2.3777,Reported mean; used unchanged,whitlow_1978_thesis_fig5,1.542,1.542,Reported or previously approved SD; used unchanged,whitlow_1978_thesis_fig5,20,,0.344802,Accepted analysis assumption: SD = sqrt(mean); SE = SD / sqrt(n),included_studies/whitlow_1978_thesis.pdf; figure error bars are not defined; assumption approved by reviewer,,,,,"Figure only showed mean, imputated sd=SQRT(mean) as are counts in a certain tine","The author stated ""hooded rat,"" we assumed ""lister rat"". ""Foster mothers with no noise exposure. We also used the HNoN control, which were manipulated the same way as the noise treatment, but no noise..."". In the pilot they used a ""2 . 5 KHz tone of 3 second duration at  an intensity of 85 dB (re 20 4 N/m~)."" so we assumed they used the same for the actual experiment"
whitlow_1978_thesis,es107,whitlow_1978_thesis,whitlow_1978_thesis__con017__ex022,whitlow_1978_thesis__open_field_test_oft,whitlow_1978_thesis__con017__ex022__pnd25,ex022,con017,out057,Yes,Corrected derived value,"They had two experimental groups, 65dB and 85dB, they did 3 trials, one per day of the OFT",,THE EFFECT OF SOUND STIMULATION DURING GESTATION  ON THE BEHAVIOR OF RAT OFFSPRING,,Thesis,,Rattus norvegicus,hooded rat,Lister rat,,not reported,"mid, late",mid_late,day 12-19,8,Intermittent,0.005,18 seconds per day. It was a tone,White noise,Audible,65,2500,,Unclear,,"No noise, moved into experimental sound cage",mixed,25,juvenile,,Cross-Fostered,,Anxiety,Open Field Test (OFT),"Circular open-field, duration 3 minutes and repeated in 3 consecutive days",Defecation amount,Count,Count,Not Reported,Figure 5,whitlow_1978_thesis_fig5,HNoN_1_de,HLN_1_de,HNoN_HLN_1_de,No,Positive,,1.74,1.74,Reported mean; used unchanged,whitlow_1978_thesis_fig5,1.3191,1.3191,Reported or previously approved SD; used unchanged,whitlow_1978_thesis_fig5,20,,0.29496,Accepted analysis assumption: SD = sqrt(mean); SE = SD / sqrt(n),included_studies/whitlow_1978_thesis.pdf; figure error bars are not defined; assumption approved by reviewer,,,,,2.0226,2.0226,Reported mean; used unchanged,whitlow_1978_thesis_fig5,1.4222,1.4222,Reported or previously approved SD; used unchanged,whitlow_1978_thesis_fig5,20,,0.318014,Accepted analysis assumption: SD = sqrt(mean); SE = SD / sqrt(n),included_studies/whitlow_1978_thesis.pdf; figure error bars are not defined; assumption approved by reviewer,,,,,"Figure only showed mean, imputated sd=SQRT(mean) as are counts in a certain tine","The author stated ""hooded rat,"" we assumed ""lister rat"". ""Foster mothers with no noise exposure. We also used the HNoN control, which were manipulated the same way as the noise treatment, but no noise..."". In the pilot they used a ""2 . 5 KHz tone of 3 second duration at  an intensity of 85 dB (re 20 4 N/m~)."" so we assumed they used the same for the actual experiment"
whitlow_1978_thesis,es108,whitlow_1978_thesis,whitlow_1978_thesis__con017__ex021,whitlow_1978_thesis__open_field_test_oft,whitlow_1978_thesis__con017__ex021__pnd26,ex021,con017,out057,Yes,Corrected derived value,"They had two experimental groups, 65dB and 85dB, they did 3 trials, one per day of the OFT",,THE EFFECT OF SOUND STIMULATION DURING GESTATION  ON THE BEHAVIOR OF RAT OFFSPRING,,Thesis,,Rattus norvegicus,hooded rat,Lister rat,,not reported,"mid, late",mid_late,day 12-19,8,Intermittent,0.005,18 seconds per day. It was a tone,White noise,Audible,85,2500,,Unclear,,"No noise, moved into experimental sound cage",mixed,26,juvenile,,Cross-Fostered,,Anxiety,Open Field Test (OFT),"Circular open-field, duration 3 minutes and repeated in 3 consecutive days",Defecation amount,Count,Count,Not Reported,Figure 5,whitlow_1978_thesis_fig5,HNoN_2_de,HN_2_de,HNoN_HN_2_de,No,Positive,,2.22,2.22,Reported mean; used unchanged,whitlow_1978_thesis_fig5,1.49,1.49,Reported or previously approved SD; used unchanged,whitlow_1978_thesis_fig5,20,,0.333174,Accepted analysis assumption: SD = sqrt(mean); SE = SD / sqrt(n),included_studies/whitlow_1978_thesis.pdf; figure error bars are not defined; assumption approved by reviewer,,,,,1.9827,1.9827,Reported mean; used unchanged,whitlow_1978_thesis_fig5,1.4081,1.4081,Reported or previously approved SD; used unchanged,whitlow_1978_thesis_fig5,20,,0.314861,Accepted analysis assumption: SD = sqrt(mean); SE = SD / sqrt(n),included_studies/whitlow_1978_thesis.pdf; figure error bars are not defined; assumption approved by reviewer,,,,,"Figure only showed mean, imputated sd=SQRT(mean) as are counts in a certain tine","The author stated ""hooded rat,"" we assumed ""lister rat"". ""Foster mothers with no noise exposure. We also used the HNoN control, which were manipulated the same way as the noise treatment, but no noise..."". In the pilot they used a ""2 . 5 KHz tone of 3 second duration at  an intensity of 85 dB (re 20 4 N/m~)."" so we assumed they used the same for the actual experiment"
whitlow_1978_thesis,es109,whitlow_1978_thesis,whitlow_1978_thesis__con017__ex022,whitlow_1978_thesis__open_field_test_oft,whitlow_1978_thesis__con017__ex022__pnd26,ex022,con017,out057,Yes,Corrected derived value,"They had two experimental groups, 65dB and 85dB, they did 3 trials, one per day of the OFT",,THE EFFECT OF SOUND STIMULATION DURING GESTATION  ON THE BEHAVIOR OF RAT OFFSPRING,,Thesis,,Rattus norvegicus,hooded rat,Lister rat,,not reported,"mid, late",mid_late,day 12-19,8,Intermittent,0.005,18 seconds per day. It was a tone,White noise,Audible,65,2500,,Unclear,,"No noise, moved into experimental sound cage",mixed,26,juvenile,,Cross-Fostered,,Anxiety,Open Field Test (OFT),"Circular open-field, duration 3 minutes and repeated in 3 consecutive days",Defecation amount,Count,Count,Not Reported,Figure 5,whitlow_1978_thesis_fig5,HNoN_2_de,HLN_2_de,HNoN_HLN_2_de,No,Positive,,2.22,2.22,Reported mean; used unchanged,whitlow_1978_thesis_fig5,1.49,1.49,Reported or previously approved SD; used unchanged,whitlow_1978_thesis_fig5,20,,0.333174,Accepted analysis assumption: SD = sqrt(mean); SE = SD / sqrt(n),included_studies/whitlow_1978_thesis.pdf; figure error bars are not defined; assumption approved by reviewer,,,,,1.8311,1.8311,Reported mean; used unchanged,whitlow_1978_thesis_fig5,1.3532,1.3532,Reported or previously approved SD; used unchanged,whitlow_1978_thesis_fig5,20,,0.302585,Accepted analysis assumption: SD = sqrt(mean); SE = SD / sqrt(n),included_studies/whitlow_1978_thesis.pdf; figure error bars are not defined; assumption approved by reviewer,,,,,"Figure only showed mean, imputated sd=SQRT(mean) as are counts in a certain tine","The author stated ""hooded rat,"" we assumed ""lister rat"". ""Foster mothers with no noise exposure. We also used the HNoN control, which were manipulated the same way as the noise treatment, but no noise..."". In the pilot they used a ""2 . 5 KHz tone of 3 second duration at  an intensity of 85 dB (re 20 4 N/m~)."" so we assumed they used the same for the actual experiment"
whitlow_1978_thesis,es110,whitlow_1978_thesis,whitlow_1978_thesis__con017__ex021,whitlow_1978_thesis__open_field_test_oft,whitlow_1978_thesis__con017__ex021__pnd27,ex021,con017,out057,Yes,Corrected derived value,"They had two experimental groups, 65dB and 85dB, they did 3 trials, one per day of the OFT",,THE EFFECT OF SOUND STIMULATION DURING GESTATION  ON THE BEHAVIOR OF RAT OFFSPRING,,Thesis,,Rattus norvegicus,hooded rat,Lister rat,,not reported,"mid, late",mid_late,day 12-19,8,Intermittent,0.005,18 seconds per day. It was a tone,White noise,Audible,85,2500,,Unclear,,"No noise, moved into experimental sound cage",mixed,27,juvenile,,Cross-Fostered,,Anxiety,Open Field Test (OFT),"Circular open-field, duration 3 minutes and repeated in 3 consecutive days",Defecation amount,Count,Count,Not Reported,Figure 5,whitlow_1978_thesis_fig5,HNoN_3_de,HN_3_de,HNoN_HN_3_de,No,Positive,,1.14,1.14,Reported mean; used unchanged,whitlow_1978_thesis_fig5,1.0677,1.0677,Reported or previously approved SD; used unchanged,whitlow_1978_thesis_fig5,20,,0.238745,Accepted analysis assumption: SD = sqrt(mean); SE = SD / sqrt(n),included_studies/whitlow_1978_thesis.pdf; figure error bars are not defined; assumption approved by reviewer,,,,,2.5731,2.5731,Reported mean; used unchanged,whitlow_1978_thesis_fig5,1.6041,1.6041,Reported or previously approved SD; used unchanged,whitlow_1978_thesis_fig5,20,,0.358688,Accepted analysis assumption: SD = sqrt(mean); SE = SD / sqrt(n),included_studies/whitlow_1978_thesis.pdf; figure error bars are not defined; assumption approved by reviewer,,,,,"Figure only showed mean, imputated sd=SQRT(mean) as are counts in a certain tine","The author stated ""hooded rat,"" we assumed ""lister rat"". ""Foster mothers with no noise exposure. We also used the HNoN control, which were manipulated the same way as the noise treatment, but no noise..."". In the pilot they used a ""2 . 5 KHz tone of 3 second duration at  an intensity of 85 dB (re 20 4 N/m~)."" so we assumed they used the same for the actual experiment"
whitlow_1978_thesis,es111,whitlow_1978_thesis,whitlow_1978_thesis__con017__ex022,whitlow_1978_thesis__open_field_test_oft,whitlow_1978_thesis__con017__ex022__pnd26,ex022,con017,out057,Yes,Corrected derived value,"They had two experimental groups, 65dB and 85dB, they did 3 trials, one per day of the OFT",,THE EFFECT OF SOUND STIMULATION DURING GESTATION  ON THE BEHAVIOR OF RAT OFFSPRING,,Thesis,,Rattus norvegicus,hooded rat,Lister rat,,not reported,"mid, late",mid_late,day 12-19,8,Intermittent,0.005,18 seconds per day. It was a tone,White noise,Audible,65,2500,,Unclear,,"No noise, moved into experimental sound cage",mixed,26,juvenile,,Cross-Fostered,,Anxiety,Open Field Test (OFT),"Circular open-field, duration 3 minutes and repeated in 3 consecutive days",Defecation amount,Count,Count,Not Reported,Figure 5,whitlow_1978_thesis_fig5,HNoN_3_de,HLN_3_de,HNoN_HLN_3_de,No,Positive,,1.14,1.14,Reported mean; used unchanged,whitlow_1978_thesis_fig5,1.0677,1.0677,Reported or previously approved SD; used unchanged,whitlow_1978_thesis_fig5,20,,0.238745,Accepted analysis assumption: SD = sqrt(mean); SE = SD / sqrt(n),included_studies/whitlow_1978_thesis.pdf; figure error bars are not defined; assumption approved by reviewer,,,,,2.8604,2.8604,Reported mean; used unchanged,whitlow_1978_thesis_fig5,1.6913,1.6913,Reported or previously approved SD; used unchanged,whitlow_1978_thesis_fig5,20,,0.378186,Accepted analysis assumption: SD = sqrt(mean); SE = SD / sqrt(n),included_studies/whitlow_1978_thesis.pdf; figure error bars are not defined; assumption approved by reviewer,,,,,"Figure only showed mean, imputated sd=SQRT(mean) as are counts in a certain tine","The author stated ""hooded rat,"" we assumed ""lister rat"". ""Foster mothers with no noise exposure. We also used the HNoN control, which were manipulated the same way as the noise treatment, but no noise..."". In the pilot they used a ""2 . 5 KHz tone of 3 second duration at  an intensity of 85 dB (re 20 4 N/m~)."" so we assumed they used the same for the actual experiment"
whitlow_1978_thesis,es112,whitlow_1978_thesis,whitlow_1978_thesis__con018__ex021,whitlow_1978_thesis__open_field_test_oft,whitlow_1978_thesis__con018__ex021__pnd25,ex021,con018,out058,Yes,Corrected derived value,"They had two experimental groups, 65dB and 85dB, they did 3 trials, one per day of the OFT",,THE EFFECT OF SOUND STIMULATION DURING GESTATION  ON THE BEHAVIOR OF RAT OFFSPRING,,Thesis,,Rattus norvegicus,hooded rat,Lister rat,,not reported,"mid, late",mid_late,day 12-19,8,Intermittent,0.005,18 seconds per day. It was a tone,White noise,Audible,85,2500,,Unclear,,undisturbed controls,mixed,25,juvenile,,Cross-Fostered,,Anxiety,Open Field Test (OFT),"Circular open-field, duration 3 minutes and repeated in 3 consecutive days",Sections crossed,Count,Count,Not Reported,Figure 2,whitlow_1978_thesis_fig2,C_1_sq,HN_1_sq,C_HN_1_sq,Yes,Negative,,45.7671,45.7671,Reported mean; used unchanged,whitlow_1978_thesis_fig2,6.7651,6.7651,Reported or previously approved SD; used unchanged,whitlow_1978_thesis_fig2,20,,1.512722,Accepted analysis assumption: SD = sqrt(mean); SE = SD / sqrt(n),included_studies/whitlow_1978_thesis.pdf; figure error bars are not defined; assumption approved by reviewer,,,,,71.2285,71.2285,Reported mean; used unchanged,whitlow_1978_thesis_fig2,8.4397,8.4397,Reported or previously approved SD; used unchanged,whitlow_1978_thesis_fig2,20,,1.887174,Accepted analysis assumption: SD = sqrt(mean); SE = SD / sqrt(n),included_studies/whitlow_1978_thesis.pdf; figure error bars are not defined; assumption approved by reviewer,,,,,"Figure only showed mean, imputated sd=SQRT(mean) as are counts in a certain tine","The author stated ""hooded rat,"" we assumed ""lister rat"". ""Foster mothers with no noise exposure. We also used the HNoN control, which were manipulated the same way as the noise treatment, but no noise..."". In the pilot they used a ""2 . 5 KHz tone of 3 second duration at  an intensity of 85 dB (re 20 4 N/m~)."" so we assumed they used the same for the actual experiment"
whitlow_1978_thesis,es113,whitlow_1978_thesis,whitlow_1978_thesis__con018__ex022,whitlow_1978_thesis__open_field_test_oft,whitlow_1978_thesis__con018__ex022__pnd25,ex022,con018,out058,Yes,Corrected derived value,"They had two experimental groups, 65dB and 85dB, they did 3 trials, one per day of the OFT",,THE EFFECT OF SOUND STIMULATION DURING GESTATION  ON THE BEHAVIOR OF RAT OFFSPRING,,Thesis,,Rattus norvegicus,hooded rat,Lister rat,,not reported,"mid, late",mid_late,day 12-19,8,Intermittent,0.005,18 seconds per day. It was a tone,White noise,Audible,65,2500,,Unclear,,undisturbed controls,mixed,25,juvenile,,Cross-Fostered,,Anxiety,Open Field Test (OFT),"Circular open-field, duration 3 minutes and repeated in 3 consecutive days",Sections crossed,Count,Count,Not Reported,Figure 2,whitlow_1978_thesis_fig2,C_1_sq,HLN_1_sq,C_HLN_1_sq,Yes,Negative,,45.7671,45.7671,Reported mean; used unchanged,whitlow_1978_thesis_fig2,6.7651,6.7651,Reported or previously approved SD; used unchanged,whitlow_1978_thesis_fig2,20,,1.512722,Accepted analysis assumption: SD = sqrt(mean); SE = SD / sqrt(n),included_studies/whitlow_1978_thesis.pdf; figure error bars are not defined; assumption approved by reviewer,,,,,60.8719,60.8719,Reported mean; used unchanged,whitlow_1978_thesis_fig2,7.802,7.802,Reported or previously approved SD; used unchanged,whitlow_1978_thesis_fig2,20,,1.74458,Accepted analysis assumption: SD = sqrt(mean); SE = SD / sqrt(n),included_studies/whitlow_1978_thesis.pdf; figure error bars are not defined; assumption approved by reviewer,,,,,"Figure only showed mean, imputated sd=SQRT(mean) as are counts in a certain tine","The author stated ""hooded rat,"" we assumed ""lister rat"". ""Foster mothers with no noise exposure. We also used the HNoN control, which were manipulated the same way as the noise treatment, but no noise..."". In the pilot they used a ""2 . 5 KHz tone of 3 second duration at  an intensity of 85 dB (re 20 4 N/m~)."" so we assumed they used the same for the actual experiment"
whitlow_1978_thesis,es114,whitlow_1978_thesis,whitlow_1978_thesis__con018__ex021,whitlow_1978_thesis__open_field_test_oft,whitlow_1978_thesis__con018__ex021__pnd26,ex021,con018,out058,Yes,Corrected derived value,"They had two experimental groups, 65dB and 85dB, they did 3 trials, one per day of the OFT",,THE EFFECT OF SOUND STIMULATION DURING GESTATION  ON THE BEHAVIOR OF RAT OFFSPRING,,Thesis,,Rattus norvegicus,hooded rat,Lister rat,,not reported,"mid, late",mid_late,day 12-19,8,Intermittent,0.005,18 seconds per day. It was a tone,White noise,Audible,85,2500,,Unclear,,undisturbed controls,mixed,26,juvenile,,Cross-Fostered,,Anxiety,Open Field Test (OFT),"Circular open-field, duration 3 minutes and repeated in 3 consecutive days",Sections crossed,Count,Count,Not Reported,Figure 2,whitlow_1978_thesis_fig2,C_2_sq,HN_2_sq,C_HN_2_sq,Yes,Negative,,31.7366,31.7366,Reported mean; used unchanged,whitlow_1978_thesis_fig2,5.6335,5.6335,Reported or previously approved SD; used unchanged,whitlow_1978_thesis_fig2,20,,1.259689,Accepted analysis assumption: SD = sqrt(mean); SE = SD / sqrt(n),included_studies/whitlow_1978_thesis.pdf; figure error bars are not defined; assumption approved by reviewer,,,,,42.8005,42.8005,Reported mean; used unchanged,whitlow_1978_thesis_fig2,6.5422,6.5422,Reported or previously approved SD; used unchanged,whitlow_1978_thesis_fig2,20,,1.46288,Accepted analysis assumption: SD = sqrt(mean); SE = SD / sqrt(n),included_studies/whitlow_1978_thesis.pdf; figure error bars are not defined; assumption approved by reviewer,,,,,"Figure only showed mean, imputated sd=SQRT(mean) as are counts in a certain tine","The author stated ""hooded rat,"" we assumed ""lister rat"". ""Foster mothers with no noise exposure. We also used the HNoN control, which were manipulated the same way as the noise treatment, but no noise..."". In the pilot they used a ""2 . 5 KHz tone of 3 second duration at  an intensity of 85 dB (re 20 4 N/m~)."" so we assumed they used the same for the actual experiment"
whitlow_1978_thesis,es115,whitlow_1978_thesis,whitlow_1978_thesis__con018__ex022,whitlow_1978_thesis__open_field_test_oft,whitlow_1978_thesis__con018__ex022__pnd26,ex022,con018,out058,Yes,Corrected derived value,"They had two experimental groups, 65dB and 85dB, they did 3 trials, one per day of the OFT",,THE EFFECT OF SOUND STIMULATION DURING GESTATION  ON THE BEHAVIOR OF RAT OFFSPRING,,Thesis,,Rattus norvegicus,hooded rat,Lister rat,,not reported,"mid, late",mid_late,day 12-19,8,Intermittent,0.005,18 seconds per day. It was a tone,White noise,Audible,65,2500,,Unclear,,undisturbed controls,mixed,26,juvenile,,Cross-Fostered,,Anxiety,Open Field Test (OFT),"Circular open-field, duration 3 minutes and repeated in 3 consecutive days",Sections crossed,Count,Count,Not Reported,Figure 2,whitlow_1978_thesis_fig2,C_2_sq,HLN_2_sq,C_HLN_2_sq,Yes,Negative,,31.7366,31.7366,Reported mean; used unchanged,whitlow_1978_thesis_fig2,5.6335,5.6335,Reported or previously approved SD; used unchanged,whitlow_1978_thesis_fig2,20,,1.259689,Accepted analysis assumption: SD = sqrt(mean); SE = SD / sqrt(n),included_studies/whitlow_1978_thesis.pdf; figure error bars are not defined; assumption approved by reviewer,,,,,36.8824,36.8824,Reported mean; used unchanged,whitlow_1978_thesis_fig2,6.0731,6.0731,Reported or previously approved SD; used unchanged,whitlow_1978_thesis_fig2,20,,1.357986,Accepted analysis assumption: SD = sqrt(mean); SE = SD / sqrt(n),included_studies/whitlow_1978_thesis.pdf; figure error bars are not defined; assumption approved by reviewer,,,,,"Figure only showed mean, imputated sd=SQRT(mean) as are counts in a certain tine","The author stated ""hooded rat,"" we assumed ""lister rat"". ""Foster mothers with no noise exposure. We also used the HNoN control, which were manipulated the same way as the noise treatment, but no noise..."". In the pilot they used a ""2 . 5 KHz tone of 3 second duration at  an intensity of 85 dB (re 20 4 N/m~)."" so we assumed they used the same for the actual experiment"
whitlow_1978_thesis,es116,whitlow_1978_thesis,whitlow_1978_thesis__con018__ex021,whitlow_1978_thesis__open_field_test_oft,whitlow_1978_thesis__con018__ex021__pnd27,ex021,con018,out058,Yes,Corrected derived value,"They had two experimental groups, 65dB and 85dB, they did 3 trials, one per day of the OFT",,THE EFFECT OF SOUND STIMULATION DURING GESTATION  ON THE BEHAVIOR OF RAT OFFSPRING,,Thesis,,Rattus norvegicus,hooded rat,Lister rat,,not reported,"mid, late",mid_late,day 12-19,8,Intermittent,0.005,18 seconds per day. It was a tone,White noise,Audible,85,2500,,Unclear,,undisturbed controls,mixed,27,juvenile,,Cross-Fostered,,Anxiety,Open Field Test (OFT),"Circular open-field, duration 3 minutes and repeated in 3 consecutive days",Sections crossed,Count,Count,Not Reported,Figure 2,whitlow_1978_thesis_fig2,C_3_sq,HN_3_sq,C_HN_3_sq,Yes,Negative,,19.1201,19.1201,Reported mean; used unchanged,whitlow_1978_thesis_fig2,4.3726,4.3726,Reported or previously approved SD; used unchanged,whitlow_1978_thesis_fig2,20,,0.977743,Accepted analysis assumption: SD = sqrt(mean); SE = SD / sqrt(n),included_studies/whitlow_1978_thesis.pdf; figure error bars are not defined; assumption approved by reviewer,,,,,26.7371,26.7371,Reported mean; used unchanged,whitlow_1978_thesis_fig2,5.1708,5.1708,Reported or previously approved SD; used unchanged,whitlow_1978_thesis_fig2,20,,1.156226,Accepted analysis assumption: SD = sqrt(mean); SE = SD / sqrt(n),included_studies/whitlow_1978_thesis.pdf; figure error bars are not defined; assumption approved by reviewer,,,,,"Figure only showed mean, imputated sd=SQRT(mean) as are counts in a certain tine","The author stated ""hooded rat,"" we assumed ""lister rat"". ""Foster mothers with no noise exposure. We also used the HNoN control, which were manipulated the same way as the noise treatment, but no noise..."". In the pilot they used a ""2 . 5 KHz tone of 3 second duration at  an intensity of 85 dB (re 20 4 N/m~)."" so we assumed they used the same for the actual experiment"
whitlow_1978_thesis,es117,whitlow_1978_thesis,whitlow_1978_thesis__con018__ex022,whitlow_1978_thesis__open_field_test_oft,whitlow_1978_thesis__con018__ex022__pnd27,ex022,con018,out058,Yes,Corrected derived value,"They had two experimental groups, 65dB and 85dB, they did 3 trials, one per day of the OFT",,THE EFFECT OF SOUND STIMULATION DURING GESTATION  ON THE BEHAVIOR OF RAT OFFSPRING,,Thesis,,Rattus norvegicus,hooded rat,Lister rat,,not reported,"mid, late",mid_late,day 12-19,8,Intermittent,0.005,18 seconds per day. It was a tone,White noise,Audible,65,2500,,Unclear,,undisturbed controls,mixed,27,juvenile,,Cross-Fostered,,Anxiety,Open Field Test (OFT),"Circular open-field, duration 3 minutes and repeated in 3 consecutive days",Sections crossed,Count,Count,Not Reported,Figure 2,whitlow_1978_thesis_fig2,C_3_sq,HLN_3_sq,C_HLN_3_sq,Yes,Negative,,19.1201,19.1201,Reported mean; used unchanged,whitlow_1978_thesis_fig2,4.3726,4.3726,Reported or previously approved SD; used unchanged,whitlow_1978_thesis_fig2,20,,0.977743,Accepted analysis assumption: SD = sqrt(mean); SE = SD / sqrt(n),included_studies/whitlow_1978_thesis.pdf; figure error bars are not defined; assumption approved by reviewer,,,,,15.7464,15.7464,Reported mean; used unchanged,whitlow_1978_thesis_fig2,3.9682,3.9682,Reported or previously approved SD; used unchanged,whitlow_1978_thesis_fig2,20,,0.887316,Accepted analysis assumption: SD = sqrt(mean); SE = SD / sqrt(n),included_studies/whitlow_1978_thesis.pdf; figure error bars are not defined; assumption approved by reviewer,,,,,"Figure only showed mean, imputated sd=SQRT(mean) as are counts in a certain tine","The author stated ""hooded rat,"" we assumed ""lister rat"". ""Foster mothers with no noise exposure. We also used the HNoN control, which were manipulated the same way as the noise treatment, but no noise..."". In the pilot they used a ""2 . 5 KHz tone of 3 second duration at  an intensity of 85 dB (re 20 4 N/m~)."" so we assumed they used the same for the actual experiment"
whitlow_1978_thesis,es118,whitlow_1978_thesis,whitlow_1978_thesis__con018__ex021,whitlow_1978_thesis__open_field_test_oft,whitlow_1978_thesis__con018__ex021__pnd25,ex021,con018,out059,Yes,Corrected derived value,"They had two experimental groups, 65dB and 85dB, they did 3 trials, one per day of the OFT",,THE EFFECT OF SOUND STIMULATION DURING GESTATION  ON THE BEHAVIOR OF RAT OFFSPRING,,Thesis,,Rattus norvegicus,hooded rat,Lister rat,,not reported,"mid, late",mid_late,day 12-19,8,Intermittent,0.005,18 seconds per day. It was a tone,White noise,Audible,85,2500,,Unclear,,undisturbed controls,mixed,25,juvenile,,Cross-Fostered,,Anxiety,Open Field Test (OFT),"Circular open-field, duration 3 minutes and repeated in 3 consecutive days",Grooming frequency,Count,Count,Not Reported,Figure 4,whitlow_1978_thesis_fig4,C_1_gr,HN_1_gr,C_HN_1_gr,No,Positive,,4.0526,4.0526,Reported mean; used unchanged,whitlow_1978_thesis_fig4,2.0131,2.0131,Reported or previously approved SD; used unchanged,whitlow_1978_thesis_fig4,20,,0.450143,Accepted analysis assumption: SD = sqrt(mean); SE = SD / sqrt(n),included_studies/whitlow_1978_thesis.pdf; figure error bars are not defined; assumption approved by reviewer,,,,,3.6809,3.6809,Reported mean; used unchanged,whitlow_1978_thesis_fig4,1.9186,1.9186,Reported or previously approved SD; used unchanged,whitlow_1978_thesis_fig4,20,,0.429012,Accepted analysis assumption: SD = sqrt(mean); SE = SD / sqrt(n),included_studies/whitlow_1978_thesis.pdf; figure error bars are not defined; assumption approved by reviewer,,,,,"Figure only showed mean, imputated sd=SQRT(mean) as are counts in a certain tine","The author stated ""hooded rat,"" we assumed ""lister rat"". ""Foster mothers with no noise exposure. We also used the HNoN control, which were manipulated the same way as the noise treatment, but no noise..."". In the pilot they used a ""2 . 5 KHz tone of 3 second duration at  an intensity of 85 dB (re 20 4 N/m~)."" so we assumed they used the same for the actual experiment"
whitlow_1978_thesis,es119,whitlow_1978_thesis,whitlow_1978_thesis__con018__ex022,whitlow_1978_thesis__open_field_test_oft,whitlow_1978_thesis__con018__ex022__pnd25,ex022,con018,out059,Yes,Corrected derived value,"They had two experimental groups, 65dB and 85dB, they did 3 trials, one per day of the OFT",,THE EFFECT OF SOUND STIMULATION DURING GESTATION  ON THE BEHAVIOR OF RAT OFFSPRING,,Thesis,,Rattus norvegicus,hooded rat,Lister rat,,not reported,"mid, late",mid_late,day 12-19,8,Intermittent,0.005,18 seconds per day. It was a tone,White noise,Audible,65,2500,,Unclear,,undisturbed controls,mixed,25,juvenile,,Cross-Fostered,,Anxiety,Open Field Test (OFT),"Circular open-field, duration 3 minutes and repeated in 3 consecutive days",Grooming frequency,Count,Count,Not Reported,Figure 4,whitlow_1978_thesis_fig4,C_1_gr,HLN_1_gr,C_HLN_1_gr,No,Positive,,4.0526,4.0526,Reported mean; used unchanged,whitlow_1978_thesis_fig4,2.0131,2.0131,Reported or previously approved SD; used unchanged,whitlow_1978_thesis_fig4,20,,0.450143,Accepted analysis assumption: SD = sqrt(mean); SE = SD / sqrt(n),included_studies/whitlow_1978_thesis.pdf; figure error bars are not defined; assumption approved by reviewer,,,,,3.708,3.708,Reported mean; used unchanged,whitlow_1978_thesis_fig4,1.9256,1.9256,Reported or previously approved SD; used unchanged,whitlow_1978_thesis_fig4,20,,0.430577,Accepted analysis assumption: SD = sqrt(mean); SE = SD / sqrt(n),included_studies/whitlow_1978_thesis.pdf; figure error bars are not defined; assumption approved by reviewer,,,,,"Figure only showed mean, imputated sd=SQRT(mean) as are counts in a certain tine","The author stated ""hooded rat,"" we assumed ""lister rat"". ""Foster mothers with no noise exposure. We also used the HNoN control, which were manipulated the same way as the noise treatment, but no noise..."". In the pilot they used a ""2 . 5 KHz tone of 3 second duration at  an intensity of 85 dB (re 20 4 N/m~)."" so we assumed they used the same for the actual experiment"
whitlow_1978_thesis,es120,whitlow_1978_thesis,whitlow_1978_thesis__con018__ex021,whitlow_1978_thesis__open_field_test_oft,whitlow_1978_thesis__con018__ex021__pnd26,ex021,con018,out059,Yes,Corrected derived value,"They had two experimental groups, 65dB and 85dB, they did 3 trials, one per day of the OFT",,THE EFFECT OF SOUND STIMULATION DURING GESTATION  ON THE BEHAVIOR OF RAT OFFSPRING,,Thesis,,Rattus norvegicus,hooded rat,Lister rat,,not reported,"mid, late",mid_late,day 12-19,8,Intermittent,0.005,18 seconds per day. It was a tone,White noise,Audible,85,2500,,Unclear,,undisturbed controls,mixed,26,juvenile,,Cross-Fostered,,Anxiety,Open Field Test (OFT),"Circular open-field, duration 3 minutes and repeated in 3 consecutive days",Grooming frequency,Count,Count,Not Reported,Figure 4,whitlow_1978_thesis_fig4,C_2_gr,HN_2_gr,C_HN_2_gr,No,Positive,,3.5127,3.5127,Reported mean; used unchanged,whitlow_1978_thesis_fig4,1.8742,1.8742,Reported or previously approved SD; used unchanged,whitlow_1978_thesis_fig4,20,,0.419084,Accepted analysis assumption: SD = sqrt(mean); SE = SD / sqrt(n),included_studies/whitlow_1978_thesis.pdf; figure error bars are not defined; assumption approved by reviewer,,,,,5.6705,5.6705,Reported mean; used unchanged,whitlow_1978_thesis_fig4,2.3813,2.3813,Reported or previously approved SD; used unchanged,whitlow_1978_thesis_fig4,20,,0.532475,Accepted analysis assumption: SD = sqrt(mean); SE = SD / sqrt(n),included_studies/whitlow_1978_thesis.pdf; figure error bars are not defined; assumption approved by reviewer,,,,,"Figure only showed mean, imputated sd=SQRT(mean) as are counts in a certain tine","The author stated ""hooded rat,"" we assumed ""lister rat"". ""Foster mothers with no noise exposure. We also used the HNoN control, which were manipulated the same way as the noise treatment, but no noise..."". In the pilot they used a ""2 . 5 KHz tone of 3 second duration at  an intensity of 85 dB (re 20 4 N/m~)."" so we assumed they used the same for the actual experiment"
whitlow_1978_thesis,es121,whitlow_1978_thesis,whitlow_1978_thesis__con018__ex022,whitlow_1978_thesis__open_field_test_oft,whitlow_1978_thesis__con018__ex022__pnd26,ex022,con018,out059,Yes,Corrected derived value,"They had two experimental groups, 65dB and 85dB, they did 3 trials, one per day of the OFT",,THE EFFECT OF SOUND STIMULATION DURING GESTATION  ON THE BEHAVIOR OF RAT OFFSPRING,,Thesis,,Rattus norvegicus,hooded rat,Lister rat,,not reported,"mid, late",mid_late,day 12-19,8,Intermittent,0.005,18 seconds per day. It was a tone,White noise,Audible,65,2500,,Unclear,,undisturbed controls,mixed,26,juvenile,,Cross-Fostered,,Anxiety,Open Field Test (OFT),"Circular open-field, duration 3 minutes and repeated in 3 consecutive days",Grooming frequency,Count,Count,Not Reported,Figure 4,whitlow_1978_thesis_fig4,C_2_gr,HLN_2_gr,C_HLN_2_gr,No,Positive,,3.5127,3.5127,Reported mean; used unchanged,whitlow_1978_thesis_fig4,1.8742,1.8742,Reported or previously approved SD; used unchanged,whitlow_1978_thesis_fig4,20,,0.419084,Accepted analysis assumption: SD = sqrt(mean); SE = SD / sqrt(n),included_studies/whitlow_1978_thesis.pdf; figure error bars are not defined; assumption approved by reviewer,,,,,4.8023,4.8023,Reported mean; used unchanged,whitlow_1978_thesis_fig4,2.1914,2.1914,Reported or previously approved SD; used unchanged,whitlow_1978_thesis_fig4,20,,0.490012,Accepted analysis assumption: SD = sqrt(mean); SE = SD / sqrt(n),included_studies/whitlow_1978_thesis.pdf; figure error bars are not defined; assumption approved by reviewer,,,,,"Figure only showed mean, imputated sd=SQRT(mean) as are counts in a certain tine","The author stated ""hooded rat,"" we assumed ""lister rat"". ""Foster mothers with no noise exposure. We also used the HNoN control, which were manipulated the same way as the noise treatment, but no noise..."". In the pilot they used a ""2 . 5 KHz tone of 3 second duration at  an intensity of 85 dB (re 20 4 N/m~)."" so we assumed they used the same for the actual experiment"
whitlow_1978_thesis,es122,whitlow_1978_thesis,whitlow_1978_thesis__con018__ex021,whitlow_1978_thesis__open_field_test_oft,whitlow_1978_thesis__con018__ex021__pnd27,ex021,con018,out059,Yes,Corrected derived value,"They had two experimental groups, 65dB and 85dB, they did 3 trials, one per day of the OFT",,THE EFFECT OF SOUND STIMULATION DURING GESTATION  ON THE BEHAVIOR OF RAT OFFSPRING,,Thesis,,Rattus norvegicus,hooded rat,Lister rat,,not reported,"mid, late",mid_late,day 12-19,8,Intermittent,0.005,18 seconds per day. It was a tone,White noise,Audible,85,2500,,Unclear,,undisturbed controls,mixed,27,juvenile,,Cross-Fostered,,Anxiety,Open Field Test (OFT),"Circular open-field, duration 3 minutes and repeated in 3 consecutive days",Grooming frequency,Count,Count,Not Reported,Figure 4,whitlow_1978_thesis_fig4,C_3_gr,HN_3_gr,C_HN_3_gr,No,Positive,,3.8478,3.8478,Reported mean; used unchanged,whitlow_1978_thesis_fig4,1.9616,1.9616,Reported or previously approved SD; used unchanged,whitlow_1978_thesis_fig4,20,,0.438627,Accepted analysis assumption: SD = sqrt(mean); SE = SD / sqrt(n),included_studies/whitlow_1978_thesis.pdf; figure error bars are not defined; assumption approved by reviewer,,,,,3.6899,3.6899,Reported mean; used unchanged,whitlow_1978_thesis_fig4,1.9209,1.9209,Reported or previously approved SD; used unchanged,whitlow_1978_thesis_fig4,20,,0.429526,Accepted analysis assumption: SD = sqrt(mean); SE = SD / sqrt(n),included_studies/whitlow_1978_thesis.pdf; figure error bars are not defined; assumption approved by reviewer,,,,,"Figure only showed mean, imputated sd=SQRT(mean) as are counts in a certain tine","The author stated ""hooded rat,"" we assumed ""lister rat"". ""Foster mothers with no noise exposure. We also used the HNoN control, which were manipulated the same way as the noise treatment, but no noise..."". In the pilot they used a ""2 . 5 KHz tone of 3 second duration at  an intensity of 85 dB (re 20 4 N/m~)."" so we assumed they used the same for the actual experiment"
whitlow_1978_thesis,es123,whitlow_1978_thesis,whitlow_1978_thesis__con018__ex022,whitlow_1978_thesis__open_field_test_oft,whitlow_1978_thesis__con018__ex022__pnd27,ex022,con018,out059,Yes,Corrected derived value,"They had two experimental groups, 65dB and 85dB, they did 3 trials, one per day of the OFT",,THE EFFECT OF SOUND STIMULATION DURING GESTATION  ON THE BEHAVIOR OF RAT OFFSPRING,,Thesis,,Rattus norvegicus,hooded rat,Lister rat,,not reported,"mid, late",mid_late,day 12-19,8,Intermittent,0.005,18 seconds per day. It was a tone,White noise,Audible,65,2500,,Unclear,,undisturbed controls,mixed,27,juvenile,,Cross-Fostered,,Anxiety,Open Field Test (OFT),"Circular open-field, duration 3 minutes and repeated in 3 consecutive days",Grooming frequency,Count,Count,Not Reported,Figure 4,whitlow_1978_thesis_fig4,C_3_gr,HLN_3_gr,C_HLN_3_gr,No,Positive,,3.8478,3.8478,Reported mean; used unchanged,whitlow_1978_thesis_fig4,1.9616,1.9616,Reported or previously approved SD; used unchanged,whitlow_1978_thesis_fig4,20,,0.438627,Accepted analysis assumption: SD = sqrt(mean); SE = SD / sqrt(n),included_studies/whitlow_1978_thesis.pdf; figure error bars are not defined; assumption approved by reviewer,,,,,3.0749,3.0749,Reported mean; used unchanged,whitlow_1978_thesis_fig4,1.7535,1.7535,Reported or previously approved SD; used unchanged,whitlow_1978_thesis_fig4,20,,0.392095,Accepted analysis assumption: SD = sqrt(mean); SE = SD / sqrt(n),included_studies/whitlow_1978_thesis.pdf; figure error bars are not defined; assumption approved by reviewer,,,,,"Figure only showed mean, imputated sd=SQRT(mean) as are counts in a certain tine","The author stated ""hooded rat,"" we assumed ""lister rat"". ""Foster mothers with no noise exposure. We also used the HNoN control, which were manipulated the same way as the noise treatment, but no noise..."". In the pilot they used a ""2 . 5 KHz tone of 3 second duration at  an intensity of 85 dB (re 20 4 N/m~)."" so we assumed they used the same for the actual experiment"
whitlow_1978_thesis,es124,whitlow_1978_thesis,whitlow_1978_thesis__con018__ex021,whitlow_1978_thesis__open_field_test_oft,whitlow_1978_thesis__con018__ex021__pnd25,ex021,con018,out060,Yes,Corrected derived value,"They had two experimental groups, 65dB and 85dB, they did 3 trials, one per day of the OFT",,THE EFFECT OF SOUND STIMULATION DURING GESTATION  ON THE BEHAVIOR OF RAT OFFSPRING,,Thesis,,Rattus norvegicus,hooded rat,Lister rat,,not reported,"mid, late",mid_late,day 12-19,8,Intermittent,0.005,18 seconds per day. It was a tone,White noise,Audible,85,2500,,Unclear,,undisturbed controls,mixed,25,juvenile,,Cross-Fostered,,Anxiety,Open Field Test (OFT),"Circular open-field, duration 3 minutes and repeated in 3 consecutive days",Defecation amount,Count,Count,Not Reported,Figure 5,whitlow_1978_thesis_fig5,C_1_de,HN_1_de,C_HN_1_de,No,Positive,,2.3849,2.3849,Reported mean; used unchanged,whitlow_1978_thesis_fig5,1.5443,1.5443,Reported or previously approved SD; used unchanged,whitlow_1978_thesis_fig5,20,,0.345316,Accepted analysis assumption: SD = sqrt(mean); SE = SD / sqrt(n),included_studies/whitlow_1978_thesis.pdf; figure error bars are not defined; assumption approved by reviewer,,,,,2.3777,2.3777,Reported mean; used unchanged,whitlow_1978_thesis_fig5,1.542,1.542,Reported or previously approved SD; used unchanged,whitlow_1978_thesis_fig5,20,,0.344802,Accepted analysis assumption: SD = sqrt(mean); SE = SD / sqrt(n),included_studies/whitlow_1978_thesis.pdf; figure error bars are not defined; assumption approved by reviewer,,,,,"Figure only showed mean, imputated sd=SQRT(mean) as are counts in a certain tine","The author stated ""hooded rat,"" we assumed ""lister rat"". ""Foster mothers with no noise exposure. We also used the HNoN control, which were manipulated the same way as the noise treatment, but no noise..."". In the pilot they used a ""2 . 5 KHz tone of 3 second duration at  an intensity of 85 dB (re 20 4 N/m~)."" so we assumed they used the same for the actual experiment"
whitlow_1978_thesis,es125,whitlow_1978_thesis,whitlow_1978_thesis__con018__ex022,whitlow_1978_thesis__open_field_test_oft,whitlow_1978_thesis__con018__ex022__pnd25,ex022,con018,out060,Yes,Corrected derived value,"They had two experimental groups, 65dB and 85dB, they did 3 trials, one per day of the OFT",,THE EFFECT OF SOUND STIMULATION DURING GESTATION  ON THE BEHAVIOR OF RAT OFFSPRING,,Thesis,,Rattus norvegicus,hooded rat,Lister rat,,not reported,"mid, late",mid_late,day 12-19,8,Intermittent,0.005,18 seconds per day. It was a tone,White noise,Audible,65,2500,,Unclear,,undisturbed controls,mixed,25,juvenile,,Cross-Fostered,,Anxiety,Open Field Test (OFT),"Circular open-field, duration 3 minutes and repeated in 3 consecutive days",Defecation amount,Count,Count,Not Reported,Figure 5,whitlow_1978_thesis_fig5,C_1_de,HLN_1_de,C_HLN_1_de,No,Positive,,2.3849,2.3849,Reported mean; used unchanged,whitlow_1978_thesis_fig5,1.5443,1.5443,Reported or previously approved SD; used unchanged,whitlow_1978_thesis_fig5,20,,0.345316,Accepted analysis assumption: SD = sqrt(mean); SE = SD / sqrt(n),included_studies/whitlow_1978_thesis.pdf; figure error bars are not defined; assumption approved by reviewer,,,,,2.0226,2.0226,Reported mean; used unchanged,whitlow_1978_thesis_fig5,1.4222,1.4222,Reported or previously approved SD; used unchanged,whitlow_1978_thesis_fig5,20,,0.318014,Accepted analysis assumption: SD = sqrt(mean); SE = SD / sqrt(n),included_studies/whitlow_1978_thesis.pdf; figure error bars are not defined; assumption approved by reviewer,,,,,"Figure only showed mean, imputated sd=SQRT(mean) as are counts in a certain tine","The author stated ""hooded rat,"" we assumed ""lister rat"". ""Foster mothers with no noise exposure. We also used the HNoN control, which were manipulated the same way as the noise treatment, but no noise..."". In the pilot they used a ""2 . 5 KHz tone of 3 second duration at  an intensity of 85 dB (re 20 4 N/m~)."" so we assumed they used the same for the actual experiment"
whitlow_1978_thesis,es126,whitlow_1978_thesis,whitlow_1978_thesis__con018__ex021,whitlow_1978_thesis__open_field_test_oft,whitlow_1978_thesis__con018__ex021__pnd26,ex021,con018,out060,Yes,Corrected derived value,"They had two experimental groups, 65dB and 85dB, they did 3 trials, one per day of the OFT",,THE EFFECT OF SOUND STIMULATION DURING GESTATION  ON THE BEHAVIOR OF RAT OFFSPRING,,Thesis,,Rattus norvegicus,hooded rat,Lister rat,,not reported,"mid, late",mid_late,day 12-19,8,Intermittent,0.005,18 seconds per day. It was a tone,White noise,Audible,85,2500,,Unclear,,undisturbed controls,mixed,26,juvenile,,Cross-Fostered,,Anxiety,Open Field Test (OFT),"Circular open-field, duration 3 minutes and repeated in 3 consecutive days",Defecation amount,Count,Count,Not Reported,Figure 5,whitlow_1978_thesis_fig5,C_2_de,HN_2_de,C_HN_2_de,No,Positive,,1.5268,1.5268,Reported mean; used unchanged,whitlow_1978_thesis_fig5,1.2357,1.2357,Reported or previously approved SD; used unchanged,whitlow_1978_thesis_fig5,20,,0.276311,Accepted analysis assumption: SD = sqrt(mean); SE = SD / sqrt(n),included_studies/whitlow_1978_thesis.pdf; figure error bars are not defined; assumption approved by reviewer,,,,,1.9827,1.9827,Reported mean; used unchanged,whitlow_1978_thesis_fig5,1.4081,1.4081,Reported or previously approved SD; used unchanged,whitlow_1978_thesis_fig5,20,,0.314861,Accepted analysis assumption: SD = sqrt(mean); SE = SD / sqrt(n),included_studies/whitlow_1978_thesis.pdf; figure error bars are not defined; assumption approved by reviewer,,,,,"Figure only showed mean, imputated sd=SQRT(mean) as are counts in a certain tine","The author stated ""hooded rat,"" we assumed ""lister rat"". ""Foster mothers with no noise exposure. We also used the HNoN control, which were manipulated the same way as the noise treatment, but no noise..."". In the pilot they used a ""2 . 5 KHz tone of 3 second duration at  an intensity of 85 dB (re 20 4 N/m~)."" so we assumed they used the same for the actual experiment"
whitlow_1978_thesis,es127,whitlow_1978_thesis,whitlow_1978_thesis__con018__ex022,whitlow_1978_thesis__open_field_test_oft,whitlow_1978_thesis__con018__ex022__pnd26,ex022,con018,out060,Yes,Corrected derived value,"They had two experimental groups, 65dB and 85dB, they did 3 trials, one per day of the OFT",,THE EFFECT OF SOUND STIMULATION DURING GESTATION  ON THE BEHAVIOR OF RAT OFFSPRING,,Thesis,,Rattus norvegicus,hooded rat,Lister rat,,not reported,"mid, late",mid_late,day 12-19,8,Intermittent,0.005,18 seconds per day. It was a tone,White noise,Audible,65,2500,,Unclear,,undisturbed controls,mixed,26,juvenile,,Cross-Fostered,,Anxiety,Open Field Test (OFT),"Circular open-field, duration 3 minutes and repeated in 3 consecutive days",Defecation amount,Count,Count,Not Reported,Figure 5,whitlow_1978_thesis_fig5,C_2_de,HLN_2_de,C_HLN_2_de,No,Positive,,1.5268,1.5268,Reported mean; used unchanged,whitlow_1978_thesis_fig5,1.2357,1.2357,Reported or previously approved SD; used unchanged,whitlow_1978_thesis_fig5,20,,0.276311,Accepted analysis assumption: SD = sqrt(mean); SE = SD / sqrt(n),included_studies/whitlow_1978_thesis.pdf; figure error bars are not defined; assumption approved by reviewer,,,,,1.8311,1.8311,Reported mean; used unchanged,whitlow_1978_thesis_fig5,1.3532,1.3532,Reported or previously approved SD; used unchanged,whitlow_1978_thesis_fig5,20,,0.302585,Accepted analysis assumption: SD = sqrt(mean); SE = SD / sqrt(n),included_studies/whitlow_1978_thesis.pdf; figure error bars are not defined; assumption approved by reviewer,,,,,"Figure only showed mean, imputated sd=SQRT(mean) as are counts in a certain tine","The author stated ""hooded rat,"" we assumed ""lister rat"". ""Foster mothers with no noise exposure. We also used the HNoN control, which were manipulated the same way as the noise treatment, but no noise..."". In the pilot they used a ""2 . 5 KHz tone of 3 second duration at  an intensity of 85 dB (re 20 4 N/m~)."" so we assumed they used the same for the actual experiment"
whitlow_1978_thesis,es128,whitlow_1978_thesis,whitlow_1978_thesis__con018__ex021,whitlow_1978_thesis__open_field_test_oft,whitlow_1978_thesis__con018__ex021__pnd27,ex021,con018,out060,Yes,Corrected derived value,"They had two experimental groups, 65dB and 85dB, they did 3 trials, one per day of the OFT",,THE EFFECT OF SOUND STIMULATION DURING GESTATION  ON THE BEHAVIOR OF RAT OFFSPRING,,Thesis,,Rattus norvegicus,hooded rat,Lister rat,,not reported,"mid, late",mid_late,day 12-19,8,Intermittent,0.005,18 seconds per day. It was a tone,White noise,Audible,85,2500,,Unclear,,undisturbed controls,mixed,27,juvenile,,Cross-Fostered,,Anxiety,Open Field Test (OFT),"Circular open-field, duration 3 minutes and repeated in 3 consecutive days",Defecation amount,Count,Count,Not Reported,Figure 5,whitlow_1978_thesis_fig5,C_3_de,HN_3_de,C_HN_3_de,No,Positive,,2.775,2.775,Reported mean; used unchanged,whitlow_1978_thesis_fig5,1.6658,1.6658,Reported or previously approved SD; used unchanged,whitlow_1978_thesis_fig5,20,,0.372484,Accepted analysis assumption: SD = sqrt(mean); SE = SD / sqrt(n),included_studies/whitlow_1978_thesis.pdf; figure error bars are not defined; assumption approved by reviewer,,,,,2.5731,2.5731,Reported mean; used unchanged,whitlow_1978_thesis_fig5,1.6041,1.6041,Reported or previously approved SD; used unchanged,whitlow_1978_thesis_fig5,20,,0.358688,Accepted analysis assumption: SD = sqrt(mean); SE = SD / sqrt(n),included_studies/whitlow_1978_thesis.pdf; figure error bars are not defined; assumption approved by reviewer,,,,,"Figure only showed mean, imputated sd=SQRT(mean) as are counts in a certain tine","The author stated ""hooded rat,"" we assumed ""lister rat"". ""Foster mothers with no noise exposure. We also used the HNoN control, which were manipulated the same way as the noise treatment, but no noise..."". In the pilot they used a ""2 . 5 KHz tone of 3 second duration at  an intensity of 85 dB (re 20 4 N/m~)."" so we assumed they used the same for the actual experiment"
whitlow_1978_thesis,es129,whitlow_1978_thesis,whitlow_1978_thesis__con018__ex022,whitlow_1978_thesis__open_field_test_oft,whitlow_1978_thesis__con018__ex022__pnd26,ex022,con018,out060,Yes,Corrected derived value,"They had two experimental groups, 65dB and 85dB, they did 3 trials, one per day of the OFT",,THE EFFECT OF SOUND STIMULATION DURING GESTATION  ON THE BEHAVIOR OF RAT OFFSPRING,,Thesis,,Rattus norvegicus,hooded rat,Lister rat,,not reported,"mid, late",mid_late,day 12-19,8,Intermittent,0.005,18 seconds per day. It was a tone,White noise,Audible,65,2500,,Unclear,,undisturbed controls,mixed,26,juvenile,,Cross-Fostered,,Anxiety,Open Field Test (OFT),"Circular open-field, duration 3 minutes and repeated in 3 consecutive days",Defecation amount,Count,Count,Not Reported,Figure 5,whitlow_1978_thesis_fig5,C_3_de,HLN_3_de,C_HLN_3_de,No,Positive,,2.775,2.775,Reported mean; used unchanged,whitlow_1978_thesis_fig5,1.6658,1.6658,Reported or previously approved SD; used unchanged,whitlow_1978_thesis_fig5,20,,0.372484,Accepted analysis assumption: SD = sqrt(mean); SE = SD / sqrt(n),included_studies/whitlow_1978_thesis.pdf; figure error bars are not defined; assumption approved by reviewer,,,,,2.8604,2.8604,Reported mean; used unchanged,whitlow_1978_thesis_fig5,1.6913,1.6913,Reported or previously approved SD; used unchanged,whitlow_1978_thesis_fig5,20,,0.378186,Accepted analysis assumption: SD = sqrt(mean); SE = SD / sqrt(n),included_studies/whitlow_1978_thesis.pdf; figure error bars are not defined; assumption approved by reviewer,,,,,"Figure only showed mean, imputated sd=SQRT(mean) as are counts in a certain tine","The author stated ""hooded rat,"" we assumed ""lister rat"". ""Foster mothers with no noise exposure. We also used the HNoN control, which were manipulated the same way as the noise treatment, but no noise..."". In the pilot they used a ""2 . 5 KHz tone of 3 second duration at  an intensity of 85 dB (re 20 4 N/m~)."" so we assumed they used the same for the actual experiment"
abramova_2020_genpath,es130,abramova_2020_genpath,abramova_2020_genpath__con019__ex023,abramova_2020_genpath__open_field_test_oft,abramova_2020_genpath__con019__ex023__pnd90,ex023,con019,out061,No,Corrected derived value,"They had one level of exposure, and two experimental groups, female and males, and one control per group",Only one assay,Social and Cognitive Impairments in Rat Offspring after Ultrasound-Induced Prenatal Stress,10.1007/s10517-020-04790-0,General Pathology and Pathophysiology,,Rattus norvegicus,albino lab rat,Sprague-Dawley,,not reported,"early, mid, late",full_gestation,all gestation,21,Continuous,24,Expossed to continuous variable frequencies,Ultrasound,Ultrasound,50,"20,000-45,000",,Ambient sound,,"""under normal conditions without ultrasound""",male,90,adult,3 months,none,The loudness was inferred using,Anxiety,Open Field Test (OFT),,Sections crossed,Count,Count,Light Phase,raw data,abramova_2020_genpath,KO-m-sq,US-m-g1-sq,KO_US_m_sq,Yes,Negative,,51.375,51.375,Reported mean; used unchanged,abramova_2020_genpath,16.8263,16.8263,Reported or previously approved SD; used unchanged,abramova_2020_genpath,8,,5.948995,"SD / sqrt(n), using descriptive statistics calculated from author raw data","included_studies/abramova_2020_genpath/abramova2020_descriptives.xlsx, tidy_all",,,,,56.2632,56.2632,Reported mean; used unchanged,abramova_2020_genpath,26.4614,26.4614,Reported or previously approved SD; used unchanged,abramova_2020_genpath,19,,6.070662,"SD / sqrt(n), using descriptive statistics calculated from author raw data","included_studies/abramova_2020_genpath/abramova2020_descriptives.xlsx, tidy_all",,,,,Extracted all from raw data,Data  provided by Abramova on request
abramova_2020_genpath,es131,abramova_2020_genpath,abramova_2020_genpath__con020__ex024,abramova_2020_genpath__open_field_test_oft,abramova_2020_genpath__con020__ex024__pnd90,ex024,con020,out061,No,Corrected derived value,"They had one level of exposure, and two experimental groups, female and males, and one control per group",Only one assay,Social and Cognitive Impairments in Rat Offspring after Ultrasound-Induced Prenatal Stress,10.1007/s10517-020-04790-0,General Pathology and Pathophysiology,,Rattus norvegicus,albino lab rat,Sprague-Dawley,,not reported,"early, mid, late",full_gestation,all gestation,21,Continuous,24,Expossed to continuous variable frequencies,Ultrasound,Ultrasound,50,"20,000-45,000",,Ambient sound,,"""under normal conditions without ultrasound""",female,90,adult,3 months,none,,Anxiety,Open Field Test (OFT),squares crossed,Sections crossed,Count,Count,Light Phase,raw data,abramova_2020_genpath,CO-f-sq,US-f-g1-sq,CO_US_f_sq,Yes,Negative,,65.5,65.5,Reported mean; used unchanged,abramova_2020_genpath,17.0042,17.0042,Reported or previously approved SD; used unchanged,abramova_2020_genpath,8,,6.011893,"SD / sqrt(n), using descriptive statistics calculated from author raw data","included_studies/abramova_2020_genpath/abramova2020_descriptives.xlsx, tidy_all",,,,,59.625,59.625,Reported mean; used unchanged,abramova_2020_genpath,19.4418,19.4418,Reported or previously approved SD; used unchanged,abramova_2020_genpath,16,,4.86045,"SD / sqrt(n), using descriptive statistics calculated from author raw data","included_studies/abramova_2020_genpath/abramova2020_descriptives.xlsx, tidy_all",,,,,Extracted all from raw data,Data  provided by Abramova on request
abramova_2020_genpath,es132,abramova_2020_genpath,abramova_2020_genpath__con019__ex023,abramova_2020_genpath__open_field_test_oft,abramova_2020_genpath__con019__ex023__pnd90,ex023,con019,out062,No,Corrected derived value,"They had one level of exposure, and two experimental groups, female and males, and one control per group",Only one assay,Social and Cognitive Impairments in Rat Offspring after Ultrasound-Induced Prenatal Stress,10.1007/s10517-020-04790-0,General Pathology and Pathophysiology,,Rattus norvegicus,albino lab rat,Sprague-Dawley,,not reported,"early, mid, late",full_gestation,all gestation,21,Continuous,24,Expossed to continuous variable frequencies,Ultrasound,Ultrasound,50,"20,000-45,000",,Ambient sound,,"""under normal conditions without ultrasound""",male,90,adult,3 months,none,,Anxiety,Open Field Test (OFT),,Rearing frequency,Count,Count,Light Phase,raw data,abramova_2020_genpath,KO-m-rea,US-m-g1-rea,KO_US_m_rea,Yes,Negative,,23.625,23.625,Reported mean; used unchanged,abramova_2020_genpath,6.7387,6.7387,Reported or previously approved SD; used unchanged,abramova_2020_genpath,8,,2.38249,"SD / sqrt(n), using descriptive statistics calculated from author raw data","included_studies/abramova_2020_genpath/abramova2020_descriptives.xlsx, tidy_all",,,,,23.5789,23.5789,Reported mean; used unchanged,abramova_2020_genpath,11.057,11.057,Reported or previously approved SD; used unchanged,abramova_2020_genpath,19,,2.53665,"SD / sqrt(n), using descriptive statistics calculated from author raw data","included_studies/abramova_2020_genpath/abramova2020_descriptives.xlsx, tidy_all",,,,,Extracted all from raw data,Data  provided by Abramova on request
abramova_2020_genpath,es133,abramova_2020_genpath,abramova_2020_genpath__con020__ex024,abramova_2020_genpath__open_field_test_oft,abramova_2020_genpath__con020__ex024__pnd90,ex024,con020,out062,No,Corrected derived value,"They had one level of exposure, and two experimental groups, female and males, and one control per group",Only one assay,Social and Cognitive Impairments in Rat Offspring after Ultrasound-Induced Prenatal Stress,10.1007/s10517-020-04790-0,General Pathology and Pathophysiology,,Rattus norvegicus,albino lab rat,Sprague-Dawley,,not reported,"early, mid, late",full_gestation,all gestation,21,Continuous,24,Expossed to continuous variable frequencies,Ultrasound,Ultrasound,50,"20,000-45,000",,Ambient sound,,"""under normal conditions without ultrasound""",female,90,adult,3 months,none,,Anxiety,Open Field Test (OFT),,Rearing frequency,Count,Count,Light Phase,raw data,abramova_2020_genpath,CO-f-rea,US-f-g1-rea,CO_US_f_rea,Yes,Negative,,28.125,28.125,Reported mean; used unchanged,abramova_2020_genpath,6.4683,6.4683,Reported or previously approved SD; used unchanged,abramova_2020_genpath,8,,2.286889,"SD / sqrt(n), using descriptive statistics calculated from author raw data","included_studies/abramova_2020_genpath/abramova2020_descriptives.xlsx, tidy_all",,,,,28.1875,28.1875,Reported mean; used unchanged,abramova_2020_genpath,8.9086,8.9086,Reported or previously approved SD; used unchanged,abramova_2020_genpath,16,,2.22715,"SD / sqrt(n), using descriptive statistics calculated from author raw data","included_studies/abramova_2020_genpath/abramova2020_descriptives.xlsx, tidy_all",,,,,Extracted all from raw data,Data  provided by Abramova on request
abramova_2020_genpath,es134,abramova_2020_genpath,abramova_2020_genpath__con019__ex023,abramova_2020_genpath__open_field_test_oft,abramova_2020_genpath__con019__ex023__pnd90,ex023,con019,out063,No,Corrected derived value,"They had one level of exposure, and two experimental groups, female and males, and one control per group",Only one assay,Social and Cognitive Impairments in Rat Offspring after Ultrasound-Induced Prenatal Stress,10.1007/s10517-020-04790-0,General Pathology and Pathophysiology,,Rattus norvegicus,albino lab rat,Sprague-Dawley,,not reported,"early, mid, late",full_gestation,all gestation,21,Continuous,24,Expossed to continuous variable frequencies,Ultrasound,Ultrasound,50,"20,000-45,000",,Ambient sound,,"""under normal conditions without ultrasound""",male,90,adult,3 months,none,,Anxiety,Open Field Test (OFT),,Center entries (crossing),Count,Count,Light Phase,raw data,abramova_2020_genpath,KO-m-cen,US-m-g1-cen,KO_US_m_cen,Yes,Negative,,1.875,1.875,Reported mean; used unchanged,abramova_2020_genpath,2.997,2.997,Reported or previously approved SD; used unchanged,abramova_2020_genpath,8,,1.0596,"SD / sqrt(n), using descriptive statistics calculated from author raw data","included_studies/abramova_2020_genpath/abramova2020_descriptives.xlsx, tidy_all",,,,,1.8421,1.8421,Reported mean; used unchanged,abramova_2020_genpath,1.4245,1.4245,Reported or previously approved SD; used unchanged,abramova_2020_genpath,19,,0.326803,"SD / sqrt(n), using descriptive statistics calculated from author raw data","included_studies/abramova_2020_genpath/abramova2020_descriptives.xlsx, tidy_all",,,,,Extracted all from raw data,Data  provided by Abramova on request
abramova_2020_genpath,es135,abramova_2020_genpath,abramova_2020_genpath__con020__ex024,abramova_2020_genpath__open_field_test_oft,abramova_2020_genpath__con020__ex024__pnd90,ex024,con020,out063,No,Corrected derived value,"They had one level of exposure, and two experimental groups, female and males, and one control per group",Only one assay,Social and Cognitive Impairments in Rat Offspring after Ultrasound-Induced Prenatal Stress,10.1007/s10517-020-04790-0,General Pathology and Pathophysiology,,Rattus norvegicus,albino lab rat,Sprague-Dawley,,not reported,"early, mid, late",full_gestation,all gestation,21,Continuous,24,Expossed to continuous variable frequencies,Ultrasound,Ultrasound,50,"20,000-45,000",,Ambient sound,,"""under normal conditions without ultrasound""",female,90,adult,3 months,none,,Anxiety,Open Field Test (OFT),,Center entries (crossing),Count,Count,Light Phase,raw data,abramova_2020_genpath,CO-f-cen,US-f-g1-cen,CO_US_f_cen,Yes,Negative,,2.75,2.75,Reported mean; used unchanged,abramova_2020_genpath,1.8323,1.8323,Reported or previously approved SD; used unchanged,abramova_2020_genpath,8,,0.647816,"SD / sqrt(n), using descriptive statistics calculated from author raw data","included_studies/abramova_2020_genpath/abramova2020_descriptives.xlsx, tidy_all",,,,,1.25,1.25,Reported mean; used unchanged,abramova_2020_genpath,0.9309,0.9309,Reported or previously approved SD; used unchanged,abramova_2020_genpath,16,,0.232725,"SD / sqrt(n), using descriptive statistics calculated from author raw data","included_studies/abramova_2020_genpath/abramova2020_descriptives.xlsx, tidy_all",,,,,Extracted all from raw data,Data  provided by Abramova on request
abramova_2020_genpath,es136,abramova_2020_genpath,abramova_2020_genpath__con019__ex023,abramova_2020_genpath__open_field_test_oft,abramova_2020_genpath__con019__ex023__pnd90,ex023,con019,out064,No,Corrected derived value,"They had one level of exposure, and two experimental groups, female and males, and one control per group",Only one assay,Social and Cognitive Impairments in Rat Offspring after Ultrasound-Induced Prenatal Stress,10.1007/s10517-020-04790-0,General Pathology and Pathophysiology,,Rattus norvegicus,albino lab rat,Sprague-Dawley,,not reported,"early, mid, late",full_gestation,all gestation,21,Continuous,24,Expossed to continuous variable frequencies,Ultrasound,Ultrasound,50,"20,000-45,000",,Ambient sound,,"""under normal conditions without ultrasound""",male,90,adult,3 months,none,,Anxiety,Open Field Test (OFT),,Total grooming time,Time,s,Light Phase,raw data,abramova_2020_genpath,KO-m-grt,US-m-g1-grt,KO_US_m_grt,No,Positive,,12.5038,12.5038,Reported mean; used unchanged,abramova_2020_genpath,11.0261,11.0261,Reported or previously approved SD; used unchanged,abramova_2020_genpath,8,,3.898315,"SD / sqrt(n), using descriptive statistics calculated from author raw data","included_studies/abramova_2020_genpath/abramova2020_descriptives.xlsx, tidy_all",,,,,33.2405,33.2405,Reported mean; used unchanged,abramova_2020_genpath,19.9724,19.9724,Reported or previously approved SD; used unchanged,abramova_2020_genpath,19,,4.581983,"SD / sqrt(n), using descriptive statistics calculated from author raw data","included_studies/abramova_2020_genpath/abramova2020_descriptives.xlsx, tidy_all",,,,,Extracted all from raw data,Data  provided by Abramova on request
abramova_2020_genpath,es137,abramova_2020_genpath,abramova_2020_genpath__con020__ex024,abramova_2020_genpath__open_field_test_oft,abramova_2020_genpath__con020__ex024__pnd90,ex024,con020,out064,No,Corrected derived value,"They had one level of exposure, and two experimental groups, female and males, and one control per group",Only one assay,Social and Cognitive Impairments in Rat Offspring after Ultrasound-Induced Prenatal Stress,10.1007/s10517-020-04790-0,General Pathology and Pathophysiology,,Rattus norvegicus,albino lab rat,Sprague-Dawley,,not reported,"early, mid, late",full_gestation,all gestation,21,Continuous,24,Expossed to continuous variable frequencies,Ultrasound,Ultrasound,50,"20,000-45,000",,Ambient sound,,"""under normal conditions without ultrasound""",female,90,adult,3 months,none,,Anxiety,Open Field Test (OFT),,Total grooming time,Time,s,Light Phase,raw data,abramova_2020_genpath,CO-f-grt,US-f-g1-grt,CO_US_f_grt,No,Positive,,13.8713,13.8713,Reported mean; used unchanged,abramova_2020_genpath,13.5053,13.5053,Reported or previously approved SD; used unchanged,abramova_2020_genpath,8,,4.774845,"SD / sqrt(n), using descriptive statistics calculated from author raw data","included_studies/abramova_2020_genpath/abramova2020_descriptives.xlsx, tidy_all",,,,,17.125,17.125,Reported mean; used unchanged,abramova_2020_genpath,12.2961,12.2961,Reported or previously approved SD; used unchanged,abramova_2020_genpath,16,,3.074025,"SD / sqrt(n), using descriptive statistics calculated from author raw data","included_studies/abramova_2020_genpath/abramova2020_descriptives.xlsx, tidy_all",,,,,Extracted all from raw data,Data  provided by Abramova on request
abramova_2020_genpath,es138,abramova_2020_genpath,abramova_2020_genpath__con019__ex023,abramova_2020_genpath__open_field_test_oft,abramova_2020_genpath__con019__ex023__pnd90,ex023,con019,out065,No,Corrected derived value,"They had one level of exposure, and two experimental groups, female and males, and one control per group",Only one assay,Social and Cognitive Impairments in Rat Offspring after Ultrasound-Induced Prenatal Stress,10.1007/s10517-020-04790-0,General Pathology and Pathophysiology,,Rattus norvegicus,albino lab rat,Sprague-Dawley,,not reported,"early, mid, late",full_gestation,all gestation,21,Continuous,24,Expossed to continuous variable frequencies,Ultrasound,Ultrasound,50,"20,000-45,000",,Ambient sound,,"""under normal conditions without ultrasound""",male,90,adult,3 months,none,,Anxiety,Open Field Test (OFT),,Total freezing time,Time,s,Light Phase,raw data,abramova_2020_genpath,KO-m-fr,US-m-fr,KO_US_m_fr,No,Positive,,9.4775,9.4775,Reported mean; used unchanged,abramova_2020_genpath,15.5527,15.5527,Reported or previously approved SD; used unchanged,abramova_2020_genpath,8,,5.49871,"SD / sqrt(n), using descriptive statistics calculated from author raw data","included_studies/abramova_2020_genpath/abramova2020_descriptives.xlsx, tidy_all",,,,,33.2316,33.2316,Reported mean; used unchanged,abramova_2020_genpath,43.7813,43.7813,Reported or previously approved SD; used unchanged,abramova_2020_genpath,19,,10.044119,"SD / sqrt(n), using descriptive statistics calculated from author raw data","included_studies/abramova_2020_genpath/abramova2020_descriptives.xlsx, tidy_all",,,,,Extracted all from raw data,Data  provided by Abramova on request
abramova_2020_genpath,es139,abramova_2020_genpath,abramova_2020_genpath__con020__ex024,abramova_2020_genpath__open_field_test_oft,abramova_2020_genpath__con020__ex024__pnd90,ex024,con020,out065,No,Corrected derived value,"They had one level of exposure, and two experimental groups, female and males, and one control per group",Only one assay,Social and Cognitive Impairments in Rat Offspring after Ultrasound-Induced Prenatal Stress,10.1007/s10517-020-04790-0,General Pathology and Pathophysiology,,Rattus norvegicus,albino lab rat,Sprague-Dawley,,not reported,"early, mid, late",full_gestation,all gestation,21,Continuous,24,Expossed to continuous variable frequencies,Ultrasound,Ultrasound,50,"20,000-45,000",,Ambient sound,,"""under normal conditions without ultrasound""",female,90,adult,3 months,none,,Anxiety,Open Field Test (OFT),,Total freezing time,Time,s,Light Phase,raw data,abramova_2020_genpath,CO-f-fr,US-f-g1-fr,CO_US_f_fr,No,Positive,,8.2563,8.2563,Reported mean; used unchanged,abramova_2020_genpath,21.4515,21.4515,Reported or previously approved SD; used unchanged,abramova_2020_genpath,8,,7.584251,"SD / sqrt(n), using descriptive statistics calculated from author raw data","included_studies/abramova_2020_genpath/abramova2020_descriptives.xlsx, tidy_all",,,,,32.7925,32.7925,Reported mean; used unchanged,abramova_2020_genpath,28.6499,28.6499,Reported or previously approved SD; used unchanged,abramova_2020_genpath,16,,7.162475,"SD / sqrt(n), using descriptive statistics calculated from author raw data","included_studies/abramova_2020_genpath/abramova2020_descriptives.xlsx, tidy_all",,,,,Extracted all from raw data,Data  provided by Abramova on request
abramova_2020_genpath,es140,abramova_2020_genpath,abramova_2020_genpath__con019__ex023,abramova_2020_genpath__open_field_test_oft,abramova_2020_genpath__con019__ex023__pnd90,ex023,con019,out066,No,Corrected derived value,"They had one level of exposure, and two experimental groups, female and males, and one control per group",Only one assay,Social and Cognitive Impairments in Rat Offspring after Ultrasound-Induced Prenatal Stress,10.1007/s10517-020-04790-0,General Pathology and Pathophysiology,,Rattus norvegicus,albino lab rat,Sprague-Dawley,,not reported,"early, mid, late",full_gestation,all gestation,21,Continuous,24,Expossed to continuous variable frequencies,Ultrasound,Ultrasound,50,"20,000-45,000",,Ambient sound,,"""under normal conditions without ultrasound""",male,90,adult,3 months,none,,Anxiety,Open Field Test (OFT),,Grooming frequency,Count,Count,Light Phase,raw data,abramova_2020_genpath,KO-m-grf,US-m-g1-grf,KO_US_m_grf,No,Positive,,4.625,4.625,Reported mean; used unchanged,abramova_2020_genpath,3.7009,3.7009,Reported or previously approved SD; used unchanged,abramova_2020_genpath,8,,1.308466,"SD / sqrt(n), using descriptive statistics calculated from author raw data","included_studies/abramova_2020_genpath/abramova2020_descriptives.xlsx, tidy_all",,,,,4.2105,4.2105,Reported mean; used unchanged,abramova_2020_genpath,2.1751,2.1751,Reported or previously approved SD; used unchanged,abramova_2020_genpath,19,,0.499002,"SD / sqrt(n), using descriptive statistics calculated from author raw data","included_studies/abramova_2020_genpath/abramova2020_descriptives.xlsx, tidy_all",,,,,Extracted all from raw data,Data  provided by Abramova on request
abramova_2020_genpath,es141,abramova_2020_genpath,abramova_2020_genpath__con020__ex024,abramova_2020_genpath__open_field_test_oft,abramova_2020_genpath__con020__ex024__pnd90,ex024,con020,out066,No,Corrected derived value,"They had one level of exposure, and two experimental groups, female and males, and one control per group",Only one assay,Social and Cognitive Impairments in Rat Offspring after Ultrasound-Induced Prenatal Stress,10.1007/s10517-020-04790-0,General Pathology and Pathophysiology,,Rattus norvegicus,albino lab rat,Sprague-Dawley,,not reported,"early, mid, late",full_gestation,all gestation,21,Continuous,24,Expossed to continuous variable frequencies,Ultrasound,Ultrasound,50,"20,000-45,000",,Ambient sound,,"""under normal conditions without ultrasound""",female,90,adult,3 months,none,,Anxiety,Open Field Test (OFT),,Grooming frequency,Count,Count,Light Phase,raw data,abramova_2020_genpath,CO-f-grf,US-f-g1-grf,KO_US_f_grf,No,Positive,,2.875,2.875,Reported mean; used unchanged,abramova_2020_genpath,1.8077,1.8077,Reported or previously approved SD; used unchanged,abramova_2020_genpath,8,,0.639118,"SD / sqrt(n), using descriptive statistics calculated from author raw data","included_studies/abramova_2020_genpath/abramova2020_descriptives.xlsx, tidy_all",,,,,3,3,Reported mean; used unchanged,abramova_2020_genpath,1.3663,1.3663,Reported or previously approved SD; used unchanged,abramova_2020_genpath,16,,0.341575,"SD / sqrt(n), using descriptive statistics calculated from author raw data","included_studies/abramova_2020_genpath/abramova2020_descriptives.xlsx, tidy_all",,,,,Extracted all from raw data,Data  provided by Abramova on request
abramova_2020_genpath,es142,abramova_2020_genpath,abramova_2020_genpath__con019__ex023,abramova_2020_genpath__elevated_plus_maze_epm,abramova_2020_genpath__con019__ex023__pnd90,ex023,con019,out067,No,Corrected derived value,"They had one level of exposure, and two experimental groups, female and males, and one control per group",Only one assay,Social and Cognitive Impairments in Rat Offspring after Ultrasound-Induced Prenatal Stress,10.1007/s10517-020-04790-0,General Pathology and Pathophysiology,,Rattus norvegicus,albino lab rat,Sprague-Dawley,,not reported,"early, mid, late",full_gestation,all gestation,21,Continuous,24,Expossed to continuous variable frequencies,Ultrasound,Ultrasound,50,"20,000-45,000",,Ambient sound,,"""under normal conditions without ultrasound""",male,90,adult,3 months,none,,Anxiety,Elevated Plus Maze (EPM),,Total time in dark,Time,s,Light Phase,raw data,abramova_2020_genpath,KO-m-grf,US-m-g1,KO_US_m_d,No,Positive,,282.218,282.218,Reported mean; used unchanged,abramova_2020_genpath,17.0866,17.0866,Reported or previously approved SD; used unchanged,abramova_2020_genpath,20,,3.82068,"SD / sqrt(n), using descriptive statistics calculated from author raw data","included_studies/abramova_2020_genpath/abramova2020_descriptives.xlsx, tidy_all",,,,,253.7111,253.7111,Reported mean; used unchanged,abramova_2020_genpath,39.4675,39.4675,Reported or previously approved SD; used unchanged,abramova_2020_genpath,19,,9.054465,"SD / sqrt(n), using descriptive statistics calculated from author raw data","included_studies/abramova_2020_genpath/abramova2020_descriptives.xlsx, tidy_all",,,,,Extracted all from raw data,Data  provided by Abramova on request
abramova_2020_genpath,es143,abramova_2020_genpath,abramova_2020_genpath__con020__ex024,abramova_2020_genpath__elevated_plus_maze_epm,abramova_2020_genpath__con020__ex024__pnd90,ex024,con020,out067,No,Corrected derived value,"They had one level of exposure, and two experimental groups, female and males, and one control per group",Only one assay,Social and Cognitive Impairments in Rat Offspring after Ultrasound-Induced Prenatal Stress,10.1007/s10517-020-04790-0,General Pathology and Pathophysiology,,Rattus norvegicus,albino lab rat,Sprague-Dawley,,not reported,"early, mid, late",full_gestation,all gestation,21,Continuous,24,Expossed to continuous variable frequencies,Ultrasound,Ultrasound,50,"20,000-45,000",,Ambient sound,,"""under normal conditions without ultrasound""",female,90,adult,3 months,none,,Anxiety,Elevated Plus Maze (EPM),,Total time in dark,Time,s,Light Phase,raw data,abramova_2020_genpath,CO-f-grf,US-f-g1,CO_US_f_d,No,Positive,,270.4478,270.4478,Reported mean; used unchanged,abramova_2020_genpath,23.5988,23.5988,Reported or previously approved SD; used unchanged,abramova_2020_genpath,18,,5.562291,"SD / sqrt(n), using descriptive statistics calculated from author raw data","included_studies/abramova_2020_genpath/abramova2020_descriptives.xlsx, tidy_all",,,,,242.4406,242.4406,Reported mean; used unchanged,abramova_2020_genpath,43.8737,43.8737,Reported or previously approved SD; used unchanged,abramova_2020_genpath,16,,10.968425,"SD / sqrt(n), using descriptive statistics calculated from author raw data","included_studies/abramova_2020_genpath/abramova2020_descriptives.xlsx, tidy_all",,,,,Extracted all from raw data,Data  provided by Abramova on request
abramova_2020_genpath,es144,abramova_2020_genpath,abramova_2020_genpath__con019__ex023,abramova_2020_genpath__elevated_plus_maze_epm,abramova_2020_genpath__con019__ex023__pnd90,ex023,con019,out068,No,Corrected derived value,"They had one level of exposure, and two experimental groups, female and males, and one control per group",Only one assay,Social and Cognitive Impairments in Rat Offspring after Ultrasound-Induced Prenatal Stress,10.1007/s10517-020-04790-0,General Pathology and Pathophysiology,,Rattus norvegicus,albino lab rat,Sprague-Dawley,,not reported,"early, mid, late",full_gestation,all gestation,21,Continuous,24,Expossed to continuous variable frequencies,Ultrasound,Ultrasound,50,"20,000-45,000",,Ambient sound,,"""under normal conditions without ultrasound""",male,90,adult,3 months,none,,Anxiety,Elevated Plus Maze (EPM),,Total time in light,Time,s,Light Phase,raw data,abramova_2020_genpath,KO-m-d,US-m-g1,KO_US_m_li,Yes,Negative,,15.626,15.626,Reported mean; used unchanged,abramova_2020_genpath,16.2996,16.2996,Reported or previously approved SD; used unchanged,abramova_2020_genpath,20,,3.644701,"SD / sqrt(n), using descriptive statistics calculated from author raw data","included_studies/abramova_2020_genpath/abramova2020_descriptives.xlsx, tidy_all",,,,,42.7837,42.7837,Reported mean; used unchanged,abramova_2020_genpath,38.8467,38.8467,Reported or previously approved SD; used unchanged,abramova_2020_genpath,19,,8.912044,"SD / sqrt(n), using descriptive statistics calculated from author raw data","included_studies/abramova_2020_genpath/abramova2020_descriptives.xlsx, tidy_all",,,,,Extracted all from raw data,Data  provided by Abramova on request
abramova_2020_genpath,es145,abramova_2020_genpath,abramova_2020_genpath__con020__ex024,abramova_2020_genpath__elevated_plus_maze_epm,abramova_2020_genpath__con020__ex024__pnd90,ex024,con020,out068,No,Corrected derived value,"They had one level of exposure, and two experimental groups, female and males, and one control per group",Only one assay,Social and Cognitive Impairments in Rat Offspring after Ultrasound-Induced Prenatal Stress,10.1007/s10517-020-04790-0,General Pathology and Pathophysiology,,Rattus norvegicus,albino lab rat,Sprague-Dawley,,not reported,"early, mid, late",full_gestation,all gestation,21,Continuous,24,Expossed to continuous variable frequencies,Ultrasound,Ultrasound,50,"20,000-45,000",,Ambient sound,,"""under normal conditions without ultrasound""",female,90,adult,3 months,none,,Anxiety,Elevated Plus Maze (EPM),,Total time in light,Time,s,Light Phase,raw data,abramova_2020_genpath,KO-f-d,US-f-g1,CO_US_f_li,Yes,Negative,,26.8306,26.8306,Reported mean; used unchanged,abramova_2020_genpath,21.928,21.928,Reported or previously approved SD; used unchanged,abramova_2020_genpath,18,,5.168479,"SD / sqrt(n), using descriptive statistics calculated from author raw data","included_studies/abramova_2020_genpath/abramova2020_descriptives.xlsx, tidy_all",,,,,49.9631,49.9631,Reported mean; used unchanged,abramova_2020_genpath,41.8416,41.8416,Reported or previously approved SD; used unchanged,abramova_2020_genpath,16,,10.4604,"SD / sqrt(n), using descriptive statistics calculated from author raw data","included_studies/abramova_2020_genpath/abramova2020_descriptives.xlsx, tidy_all",,,,,Extracted all from raw data,Data  provided by Abramova on request
abramova_2020_genpath,es146,abramova_2020_genpath,abramova_2020_genpath__con019__ex023,abramova_2020_genpath__elevated_plus_maze_epm,abramova_2020_genpath__con019__ex023__pnd90,ex023,con019,out069,No,Corrected derived value,"They had one level of exposure, and two experimental groups, female and males, and one control per group",Only one assay,Social and Cognitive Impairments in Rat Offspring after Ultrasound-Induced Prenatal Stress,10.1007/s10517-020-04790-0,General Pathology and Pathophysiology,,Rattus norvegicus,albino lab rat,Sprague-Dawley,,not reported,"early, mid, late",full_gestation,all gestation,21,Continuous,24,Expossed to continuous variable frequencies,Ultrasound,Ultrasound,50,"20,000-45,000",,Ambient sound,,"""under normal conditions without ultrasound""",male,90,adult,3 months,none,,Anxiety,Elevated Plus Maze (EPM),,Center entries (crossing),Count,Count,Light Phase,raw data,abramova_2020_genpath,KO-m-l,US-m-g1,KO_US_m_tr,Yes,Negative,,1.95,1.95,Reported mean; used unchanged,abramova_2020_genpath,2.0894,2.0894,Reported or previously approved SD; used unchanged,abramova_2020_genpath,20,,0.467204,"SD / sqrt(n), using descriptive statistics calculated from author raw data","included_studies/abramova_2020_genpath/abramova2020_descriptives.xlsx, tidy_all",,,,,3.7895,3.7895,Reported mean; used unchanged,abramova_2020_genpath,3.1372,3.1372,Reported or previously approved SD; used unchanged,abramova_2020_genpath,19,,0.719723,"SD / sqrt(n), using descriptive statistics calculated from author raw data","included_studies/abramova_2020_genpath/abramova2020_descriptives.xlsx, tidy_all",,,,,Extracted all from raw data,Data  provided by Abramova on request
abramova_2020_genpath,es147,abramova_2020_genpath,abramova_2020_genpath__con020__ex024,abramova_2020_genpath__elevated_plus_maze_epm,abramova_2020_genpath__con020__ex024__pnd90,ex024,con020,out069,No,Corrected derived value,"They had one level of exposure, and two experimental groups, female and males, and one control per group",Only one assay,Social and Cognitive Impairments in Rat Offspring after Ultrasound-Induced Prenatal Stress,10.1007/s10517-020-04790-0,General Pathology and Pathophysiology,,Rattus norvegicus,albino lab rat,Sprague-Dawley,,not reported,"early, mid, late",full_gestation,all gestation,21,Continuous,24,Expossed to continuous variable frequencies,Ultrasound,Ultrasound,50,"20,000-45,000",,Ambient sound,,"""under normal conditions without ultrasound""",female,90,adult,3 months,none,,Anxiety,Elevated Plus Maze (EPM),,Center entries (crossing),Count,Count,Light Phase,raw data,abramova_2020_genpath,KO-f-l,US-f-g1,KO_US_f_tr,Yes,Negative,,4.3889,4.3889,Reported mean; used unchanged,abramova_2020_genpath,2.6153,2.6153,Reported or previously approved SD; used unchanged,abramova_2020_genpath,18,,0.616432,"SD / sqrt(n), using descriptive statistics calculated from author raw data","included_studies/abramova_2020_genpath/abramova2020_descriptives.xlsx, tidy_all",,,,,4.6875,4.6875,Reported mean; used unchanged,abramova_2020_genpath,3.2397,3.2397,Reported or previously approved SD; used unchanged,abramova_2020_genpath,16,,0.809925,"SD / sqrt(n), using descriptive statistics calculated from author raw data","included_studies/abramova_2020_genpath/abramova2020_descriptives.xlsx, tidy_all",,,,,Extracted all from raw data,Data  provided by Abramova on request
abramova_2020_genpath,es148,abramova_2020_genpath,abramova_2020_genpath__con019__ex023,abramova_2020_genpath__elevated_plus_maze_epm,abramova_2020_genpath__con019__ex023__pnd90,ex023,con019,out070,No,Corrected derived value,"They had one level of exposure, and two experimental groups, female and males, and one control per group",Only one assay,Social and Cognitive Impairments in Rat Offspring after Ultrasound-Induced Prenatal Stress,10.1007/s10517-020-04790-0,General Pathology and Pathophysiology,,Rattus norvegicus,albino lab rat,Sprague-Dawley,,not reported,"early, mid, late",full_gestation,all gestation,21,Continuous,24,Expossed to continuous variable frequencies,Ultrasound,Ultrasound,50,"20,000-45,000",,Ambient sound,,"""under normal conditions without ultrasound""",male,90,adult,3 months,none,,Anxiety,Elevated Plus Maze (EPM),,Head-out inspections,Count,Count,Light Phase,raw data,abramova_2020_genpath,KO-m-tr,US-m-g1,KO_US_m_ho,No,Positive,,2.9,2.9,Reported mean; used unchanged,abramova_2020_genpath,1.2524,1.2524,Reported or previously approved SD; used unchanged,abramova_2020_genpath,20,,0.280045,"SD / sqrt(n), using descriptive statistics calculated from author raw data","included_studies/abramova_2020_genpath/abramova2020_descriptives.xlsx, tidy_all",,,,,3.0526,3.0526,Reported mean; used unchanged,abramova_2020_genpath,2.1978,2.1978,Reported or previously approved SD; used unchanged,abramova_2020_genpath,19,,0.50421,"SD / sqrt(n), using descriptive statistics calculated from author raw data","included_studies/abramova_2020_genpath/abramova2020_descriptives.xlsx, tidy_all",,,,,Extracted all from raw data,Data  provided by Abramova on request
abramova_2020_genpath,es149,abramova_2020_genpath,abramova_2020_genpath__con020__ex024,abramova_2020_genpath__elevated_plus_maze_epm,abramova_2020_genpath__con020__ex024__pnd90,ex024,con020,out070,No,Corrected derived value,"They had one level of exposure, and two experimental groups, female and males, and one control per group",Only one assay,Social and Cognitive Impairments in Rat Offspring after Ultrasound-Induced Prenatal Stress,10.1007/s10517-020-04790-0,General Pathology and Pathophysiology,,Rattus norvegicus,albino lab rat,Sprague-Dawley,,not reported,"early, mid, late",full_gestation,all gestation,21,Continuous,24,Expossed to continuous variable frequencies,Ultrasound,Ultrasound,50,"20,000-45,000",,Ambient sound,,"""under normal conditions without ultrasound""",female,90,adult,3 months,none,,Anxiety,Elevated Plus Maze (EPM),,Head-out inspections,Count,Count,Light Phase,raw data,abramova_2020_genpath,KO-f-tr,US-f-g1,KO_US_f_ho,No,Positive,,3.7222,3.7222,Reported mean; used unchanged,abramova_2020_genpath,1.8726,1.8726,Reported or previously approved SD; used unchanged,abramova_2020_genpath,18,,0.441376,"SD / sqrt(n), using descriptive statistics calculated from author raw data","included_studies/abramova_2020_genpath/abramova2020_descriptives.xlsx, tidy_all",,,,,3.25,3.25,Reported mean; used unchanged,abramova_2020_genpath,1.9149,1.9149,Reported or previously approved SD; used unchanged,abramova_2020_genpath,16,,0.478725,"SD / sqrt(n), using descriptive statistics calculated from author raw data","included_studies/abramova_2020_genpath/abramova2020_descriptives.xlsx, tidy_all",,,,,Extracted all from raw data,Data  provided by Abramova on request
abramova_2020_genpath,es150,abramova_2020_genpath,abramova_2020_genpath__con019__ex023,abramova_2020_genpath__elevated_plus_maze_epm,abramova_2020_genpath__con019__ex023__pnd90,ex023,con019,out071,No,Corrected derived value,"They had one level of exposure, and two experimental groups, female and males, and one control per group",Only one assay,Social and Cognitive Impairments in Rat Offspring after Ultrasound-Induced Prenatal Stress,10.1007/s10517-020-04790-0,General Pathology and Pathophysiology,,Rattus norvegicus,albino lab rat,Sprague-Dawley,,not reported,"early, mid, late",full_gestation,all gestation,21,Continuous,24,Expossed to continuous variable frequencies,Ultrasound,Ultrasound,50,"20,000-45,000",,Ambient sound,,"""under normal conditions without ultrasound""",male,90,adult,3 months,none,,Anxiety,Elevated Plus Maze (EPM),,Overhangs,Count,Count,Light Phase,raw data,abramova_2020_genpath,KO-m-hea,US-m-g1,KO_US_m_oh,No,Positive,,2.95,2.95,Reported mean; used unchanged,abramova_2020_genpath,3.0517,3.0517,Reported or previously approved SD; used unchanged,abramova_2020_genpath,20,,0.682381,"SD / sqrt(n), using descriptive statistics calculated from author raw data","included_studies/abramova_2020_genpath/abramova2020_descriptives.xlsx, tidy_all",,,,,7.1053,7.1053,Reported mean; used unchanged,abramova_2020_genpath,5.4149,5.4149,Reported or previously approved SD; used unchanged,abramova_2020_genpath,19,,1.242263,"SD / sqrt(n), using descriptive statistics calculated from author raw data","included_studies/abramova_2020_genpath/abramova2020_descriptives.xlsx, tidy_all",,,,,Extracted all from raw data,Data  provided by Abramova on request
abramova_2020_genpath,es151,abramova_2020_genpath,abramova_2020_genpath__con020__ex024,abramova_2020_genpath__elevated_plus_maze_epm,abramova_2020_genpath__con020__ex024__pnd90,ex024,con020,out071,No,Corrected derived value,"They had one level of exposure, and two experimental groups, female and males, and one control per group",Only one assay,Social and Cognitive Impairments in Rat Offspring after Ultrasound-Induced Prenatal Stress,10.1007/s10517-020-04790-0,General Pathology and Pathophysiology,,Rattus norvegicus,albino lab rat,Sprague-Dawley,,not reported,"early, mid, late",full_gestation,all gestation,21,Continuous,24,Expossed to continuous variable frequencies,Ultrasound,Ultrasound,50,"20,000-45,000",,Ambient sound,,"""under normal conditions without ultrasound""",female,90,adult,3 months,none,,Anxiety,Elevated Plus Maze (EPM),,Overhangs,Count,Count,Light Phase,raw data,abramova_2020_genpath,KO-f-hea,US-f-g1,KO_US_f_oh,No,Positive,,5.7778,5.7778,Reported mean; used unchanged,abramova_2020_genpath,4.9415,4.9415,Reported or previously approved SD; used unchanged,abramova_2020_genpath,18,,1.164723,"SD / sqrt(n), using descriptive statistics calculated from author raw data","included_studies/abramova_2020_genpath/abramova2020_descriptives.xlsx, tidy_all",,,,,8.625,8.625,Reported mean; used unchanged,abramova_2020_genpath,6.8593,6.8593,Reported or previously approved SD; used unchanged,abramova_2020_genpath,16,,1.714825,"SD / sqrt(n), using descriptive statistics calculated from author raw data","included_studies/abramova_2020_genpath/abramova2020_descriptives.xlsx, tidy_all",,,,,Extracted all from raw data,Data  provided by Abramova on request
abramova_2020_genpath,es152,abramova_2020_genpath,abramova_2020_genpath__con019__ex023,abramova_2020_genpath__elevated_plus_maze_epm,abramova_2020_genpath__con019__ex023__pnd90,ex023,con019,out072,No,Corrected derived value,"They had one level of exposure, and two experimental groups, female and males, and one control per group",Only one assay,Social and Cognitive Impairments in Rat Offspring after Ultrasound-Induced Prenatal Stress,10.1007/s10517-020-04790-0,General Pathology and Pathophysiology,,Rattus norvegicus,albino lab rat,Sprague-Dawley,,not reported,"early, mid, late",full_gestation,all gestation,21,Continuous,24,Expossed to continuous variable frequencies,Ultrasound,Ultrasound,50,"20,000-45,000",,Ambient sound,,"""under normal conditions without ultrasound""",male,90,adult,3 months,none,,Anxiety,Elevated Plus Maze (EPM),,Total grooming time,Time,s,Light Phase,raw data,abramova_2020_genpath,KO-m-tgt,US-m-g1,KO_US_m_tgt,No,Positive,,47.411,47.411,Reported mean; used unchanged,abramova_2020_genpath,38.3449,38.3449,Reported or previously approved SD; used unchanged,abramova_2020_genpath,20,,8.57418,"SD / sqrt(n), using descriptive statistics calculated from author raw data","included_studies/abramova_2020_genpath/abramova2020_descriptives.xlsx, tidy_all",,,,,22.8753,22.8753,Reported mean; used unchanged,abramova_2020_genpath,20.7601,20.7601,Reported or previously approved SD; used unchanged,abramova_2020_genpath,19,,4.762694,"SD / sqrt(n), using descriptive statistics calculated from author raw data","included_studies/abramova_2020_genpath/abramova2020_descriptives.xlsx, tidy_all",,,,,Extracted all from raw data,Data  provided by Abramova on request
abramova_2020_genpath,es153,abramova_2020_genpath,abramova_2020_genpath__con020__ex024,abramova_2020_genpath__elevated_plus_maze_epm,abramova_2020_genpath__con020__ex024__pnd90,ex024,con020,out072,No,Corrected derived value,"They had one level of exposure, and two experimental groups, female and males, and one control per group",Only one assay,Social and Cognitive Impairments in Rat Offspring after Ultrasound-Induced Prenatal Stress,10.1007/s10517-020-04790-0,General Pathology and Pathophysiology,,Rattus norvegicus,albino lab rat,Sprague-Dawley,,not reported,"early, mid, late",full_gestation,all gestation,21,Continuous,24,Expossed to continuous variable frequencies,Ultrasound,Ultrasound,50,"20,000-45,000",,Ambient sound,,"""under normal conditions without ultrasound""",female,90,adult,3 months,none,,Anxiety,Elevated Plus Maze (EPM),,Total grooming time,Time,s,Light Phase,raw data,abramova_2020_genpath,KO-f-tgt,US-f-g1,KO_US_f_tgt,No,Positive,,46.7839,46.7839,Reported mean; used unchanged,abramova_2020_genpath,44.2145,44.2145,Reported or previously approved SD; used unchanged,abramova_2020_genpath,18,,10.421458,"SD / sqrt(n), using descriptive statistics calculated from author raw data","included_studies/abramova_2020_genpath/abramova2020_descriptives.xlsx, tidy_all",,,,,30.5488,30.5488,Reported mean; used unchanged,abramova_2020_genpath,22.0721,22.0721,Reported or previously approved SD; used unchanged,abramova_2020_genpath,16,,5.518025,"SD / sqrt(n), using descriptive statistics calculated from author raw data","included_studies/abramova_2020_genpath/abramova2020_descriptives.xlsx, tidy_all",,,,,Extracted all from raw data,Data  provided by Abramova on request
abramova_2020_genpath,es154,abramova_2020_genpath,abramova_2020_genpath__con019__ex023,abramova_2020_genpath__elevated_plus_maze_epm,abramova_2020_genpath__con019__ex023__pnd90,ex023,con019,out073,No,Corrected derived value,"They had one level of exposure, and two experimental groups, female and males, and one control per group",Only one assay,Social and Cognitive Impairments in Rat Offspring after Ultrasound-Induced Prenatal Stress,10.1007/s10517-020-04790-0,General Pathology and Pathophysiology,,Rattus norvegicus,albino lab rat,Sprague-Dawley,,not reported,"early, mid, late",full_gestation,all gestation,21,Continuous,24,Expossed to continuous variable frequencies,Ultrasound,Ultrasound,50,"20,000-45,000",,Ambient sound,,"""under normal conditions without ultrasound""",male,90,adult,3 months,none,,Anxiety,Elevated Plus Maze (EPM),,Rearing frequency,Count,Count,Light Phase,raw data,abramova_2020_genpath,KO-m-rea,US-m-g1,KO_US_m_rf,Yes,Negative,,8.25,8.25,Reported mean; used unchanged,abramova_2020_genpath,3.8645,3.8645,Reported or previously approved SD; used unchanged,abramova_2020_genpath,20,,0.864128,"SD / sqrt(n), using descriptive statistics calculated from author raw data","included_studies/abramova_2020_genpath/abramova2020_descriptives.xlsx, tidy_all",,,,,12.4211,12.4211,Reported mean; used unchanged,abramova_2020_genpath,5.3678,5.3678,Reported or previously approved SD; used unchanged,abramova_2020_genpath,19,,1.231458,"SD / sqrt(n), using descriptive statistics calculated from author raw data","included_studies/abramova_2020_genpath/abramova2020_descriptives.xlsx, tidy_all",,,,,Extracted all from raw data,Data  provided by Abramova on request
abramova_2020_genpath,es155,abramova_2020_genpath,abramova_2020_genpath__con020__ex024,abramova_2020_genpath__elevated_plus_maze_epm,abramova_2020_genpath__con020__ex024__pnd90,ex024,con020,out073,No,Corrected derived value,"They had one level of exposure, and two experimental groups, female and males, and one control per group",Only one assay,Social and Cognitive Impairments in Rat Offspring after Ultrasound-Induced Prenatal Stress,10.1007/s10517-020-04790-0,General Pathology and Pathophysiology,,Rattus norvegicus,albino lab rat,Sprague-Dawley,,not reported,"early, mid, late",full_gestation,all gestation,21,Continuous,24,Expossed to continuous variable frequencies,Ultrasound,Ultrasound,50,"20,000-45,000",,Ambient sound,,"""under normal conditions without ultrasound""",female,90,adult,3 months,none,,Anxiety,Elevated Plus Maze (EPM),,Rearing frequency,Count,Count,Light Phase,raw data,abramova_2020_genpath,KO-f-rea,US-f-g1,KO_US_f_rf,Yes,Negative,,11.7222,11.7222,Reported mean; used unchanged,abramova_2020_genpath,5.4966,5.4966,Reported or previously approved SD; used unchanged,abramova_2020_genpath,18,,1.295561,"SD / sqrt(n), using descriptive statistics calculated from author raw data","included_studies/abramova_2020_genpath/abramova2020_descriptives.xlsx, tidy_all",,,,,16.9375,16.9375,Reported mean; used unchanged,abramova_2020_genpath,6.678,6.678,Reported or previously approved SD; used unchanged,abramova_2020_genpath,16,,1.6695,"SD / sqrt(n), using descriptive statistics calculated from author raw data","included_studies/abramova_2020_genpath/abramova2020_descriptives.xlsx, tidy_all",,,,,Extracted all from raw data,Data  provided by Abramova on request
abramova_2020_genpath,es156,abramova_2020_genpath,abramova_2020_genpath__con019__ex023,abramova_2020_genpath__elevated_plus_maze_epm,abramova_2020_genpath__con019__ex023__pnd90,ex023,con019,out074,No,Corrected derived value,"They had one level of exposure, and two experimental groups, female and males, and one control per group",Only one assay,Social and Cognitive Impairments in Rat Offspring after Ultrasound-Induced Prenatal Stress,10.1007/s10517-020-04790-0,General Pathology and Pathophysiology,,Rattus norvegicus,albino lab rat,Sprague-Dawley,,not reported,"early, mid, late",full_gestation,all gestation,21,Continuous,24,Expossed to continuous variable frequencies,Ultrasound,Ultrasound,50,"20,000-45,000",,Ambient sound,,"""under normal conditions without ultrasound""",male,90,adult,3 months,none,,Anxiety,Elevated Plus Maze (EPM),,Total freezing time,Time,s,Light Phase,raw data,abramova_2020_genpath,KO-m-rea,US-m-g1,KO_US_m_tft,No,Positive,,22.984,22.984,Reported mean; used unchanged,abramova_2020_genpath,36.2606,36.2606,Reported or previously approved SD; used unchanged,abramova_2020_genpath,20,,8.108117,"SD / sqrt(n), using descriptive statistics calculated from author raw data","included_studies/abramova_2020_genpath/abramova2020_descriptives.xlsx, tidy_all",,,,,6.5274,6.5274,Reported mean; used unchanged,abramova_2020_genpath,11.2848,11.2848,Reported or previously approved SD; used unchanged,abramova_2020_genpath,19,,2.588911,"SD / sqrt(n), using descriptive statistics calculated from author raw data","included_studies/abramova_2020_genpath/abramova2020_descriptives.xlsx, tidy_all",,,,,Extracted all from raw data,Data  provided by Abramova on request
abramova_2020_genpath,es157,abramova_2020_genpath,abramova_2020_genpath__con020__ex024,abramova_2020_genpath__elevated_plus_maze_epm,abramova_2020_genpath__con020__ex024__pnd90,ex024,con020,out074,No,Corrected derived value,"They had one level of exposure, and two experimental groups, female and males, and one control per group",Only one assay,Social and Cognitive Impairments in Rat Offspring after Ultrasound-Induced Prenatal Stress,10.1007/s10517-020-04790-0,General Pathology and Pathophysiology,,Rattus norvegicus,albino lab rat,Sprague-Dawley,,not reported,"early, mid, late",full_gestation,all gestation,21,Continuous,24,Expossed to continuous variable frequencies,Ultrasound,Ultrasound,50,"20,000-45,000",,Ambient sound,,"""under normal conditions without ultrasound""",female,90,adult,3 months,none,,Anxiety,Elevated Plus Maze (EPM),,Total freezing time,Time,s,Light Phase,raw data,abramova_2020_genpath,KO-f-rea,US-f-g1,KO_US_f_tft,No,Positive,,11.1783,11.1783,Reported mean; used unchanged,abramova_2020_genpath,30.8267,30.8267,Reported or previously approved SD; used unchanged,abramova_2020_genpath,18,,7.265923,"SD / sqrt(n), using descriptive statistics calculated from author raw data","included_studies/abramova_2020_genpath/abramova2020_descriptives.xlsx, tidy_all",,,,,11.8338,11.8338,Reported mean; used unchanged,abramova_2020_genpath,18.4115,18.4115,Reported or previously approved SD; used unchanged,abramova_2020_genpath,16,,4.602875,"SD / sqrt(n), using descriptive statistics calculated from author raw data","included_studies/abramova_2020_genpath/abramova2020_descriptives.xlsx, tidy_all",,,,,Extracted all from raw data,Data  provided by Abramova on request
abramova_2020_genpath,es158,abramova_2020_genpath,abramova_2020_genpath__con019__ex023,abramova_2020_genpath__elevated_plus_maze_epm,abramova_2020_genpath__con019__ex023__pnd90,ex023,con019,out075,No,Corrected derived value,"They had one level of exposure, and two experimental groups, female and males, and one control per group",Only one assay,Social and Cognitive Impairments in Rat Offspring after Ultrasound-Induced Prenatal Stress,10.1007/s10517-020-04790-0,General Pathology and Pathophysiology,,Rattus norvegicus,albino lab rat,Sprague-Dawley,,not reported,"early, mid, late",full_gestation,all gestation,21,Continuous,24,Expossed to continuous variable frequencies,Ultrasound,Ultrasound,50,"20,000-45,000",,Ambient sound,,"""under normal conditions without ultrasound""",male,90,adult,3 months,none,,Anxiety,Elevated Plus Maze (EPM),,Grooming frequency,Count,Count,Light Phase,raw data,abramova_2020_genpath,KO-m-rea,US-m-g1,KO_US_m_grf,No,Positive,,3.8,3.8,Reported mean; used unchanged,abramova_2020_genpath,2.3753,2.3753,Reported or previously approved SD; used unchanged,abramova_2020_genpath,20,,0.531133,"SD / sqrt(n), using descriptive statistics calculated from author raw data","included_studies/abramova_2020_genpath/abramova2020_descriptives.xlsx, tidy_all",,,,,3.8421,3.8421,Reported mean; used unchanged,abramova_2020_genpath,2.5224,2.5224,Reported or previously approved SD; used unchanged,abramova_2020_genpath,19,,0.578678,"SD / sqrt(n), using descriptive statistics calculated from author raw data","included_studies/abramova_2020_genpath/abramova2020_descriptives.xlsx, tidy_all",,,,,Extracted all from raw data,Data  provided by Abramova on request
abramova_2020_genpath,es159,abramova_2020_genpath,abramova_2020_genpath__con020__ex024,abramova_2020_genpath__elevated_plus_maze_epm,abramova_2020_genpath__con020__ex024__pnd90,ex024,con020,out075,No,Corrected derived value,"They had one level of exposure, and two experimental groups, female and males, and one control per group",Only one assay,Social and Cognitive Impairments in Rat Offspring after Ultrasound-Induced Prenatal Stress,10.1007/s10517-020-04790-0,General Pathology and Pathophysiology,,Rattus norvegicus,albino lab rat,Sprague-Dawley,,not reported,"early, mid, late",full_gestation,all gestation,21,Continuous,24,Expossed to continuous variable frequencies,Ultrasound,Ultrasound,50,"20,000-45,000",,Ambient sound,,"""under normal conditions without ultrasound""",female,90,adult,3 months,none,,Anxiety,Elevated Plus Maze (EPM),,Grooming frequency,Count,Count,Light Phase,raw data,abramova_2020_genpath,KO-f-rea,US-f-g1,KO_US_f_grf,No,Positive,,4.3889,4.3889,Reported mean; used unchanged,abramova_2020_genpath,2.2528,2.2528,Reported or previously approved SD; used unchanged,abramova_2020_genpath,18,,0.53099,"SD / sqrt(n), using descriptive statistics calculated from author raw data","included_studies/abramova_2020_genpath/abramova2020_descriptives.xlsx, tidy_all",,,,,3.5625,3.5625,Reported mean; used unchanged,abramova_2020_genpath,1.8608,1.8608,Reported or previously approved SD; used unchanged,abramova_2020_genpath,16,,0.4652,"SD / sqrt(n), using descriptive statistics calculated from author raw data","included_studies/abramova_2020_genpath/abramova2020_descriptives.xlsx, tidy_all",,,,,Extracted all from raw data,Data  provided by Abramova on request
abramova_2020_genpath,es160,abramova_2020_genpath,abramova_2020_genpath__con019__ex023,abramova_2020_genpath__forced_swimming_test_fst,abramova_2020_genpath__con019__ex023__pnd90,ex023,con019,out076,No,Corrected derived value,"They had one level of exposure, and two experimental groups, female and males, and one control per group",Only one assay,Social and Cognitive Impairments in Rat Offspring after Ultrasound-Induced Prenatal Stress,10.1007/s10517-020-04790-0,General Pathology and Pathophysiology,,Rattus norvegicus,albino lab rat,Sprague-Dawley,,not reported,"early, mid, late",full_gestation,all gestation,21,Continuous,24,Expossed to continuous variable frequencies,Ultrasound,Ultrasound,50,"20,000-45,000",,Ambient sound,,"""under normal conditions without ultrasound""",male,90,adult,3 months,none,,Depression,Forced Swimming Test (FST),,Total immobility time,Time,s,Light Phase,raw data,abramova_2020_genpath,con_m_inm,ex_m_inm,con_ex_m_inm,No,Positive,,247.5357,247.5357,Reported mean; used unchanged,abramova_2020_genpath,63.8354,63.8354,Reported or previously approved SD; used unchanged,abramova_2020_genpath,21,,13.930026,"SD / sqrt(n), using descriptive statistics calculated from author raw data","included_studies/abramova_2020_genpath/abramova2020_descriptives.xlsx, tidy_all",,,,,186.3768,186.3768,Reported mean; used unchanged,abramova_2020_genpath,71.3936,71.3936,Reported or previously approved SD; used unchanged,abramova_2020_genpath,19,,16.378815,"SD / sqrt(n), using descriptive statistics calculated from author raw data","included_studies/abramova_2020_genpath/abramova2020_descriptives.xlsx, tidy_all",,,,,Extracted all from raw data,Data  provided by Abramova on request
abramova_2020_genpath,es161,abramova_2020_genpath,abramova_2020_genpath__con020__ex024,abramova_2020_genpath__forced_swimming_test_fst,abramova_2020_genpath__con020__ex024__pnd90,ex024,con020,out076,No,Corrected derived value,"They had one level of exposure, and two experimental groups, female and males, and one control per group",Only one assay,Social and Cognitive Impairments in Rat Offspring after Ultrasound-Induced Prenatal Stress,10.1007/s10517-020-04790-0,General Pathology and Pathophysiology,,Rattus norvegicus,albino lab rat,Sprague-Dawley,,not reported,"early, mid, late",full_gestation,all gestation,21,Continuous,24,Expossed to continuous variable frequencies,Ultrasound,Ultrasound,50,"20,000-45,000",,Ambient sound,,"""under normal conditions without ultrasound""",female,90,adult,3 months,none,,Depression,Forced Swimming Test (FST),,Total immobility time,Time,s,Light Phase,raw data,abramova_2020_genpath,con_f_inm,ex_f_inm,con_ex_f_inm,No,Positive,,179.33,179.33,Reported mean; used unchanged,abramova_2020_genpath,56.2763,56.2763,Reported or previously approved SD; used unchanged,abramova_2020_genpath,18,,13.264451,"SD / sqrt(n), using descriptive statistics calculated from author raw data","included_studies/abramova_2020_genpath/abramova2020_descriptives.xlsx, tidy_all",,,,,207.1638,207.1638,Reported mean; used unchanged,abramova_2020_genpath,75.8212,75.8212,Reported or previously approved SD; used unchanged,abramova_2020_genpath,16,,18.9553,"SD / sqrt(n), using descriptive statistics calculated from author raw data","included_studies/abramova_2020_genpath/abramova2020_descriptives.xlsx, tidy_all",,,,,Extracted all from raw data,Data  provided by Abramova on request
abramova_2020_genpath,es162,abramova_2020_genpath,abramova_2020_genpath__con019__ex023,abramova_2020_genpath__sucrose_preference_test_spt,abramova_2020_genpath__con019__ex023__pnd90,ex023,con019,out077,No,Corrected transcription,"They had one level of exposure, and two experimental groups, female and males, and one control per group",Only one assay,Social and Cognitive Impairments in Rat Offspring after Ultrasound-Induced Prenatal Stress,10.1007/s10517-020-04790-0,General Pathology and Pathophysiology,,Rattus norvegicus,albino lab rat,Sprague-Dawley,,not reported,"early, mid, late",full_gestation,all gestation,21,Continuous,24,Expossed to continuous variable frequencies,Ultrasound,Ultrasound,50,"20,000-45,000",,Ambient sound,,"""under normal conditions without ultrasound""",male,90,adult,3 months,none,,Depression,Sucrose Preference Test (SPT),,Sucrose preference index,Index,%,Light Phase,raw data,abramova_2020_genpath,con_m_liq,ex_m_liq,con_ex_m_liq,Yes,Negative,,52.7727,52.7727,Reported mean; used unchanged,abramova_2020_genpath,34.0695,34.0695,Reported or previously approved SD; used unchanged,abramova_2020_genpath,8,,12.045387,"SD / sqrt(n), using descriptive statistics calculated from author raw data","included_studies/abramova_2020_genpath/abramova2020_descriptives.xlsx, tidy_all",,,,,58.4183,58.4183,Reported mean; used unchanged,abramova_2020_genpath,28.935591,28.935591,Reported or previously approved SD; used unchanged,abramova_2020_genpath,19,,6.63828,"SD / sqrt(n), using descriptive statistics calculated from author raw data","included_studies/abramova_2020_genpath/abramova2020_descriptives.xlsx, tidy_all",,,,,Extracted all from raw data,Data  provided by Abramova on request
abramova_2020_genpath,es163,abramova_2020_genpath,abramova_2020_genpath__con020__ex024,abramova_2020_genpath__sucrose_preference_test_spt,abramova_2020_genpath__con020__ex024__pnd90,ex024,con020,out077,No,Corrected derived value,"They had one level of exposure, and two experimental groups, female and males, and one control per group",Only one assay,Social and Cognitive Impairments in Rat Offspring after Ultrasound-Induced Prenatal Stress,10.1007/s10517-020-04790-0,General Pathology and Pathophysiology,,Rattus norvegicus,albino lab rat,Sprague-Dawley,,not reported,"early, mid, late",full_gestation,all gestation,21,Continuous,24,Expossed to continuous variable frequencies,Ultrasound,Ultrasound,50,"20,000-45,000",,Ambient sound,,"""under normal conditions without ultrasound""",female,90,adult,3 months,none,,Depression,Sucrose Preference Test (SPT),,Sucrose preference index,Index,%,Light Phase,raw data,abramova_2020_genpath.xlsx,con_f_liq,ex_f_liq,con_ex_f_liq,Yes,Negative,,63.8303,63.8303,Reported mean; used unchanged,abramova_2020_genpath.xlsx,26.4372,26.4372,Reported or previously approved SD; used unchanged,abramova_2020_genpath.xlsx,17,,6.411963,"SD / sqrt(n), using descriptive statistics calculated from author raw data","included_studies/abramova_2020_genpath/abramova2020_descriptives.xlsx, tidy_all",,,,,49.8194,49.8194,Reported mean; used unchanged,abramova_2020_genpath.xlsx,33.9636,33.9636,Reported or previously approved SD; used unchanged,abramova_2020_genpath.xlsx,16,,8.4909,"SD / sqrt(n), using descriptive statistics calculated from author raw data","included_studies/abramova_2020_genpath/abramova2020_descriptives.xlsx, tidy_all",,,,,Extracted all from raw data,Data  provided by Abramova on request
abramova_2023_biopsy,es164,abramova_2023_biopsy,abramova_2023_biopsy__con021__ex025,abramova_2023_biopsy__open_field_test_oft,abramova_2023_biopsy__con021__ex025__pnd74,ex025,con021,out078,No,Corrected transcription,"They had one level of exposure, and two experimental groups, female and males, and one control per group",,Blood BDNF and neuropeptide concentrations as potential biomarkers of behavioral impairments in rats with prenatal ultrasound stress experience,,Российский психиатрический журнал,,Rattus norvegicus,albino lab rat,Wistar rat,16,3 months,"early, mid, late",full_gestation,all gestation,21,Continuous,24,Expossed to continuous variable frequencies,Ultrasound,Ultrasound,50,"20,000-45,000",,Ambient sound,,"""all females with their pups were kept in individual cages under standard conditions without experimental intervention""",male,74,adult,,none,,Anxiety,Open Field Test (OFT),,Sections crossed,Count,Count,Light Phase,paper Table 1,included_studies/abramova_2023_biopsy/abramova_2023_biopsy_data_calculations.xlsx,KON_m_,PS_m_,KON_PS_m_,Yes,Negative,,51.7,51.7,Reported mean; used unchanged,included_studies/abramova_2023_biopsy/abramova_2023_biopsy_data_calculations.xlsx,8.1,8.1,Reported or previously approved SD; used unchanged,included_studies/abramova_2023_biopsy/abramova_2023_biopsy_data_calculations.xlsx,9,2.7,2.7,Reported SEM; used unchanged for analysis,"included_studies/abramova_2023_biopsy/abramova_2023_biopsy_data_calculations.xlsx, Table1_Extract, source row 2",,,,,22.3,22.3,Reported mean; used unchanged,included_studies/abramova_2023_biopsy/abramova_2023_biopsy_data_calculations.xlsx,10.4355,10.4355,Reported or previously approved SD; used unchanged,included_studies/abramova_2023_biopsy/abramova_2023_biopsy_data_calculations.xlsx,10,3.3,3.3,Reported SEM; used unchanged for analysis,"included_studies/abramova_2023_biopsy/abramova_2023_biopsy_data_calculations.xlsx, Table1_Extract, source row 2",,,,,Mean±SEM,
abramova_2023_biopsy,es165,abramova_2023_biopsy,abramova_2023_biopsy__con022__ex026,abramova_2023_biopsy__open_field_test_oft,abramova_2023_biopsy__con022__ex026__pnd74,ex026,con022,out078,No,Corrected transcription,"They had one level of exposure, and two experimental groups, female and males, and one control per group",,Blood BDNF and neuropeptide concentrations as potential biomarkers of behavioral impairments in rats with prenatal ultrasound stress experience,,Российский психиатрический журнал,,Rattus norvegicus,albino lab rat,Wistar rat,16,3 months,"early, mid, late",full_gestation,all gestation,21,Continuous,24,Expossed to continuous variable frequencies,Ultrasound,Ultrasound,50,"20,000-45,000",,Ambient sound,,"""all females with their pups were kept in individual cages under standard conditions without experimental intervention""",female,74,adult,,none,,Anxiety,Open Field Test (OFT),,Sections crossed,Count,Count,Light Phase,paper Table 1,included_studies/abramova_2023_biopsy/abramova_2023_biopsy_data_calculations.xlsx,KON_f_,PS_f_,KON_PS_f_,Yes,Negative,,53.2,53.2,Reported mean; used unchanged,included_studies/abramova_2023_biopsy/abramova_2023_biopsy_data_calculations.xlsx,11.068,11.068,Reported or previously approved SD; used unchanged,included_studies/abramova_2023_biopsy/abramova_2023_biopsy_data_calculations.xlsx,10,3.5,3.5,Reported SEM; used unchanged for analysis,"included_studies/abramova_2023_biopsy/abramova_2023_biopsy_data_calculations.xlsx, Table1_Extract, source row 3",,,,,31.1,31.1,Reported mean; used unchanged,included_studies/abramova_2023_biopsy/abramova_2023_biopsy_data_calculations.xlsx,14.425,14.425,Reported or previously approved SD; used unchanged,included_studies/abramova_2023_biopsy/abramova_2023_biopsy_data_calculations.xlsx,8,5.1,5.1,Reported SEM; used unchanged for analysis,"included_studies/abramova_2023_biopsy/abramova_2023_biopsy_data_calculations.xlsx, Table1_Extract, source row 3",,,,,Mean±SEM,
abramova_2023_biopsy,es166,abramova_2023_biopsy,abramova_2023_biopsy__con021__ex025,abramova_2023_biopsy__open_field_test_oft,abramova_2023_biopsy__con021__ex025__pnd74,ex025,con021,out079,No,Corrected transcription,"They had one level of exposure, and two experimental groups, female and males, and one control per group",,Blood BDNF and neuropeptide concentrations as potential biomarkers of behavioral impairments in rats with prenatal ultrasound stress experience,,Российский психиатрический журнал,,Rattus norvegicus,albino lab rat,Wistar rat,16,3 months,"early, mid, late",full_gestation,all gestation,21,Continuous,24,Expossed to continuous variable frequencies,Ultrasound,Ultrasound,50,"20,000-45,000",,Ambient sound,,"""all females with their pups were kept in individual cages under standard conditions without experimental intervention""",male,74,adult,,none,,Anxiety,Open Field Test (OFT),,Rearing frequency,Count,Count,Light Phase,paper Table 1,included_studies/abramova_2023_biopsy/abramova_2023_biopsy_data_calculations.xlsx,KON_m_,PS_m_,KON_PS_m_,Yes,Negative,,23.4,23.4,Reported mean; used unchanged,included_studies/abramova_2023_biopsy/abramova_2023_biopsy_data_calculations.xlsx,5.1,5.1,Reported or previously approved SD; used unchanged,included_studies/abramova_2023_biopsy/abramova_2023_biopsy_data_calculations.xlsx,9,1.7,1.7,Reported SEM; used unchanged for analysis,"included_studies/abramova_2023_biopsy/abramova_2023_biopsy_data_calculations.xlsx, Table1_Extract, source row 4",,,,,8.4,8.4,Reported mean; used unchanged,included_studies/abramova_2023_biopsy/abramova_2023_biopsy_data_calculations.xlsx,3.7947,3.7947,Reported or previously approved SD; used unchanged,included_studies/abramova_2023_biopsy/abramova_2023_biopsy_data_calculations.xlsx,10,1.2,1.2,Reported SEM; used unchanged for analysis,"included_studies/abramova_2023_biopsy/abramova_2023_biopsy_data_calculations.xlsx, Table1_Extract, source row 4",,,,,Mean±SEM,
abramova_2023_biopsy,es167,abramova_2023_biopsy,abramova_2023_biopsy__con022__ex026,abramova_2023_biopsy__open_field_test_oft,abramova_2023_biopsy__con022__ex026__pnd74,ex026,con022,out079,No,Corrected transcription,"They had one level of exposure, and two experimental groups, female and males, and one control per group",,Blood BDNF and neuropeptide concentrations as potential biomarkers of behavioral impairments in rats with prenatal ultrasound stress experience,,Российский психиатрический журнал,,Rattus norvegicus,albino lab rat,Wistar rat,16,3 months,"early, mid, late",full_gestation,all gestation,21,Continuous,24,Expossed to continuous variable frequencies,Ultrasound,Ultrasound,50,"20,000-45,000",,Ambient sound,,"""all females with their pups were kept in individual cages under standard conditions without experimental intervention""",female,74,adult,,none,,Anxiety,Open Field Test (OFT),,Rearing frequency,Count,Count,Light Phase,paper Table 1,included_studies/abramova_2023_biopsy/abramova_2023_biopsy_data_calculations.xlsx,KON_f_,PS_f_,KON_PS_f_,Yes,Negative,,23.4,23.4,Reported mean; used unchanged,included_studies/abramova_2023_biopsy/abramova_2023_biopsy_data_calculations.xlsx,7.9057,7.9057,Reported or previously approved SD; used unchanged,included_studies/abramova_2023_biopsy/abramova_2023_biopsy_data_calculations.xlsx,10,2.5,2.5,Reported SEM; used unchanged for analysis,"included_studies/abramova_2023_biopsy/abramova_2023_biopsy_data_calculations.xlsx, Table1_Extract, source row 5",,,,,14.1,14.1,Reported mean; used unchanged,included_studies/abramova_2023_biopsy/abramova_2023_biopsy_data_calculations.xlsx,4.8083,4.8083,Reported or previously approved SD; used unchanged,included_studies/abramova_2023_biopsy/abramova_2023_biopsy_data_calculations.xlsx,8,1.7,1.7,Reported SEM; used unchanged for analysis,"included_studies/abramova_2023_biopsy/abramova_2023_biopsy_data_calculations.xlsx, Table1_Extract, source row 5",,,,,Mean±SEM,
abramova_2023_biopsy,es168,abramova_2023_biopsy,abramova_2023_biopsy__con021__ex025,abramova_2023_biopsy__open_field_test_oft,abramova_2023_biopsy__con021__ex025__pnd74,ex025,con021,out080,No,Analysis decision required,"They had one level of exposure, and two experimental groups, female and males, and one control per group",,Blood BDNF and neuropeptide concentrations as potential biomarkers of behavioral impairments in rats with prenatal ultrasound stress experience,,Российский психиатрический журнал,,Rattus norvegicus,albino lab rat,Wistar rat,16,3 months,"early, mid, late",full_gestation,all gestation,21,Continuous,24,Expossed to continuous variable frequencies,Ultrasound,Ultrasound,50,"20,000-45,000",,Ambient sound,,"""all females with their pups were kept in individual cages under standard conditions without experimental intervention""",male,74,adult,,none,,Anxiety,Open Field Test (OFT),,Center entries (crossing),Count,Count,Light Phase,paper Table 1,included_studies/abramova_2023_biopsy/abramova_2023_biopsy_data_calculations.xlsx,KON_m_,PS_m_,KON_PS_m_,Yes,Negative,,,2,"Luo et al. (2018) from Q1, median, Q3 and n","included_studies/abramova_2023_biopsy/abramova_2023_biopsy_data_calculations.xlsx; reported Q1, median, Q3 and n",,1.7493603130956201,"Wan et al. (2014) from Q1, Q3 and n","included_studies/abramova_2023_biopsy/abramova_2023_biopsy_data_calculations.xlsx; reported Q1, Q3 and n",9,,0.5831201043652067,SE = Wan SD / sqrt(n),"included_studies/abramova_2023_biopsy/abramova_2023_biopsy_data_calculations.xlsx, Table1_Extract, source row 6",,2,1,3,,0.5,"Luo et al. (2018) from Q1, median, Q3 and n","included_studies/abramova_2023_biopsy/abramova_2023_biopsy_data_calculations.xlsx; reported Q1, median, Q3 and n",,0.8600034647511502,"Wan et al. (2014) from Q1, Q3 and n","included_studies/abramova_2023_biopsy/abramova_2023_biopsy_data_calculations.xlsx; reported Q1, Q3 and n",10,,0.2719569744249966,SE = Wan SD / sqrt(n),"included_studies/abramova_2023_biopsy/abramova_2023_biopsy_data_calculations.xlsx, Table1_Extract, source row 6",,0.5,0,1,estimated from Median(Q1;Q3),
abramova_2023_biopsy,es169,abramova_2023_biopsy,abramova_2023_biopsy__con022__ex026,abramova_2023_biopsy__open_field_test_oft,abramova_2023_biopsy__con022__ex026__pnd74,ex026,con022,out080,No,Analysis decision required,"They had one level of exposure, and two experimental groups, female and males, and one control per group",,Blood BDNF and neuropeptide concentrations as potential biomarkers of behavioral impairments in rats with prenatal ultrasound stress experience,,Российский психиатрический журнал,,Rattus norvegicus,albino lab rat,Wistar rat,16,3 months,"early, mid, late",full_gestation,all gestation,21,Continuous,24,Expossed to continuous variable frequencies,Ultrasound,Ultrasound,50,"20,000-45,000",,Ambient sound,,"""all females with their pups were kept in individual cages under standard conditions without experimental intervention""",female,74,adult,,none,,Anxiety,Open Field Test (OFT),,Center entries (crossing),Count,Count,Light Phase,paper Table 1,included_studies/abramova_2023_biopsy/abramova_2023_biopsy_data_calculations.xlsx,KON_f_,PS_f_,KON_PS_f_,Yes,Negative,,,2.0739,"Luo et al. (2018) from Q1, median, Q3 and n","included_studies/abramova_2023_biopsy/abramova_2023_biopsy_data_calculations.xlsx; reported Q1, median, Q3 and n",,1.5480062365520704,"Wan et al. (2014) from Q1, Q3 and n","included_studies/abramova_2023_biopsy/abramova_2023_biopsy_data_calculations.xlsx; reported Q1, Q3 and n",10,,0.48952255396499395,SE = Wan SD / sqrt(n),"included_studies/abramova_2023_biopsy/abramova_2023_biopsy_data_calculations.xlsx, Table1_Extract, source row 7",,2,1.2,3,,0.18718749999999998,"Luo et al. (2018) from Q1, median, Q3 and n","included_studies/abramova_2023_biopsy/abramova_2023_biopsy_data_calculations.xlsx; reported Q1, median, Q3 and n",,0.446753844743742,"Wan et al. (2014) from Q1, Q3 and n","included_studies/abramova_2023_biopsy/abramova_2023_biopsy_data_calculations.xlsx; reported Q1, Q3 and n",8,,0.157951336569731,SE = Wan SD / sqrt(n),"included_studies/abramova_2023_biopsy/abramova_2023_biopsy_data_calculations.xlsx, Table1_Extract, source row 7",,0,0,0.5,estimated from Median(Q1;Q3),
abramova_2023_biopsy,es170,abramova_2023_biopsy,abramova_2023_biopsy__con021__ex025,abramova_2023_biopsy__open_field_test_oft,abramova_2023_biopsy__con021__ex025__pnd74,ex025,con021,out081,No,Corrected transcription,"They had one level of exposure, and two experimental groups, female and males, and one control per group",,Blood BDNF and neuropeptide concentrations as potential biomarkers of behavioral impairments in rats with prenatal ultrasound stress experience,,Российский психиатрический журнал,,Rattus norvegicus,albino lab rat,Wistar rat,16,3 months,"early, mid, late",full_gestation,all gestation,21,Continuous,24,Expossed to continuous variable frequencies,Ultrasound,Ultrasound,50,"20,000-45,000",,Ambient sound,,"""all females with their pups were kept in individual cages under standard conditions without experimental intervention""",male,74,adult,,none,,Anxiety,Open Field Test (OFT),,Total freezing time,Time,s,Light Phase,paper Table 1,included_studies/abramova_2023_biopsy/abramova_2023_biopsy_data_calculations.xlsx,KON_m_,PS_m_,KON_PS_m_,No,Positive,,23.7,23.7,Reported mean; used unchanged,included_studies/abramova_2023_biopsy/abramova_2023_biopsy_data_calculations.xlsx,14.7,14.7,Reported or previously approved SD; used unchanged,included_studies/abramova_2023_biopsy/abramova_2023_biopsy_data_calculations.xlsx,9,4.9,4.9,Reported SEM; used unchanged for analysis,"included_studies/abramova_2023_biopsy/abramova_2023_biopsy_data_calculations.xlsx, Table1_Extract, source row 8",,,,,80.1,80.1,Reported mean; used unchanged,included_studies/abramova_2023_biopsy/abramova_2023_biopsy_data_calculations.xlsx,61.3482,61.3482,Reported or previously approved SD; used unchanged,included_studies/abramova_2023_biopsy/abramova_2023_biopsy_data_calculations.xlsx,10,19.4,19.4,Reported SEM; used unchanged for analysis,"included_studies/abramova_2023_biopsy/abramova_2023_biopsy_data_calculations.xlsx, Table1_Extract, source row 8",,,,,Mean±SEM,
abramova_2023_biopsy,es171,abramova_2023_biopsy,abramova_2023_biopsy__con022__ex026,abramova_2023_biopsy__open_field_test_oft,abramova_2023_biopsy__con022__ex026__pnd74,ex026,con022,out081,No,Corrected transcription,"They had one level of exposure, and two experimental groups, female and males, and one control per group",,Blood BDNF and neuropeptide concentrations as potential biomarkers of behavioral impairments in rats with prenatal ultrasound stress experience,,Российский психиатрический журнал,,Rattus norvegicus,albino lab rat,Wistar rat,16,3 months,"early, mid, late",full_gestation,all gestation,21,Continuous,24,Expossed to continuous variable frequencies,Ultrasound,Ultrasound,50,"20,000-45,000",,Ambient sound,,"""all females with their pups were kept in individual cages under standard conditions without experimental intervention""",female,74,adult,,none,,Anxiety,Open Field Test (OFT),,Total freezing time,Time,s,Light Phase,paper Table 1,included_studies/abramova_2023_biopsy/abramova_2023_biopsy_data_calculations.xlsx,KON_f_,PS_f_,KON_PS_f_,No,Positive,,18.3,18.3,Reported mean; used unchanged,included_studies/abramova_2023_biopsy/abramova_2023_biopsy_data_calculations.xlsx,9.4868,9.4868,Reported or previously approved SD; used unchanged,included_studies/abramova_2023_biopsy/abramova_2023_biopsy_data_calculations.xlsx,10,3,3,Reported SEM; used unchanged for analysis,"included_studies/abramova_2023_biopsy/abramova_2023_biopsy_data_calculations.xlsx, Table1_Extract, source row 9",,,,,75.3,75.3,Reported mean; used unchanged,included_studies/abramova_2023_biopsy/abramova_2023_biopsy_data_calculations.xlsx,56.8514,56.8514,Reported or previously approved SD; used unchanged,included_studies/abramova_2023_biopsy/abramova_2023_biopsy_data_calculations.xlsx,8,20.1,20.1,Reported SEM; used unchanged for analysis,"included_studies/abramova_2023_biopsy/abramova_2023_biopsy_data_calculations.xlsx, Table1_Extract, source row 9",,,,,Mean±SEM,
abramova_2023_biopsy,es172,abramova_2023_biopsy,abramova_2023_biopsy__con021__ex025,abramova_2023_biopsy__open_field_test_oft,abramova_2023_biopsy__con021__ex025__pnd74,ex025,con021,out082,No,Analysis decision required,"They had one level of exposure, and two experimental groups, female and males, and one control per group",,Blood BDNF and neuropeptide concentrations as potential biomarkers of behavioral impairments in rats with prenatal ultrasound stress experience,,Российский психиатрический журнал,,Rattus norvegicus,albino lab rat,Wistar rat,16,3 months,"early, mid, late",full_gestation,all gestation,21,Continuous,24,Expossed to continuous variable frequencies,Ultrasound,Ultrasound,50,"20,000-45,000",,Ambient sound,,"""all females with their pups were kept in individual cages under standard conditions without experimental intervention""",male,74,adult,,none,,Anxiety,Open Field Test (OFT),,Total grooming time,Time,s,Light Phase,paper Table 1,included_studies/abramova_2023_biopsy/abramova_2023_biopsy_data_calculations.xlsx,KON_m_,PS_m_,KON_PS_m_,No,Positive,,,16.820333333333334,"Luo et al. (2018) from Q1, median, Q3 and n","included_studies/abramova_2023_biopsy/abramova_2023_biopsy_data_calculations.xlsx; reported Q1, median, Q3 and n",,9.971353784645034,"Wan et al. (2014) from Q1, Q3 and n","included_studies/abramova_2023_biopsy/abramova_2023_biopsy_data_calculations.xlsx; reported Q1, Q3 and n",9,,3.323784594881678,SE = Wan SD / sqrt(n),"included_studies/abramova_2023_biopsy/abramova_2023_biopsy_data_calculations.xlsx, Table1_Extract, source row 10",,16.3,11.3,22.7,,39.7633,"Luo et al. (2018) from Q1, median, Q3 and n","included_studies/abramova_2023_biopsy/abramova_2023_biopsy_data_calculations.xlsx; reported Q1, median, Q3 and n",,31.47612680989209,"Wan et al. (2014) from Q1, Q3 and n","included_studies/abramova_2023_biopsy/abramova_2023_biopsy_data_calculations.xlsx; reported Q1, Q3 and n",10,,9.953625263954875,SE = Wan SD / sqrt(n),"included_studies/abramova_2023_biopsy/abramova_2023_biopsy_data_calculations.xlsx, Table1_Extract, source row 10",,28.9,25.3,61.9,estimated from Median(Q1;Q3),
abramova_2023_biopsy,es173,abramova_2023_biopsy,abramova_2023_biopsy__con022__ex026,abramova_2023_biopsy__open_field_test_oft,abramova_2023_biopsy__con022__ex026__pnd74,ex026,con022,out082,No,Analysis decision required,"They had one level of exposure, and two experimental groups, female and males, and one control per group",,Blood BDNF and neuropeptide concentrations as potential biomarkers of behavioral impairments in rats with prenatal ultrasound stress experience,,Российский психиатрический журнал,,Rattus norvegicus,albino lab rat,Wistar rat,16,3 months,"early, mid, late",full_gestation,all gestation,21,Continuous,24,Expossed to continuous variable frequencies,Ultrasound,Ultrasound,50,"20,000-45,000",,Ambient sound,,"""all females with their pups were kept in individual cages under standard conditions without experimental intervention""",female,74,adult,,none,,Anxiety,Open Field Test (OFT),,Total grooming time,Time,s,Light Phase,paper Table 1,included_studies/abramova_2023_biopsy/abramova_2023_biopsy_data_calculations.xlsx,KON_f_,PS_f_,KON_PS_f_,No,Positive,,,26.214949999999998,"Luo et al. (2018) from Q1, median, Q3 and n","included_studies/abramova_2023_biopsy/abramova_2023_biopsy_data_calculations.xlsx; reported Q1, median, Q3 and n",,5.934023906782935,"Wan et al. (2014) from Q1, Q3 and n","included_studies/abramova_2023_biopsy/abramova_2023_biopsy_data_calculations.xlsx; reported Q1, Q3 and n",10,,1.8765031235324763,SE = Wan SD / sqrt(n),"included_studies/abramova_2023_biopsy/abramova_2023_biopsy_data_calculations.xlsx, Table1_Extract, source row 11",,24.7,23.3,30.2,,25.0113125,"Luo et al. (2018) from Q1, median, Q3 and n","included_studies/abramova_2023_biopsy/abramova_2023_biopsy_data_calculations.xlsx; reported Q1, median, Q3 and n",,19.389116861878406,"Wan et al. (2014) from Q1, Q3 and n","included_studies/abramova_2023_biopsy/abramova_2023_biopsy_data_calculations.xlsx; reported Q1, Q3 and n",8,,6.8550880071263265,SE = Wan SD / sqrt(n),"included_studies/abramova_2023_biopsy/abramova_2023_biopsy_data_calculations.xlsx, Table1_Extract, source row 11",,24.3,14.4,36.1,estimated from Median(Q1;Q3),
abramova_2023_biopsy,es174,abramova_2023_biopsy,abramova_2023_biopsy__con021__ex025,abramova_2023_biopsy__open_field_test_oft,abramova_2023_biopsy__con021__ex025__pnd74,ex025,con021,out083,No,Corrected transcription,"They had one level of exposure, and two experimental groups, female and males, and one control per group",,Blood BDNF and neuropeptide concentrations as potential biomarkers of behavioral impairments in rats with prenatal ultrasound stress experience,,Российский психиатрический журнал,,Rattus norvegicus,albino lab rat,Wistar rat,16,3 months,"early, mid, late",full_gestation,all gestation,21,Continuous,24,Expossed to continuous variable frequencies,Ultrasound,Ultrasound,50,"20,000-45,000",,Ambient sound,,"""all females with their pups were kept in individual cages under standard conditions without experimental intervention""",male,74,adult,,none,,Anxiety,Open Field Test (OFT),,Grooming frequency,Count,Count,Light Phase,paper Table 1,included_studies/abramova_2023_biopsy/abramova_2023_biopsy_data_calculations.xlsx,KON_m_,PS_m_,KON_PS_m_,No,Positive,,3.3,3.3,Reported mean; used unchanged,included_studies/abramova_2023_biopsy/abramova_2023_biopsy_data_calculations.xlsx,1.8,1.8,Reported or previously approved SD; used unchanged,included_studies/abramova_2023_biopsy/abramova_2023_biopsy_data_calculations.xlsx,9,0.6,0.6,Reported SEM; used unchanged for analysis,"included_studies/abramova_2023_biopsy/abramova_2023_biopsy_data_calculations.xlsx, Table1_Extract, source row 12",,,,,3.3,3.3,Reported mean; used unchanged,included_studies/abramova_2023_biopsy/abramova_2023_biopsy_data_calculations.xlsx,1.5811,1.5811,Reported or previously approved SD; used unchanged,included_studies/abramova_2023_biopsy/abramova_2023_biopsy_data_calculations.xlsx,10,0.5,0.5,Reported SEM; used unchanged for analysis,"included_studies/abramova_2023_biopsy/abramova_2023_biopsy_data_calculations.xlsx, Table1_Extract, source row 12",,,,,Mean±SEM,
abramova_2023_biopsy,es175,abramova_2023_biopsy,abramova_2023_biopsy__con022__ex026,abramova_2023_biopsy__open_field_test_oft,abramova_2023_biopsy__con022__ex026__pnd74,ex026,con022,out083,No,Corrected transcription,"They had one level of exposure, and two experimental groups, female and males, and one control per group",,Blood BDNF and neuropeptide concentrations as potential biomarkers of behavioral impairments in rats with prenatal ultrasound stress experience,,Российский психиатрический журнал,,Rattus norvegicus,albino lab rat,Wistar rat,16,3 months,"early, mid, late",full_gestation,all gestation,21,Continuous,24,Expossed to continuous variable frequencies,Ultrasound,Ultrasound,50,"20,000-45,000",,Ambient sound,,"""all females with their pups were kept in individual cages under standard conditions without experimental intervention""",female,74,adult,,none,,Anxiety,Open Field Test (OFT),,Grooming frequency,Count,Count,Light Phase,paper Table 1,included_studies/abramova_2023_biopsy/abramova_2023_biopsy_data_calculations.xlsx,KON_f_,PS_f_,KON_PS_f_,No,Positive,,4.8,4.8,Reported mean; used unchanged,included_studies/abramova_2023_biopsy/abramova_2023_biopsy_data_calculations.xlsx,1.8974,1.8974,Reported or previously approved SD; used unchanged,included_studies/abramova_2023_biopsy/abramova_2023_biopsy_data_calculations.xlsx,10,0.6,0.6,Reported SEM; used unchanged for analysis,"included_studies/abramova_2023_biopsy/abramova_2023_biopsy_data_calculations.xlsx, Table1_Extract, source row 13",,,,,2.9,2.9,Reported mean; used unchanged,included_studies/abramova_2023_biopsy/abramova_2023_biopsy_data_calculations.xlsx,1.6971,1.6971,Reported or previously approved SD; used unchanged,included_studies/abramova_2023_biopsy/abramova_2023_biopsy_data_calculations.xlsx,8,0.6,0.6,Reported SEM; used unchanged for analysis,"included_studies/abramova_2023_biopsy/abramova_2023_biopsy_data_calculations.xlsx, Table1_Extract, source row 13",,,,,Mean±SEM,
abramova_2023_biopsy,es176,abramova_2023_biopsy,abramova_2023_biopsy__con021__ex025,abramova_2023_biopsy__open_field_test_oft,abramova_2023_biopsy__con021__ex025__pnd74,ex025,con021,out084,No,Analysis decision required,"They had one level of exposure, and two experimental groups, female and males, and one control per group",,Blood BDNF and neuropeptide concentrations as potential biomarkers of behavioral impairments in rats with prenatal ultrasound stress experience,,Российский психиатрический журнал,,Rattus norvegicus,albino lab rat,Wistar rat,16,3 months,"early, mid, late",full_gestation,all gestation,21,Continuous,24,Expossed to continuous variable frequencies,Ultrasound,Ultrasound,50,"20,000-45,000",,Ambient sound,,"""all females with their pups were kept in individual cages under standard conditions without experimental intervention""",male,74,adult,,none,,Anxiety,Open Field Test (OFT),,Mean grooming duration,Time,s,Light Phase,paper Table 1,included_studies/abramova_2023_biopsy/abramova_2023_biopsy_data_calculations.xlsx,KON_m_,PS_m_,KON_PS_m_,No,Positive,,,4.6,"Luo et al. (2018) from Q1, median, Q3 and n","included_studies/abramova_2023_biopsy/abramova_2023_biopsy_data_calculations.xlsx; reported Q1, median, Q3 and n",,1.3994882504764967,"Wan et al. (2014) from Q1, Q3 and n","included_studies/abramova_2023_biopsy/abramova_2023_biopsy_data_calculations.xlsx; reported Q1, Q3 and n",9,,0.4664960834921656,SE = Wan SD / sqrt(n),"included_studies/abramova_2023_biopsy/abramova_2023_biopsy_data_calculations.xlsx, Table1_Extract, source row 14",,4.6,3.8,5.4,,0.63695,"Luo et al. (2018) from Q1, median, Q3 and n","included_studies/abramova_2023_biopsy/abramova_2023_biopsy_data_calculations.xlsx; reported Q1, median, Q3 and n",,1.1180045041764952,"Wan et al. (2014) from Q1, Q3 and n","included_studies/abramova_2023_biopsy/abramova_2023_biopsy_data_calculations.xlsx; reported Q1, Q3 and n",10,,0.3535440667524956,SE = Wan SD / sqrt(n),"included_studies/abramova_2023_biopsy/abramova_2023_biopsy_data_calculations.xlsx, Table1_Extract, source row 14",,0.6,0,1.3,estimated from Median(Q1;Q3),
abramova_2023_biopsy,es177,abramova_2023_biopsy,abramova_2023_biopsy__con022__ex026,abramova_2023_biopsy__open_field_test_oft,abramova_2023_biopsy__con022__ex026__pnd74,ex026,con022,out084,No,Analysis decision required,"They had one level of exposure, and two experimental groups, female and males, and one control per group",,Blood BDNF and neuropeptide concentrations as potential biomarkers of behavioral impairments in rats with prenatal ultrasound stress experience,,Российский психиатрический журнал,,Rattus norvegicus,albino lab rat,Wistar rat,16,3 months,"early, mid, late",full_gestation,all gestation,21,Continuous,24,Expossed to continuous variable frequencies,Ultrasound,Ultrasound,50,"20,000-45,000",,Ambient sound,,"""all females with their pups were kept in individual cages under standard conditions without experimental intervention""",female,74,adult,,none,,Anxiety,Open Field Test (OFT),,Mean grooming duration,Time,s,Light Phase,paper Table 1,included_studies/abramova_2023_biopsy/abramova_2023_biopsy_data_calculations.xlsx,KON_f_,PS_f_,KON_PS_f_,No,Positive,,,6.1674500000000005,"Luo et al. (2018) from Q1, median, Q3 and n","included_studies/abramova_2023_biopsy/abramova_2023_biopsy_data_calculations.xlsx; reported Q1, median, Q3 and n",,3.5260142054797154,"Wan et al. (2014) from Q1, Q3 and n","included_studies/abramova_2023_biopsy/abramova_2023_biopsy_data_calculations.xlsx; reported Q1, Q3 and n",10,,1.115023595142486,SE = Wan SD / sqrt(n),"included_studies/abramova_2023_biopsy/abramova_2023_biopsy_data_calculations.xlsx, Table1_Extract, source row 15",,6.5,4,8.1,,0.11231249999999998,"Luo et al. (2018) from Q1, median, Q3 and n","included_studies/abramova_2023_biopsy/abramova_2023_biopsy_data_calculations.xlsx; reported Q1, median, Q3 and n",,0.2680523068462452,"Wan et al. (2014) from Q1, Q3 and n","included_studies/abramova_2023_biopsy/abramova_2023_biopsy_data_calculations.xlsx; reported Q1, Q3 and n",8,,0.0947708019418386,SE = Wan SD / sqrt(n),"included_studies/abramova_2023_biopsy/abramova_2023_biopsy_data_calculations.xlsx, Table1_Extract, source row 15",,0,0,0.3,estimated from Median(Q1;Q3),
abramova_2023_biopsy,es178,abramova_2023_biopsy,abramova_2023_biopsy__con021__ex025,abramova_2023_biopsy__elevated_plus_maze_epm,abramova_2023_biopsy__con021__ex025__pnd70,ex025,con021,out085,No,Corrected transcription,"They had one level of exposure, and two experimental groups, female and males, and one control per group",,Blood BDNF and neuropeptide concentrations as potential biomarkers of behavioral impairments in rats with prenatal ultrasound stress experience,,Российский психиатрический журнал,,Rattus norvegicus,albino lab rat,Wistar rat,16,3 months,"early, mid, late",full_gestation,all gestation,21,Continuous,24,Expossed to continuous variable frequencies,Ultrasound,Ultrasound,50,"20,000-45,000",,Ambient sound,,"""all females with their pups were kept in individual cages under standard conditions without experimental intervention""",male,70,adolescent,,none,,Anxiety,Elevated Plus Maze (EPM),,Total time in dark,Time,s,Light Phase,paper Table 1,included_studies/abramova_2023_biopsy/abramova_2023_biopsy_data_calculations.xlsx,KON_m_,PS_m_,KON_PS_m_,No,Positive,,264,264,Reported mean; used unchanged,included_studies/abramova_2023_biopsy/abramova_2023_biopsy_data_calculations.xlsx,21,21,Reported or previously approved SD; used unchanged,included_studies/abramova_2023_biopsy/abramova_2023_biopsy_data_calculations.xlsx,9,7,7,Reported SEM; used unchanged for analysis,"included_studies/abramova_2023_biopsy/abramova_2023_biopsy_data_calculations.xlsx, Table1_Extract, source row 16",,,,,251,251,Reported mean; used unchanged,included_studies/abramova_2023_biopsy/abramova_2023_biopsy_data_calculations.xlsx,41.1096,41.1096,Reported or previously approved SD; used unchanged,included_studies/abramova_2023_biopsy/abramova_2023_biopsy_data_calculations.xlsx,10,13,13,Reported SEM; used unchanged for analysis,"included_studies/abramova_2023_biopsy/abramova_2023_biopsy_data_calculations.xlsx, Table1_Extract, source row 16",,,,,Mean±SEM,
abramova_2023_biopsy,es179,abramova_2023_biopsy,abramova_2023_biopsy__con022__ex026,abramova_2023_biopsy__elevated_plus_maze_epm,abramova_2023_biopsy__con022__ex026__pnd70,ex026,con022,out085,No,Corrected transcription,"They had one level of exposure, and two experimental groups, female and males, and one control per group",,Blood BDNF and neuropeptide concentrations as potential biomarkers of behavioral impairments in rats with prenatal ultrasound stress experience,,Российский психиатрический журнал,,Rattus norvegicus,albino lab rat,Wistar rat,16,3 months,"early, mid, late",full_gestation,all gestation,21,Continuous,24,Expossed to continuous variable frequencies,Ultrasound,Ultrasound,50,"20,000-45,000",,Ambient sound,,"""all females with their pups were kept in individual cages under standard conditions without experimental intervention""",female,70,adolescent,,none,,Anxiety,Elevated Plus Maze (EPM),,Total time in dark,Time,s,Light Phase,paper Table 1,included_studies/abramova_2023_biopsy/abramova_2023_biopsy_data_calculations.xlsx,KON_f_,PS_f_,KON_PS_f_,No,Positive,,269,269,Reported mean; used unchanged,included_studies/abramova_2023_biopsy/abramova_2023_biopsy_data_calculations.xlsx,15.8114,15.8114,Reported or previously approved SD; used unchanged,included_studies/abramova_2023_biopsy/abramova_2023_biopsy_data_calculations.xlsx,10,5,5,Reported SEM; used unchanged for analysis,"included_studies/abramova_2023_biopsy/abramova_2023_biopsy_data_calculations.xlsx, Table1_Extract, source row 17",,,,,266,266,Reported mean; used unchanged,included_studies/abramova_2023_biopsy/abramova_2023_biopsy_data_calculations.xlsx,31.1127,31.1127,Reported or previously approved SD; used unchanged,included_studies/abramova_2023_biopsy/abramova_2023_biopsy_data_calculations.xlsx,8,11,11,Reported SEM; used unchanged for analysis,"included_studies/abramova_2023_biopsy/abramova_2023_biopsy_data_calculations.xlsx, Table1_Extract, source row 17",,,,,Mean±SEM,
abramova_2023_biopsy,es180,abramova_2023_biopsy,abramova_2023_biopsy__con021__ex025,abramova_2023_biopsy__elevated_plus_maze_epm,abramova_2023_biopsy__con021__ex025__pnd70,ex025,con021,out086,No,Analysis decision required,"They had one level of exposure, and two experimental groups, female and males, and one control per group",,Blood BDNF and neuropeptide concentrations as potential biomarkers of behavioral impairments in rats with prenatal ultrasound stress experience,,Российский психиатрический журнал,,Rattus norvegicus,albino lab rat,Wistar rat,16,3 months,"early, mid, late",full_gestation,all gestation,21,Continuous,24,Expossed to continuous variable frequencies,Ultrasound,Ultrasound,50,"20,000-45,000",,Ambient sound,,"""all females with their pups were kept in individual cages under standard conditions without experimental intervention""",male,70,adolescent,,none,,Anxiety,Elevated Plus Maze (EPM),,Total time in light,Time,s,Light Phase,paper Table 1,included_studies/abramova_2023_biopsy/abramova_2023_biopsy_data_calculations.xlsx,KON_m_,PS_m_,KON_PS_m_,Yes,Negative,,,33.30683333333334,"Luo et al. (2018) from Q1, median, Q3 and n","included_studies/abramova_2023_biopsy/abramova_2023_biopsy_data_calculations.xlsx; reported Q1, median, Q3 and n",,28.077233025184707,"Wan et al. (2014) from Q1, Q3 and n","included_studies/abramova_2023_biopsy/abramova_2023_biopsy_data_calculations.xlsx; reported Q1, Q3 and n",9,,9.359077675061569,SE = Wan SD / sqrt(n),"included_studies/abramova_2023_biopsy/abramova_2023_biopsy_data_calculations.xlsx, Table1_Extract, source row 18",,27.1,19.4,51.5,,34.6578,"Luo et al. (2018) from Q1, median, Q3 and n","included_studies/abramova_2023_biopsy/abramova_2023_biopsy_data_calculations.xlsx; reported Q1, median, Q3 and n",,51.428207192118776,"Wan et al. (2014) from Q1, Q3 and n","included_studies/abramova_2023_biopsy/abramova_2023_biopsy_data_calculations.xlsx; reported Q1, Q3 and n",10,,16.263027070614797,SE = Wan SD / sqrt(n),"included_studies/abramova_2023_biopsy/abramova_2023_biopsy_data_calculations.xlsx, Table1_Extract, source row 18",,41.9,2.2,62,estimated from Median(Q1;Q3),
abramova_2023_biopsy,es181,abramova_2023_biopsy,abramova_2023_biopsy__con022__ex026,abramova_2023_biopsy__elevated_plus_maze_epm,abramova_2023_biopsy__con022__ex026__pnd70,ex026,con022,out086,No,Analysis decision required,"They had one level of exposure, and two experimental groups, female and males, and one control per group",,Blood BDNF and neuropeptide concentrations as potential biomarkers of behavioral impairments in rats with prenatal ultrasound stress experience,,Российский психиатрический журнал,,Rattus norvegicus,albino lab rat,Wistar rat,16,3 months,"early, mid, late",full_gestation,all gestation,21,Continuous,24,Expossed to continuous variable frequencies,Ultrasound,Ultrasound,50,"20,000-45,000",,Ambient sound,,"""all females with their pups were kept in individual cages under standard conditions without experimental intervention""",female,70,adolescent,,none,,Anxiety,Elevated Plus Maze (EPM),,Total time in light,Time,s,Light Phase,paper Table 1,included_studies/abramova_2023_biopsy/abramova_2023_biopsy_data_calculations.xlsx,KON_f_,PS_f_,KON_PS_f_,Yes,Negative,,,26.6205,"Luo et al. (2018) from Q1, median, Q3 and n","included_studies/abramova_2023_biopsy/abramova_2023_biopsy_data_calculations.xlsx; reported Q1, median, Q3 and n",,19.608078996326224,"Wan et al. (2014) from Q1, Q3 and n","included_studies/abramova_2023_biopsy/abramova_2023_biopsy_data_calculations.xlsx; reported Q1, Q3 and n",10,,6.200619016889923,SE = Wan SD / sqrt(n),"included_studies/abramova_2023_biopsy/abramova_2023_biopsy_data_calculations.xlsx, Table1_Extract, source row 19",,19.6,17.7,40.5,,33.1008125,"Luo et al. (2018) from Q1, median, Q3 and n","included_studies/abramova_2023_biopsy/abramova_2023_biopsy_data_calculations.xlsx; reported Q1, median, Q3 and n",,28.68159683254824,"Wan et al. (2014) from Q1, Q3 and n","included_studies/abramova_2023_biopsy/abramova_2023_biopsy_data_calculations.xlsx; reported Q1, Q3 and n",8,,10.140475807776731,SE = Wan SD / sqrt(n),"included_studies/abramova_2023_biopsy/abramova_2023_biopsy_data_calculations.xlsx, Table1_Extract, source row 19",,26.1,19.4,51.5,estimated from Median(Q1;Q3),
abramova_2023_biopsy,es182,abramova_2023_biopsy,abramova_2023_biopsy__con021__ex025,abramova_2023_biopsy__elevated_plus_maze_epm,abramova_2023_biopsy__con021__ex025__pnd70,ex025,con021,out087,No,Corrected transcription,"They had one level of exposure, and two experimental groups, female and males, and one control per group",,Blood BDNF and neuropeptide concentrations as potential biomarkers of behavioral impairments in rats with prenatal ultrasound stress experience,,Российский психиатрический журнал,,Rattus norvegicus,albino lab rat,Wistar rat,16,3 months,"early, mid, late",full_gestation,all gestation,21,Continuous,24,Expossed to continuous variable frequencies,Ultrasound,Ultrasound,50,"20,000-45,000",,Ambient sound,,"""all females with their pups were kept in individual cages under standard conditions without experimental intervention""",male,70,adolescent,,none,,Anxiety,Elevated Plus Maze (EPM),,Center entries (crossing),Count,Count,Light Phase,paper Table 1,included_studies/abramova_2023_biopsy/abramova_2023_biopsy_data_calculations.xlsx,KON_m_,PS_m_,KON_PS_m_,Yes,Negative,,6.2,6.2,Reported mean; used unchanged,included_studies/abramova_2023_biopsy/abramova_2023_biopsy_data_calculations.xlsx,3,3,Reported or previously approved SD; used unchanged,included_studies/abramova_2023_biopsy/abramova_2023_biopsy_data_calculations.xlsx,9,1,1,Reported SEM; used unchanged for analysis,"included_studies/abramova_2023_biopsy/abramova_2023_biopsy_data_calculations.xlsx, Table1_Extract, source row 20",,,,,2.9,2.9,Reported mean; used unchanged,included_studies/abramova_2023_biopsy/abramova_2023_biopsy_data_calculations.xlsx,2.5298,2.5298,Reported or previously approved SD; used unchanged,included_studies/abramova_2023_biopsy/abramova_2023_biopsy_data_calculations.xlsx,10,0.8,0.8,Reported SEM; used unchanged for analysis,"included_studies/abramova_2023_biopsy/abramova_2023_biopsy_data_calculations.xlsx, Table1_Extract, source row 20",,,,,Mean±SEM,
abramova_2023_biopsy,es183,abramova_2023_biopsy,abramova_2023_biopsy__con022__ex026,abramova_2023_biopsy__elevated_plus_maze_epm,abramova_2023_biopsy__con022__ex026__pnd70,ex026,con022,out087,No,Corrected transcription,"They had one level of exposure, and two experimental groups, female and males, and one control per group",,Blood BDNF and neuropeptide concentrations as potential biomarkers of behavioral impairments in rats with prenatal ultrasound stress experience,,Российский психиатрический журнал,,Rattus norvegicus,albino lab rat,Wistar rat,16,3 months,"early, mid, late",full_gestation,all gestation,21,Continuous,24,Expossed to continuous variable frequencies,Ultrasound,Ultrasound,50,"20,000-45,000",,Ambient sound,,"""all females with their pups were kept in individual cages under standard conditions without experimental intervention""",female,70,adolescent,,none,,Anxiety,Elevated Plus Maze (EPM),,Center entries (crossing),Count,Count,Light Phase,paper Table 1,included_studies/abramova_2023_biopsy/abramova_2023_biopsy_data_calculations.xlsx,KON_f_,PS_f_,KON_PS_f_,Yes,Negative,,4.7,4.7,Reported mean; used unchanged,included_studies/abramova_2023_biopsy/abramova_2023_biopsy_data_calculations.xlsx,1.9606,1.9606,Reported or previously approved SD; used unchanged,included_studies/abramova_2023_biopsy/abramova_2023_biopsy_data_calculations.xlsx,10,0.62,0.62,Reported SEM; used unchanged for analysis,"included_studies/abramova_2023_biopsy/abramova_2023_biopsy_data_calculations.xlsx, Table1_Extract, source row 21",,,,,2.9,2.9,Reported mean; used unchanged,included_studies/abramova_2023_biopsy/abramova_2023_biopsy_data_calculations.xlsx,1.9799,1.9799,Reported or previously approved SD; used unchanged,included_studies/abramova_2023_biopsy/abramova_2023_biopsy_data_calculations.xlsx,8,0.7,0.7,Reported SEM; used unchanged for analysis,"included_studies/abramova_2023_biopsy/abramova_2023_biopsy_data_calculations.xlsx, Table1_Extract, source row 21",,,,,Mean±SEM,
abramova_2023_biopsy,es184,abramova_2023_biopsy,abramova_2023_biopsy__con021__ex025,abramova_2023_biopsy__elevated_plus_maze_epm,abramova_2023_biopsy__con021__ex025__pnd70,ex025,con021,out088,No,Analysis decision required,"They had one level of exposure, and two experimental groups, female and males, and one control per group",,Blood BDNF and neuropeptide concentrations as potential biomarkers of behavioral impairments in rats with prenatal ultrasound stress experience,,Российский психиатрический журнал,,Rattus norvegicus,albino lab rat,Wistar rat,16,3 months,"early, mid, late",full_gestation,all gestation,21,Continuous,24,Expossed to continuous variable frequencies,Ultrasound,Ultrasound,50,"20,000-45,000",,Ambient sound,,"""all females with their pups were kept in individual cages under standard conditions without experimental intervention""",male,70,adolescent,,none,,Anxiety,Elevated Plus Maze (EPM),,Head-out inspections,Count,Count,Light Phase,paper Table 1,included_studies/abramova_2023_biopsy/abramova_2023_biopsy_data_calculations.xlsx,KON_m_,PS_m_,KON_PS_m_,No,Positive,,,0.232785,"Luo et al. (2018) from Q1, median, Q3 and n; exact zero replaced by 0.9 x smallest positive matching outcome reference","included_studies/abramova_2023_biopsy/abramova_2023_biopsy_data_calculations.xlsx; reported Q1, median, Q3 and n",,0,"Wan et al. (2014) from Q1, Q3 and n","included_studies/abramova_2023_biopsy/abramova_2023_biopsy_data_calculations.xlsx; reported Q1, Q3 and n",9,,0,SE = Wan SD / sqrt(n),"included_studies/abramova_2023_biopsy/abramova_2023_biopsy_data_calculations.xlsx, Table1_Extract, source row 22",,0,0,0,,0.25865,"Luo et al. (2018) from Q1, median, Q3 and n","included_studies/abramova_2023_biopsy/abramova_2023_biopsy_data_calculations.xlsx; reported Q1, median, Q3 and n",,0.6020024253258051,"Wan et al. (2014) from Q1, Q3 and n","included_studies/abramova_2023_biopsy/abramova_2023_biopsy_data_calculations.xlsx; reported Q1, Q3 and n",10,,0.1903698820974976,SE = Wan SD / sqrt(n),"included_studies/abramova_2023_biopsy/abramova_2023_biopsy_data_calculations.xlsx, Table1_Extract, source row 22",,0,0,0.7,estimated from Median(Q1;Q3),
abramova_2023_biopsy,es185,abramova_2023_biopsy,abramova_2023_biopsy__con022__ex026,abramova_2023_biopsy__elevated_plus_maze_epm,abramova_2023_biopsy__con022__ex026__pnd70,ex026,con022,out088,No,Analysis decision required,"They had one level of exposure, and two experimental groups, female and males, and one control per group",,Blood BDNF and neuropeptide concentrations as potential biomarkers of behavioral impairments in rats with prenatal ultrasound stress experience,,Российский психиатрический журнал,,Rattus norvegicus,albino lab rat,Wistar rat,16,3 months,"early, mid, late",full_gestation,all gestation,21,Continuous,24,Expossed to continuous variable frequencies,Ultrasound,Ultrasound,50,"20,000-45,000",,Ambient sound,,"""all females with their pups were kept in individual cages under standard conditions without experimental intervention""",female,70,adolescent,,none,,Anxiety,Elevated Plus Maze (EPM),,Head-out inspections,Count,Count,Light Phase,paper Table 1,included_studies/abramova_2023_biopsy/abramova_2023_biopsy_data_calculations.xlsx,KON_f_,PS_f_,KON_PS_f_,No,Positive,,,1.7044000000000001,"Luo et al. (2018) from Q1, median, Q3 and n","included_studies/abramova_2023_biopsy/abramova_2023_biopsy_data_calculations.xlsx; reported Q1, median, Q3 and n",,0.6880027718009202,"Wan et al. (2014) from Q1, Q3 and n","included_studies/abramova_2023_biopsy/abramova_2023_biopsy_data_calculations.xlsx; reported Q1, Q3 and n",10,,0.2175655795399973,SE = Wan SD / sqrt(n),"included_studies/abramova_2023_biopsy/abramova_2023_biopsy_data_calculations.xlsx, Table1_Extract, source row 23",,2,1.2,2,,0.6256250000000001,"Luo et al. (2018) from Q1, median, Q3 and n","included_studies/abramova_2023_biopsy/abramova_2023_biopsy_data_calculations.xlsx; reported Q1, median, Q3 and n",,0.893507689487484,"Wan et al. (2014) from Q1, Q3 and n","included_studies/abramova_2023_biopsy/abramova_2023_biopsy_data_calculations.xlsx; reported Q1, Q3 and n",8,,0.315902673139462,SE = Wan SD / sqrt(n),"included_studies/abramova_2023_biopsy/abramova_2023_biopsy_data_calculations.xlsx, Table1_Extract, source row 23",,1,0,1,estimated from Median(Q1;Q3),
abramova_2023_biopsy,es186,abramova_2023_biopsy,abramova_2023_biopsy__con021__ex025,abramova_2023_biopsy__elevated_plus_maze_epm,abramova_2023_biopsy__con021__ex025__pnd70,ex025,con021,out089,No,Corrected transcription,"They had one level of exposure, and two experimental groups, female and males, and one control per group",,Blood BDNF and neuropeptide concentrations as potential biomarkers of behavioral impairments in rats with prenatal ultrasound stress experience,,Российский психиатрический журнал,,Rattus norvegicus,albino lab rat,Wistar rat,16,3 months,"early, mid, late",full_gestation,all gestation,21,Continuous,24,Expossed to continuous variable frequencies,Ultrasound,Ultrasound,50,"20,000-45,000",,Ambient sound,,"""all females with their pups were kept in individual cages under standard conditions without experimental intervention""",male,70,adolescent,,none,,Anxiety,Elevated Plus Maze (EPM),,Overhangs,Count,Count,Light Phase,paper Table 1,included_studies/abramova_2023_biopsy/abramova_2023_biopsy_data_calculations.xlsx,KON_m_,PS_m_,KON_PS_m_,No,Positive,,6.7,6.7,Reported mean; used unchanged,included_studies/abramova_2023_biopsy/abramova_2023_biopsy_data_calculations.xlsx,4.5,4.5,Reported or previously approved SD; used unchanged,included_studies/abramova_2023_biopsy/abramova_2023_biopsy_data_calculations.xlsx,9,1.5,1.5,Reported SEM; used unchanged for analysis,"included_studies/abramova_2023_biopsy/abramova_2023_biopsy_data_calculations.xlsx, Table1_Extract, source row 24",,,,,9.8,9.8,Reported mean; used unchanged,included_studies/abramova_2023_biopsy/abramova_2023_biopsy_data_calculations.xlsx,7.2732,7.2732,Reported or previously approved SD; used unchanged,included_studies/abramova_2023_biopsy/abramova_2023_biopsy_data_calculations.xlsx,10,2.3,2.3,Reported SEM; used unchanged for analysis,"included_studies/abramova_2023_biopsy/abramova_2023_biopsy_data_calculations.xlsx, Table1_Extract, source row 24",,,,,Mean±SEM,
abramova_2023_biopsy,es187,abramova_2023_biopsy,abramova_2023_biopsy__con022__ex026,abramova_2023_biopsy__elevated_plus_maze_epm,abramova_2023_biopsy__con022__ex026__pnd70,ex026,con022,out089,No,Corrected transcription,"They had one level of exposure, and two experimental groups, female and males, and one control per group",,Blood BDNF and neuropeptide concentrations as potential biomarkers of behavioral impairments in rats with prenatal ultrasound stress experience,,Российский психиатрический журнал,,Rattus norvegicus,albino lab rat,Wistar rat,16,3 months,"early, mid, late",full_gestation,all gestation,21,Continuous,24,Expossed to continuous variable frequencies,Ultrasound,Ultrasound,50,"20,000-45,000",,Ambient sound,,"""all females with their pups were kept in individual cages under standard conditions without experimental intervention""",female,70,adolescent,,none,,Anxiety,Elevated Plus Maze (EPM),,Overhangs,Count,Count,Light Phase,paper Table 1,included_studies/abramova_2023_biopsy/abramova_2023_biopsy_data_calculations.xlsx,KON_f_,PS_f_,KON_PS_f_,No,Positive,,7.8,7.8,Reported mean; used unchanged,included_studies/abramova_2023_biopsy/abramova_2023_biopsy_data_calculations.xlsx,3.7947,3.7947,Reported or previously approved SD; used unchanged,included_studies/abramova_2023_biopsy/abramova_2023_biopsy_data_calculations.xlsx,10,1.2,1.2,Reported SEM; used unchanged for analysis,"included_studies/abramova_2023_biopsy/abramova_2023_biopsy_data_calculations.xlsx, Table1_Extract, source row 25",,,,,8.1,8.1,Reported mean; used unchanged,included_studies/abramova_2023_biopsy/abramova_2023_biopsy_data_calculations.xlsx,4.8083,4.8083,Reported or previously approved SD; used unchanged,included_studies/abramova_2023_biopsy/abramova_2023_biopsy_data_calculations.xlsx,8,1.7,1.7,Reported SEM; used unchanged for analysis,"included_studies/abramova_2023_biopsy/abramova_2023_biopsy_data_calculations.xlsx, Table1_Extract, source row 25",,,,,Mean±SEM,
abramova_2023_biopsy,es188,abramova_2023_biopsy,abramova_2023_biopsy__con021__ex025,abramova_2023_biopsy__elevated_plus_maze_epm,abramova_2023_biopsy__con021__ex025__pnd70,ex025,con021,out090,No,Corrected transcription,"They had one level of exposure, and two experimental groups, female and males, and one control per group",,Blood BDNF and neuropeptide concentrations as potential biomarkers of behavioral impairments in rats with prenatal ultrasound stress experience,,Российский психиатрический журнал,,Rattus norvegicus,albino lab rat,Wistar rat,16,3 months,"early, mid, late",full_gestation,all gestation,21,Continuous,24,Expossed to continuous variable frequencies,Ultrasound,Ultrasound,50,"20,000-45,000",,Ambient sound,,"""all females with their pups were kept in individual cages under standard conditions without experimental intervention""",male,70,adolescent,,none,,Anxiety,Elevated Plus Maze (EPM),,Rearing frequency,Count,Count,Light Phase,paper Table 1,included_studies/abramova_2023_biopsy/abramova_2023_biopsy_data_calculations.xlsx,KON_m_,PS_m_,KON_PS_m_,Yes,Negative,,14.9,14.9,Reported mean; used unchanged,included_studies/abramova_2023_biopsy/abramova_2023_biopsy_data_calculations.xlsx,5.4,5.4,Reported or previously approved SD; used unchanged,included_studies/abramova_2023_biopsy/abramova_2023_biopsy_data_calculations.xlsx,9,1.8,1.8,Reported SEM; used unchanged for analysis,"included_studies/abramova_2023_biopsy/abramova_2023_biopsy_data_calculations.xlsx, Table1_Extract, source row 26",,,,,8,8,Reported mean; used unchanged,included_studies/abramova_2023_biopsy/abramova_2023_biopsy_data_calculations.xlsx,4.111,4.111,Reported or previously approved SD; used unchanged,included_studies/abramova_2023_biopsy/abramova_2023_biopsy_data_calculations.xlsx,10,1.3,1.3,Reported SEM; used unchanged for analysis,"included_studies/abramova_2023_biopsy/abramova_2023_biopsy_data_calculations.xlsx, Table1_Extract, source row 26",,,,,Mean±SEM,
abramova_2023_biopsy,es189,abramova_2023_biopsy,abramova_2023_biopsy__con022__ex026,abramova_2023_biopsy__elevated_plus_maze_epm,abramova_2023_biopsy__con022__ex026__pnd70,ex026,con022,out090,No,Corrected transcription,"They had one level of exposure, and two experimental groups, female and males, and one control per group",,Blood BDNF and neuropeptide concentrations as potential biomarkers of behavioral impairments in rats with prenatal ultrasound stress experience,,Российский психиатрический журнал,,Rattus norvegicus,albino lab rat,Wistar rat,16,3 months,"early, mid, late",full_gestation,all gestation,21,Continuous,24,Expossed to continuous variable frequencies,Ultrasound,Ultrasound,50,"20,000-45,000",,Ambient sound,,"""all females with their pups were kept in individual cages under standard conditions without experimental intervention""",female,70,adolescent,,none,,Anxiety,Elevated Plus Maze (EPM),,Rearing frequency,Count,Count,Light Phase,paper Table 1,included_studies/abramova_2023_biopsy/abramova_2023_biopsy_data_calculations.xlsx,KON_f_,PS_f_,KON_PS_f_,Yes,Negative,,15.8,15.8,Reported mean; used unchanged,included_studies/abramova_2023_biopsy/abramova_2023_biopsy_data_calculations.xlsx,4.111,4.111,Reported or previously approved SD; used unchanged,included_studies/abramova_2023_biopsy/abramova_2023_biopsy_data_calculations.xlsx,10,1.3,1.3,Reported SEM; used unchanged for analysis,"included_studies/abramova_2023_biopsy/abramova_2023_biopsy_data_calculations.xlsx, Table1_Extract, source row 27",,,,,15.2,15.2,Reported mean; used unchanged,included_studies/abramova_2023_biopsy/abramova_2023_biopsy_data_calculations.xlsx,3.9598,3.9598,Reported or previously approved SD; used unchanged,included_studies/abramova_2023_biopsy/abramova_2023_biopsy_data_calculations.xlsx,8,1.4,1.4,Reported SEM; used unchanged for analysis,"included_studies/abramova_2023_biopsy/abramova_2023_biopsy_data_calculations.xlsx, Table1_Extract, source row 27",,,,,Mean±SEM,
abramova_2023_biopsy,es190,abramova_2023_biopsy,abramova_2023_biopsy__con021__ex025,abramova_2023_biopsy__elevated_plus_maze_epm,abramova_2023_biopsy__con021__ex025__pnd70,ex025,con021,out091,No,Analysis decision required,"They had one level of exposure, and two experimental groups, female and males, and one control per group",,Blood BDNF and neuropeptide concentrations as potential biomarkers of behavioral impairments in rats with prenatal ultrasound stress experience,,Российский психиатрический журнал,,Rattus norvegicus,albino lab rat,Wistar rat,16,3 months,"early, mid, late",full_gestation,all gestation,21,Continuous,24,Expossed to continuous variable frequencies,Ultrasound,Ultrasound,50,"20,000-45,000",,Ambient sound,,"""all females with their pups were kept in individual cages under standard conditions without experimental intervention""",male,70,adolescent,,none,,Anxiety,Elevated Plus Maze (EPM),,Total freezing time,Time,s,Light Phase,paper Table 1,included_studies/abramova_2023_biopsy/abramova_2023_biopsy_data_calculations.xlsx,KON_m_,PS_m_,KON_PS_m_,No,Positive,,,1.023255,"Luo et al. (2018) from Q1, median, Q3 and n; exact zero replaced by 0.9 x smallest positive matching outcome reference","included_studies/abramova_2023_biopsy/abramova_2023_biopsy_data_calculations.xlsx; reported Q1, median, Q3 and n",,0,"Wan et al. (2014) from Q1, Q3 and n","included_studies/abramova_2023_biopsy/abramova_2023_biopsy_data_calculations.xlsx; reported Q1, Q3 and n",9,,0,SE = Wan SD / sqrt(n),"included_studies/abramova_2023_biopsy/abramova_2023_biopsy_data_calculations.xlsx, Table1_Extract, source row 28",,0,0,0,,1.13695,"Luo et al. (2018) from Q1, median, Q3 and n","included_studies/abramova_2023_biopsy/abramova_2023_biopsy_data_calculations.xlsx; reported Q1, median, Q3 and n",,1.978007968927645,"Wan et al. (2014) from Q1, Q3 and n","included_studies/abramova_2023_biopsy/abramova_2023_biopsy_data_calculations.xlsx; reported Q1, Q3 and n",10,,0.6255010411774922,SE = Wan SD / sqrt(n),"included_studies/abramova_2023_biopsy/abramova_2023_biopsy_data_calculations.xlsx, Table1_Extract, source row 28",,1.1,0,2.3,estimated from Median(Q1;Q3),
abramova_2023_biopsy,es191,abramova_2023_biopsy,abramova_2023_biopsy__con022__ex026,abramova_2023_biopsy__elevated_plus_maze_epm,abramova_2023_biopsy__con022__ex026__pnd70,ex026,con022,out091,No,Analysis decision required,"They had one level of exposure, and two experimental groups, female and males, and one control per group",,Blood BDNF and neuropeptide concentrations as potential biomarkers of behavioral impairments in rats with prenatal ultrasound stress experience,,Российский психиатрический журнал,,Rattus norvegicus,albino lab rat,Wistar rat,16,3 months,"early, mid, late",full_gestation,all gestation,21,Continuous,24,Expossed to continuous variable frequencies,Ultrasound,Ultrasound,50,"20,000-45,000",,Ambient sound,,"""all females with their pups were kept in individual cages under standard conditions without experimental intervention""",female,70,adolescent,,none,,Anxiety,Elevated Plus Maze (EPM),,Total freezing time,Time,s,Light Phase,paper Table 1,included_studies/abramova_2023_biopsy/abramova_2023_biopsy_data_calculations.xlsx,KON_f_,PS_f_,KON_PS_f_,No,Positive,,,5.2780000000000005,"Luo et al. (2018) from Q1, median, Q3 and n","included_studies/abramova_2023_biopsy/abramova_2023_biopsy_data_calculations.xlsx; reported Q1, median, Q3 and n",,9.976040191113341,"Wan et al. (2014) from Q1, Q3 and n","included_studies/abramova_2023_biopsy/abramova_2023_biopsy_data_calculations.xlsx; reported Q1, Q3 and n",10,,3.1547009033299607,SE = Wan SD / sqrt(n),"included_studies/abramova_2023_biopsy/abramova_2023_biopsy_data_calculations.xlsx, Table1_Extract, source row 29",,3.8,0,11.6,,10.893999999999998,"Luo et al. (2018) from Q1, median, Q3 and n","included_studies/abramova_2023_biopsy/abramova_2023_biopsy_data_calculations.xlsx; reported Q1, median, Q3 and n",,16.440541486569707,"Wan et al. (2014) from Q1, Q3 and n","included_studies/abramova_2023_biopsy/abramova_2023_biopsy_data_calculations.xlsx; reported Q1, Q3 and n",8,,5.8126091857661,SE = Wan SD / sqrt(n),"included_studies/abramova_2023_biopsy/abramova_2023_biopsy_data_calculations.xlsx, Table1_Extract, source row 29",,7.3,2.9,21.3,estimated from Median(Q1;Q3),
abramova_2023_biopsy,es192,abramova_2023_biopsy,abramova_2023_biopsy__con021__ex025,abramova_2023_biopsy__elevated_plus_maze_epm,abramova_2023_biopsy__con021__ex025__pnd70,ex025,con021,out092,No,Corrected transcription,"They had one level of exposure, and two experimental groups, female and males, and one control per group",,Blood BDNF and neuropeptide concentrations as potential biomarkers of behavioral impairments in rats with prenatal ultrasound stress experience,,Российский психиатрический журнал,,Rattus norvegicus,albino lab rat,Wistar rat,16,3 months,"early, mid, late",full_gestation,all gestation,21,Continuous,24,Expossed to continuous variable frequencies,Ultrasound,Ultrasound,50,"20,000-45,000",,Ambient sound,,"""all females with their pups were kept in individual cages under standard conditions without experimental intervention""",male,70,adolescent,,none,,Anxiety,Elevated Plus Maze (EPM),,Total grooming time,Time,s,Light Phase,paper Table 1,included_studies/abramova_2023_biopsy/abramova_2023_biopsy_data_calculations.xlsx,KON_m_,PS_m_,KON_PS_m_,No,Positive,,24.9,24.9,Reported mean; used unchanged,included_studies/abramova_2023_biopsy/abramova_2023_biopsy_data_calculations.xlsx,20.7,20.7,Reported or previously approved SD; used unchanged,included_studies/abramova_2023_biopsy/abramova_2023_biopsy_data_calculations.xlsx,9,6.9,6.9,Reported SEM; used unchanged for analysis,"included_studies/abramova_2023_biopsy/abramova_2023_biopsy_data_calculations.xlsx, Table1_Extract, source row 30",,,,,46.8,46.8,Reported mean; used unchanged,included_studies/abramova_2023_biopsy/abramova_2023_biopsy_data_calculations.xlsx,20.871,20.871,Reported or previously approved SD; used unchanged,included_studies/abramova_2023_biopsy/abramova_2023_biopsy_data_calculations.xlsx,10,6.6,6.6,Reported SEM; used unchanged for analysis,"included_studies/abramova_2023_biopsy/abramova_2023_biopsy_data_calculations.xlsx, Table1_Extract, source row 30",,,,,Mean±SEM,
abramova_2023_biopsy,es193,abramova_2023_biopsy,abramova_2023_biopsy__con022__ex026,abramova_2023_biopsy__elevated_plus_maze_epm,abramova_2023_biopsy__con022__ex026__pnd70,ex026,con022,out092,No,Corrected transcription,"They had one level of exposure, and two experimental groups, female and males, and one control per group",,Blood BDNF and neuropeptide concentrations as potential biomarkers of behavioral impairments in rats with prenatal ultrasound stress experience,,Российский психиатрический журнал,,Rattus norvegicus,albino lab rat,Wistar rat,16,3 months,"early, mid, late",full_gestation,all gestation,21,Continuous,24,Expossed to continuous variable frequencies,Ultrasound,Ultrasound,50,"20,000-45,000",,Ambient sound,,"""all females with their pups were kept in individual cages under standard conditions without experimental intervention""",female,70,adolescent,,none,,Anxiety,Elevated Plus Maze (EPM),,Total grooming time,Time,s,Light Phase,paper Table 1,included_studies/abramova_2023_biopsy/abramova_2023_biopsy_data_calculations.xlsx,KON_f_,PS_f_,KON_PS_f_,No,Positive,,24,24,Reported mean; used unchanged,included_studies/abramova_2023_biopsy/abramova_2023_biopsy_data_calculations.xlsx,14.8627,14.8627,Reported or previously approved SD; used unchanged,included_studies/abramova_2023_biopsy/abramova_2023_biopsy_data_calculations.xlsx,10,4.7,4.7,Reported SEM; used unchanged for analysis,"included_studies/abramova_2023_biopsy/abramova_2023_biopsy_data_calculations.xlsx, Table1_Extract, source row 31",,,,,29.7,29.7,Reported mean; used unchanged,included_studies/abramova_2023_biopsy/abramova_2023_biopsy_data_calculations.xlsx,28.5671,28.5671,Reported or previously approved SD; used unchanged,included_studies/abramova_2023_biopsy/abramova_2023_biopsy_data_calculations.xlsx,8,10.1,10.1,Reported SEM; used unchanged for analysis,"included_studies/abramova_2023_biopsy/abramova_2023_biopsy_data_calculations.xlsx, Table1_Extract, source row 31",,,,,Mean±SEM,
abramova_2023_biopsy,es194,abramova_2023_biopsy,abramova_2023_biopsy__con021__ex025,abramova_2023_biopsy__elevated_plus_maze_epm,abramova_2023_biopsy__con021__ex025__pnd70,ex025,con021,out093,No,Analysis decision required,"They had one level of exposure, and two experimental groups, female and males, and one control per group",,Blood BDNF and neuropeptide concentrations as potential biomarkers of behavioral impairments in rats with prenatal ultrasound stress experience,,Российский психиатрический журнал,,Rattus norvegicus,albino lab rat,Wistar rat,16,3 months,"early, mid, late",full_gestation,all gestation,21,Continuous,24,Expossed to continuous variable frequencies,Ultrasound,Ultrasound,50,"20,000-45,000",,Ambient sound,,"""all females with their pups were kept in individual cages under standard conditions without experimental intervention""",male,70,adolescent,,none,,Anxiety,Elevated Plus Maze (EPM),,Grooming frequency,Count,Count,Light Phase,paper Table 1,included_studies/abramova_2023_biopsy/abramova_2023_biopsy_data_calculations.xlsx,KON_m_,PS_m_,KON_PS_m_,No,Positive,,,3,"Luo et al. (2018) from Q1, median, Q3 and n","included_studies/abramova_2023_biopsy/abramova_2023_biopsy_data_calculations.xlsx; reported Q1, median, Q3 and n",,1.7493603130956201,"Wan et al. (2014) from Q1, Q3 and n","included_studies/abramova_2023_biopsy/abramova_2023_biopsy_data_calculations.xlsx; reported Q1, Q3 and n",9,,0.5831201043652067,SE = Wan SD / sqrt(n),"included_studies/abramova_2023_biopsy/abramova_2023_biopsy_data_calculations.xlsx, Table1_Extract, source row 32",,3,2,4,,2.6281499999999998,"Luo et al. (2018) from Q1, median, Q3 and n","included_studies/abramova_2023_biopsy/abramova_2023_biopsy_data_calculations.xlsx; reported Q1, median, Q3 and n",,2.8380114336787954,"Wan et al. (2014) from Q1, Q3 and n","included_studies/abramova_2023_biopsy/abramova_2023_biopsy_data_calculations.xlsx; reported Q1, Q3 and n",10,,0.8974580156024888,SE = Wan SD / sqrt(n),"included_studies/abramova_2023_biopsy/abramova_2023_biopsy_data_calculations.xlsx, Table1_Extract, source row 32",,2,1.2,4.5,estimated from Median(Q1;Q3),
abramova_2023_biopsy,es195,abramova_2023_biopsy,abramova_2023_biopsy__con022__ex026,abramova_2023_biopsy__elevated_plus_maze_epm,abramova_2023_biopsy__con022__ex026__pnd70,ex026,con022,out093,No,Analysis decision required,"They had one level of exposure, and two experimental groups, female and males, and one control per group",,Blood BDNF and neuropeptide concentrations as potential biomarkers of behavioral impairments in rats with prenatal ultrasound stress experience,,Российский психиатрический журнал,,Rattus norvegicus,albino lab rat,Wistar rat,16,3 months,"early, mid, late",full_gestation,all gestation,21,Continuous,24,Expossed to continuous variable frequencies,Ultrasound,Ultrasound,50,"20,000-45,000",,Ambient sound,,"""all females with their pups were kept in individual cages under standard conditions without experimental intervention""",female,70,adolescent,,none,,Anxiety,Elevated Plus Maze (EPM),,Grooming frequency,Count,Count,Light Phase,paper Table 1,included_studies/abramova_2023_biopsy/abramova_2023_biopsy_data_calculations.xlsx,KON_f_,PS_f_,KON_PS_f_,No,Positive,,,3.3349,"Luo et al. (2018) from Q1, median, Q3 and n","included_studies/abramova_2023_biopsy/abramova_2023_biopsy_data_calculations.xlsx; reported Q1, median, Q3 and n",,1.5480062365520701,"Wan et al. (2014) from Q1, Q3 and n","included_studies/abramova_2023_biopsy/abramova_2023_biopsy_data_calculations.xlsx; reported Q1, Q3 and n",10,,0.4895225539649939,SE = Wan SD / sqrt(n),"included_studies/abramova_2023_biopsy/abramova_2023_biopsy_data_calculations.xlsx, Table1_Extract, source row 33",,4,2.2,4,,3.024125,"Luo et al. (2018) from Q1, median, Q3 and n","included_studies/abramova_2023_biopsy/abramova_2023_biopsy_data_calculations.xlsx; reported Q1, median, Q3 and n",,4.467538447437421,"Wan et al. (2014) from Q1, Q3 and n","included_studies/abramova_2023_biopsy/abramova_2023_biopsy_data_calculations.xlsx; reported Q1, Q3 and n",8,,1.5795133656973102,SE = Wan SD / sqrt(n),"included_studies/abramova_2023_biopsy/abramova_2023_biopsy_data_calculations.xlsx, Table1_Extract, source row 33",,2.5,0.7,5.7,estimated from Median(Q1;Q3),
abramova_2023_biopsy,es196,abramova_2023_biopsy,abramova_2023_biopsy__con021__ex025,abramova_2023_biopsy__elevated_plus_maze_epm,abramova_2023_biopsy__con021__ex025__pnd70,ex025,con021,out094,No,Corrected transcription,"They had one level of exposure, and two experimental groups, female and males, and one control per group",,Blood BDNF and neuropeptide concentrations as potential biomarkers of behavioral impairments in rats with prenatal ultrasound stress experience,,Российский психиатрический журнал,,Rattus norvegicus,albino lab rat,Wistar rat,16,3 months,"early, mid, late",full_gestation,all gestation,21,Continuous,24,Expossed to continuous variable frequencies,Ultrasound,Ultrasound,50,"20,000-45,000",,Ambient sound,,"""all females with their pups were kept in individual cages under standard conditions without experimental intervention""",male,70,adolescent,,none,,Anxiety,Elevated Plus Maze (EPM),,Mean grooming duration,Time,s,Light Phase,paper Table 1,included_studies/abramova_2023_biopsy/abramova_2023_biopsy_data_calculations.xlsx,KON_m_,PS_m_,KON_PS_m_,No,Positive,,6.8,6.8,Reported mean; used unchanged,included_studies/abramova_2023_biopsy/abramova_2023_biopsy_data_calculations.xlsx,5.4,5.4,Reported or previously approved SD; used unchanged,included_studies/abramova_2023_biopsy/abramova_2023_biopsy_data_calculations.xlsx,9,1.8,1.8,Reported SEM; used unchanged for analysis,"included_studies/abramova_2023_biopsy/abramova_2023_biopsy_data_calculations.xlsx, Table1_Extract, source row 34",,,,,20.9,20.9,Reported mean; used unchanged,included_studies/abramova_2023_biopsy/abramova_2023_biopsy_data_calculations.xlsx,15.1789,15.1789,Reported or previously approved SD; used unchanged,included_studies/abramova_2023_biopsy/abramova_2023_biopsy_data_calculations.xlsx,10,4.8,4.8,Reported SEM; used unchanged for analysis,"included_studies/abramova_2023_biopsy/abramova_2023_biopsy_data_calculations.xlsx, Table1_Extract, source row 34",,,,,Mean±SEM,
abramova_2023_biopsy,es197,abramova_2023_biopsy,abramova_2023_biopsy__con022__ex026,abramova_2023_biopsy__elevated_plus_maze_epm,abramova_2023_biopsy__con022__ex026__pnd70,ex026,con022,out094,No,Corrected transcription,"They had one level of exposure, and two experimental groups, female and males, and one control per group",,Blood BDNF and neuropeptide concentrations as potential biomarkers of behavioral impairments in rats with prenatal ultrasound stress experience,,Российский психиатрический журнал,,Rattus norvegicus,albino lab rat,Wistar rat,16,3 months,"early, mid, late",full_gestation,all gestation,21,Continuous,24,Expossed to continuous variable frequencies,Ultrasound,Ultrasound,50,"20,000-45,000",,Ambient sound,,"""all females with their pups were kept in individual cages under standard conditions without experimental intervention""",female,70,adolescent,,none,,Anxiety,Elevated Plus Maze (EPM),,Mean grooming duration,Time,s,Light Phase,paper Table 1,included_studies/abramova_2023_biopsy/abramova_2023_biopsy_data_calculations.xlsx,KON_f_,PS_f_,KON_PS_f_,No,Positive,,6.4,6.4,Reported mean; used unchanged,included_studies/abramova_2023_biopsy/abramova_2023_biopsy_data_calculations.xlsx,2.846,2.846,Reported or previously approved SD; used unchanged,included_studies/abramova_2023_biopsy/abramova_2023_biopsy_data_calculations.xlsx,10,0.9,0.9,Reported SEM; used unchanged for analysis,"included_studies/abramova_2023_biopsy/abramova_2023_biopsy_data_calculations.xlsx, Table1_Extract, source row 35",,,,,8.8,8.8,Reported mean; used unchanged,included_studies/abramova_2023_biopsy/abramova_2023_biopsy_data_calculations.xlsx,8.2024,8.2024,Reported or previously approved SD; used unchanged,included_studies/abramova_2023_biopsy/abramova_2023_biopsy_data_calculations.xlsx,8,2.9,2.9,Reported SEM; used unchanged for analysis,"included_studies/abramova_2023_biopsy/abramova_2023_biopsy_data_calculations.xlsx, Table1_Extract, source row 35",,,,,Mean±SEM,
abramova_2023_biopsy,es198,abramova_2023_biopsy,abramova_2023_biopsy__con021__ex025,abramova_2023_biopsy__sucrose_preference_test_spt,abramova_2023_biopsy__con021__ex025__pnd80,ex025,con021,out095,No,Corrected transcription,"They had one level of exposure, and two experimental groups, female and males, and one control per group",,Blood BDNF and neuropeptide concentrations as potential biomarkers of behavioral impairments in rats with prenatal ultrasound stress experience,,Российский психиатрический журнал,,Rattus norvegicus,albino lab rat,Wistar rat,16,3 months,"early, mid, late",full_gestation,all gestation,21,Continuous,24,Expossed to continuous variable frequencies,Ultrasound,Ultrasound,50,"20,000-45,000",,Ambient sound,,"""all females with their pups were kept in individual cages under standard conditions without experimental intervention""",male,80,adult,,none,,Depression,Sucrose Preference Test (SPT),,Sucrose preference index,Index,%,Light Phase,paper Table 1,included_studies/abramova_2023_biopsy/abramova_2023_biopsy_data_calculations.xlsx,KON_m_,PS_m_,KON_PS_m_,Yes,Negative,,63.5,63.5,Reported mean; used unchanged,included_studies/abramova_2023_biopsy/abramova_2023_biopsy_data_calculations.xlsx,17.4,17.4,Reported or previously approved SD; used unchanged,included_studies/abramova_2023_biopsy/abramova_2023_biopsy_data_calculations.xlsx,9,5.8,5.8,Reported SEM; used unchanged for analysis,"included_studies/abramova_2023_biopsy/abramova_2023_biopsy_data_calculations.xlsx, Table1_Extract, source row 36",,,,,60.3,60.3,Reported mean; used unchanged,included_studies/abramova_2023_biopsy/abramova_2023_biopsy_data_calculations.xlsx,13.914,13.914,Reported or previously approved SD; used unchanged,included_studies/abramova_2023_biopsy/abramova_2023_biopsy_data_calculations.xlsx,10,4.4,4.4,Reported SEM; used unchanged for analysis,"included_studies/abramova_2023_biopsy/abramova_2023_biopsy_data_calculations.xlsx, Table1_Extract, source row 36",,,,,Mean±SEM,
abramova_2023_biopsy,es199,abramova_2023_biopsy,abramova_2023_biopsy__con022__ex026,abramova_2023_biopsy__sucrose_preference_test_spt,abramova_2023_biopsy__con022__ex026__pnd80,ex026,con022,out095,No,Corrected transcription,"They had one level of exposure, and two experimental groups, female and males, and one control per group",,Blood BDNF and neuropeptide concentrations as potential biomarkers of behavioral impairments in rats with prenatal ultrasound stress experience,,Российский психиатрический журнал,,Rattus norvegicus,albino lab rat,Wistar rat,16,3 months,"early, mid, late",full_gestation,all gestation,21,Continuous,24,Expossed to continuous variable frequencies,Ultrasound,Ultrasound,50,"20,000-45,000",,Ambient sound,,"""all females with their pups were kept in individual cages under standard conditions without experimental intervention""",female,80,adult,,none,,Depression,Sucrose Preference Test (SPT),,Sucrose preference index,Index,%,Light Phase,paper Table 1,included_studies/abramova_2023_biopsy/abramova_2023_biopsy_data_calculations.xlsx,KON_f_,PS_f_,KON_PS_f_,Yes,Negative,,62.3,62.3,Reported mean; used unchanged,included_studies/abramova_2023_biopsy/abramova_2023_biopsy_data_calculations.xlsx,21.1873,21.1873,Reported or previously approved SD; used unchanged,included_studies/abramova_2023_biopsy/abramova_2023_biopsy_data_calculations.xlsx,10,6.7,6.7,Reported SEM; used unchanged for analysis,"included_studies/abramova_2023_biopsy/abramova_2023_biopsy_data_calculations.xlsx, Table1_Extract, source row 37",,,,,83.4,83.4,Reported mean; used unchanged,included_studies/abramova_2023_biopsy/abramova_2023_biopsy_data_calculations.xlsx,11.3137,11.3137,Reported or previously approved SD; used unchanged,included_studies/abramova_2023_biopsy/abramova_2023_biopsy_data_calculations.xlsx,8,4,4,Reported SEM; used unchanged for analysis,"included_studies/abramova_2023_biopsy/abramova_2023_biopsy_data_calculations.xlsx, Table1_Extract, source row 37",,,,,Mean±SEM,
abramova_2023_biopsy,es200,abramova_2023_biopsy,abramova_2023_biopsy__con021__ex025,abramova_2023_biopsy__forced_swimming_test_fst,abramova_2023_biopsy__con021__ex025__pnd95,ex025,con021,out096,No,Analysis decision required,"They had one level of exposure, and two experimental groups, female and males, and one control per group",,Blood BDNF and neuropeptide concentrations as potential biomarkers of behavioral impairments in rats with prenatal ultrasound stress experience,,Российский психиатрический журнал,,Rattus norvegicus,albino lab rat,Wistar rat,16,3 months,"early, mid, late",full_gestation,all gestation,21,Continuous,24,Expossed to continuous variable frequencies,Ultrasound,Ultrasound,50,"20,000-45,000",,Ambient sound,,"""all females with their pups were kept in individual cages under standard conditions without experimental intervention""",male,95,adult,,none,,Depression,Forced Swimming Test (FST),,Total immobility time,Time,s,Light Phase,paper Table 1,included_studies/abramova_2023_biopsy/abramova_2023_biopsy_data_calculations.xlsx,KON_m_,PS_m_,KON_PS_m_,No,Positive,,,111.48666666666666,"Luo et al. (2018) from Q1, median, Q3 and n","included_studies/abramova_2023_biopsy/abramova_2023_biopsy_data_calculations.xlsx; reported Q1, median, Q3 and n",,54.23016970596423,"Wan et al. (2014) from Q1, Q3 and n","included_studies/abramova_2023_biopsy/abramova_2023_biopsy_data_calculations.xlsx; reported Q1, Q3 and n",9,,18.07672323532141,SE = Wan SD / sqrt(n),"included_studies/abramova_2023_biopsy/abramova_2023_biopsy_data_calculations.xlsx, Table1_Extract, source row 38",,110,81,143,,134.827,"Luo et al. (2018) from Q1, median, Q3 and n","included_studies/abramova_2023_biopsy/abramova_2023_biopsy_data_calculations.xlsx; reported Q1, median, Q3 and n",,53.32021481457131,"Wan et al. (2014) from Q1, Q3 and n","included_studies/abramova_2023_biopsy/abramova_2023_biopsy_data_calculations.xlsx; reported Q1, Q3 and n",10,,16.86133241434979,SE = Wan SD / sqrt(n),"included_studies/abramova_2023_biopsy/abramova_2023_biopsy_data_calculations.xlsx, Table1_Extract, source row 38",,140,102,164,estimated from Median(Q1;Q3),
abramova_2023_biopsy,es201,abramova_2023_biopsy,abramova_2023_biopsy__con022__ex026,abramova_2023_biopsy__forced_swimming_test_fst,abramova_2023_biopsy__con022__ex026__pnd95,ex026,con022,out096,No,Analysis decision required,"They had one level of exposure, and two experimental groups, female and males, and one control per group",,Blood BDNF and neuropeptide concentrations as potential biomarkers of behavioral impairments in rats with prenatal ultrasound stress experience,,Российский психиатрический журнал,,Rattus norvegicus,albino lab rat,Wistar rat,16,3 months,"early, mid, late",full_gestation,all gestation,21,Continuous,24,Expossed to continuous variable frequencies,Ultrasound,Ultrasound,50,"20,000-45,000",,Ambient sound,,"""all females with their pups were kept in individual cages under standard conditions without experimental intervention""",female,95,adult,,none,,Depression,Forced Swimming Test (FST),,Total immobility time,Time,s,Light Phase,paper Table 1,included_studies/abramova_2023_biopsy/abramova_2023_biopsy_data_calculations.xlsx,KON_f_,PS_f_,KON_PS_f_,No,Positive,,,64,"Luo et al. (2018) from Q1, median, Q3 and n","included_studies/abramova_2023_biopsy/abramova_2023_biopsy_data_calculations.xlsx; reported Q1, median, Q3 and n",,32.68013166054371,"Wan et al. (2014) from Q1, Q3 and n","included_studies/abramova_2023_biopsy/abramova_2023_biopsy_data_calculations.xlsx; reported Q1, Q3 and n",10,,10.334365028149872,SE = Wan SD / sqrt(n),"included_studies/abramova_2023_biopsy/abramova_2023_biopsy_data_calculations.xlsx, Table1_Extract, source row 39",,64,45,83,,98.5025,"Luo et al. (2018) from Q1, median, Q3 and n","included_studies/abramova_2023_biopsy/abramova_2023_biopsy_data_calculations.xlsx; reported Q1, median, Q3 and n",,19.65716916872465,"Wan et al. (2014) from Q1, Q3 and n","included_studies/abramova_2023_biopsy/abramova_2023_biopsy_data_calculations.xlsx; reported Q1, Q3 and n",8,,6.949858809068164,SE = Wan SD / sqrt(n),"included_studies/abramova_2023_biopsy/abramova_2023_biopsy_data_calculations.xlsx, Table1_Extract, source row 39",,100,87,109,estimated from Median(Q1;Q3),
abramova_2023_biopsy,es202,abramova_2023_biopsy,abramova_2023_biopsy__con021__ex025,abramova_2023_biopsy__forced_swimming_test_fst,abramova_2023_biopsy__con021__ex025__pnd95,ex025,con021,out097,No,Corrected transcription,"They had one level of exposure, and two experimental groups, female and males, and one control per group",,Blood BDNF and neuropeptide concentrations as potential biomarkers of behavioral impairments in rats with prenatal ultrasound stress experience,,Российский психиатрический журнал,,Rattus norvegicus,albino lab rat,Wistar rat,16,3 months,"early, mid, late",full_gestation,all gestation,21,Continuous,24,Expossed to continuous variable frequencies,Ultrasound,Ultrasound,50,"20,000-45,000",,Ambient sound,,"""all females with their pups were kept in individual cages under standard conditions without experimental intervention""",male,95,adult,,none,,Depression,Forced Swimming Test (FST),,Total passive swimming,Time,s,Light Phase,paper Table 1,included_studies/abramova_2023_biopsy/abramova_2023_biopsy_data_calculations.xlsx,KON_m_,PS_m_,KON_PS_m_,No,Positive,,202,202,Reported mean; used unchanged,included_studies/abramova_2023_biopsy/abramova_2023_biopsy_data_calculations.xlsx,39,39,Reported or previously approved SD; used unchanged,included_studies/abramova_2023_biopsy/abramova_2023_biopsy_data_calculations.xlsx,9,13,13,Reported SEM; used unchanged for analysis,"included_studies/abramova_2023_biopsy/abramova_2023_biopsy_data_calculations.xlsx, Table1_Extract, source row 40",,,,,201,201,Reported mean; used unchanged,included_studies/abramova_2023_biopsy/abramova_2023_biopsy_data_calculations.xlsx,34.7851,34.7851,Reported or previously approved SD; used unchanged,included_studies/abramova_2023_biopsy/abramova_2023_biopsy_data_calculations.xlsx,10,11,11,Reported SEM; used unchanged for analysis,"included_studies/abramova_2023_biopsy/abramova_2023_biopsy_data_calculations.xlsx, Table1_Extract, source row 40",,,,,Mean±SEM,
abramova_2023_biopsy,es203,abramova_2023_biopsy,abramova_2023_biopsy__con022__ex026,abramova_2023_biopsy__forced_swimming_test_fst,abramova_2023_biopsy__con022__ex026__pnd95,ex026,con022,out097,No,Corrected transcription,"They had one level of exposure, and two experimental groups, female and males, and one control per group",,Blood BDNF and neuropeptide concentrations as potential biomarkers of behavioral impairments in rats with prenatal ultrasound stress experience,,Российский психиатрический журнал,,Rattus norvegicus,albino lab rat,Wistar rat,16,3 months,"early, mid, late",full_gestation,all gestation,21,Continuous,24,Expossed to continuous variable frequencies,Ultrasound,Ultrasound,50,"20,000-45,000",,Ambient sound,,"""all females with their pups were kept in individual cages under standard conditions without experimental intervention""",female,95,adult,,none,,Depression,Forced Swimming Test (FST),,Total passive swimming,Time,s,Light Phase,paper Table 1,included_studies/abramova_2023_biopsy/abramova_2023_biopsy_data_calculations.xlsx,KON_f_,PS_f_,KON_PS_f_,No,Positive,,223,223,Reported mean; used unchanged,included_studies/abramova_2023_biopsy/abramova_2023_biopsy_data_calculations.xlsx,82.2192,82.2192,Reported or previously approved SD; used unchanged,included_studies/abramova_2023_biopsy/abramova_2023_biopsy_data_calculations.xlsx,10,26,26,Reported SEM; used unchanged for analysis,"included_studies/abramova_2023_biopsy/abramova_2023_biopsy_data_calculations.xlsx, Table1_Extract, source row 41",,,,,228,228,Reported mean; used unchanged,included_studies/abramova_2023_biopsy/abramova_2023_biopsy_data_calculations.xlsx,22.6274,22.6274,Reported or previously approved SD; used unchanged,included_studies/abramova_2023_biopsy/abramova_2023_biopsy_data_calculations.xlsx,8,8,8,Reported SEM; used unchanged for analysis,"included_studies/abramova_2023_biopsy/abramova_2023_biopsy_data_calculations.xlsx, Table1_Extract, source row 41",,,,,Mean±SEM,
abramova_2023_biopsy,es204,abramova_2023_biopsy,abramova_2023_biopsy__con021__ex025,abramova_2023_biopsy__forced_swimming_test_fst,abramova_2023_biopsy__con021__ex025__pnd95,ex025,con021,out098,No,Corrected transcription,"They had one level of exposure, and two experimental groups, female and males, and one control per group",,Blood BDNF and neuropeptide concentrations as potential biomarkers of behavioral impairments in rats with prenatal ultrasound stress experience,,Российский психиатрический журнал,,Rattus norvegicus,albino lab rat,Wistar rat,16,3 months,"early, mid, late",full_gestation,all gestation,21,Continuous,24,Expossed to continuous variable frequencies,Ultrasound,Ultrasound,50,"20,000-45,000",,Ambient sound,,"""all females with their pups were kept in individual cages under standard conditions without experimental intervention""",male,95,adult,,none,,Depression,Forced Swimming Test (FST),,Total active swimming,Time,s,Light Phase,paper Table 1,included_studies/abramova_2023_biopsy/abramova_2023_biopsy_data_calculations.xlsx,KON_m_,PS_m_,KON_PS_m_,Yes,Negative,,43,43,Reported mean; used unchanged,included_studies/abramova_2023_biopsy/abramova_2023_biopsy_data_calculations.xlsx,21,21,Reported or previously approved SD; used unchanged,included_studies/abramova_2023_biopsy/abramova_2023_biopsy_data_calculations.xlsx,9,7,7,Reported SEM; used unchanged for analysis,"included_studies/abramova_2023_biopsy/abramova_2023_biopsy_data_calculations.xlsx, Table1_Extract, source row 42",,,,,22,22,Reported mean; used unchanged,included_studies/abramova_2023_biopsy/abramova_2023_biopsy_data_calculations.xlsx,15.8114,15.8114,Reported or previously approved SD; used unchanged,included_studies/abramova_2023_biopsy/abramova_2023_biopsy_data_calculations.xlsx,10,5,5,Reported SEM; used unchanged for analysis,"included_studies/abramova_2023_biopsy/abramova_2023_biopsy_data_calculations.xlsx, Table1_Extract, source row 42",,,,,Mean±SEM,
abramova_2023_biopsy,es205,abramova_2023_biopsy,abramova_2023_biopsy__con022__ex026,abramova_2023_biopsy__forced_swimming_test_fst,abramova_2023_biopsy__con022__ex026__pnd95,ex026,con022,out098,No,Corrected transcription,"They had one level of exposure, and two experimental groups, female and males, and one control per group",,Blood BDNF and neuropeptide concentrations as potential biomarkers of behavioral impairments in rats with prenatal ultrasound stress experience,,Российский психиатрический журнал,,Rattus norvegicus,albino lab rat,Wistar rat,16,3 months,"early, mid, late",full_gestation,all gestation,21,Continuous,24,Expossed to continuous variable frequencies,Ultrasound,Ultrasound,50,"20,000-45,000",,Ambient sound,,"""all females with their pups were kept in individual cages under standard conditions without experimental intervention""",female,95,adult,,none,,Depression,Forced Swimming Test (FST),,Total active swimming,Time,s,Light Phase,paper Table 1,included_studies/abramova_2023_biopsy/abramova_2023_biopsy_data_calculations.xlsx,KON_f_,PS_f_,KON_PS_f_,Yes,Negative,,47,47,Reported mean; used unchanged,included_studies/abramova_2023_biopsy/abramova_2023_biopsy_data_calculations.xlsx,25.2982,25.2982,Reported or previously approved SD; used unchanged,included_studies/abramova_2023_biopsy/abramova_2023_biopsy_data_calculations.xlsx,10,8,8,Reported SEM; used unchanged for analysis,"included_studies/abramova_2023_biopsy/abramova_2023_biopsy_data_calculations.xlsx, Table1_Extract, source row 43",,,,,36,36,Reported mean; used unchanged,included_studies/abramova_2023_biopsy/abramova_2023_biopsy_data_calculations.xlsx,19.799,19.799,Reported or previously approved SD; used unchanged,included_studies/abramova_2023_biopsy/abramova_2023_biopsy_data_calculations.xlsx,8,7,7,Reported SEM; used unchanged for analysis,"included_studies/abramova_2023_biopsy/abramova_2023_biopsy_data_calculations.xlsx, Table1_Extract, source row 43",,,,,Mean±SEM,
abramova_2023_biopsy,es206,abramova_2023_biopsy,abramova_2023_biopsy__con021__ex025,abramova_2023_biopsy__forced_swimming_test_fst,abramova_2023_biopsy__con021__ex025__pnd95,ex025,con021,out099,No,Analysis decision required,"They had one level of exposure, and two experimental groups, female and males, and one control per group",,Blood BDNF and neuropeptide concentrations as potential biomarkers of behavioral impairments in rats with prenatal ultrasound stress experience,,Российский психиатрический журнал,,Rattus norvegicus,albino lab rat,Wistar rat,16,3 months,"early, mid, late",full_gestation,all gestation,21,Continuous,24,Expossed to continuous variable frequencies,Ultrasound,Ultrasound,50,"20,000-45,000",,Ambient sound,,"""all females with their pups were kept in individual cages under standard conditions without experimental intervention""",male,95,adult,,none,,Depression,Forced Swimming Test (FST),,Number of dives,Count,Count,Light Phase,paper Table 1,included_studies/abramova_2023_biopsy/abramova_2023_biopsy_data_calculations.xlsx,KON_m_,PS_m_,KON_PS_m_,Yes,Negative,,,1.7433333333333332,"Luo et al. (2018) from Q1, median, Q3 and n","included_studies/abramova_2023_biopsy/abramova_2023_biopsy_data_calculations.xlsx; reported Q1, median, Q3 and n",,3.4987206261912402,"Wan et al. (2014) from Q1, Q3 and n","included_studies/abramova_2023_biopsy/abramova_2023_biopsy_data_calculations.xlsx; reported Q1, Q3 and n",9,,1.1662402087304133,SE = Wan SD / sqrt(n),"included_studies/abramova_2023_biopsy/abramova_2023_biopsy_data_calculations.xlsx, Table1_Extract, source row 44",,1,0,4,,2.88915,"Luo et al. (2018) from Q1, median, Q3 and n","included_studies/abramova_2023_biopsy/abramova_2023_biopsy_data_calculations.xlsx; reported Q1, median, Q3 and n",,3.182012819579256,"Wan et al. (2014) from Q1, Q3 and n","included_studies/abramova_2023_biopsy/abramova_2023_biopsy_data_calculations.xlsx; reported Q1, Q3 and n",10,,1.0062408053724876,SE = Wan SD / sqrt(n),"included_studies/abramova_2023_biopsy/abramova_2023_biopsy_data_calculations.xlsx, Table1_Extract, source row 44",,3,1,4.7,estimated from Median(Q1;Q3),
abramova_2023_biopsy,es207,abramova_2023_biopsy,abramova_2023_biopsy__con022__ex026,abramova_2023_biopsy__forced_swimming_test_fst,abramova_2023_biopsy__con022__ex026__pnd95,ex026,con022,out099,No,Analysis decision required,"They had one level of exposure, and two experimental groups, female and males, and one control per group",,Blood BDNF and neuropeptide concentrations as potential biomarkers of behavioral impairments in rats with prenatal ultrasound stress experience,,Российский психиатрический журнал,,Rattus norvegicus,albino lab rat,Wistar rat,16,3 months,"early, mid, late",full_gestation,all gestation,21,Continuous,24,Expossed to continuous variable frequencies,Ultrasound,Ultrasound,50,"20,000-45,000",,Ambient sound,,"""all females with their pups were kept in individual cages under standard conditions without experimental intervention""",female,95,adult,,none,,Depression,Forced Swimming Test (FST),,Number of dives,Count,Count,Light Phase,paper Table 1,included_studies/abramova_2023_biopsy/abramova_2023_biopsy_data_calculations.xlsx,KON_f_,PS_f_,KON_PS_f_,Yes,Negative,,,0.3695,"Luo et al. (2018) from Q1, median, Q3 and n","included_studies/abramova_2023_biopsy/abramova_2023_biopsy_data_calculations.xlsx; reported Q1, median, Q3 and n",,0.8600034647511502,"Wan et al. (2014) from Q1, Q3 and n","included_studies/abramova_2023_biopsy/abramova_2023_biopsy_data_calculations.xlsx; reported Q1, Q3 and n",10,,0.2719569744249966,SE = Wan SD / sqrt(n),"included_studies/abramova_2023_biopsy/abramova_2023_biopsy_data_calculations.xlsx, Table1_Extract, source row 45",,0,0,1,,1,"Luo et al. (2018) from Q1, median, Q3 and n","included_studies/abramova_2023_biopsy/abramova_2023_biopsy_data_calculations.xlsx; reported Q1, median, Q3 and n",,1.787015378974968,"Wan et al. (2014) from Q1, Q3 and n","included_studies/abramova_2023_biopsy/abramova_2023_biopsy_data_calculations.xlsx; reported Q1, Q3 and n",8,,0.631805346278924,SE = Wan SD / sqrt(n),"included_studies/abramova_2023_biopsy/abramova_2023_biopsy_data_calculations.xlsx, Table1_Extract, source row 45",,1,0,2,estimated from Median(Q1;Q3),
