study_id,es_id,ex_id,con_id,out_id,shared_control,data_status,id_notes,outcome_id_notes,title,doi,publish_in,study_notes,sp_latin,sp_common,strain,dam_age,dam_age_notes,gest_stage_ex,gest_window,gest_stage_ex_notes,exposure_span_d,exposure_type,exposure_session_duration_h,ex_session_duration_notes,noise_type,noise_type_2,loudness_dB,frequency_Hz,noise_notes,control_conditions,control_loudness,control_notes,offspring_sex,offspring_age_d,offspring_age_class,offspring_age_notes,experimental_procedures,experimental_procedures_notes,outcome_type,assay_type,assay_type_notes,measurement_variable,data_type,data_units,measurement_timing,data_source,data_file,c_a_id,ex_a_id,comparison,higher_better,effect_direction_label,higher_better_notes,c_mean,c_sd,c_n,c_se,c_se_analysis,c_se_derivation,c_se_source,c_ci,c_median,c_q1,c_q3,ex_mean,ex_sd,ex_n,ex_se,ex_se_analysis,ex_se_derivation,ex_se_source,ex_ci,ex_median,ex_q1,ex_q3,stat_comment,general_comment,stat_derivation_method,c_mean_final,c_mean_source,c_sd_final,c_sd_source,c_se_final,c_mean_pre_zero_correction,ex_mean_final,ex_mean_source,ex_sd_final,ex_sd_source,ex_se_final,ex_mean_pre_zero_correction,zero_correction_reference_mean,zero_correction_primary_09,c_mean_exact_zero,ex_mean_exact_zero,c_sd_zero_review,ex_sd_zero_review,frequency_min_hz,frequency_max_hz,frequency_mid_hz,frequency_format,acoustic_band_from_frequency,dam_age_weeks,dependency_cluster_id
uygur_2010_aphyhun,es001,ex001,con001,out001,Yes,Corrected transcription,One control and one treatment,Only one assay for anxiety,Effects of chronic stress on cognitive functions and anxiety related behaviors in rats,10.1556/APhysiol.97.2010.3.6,Acta Physiologica Hungarica,,Rattus norvegicus,albino rat,Sprague-Dawley,,not reported,late,late,day 14-21,8,Intermittent,0.75,45 min,White noise,Audible,100,,,Unclear,,"They carried the cages to the other room too, but without any noise exposure",male,70,adolescent,70 days of age,none,,Anxiety,Defensive withdrawal test (DWT),Latency to exit the dark box with all four paws for the first time,Latency to exit the dark box,Time,s,Light Phase,Table II,uygur_2010_table2,CON_lat,PSN_lat,con_psn_lat,No,Positive,Not specified,90.9,,10,58.69,58.69,Reported SEM; used unchanged for analysis,author_reported_se_se_reported,,,,,137,,9,66.9,66.9,Reported SEM; used unchanged for analysis,author_reported_se_se_reported,,,,,,,author_reported_se,90.9,author_reported_se,185.5940758752822,author_reported_se_sd_from_se_times_sqrt_n,58.69,90.9,137,author_reported_se,200.70000000000002,author_reported_se_sd_from_se_times_sqrt_n,66.9,137,90.9,81.81,FALSE,FALSE,FALSE,FALSE,,,,not_reported,not_reported,,con001
uygur_2010_aphyhun,es002,ex001,con001,out002,Yes,Corrected transcription,One control and one treatment,Only one assay for anxiety,Effects of chronic stress on cognitive functions and anxiety related behaviors in rats,10.1556/APhysiol.97.2010.3.6,Acta Physiologica Hungarica,,Rattus norvegicus,albino rat,Sprague-Dawley,,not reported,late,late,day 14-21,8,Intermittent,0.75,45 min,White noise,Audible,100,,,Unclear,,"They carried the cages to the other room too, but without any noise exposure",male,70,adolescent,70 days of age,none,,Anxiety,Defensive withdrawal test (DWT),,Exits from dark box,Count,Count,Light Phase,Table II,uygur_2010_table2,CON_ex,PSN_ex,con_psn_ex,Yes,Negative,Not specified,4.3,,10,0.82,0.82,Reported SEM; used unchanged for analysis,author_reported_se_se_reported,,,,,3.67,,9,0.73,0.73,Reported SEM; used unchanged for analysis,author_reported_se_se_reported,,,,,,,author_reported_se,4.3,author_reported_se,2.593067681338071,author_reported_se_sd_from_se_times_sqrt_n,0.82,4.3,3.67,author_reported_se,2.19,author_reported_se_sd_from_se_times_sqrt_n,0.73,3.67,3.67,3.303,FALSE,FALSE,FALSE,FALSE,,,,not_reported,not_reported,,con001
uygur_2010_aphyhun,es003,ex001,con001,out003,Yes,Corrected transcription,One control and one treatment,Only one assay for anxiety,Effects of chronic stress on cognitive functions and anxiety related behaviors in rats,10.1556/APhysiol.97.2010.3.6,Acta Physiologica Hungarica,,Rattus norvegicus,albino rat,Sprague-Dawley,,not reported,late,late,day 14-21,8,Intermittent,0.75,45 min,White noise,Audible,100,,,Unclear,,"They carried the cages to the other room too, but without any noise exposure",male,70,adolescent,70 days of age,none,,Anxiety,Defensive withdrawal test (DWT),,Time in open field,Time,s,Light Phase,Table II,uygur_2010_table2,CON_oat,PSN_oat,con_psn_oat,Yes,Negative,Not specified,101.74,,10,25.25,25.25,Reported SEM; used unchanged for analysis,author_reported_se_se_reported,,,,,66.67,,9,16.87,16.87,Reported SEM; used unchanged for analysis,author_reported_se_se_reported,,,,,,,author_reported_se,101.74,author_reported_se,79.84751091925158,author_reported_se_sd_from_se_times_sqrt_n,25.25,101.74,66.67,author_reported_se,50.61,author_reported_se_sd_from_se_times_sqrt_n,16.87,66.67,66.67,60.003,FALSE,FALSE,FALSE,FALSE,,,,not_reported,not_reported,,con001
barzegar_2014_hippo,es004,ex002,con002,out004,Yes,Corrected transcription,They tested 1 h daily exposure duration,Only one assay for anxiety,"Prenatal Exposure to Noise Stress: Anxiety, Impaired Spatial Memory, and Deteriorated Hippocampal Plasticity in Postnatal Life",10.1002/hipo.22363,Hippocampus,,Rattus norvegicus,brown rat,Wistar rat,,not reported,late,late,at the third trimester,7,Intermittent,1,h,White noise,Audible,95,,,Unclear,,Control pregnant animals was kept in the noise chamber for the same period of time without noise exposure,male,46,adolescent,42-50 daysof age,none,,Anxiety,Elevated Plus Maze (EPM),"Evaluated spatial anxiety in rats. As a convention, an entry was defined as having all four paws in the arm.",Entries into open arms (OAE),Percentage,%,Not Reported,Figure 2A,barzegar_2014_figure2a.png,CON_oae,N1_oae,con_n1_oae,Yes,Negative,Not specified,32.07,10.96,10,3.47,3.47,Digitised reported SEM; used unchanged for analysis,digitised_se_metadigitise_se_reported,,,,,33.93,19.61,10,6.2,6.2,Digitised reported SEM; used unchanged for analysis,digitised_se_metadigitise_se_reported,,,,,,,digitised_se_metadigitise,32.07,digitised_se_metadigitise,10.96,digitised_se_metadigitise,3.47,32.07,33.93,digitised_se_metadigitise,19.61,digitised_se_metadigitise,6.2,33.93,14.27,12.843,FALSE,FALSE,FALSE,FALSE,,,,not_reported,not_reported,,con002
barzegar_2014_hippo,es005,ex002,con002,out005,Yes,Corrected transcription,They tested 1 h daily exposure duration,Only one assay for anxiety,"Prenatal Exposure to Noise Stress: Anxiety, Impaired Spatial Memory, and Deteriorated Hippocampal Plasticity in Postnatal Life",10.1002/hipo.22363,Hippocampus,,Rattus norvegicus,brown rat,Wistar rat,,not reported,late,late,at the third trimester,7,Intermittent,1,h,White noise,Audible,95,,,Unclear,,Control pregnant animals was kept in the noise chamber for the same period of time without noise exposure,male,46,adolescent,42-50 daysof age,none,,Anxiety,Elevated Plus Maze (EPM),Evaluated spatial anxiety in rats,Time in open arms (OAT),Percentage,%,Not Reported,Figure 2B,barzegar_2014_figure2b.png,CON_oat,N1_oat,con_n1_oat,Yes,Negative,Not specified,30.02,6.41,10,2.03,2.03,Digitised reported SEM; used unchanged for analysis,digitised_se_metadigitise_se_reported,,,,,30.78,4.33,10,1.37,1.37,Digitised reported SEM; used unchanged for analysis,digitised_se_metadigitise_se_reported,,,,,,,digitised_se_metadigitise,30.02,digitised_se_metadigitise,6.41,digitised_se_metadigitise,2.03,30.02,30.78,digitised_se_metadigitise,4.33,digitised_se_metadigitise,1.37,30.78,16.92,15.228000000000002,FALSE,FALSE,FALSE,FALSE,,,,not_reported,not_reported,,con002
barzegar_2014_hippo,es006,ex003,con002,out004,Yes,Corrected transcription,They tested 2 h daily exposure duration,Only one assay for anxiety,"Prenatal Exposure to Noise Stress: Anxiety, Impaired Spatial Memory, and Deteriorated Hippocampal Plasticity in Postnatal Life",10.1002/hipo.22363,Hippocampus,,Rattus norvegicus,brown rat,Wistar rat,,not reported,late,late,at the third trimester,7,Intermittent,2,h,White noise,Audible,95,,,Unclear,,Control pregnant animals was kept in the noise chamber for the same period of time without noise exposure,male,46,adolescent,42-50 daysof age,none,,Anxiety,Elevated Plus Maze (EPM),Evaluated spatial anxiety in rats,Entries into open arms (OAE),Percentage,%,Not Reported,Figure 2A,barzegar_2014_figure2a.png,CON_oae,N2_oae,con_n2_oae,Yes,Negative,Not specified,32.07,10.96,10,3.47,3.47,Digitised reported SEM; used unchanged for analysis,digitised_se_metadigitise_se_reported,,,,,14.27,8.43,10,2.666667,2.666667,Digitised reported SEM; used unchanged for analysis,digitised_se_metadigitise_se_reported,,,,,,,digitised_se_metadigitise,32.07,digitised_se_metadigitise,10.96,digitised_se_metadigitise,3.47,32.07,14.27,digitised_se_metadigitise,8.43,digitised_se_metadigitise,2.666667,14.27,14.27,12.843,FALSE,FALSE,FALSE,FALSE,,,,not_reported,not_reported,,con002
barzegar_2014_hippo,es007,ex003,con002,out005,Yes,Corrected transcription,They tested 2 h daily exposure duration,Only one assay for anxiety,"Prenatal Exposure to Noise Stress: Anxiety, Impaired Spatial Memory, and Deteriorated Hippocampal Plasticity in Postnatal Life",10.1002/hipo.22363,Hippocampus,,Rattus norvegicus,brown rat,Wistar rat,,not reported,late,late,at the third trimester,7,Intermittent,2,h,White noise,Audible,95,,,Unclear,,Control pregnant animals was kept in the noise chamber for the same period of time without noise exposure,male,46,adolescent,42-50 daysof age,none,,Anxiety,Elevated Plus Maze (EPM),Evaluated spatial anxiety in rats,Time in open arms (OAT),Percentage,%,Not Reported,Figure 2B,barzegar_2014_figure2b.png,CON_oat,N2_oat,con_n2_oat,Yes,Negative,Not specified,30.02,6.41,10,2.03,2.03,Digitised reported SEM; used unchanged for analysis,digitised_se_metadigitise_se_reported,,,,,21.53,5.72,10,1.81,1.81,Digitised reported SEM; used unchanged for analysis,digitised_se_metadigitise_se_reported,,,,,,,digitised_se_metadigitise,30.02,digitised_se_metadigitise,6.41,digitised_se_metadigitise,2.03,30.02,21.53,digitised_se_metadigitise,5.72,digitised_se_metadigitise,1.81,21.53,16.92,15.228000000000002,FALSE,FALSE,FALSE,FALSE,,,,not_reported,not_reported,,con002
barzegar_2014_hippo,es008,ex004,con002,out004,Yes,Corrected transcription,They tested 4 h daily exposure duration,Only one assay for anxiety,"Prenatal Exposure to Noise Stress: Anxiety, Impaired Spatial Memory, and Deteriorated Hippocampal Plasticity in Postnatal Life",10.1002/hipo.22363,Hippocampus,,Rattus norvegicus,brown rat,Wistar rat,,not reported,late,late,at the third trimester,7,Intermittent,4,h,White noise,Audible,95,,,Unclear,,Control pregnant animals was kept in the noise chamber for the same period of time without noise exposure,male,46,adolescent,42-50 daysof age,none,,Anxiety,Elevated Plus Maze (EPM),Evaluated spatial anxiety in rats,Entries into open arms (OAE),Percentage,%,Not Reported,Figure 2A,barzegar_2014_figure2a.png,CON_oae,N4_oae,con_n4_oae,Yes,Negative,Not specified,32.07,10.96,10,3.47,3.47,Digitised reported SEM; used unchanged for analysis,digitised_se_metadigitise_se_reported,,,,,15.33,8.85,10,2.8,2.8,Digitised reported SEM; used unchanged for analysis,digitised_se_metadigitise_se_reported,,,,,,,digitised_se_metadigitise,32.07,digitised_se_metadigitise,10.96,digitised_se_metadigitise,3.47,32.07,15.33,digitised_se_metadigitise,8.85,digitised_se_metadigitise,2.8,15.33,14.27,12.843,FALSE,FALSE,FALSE,FALSE,,,,not_reported,not_reported,,con002
barzegar_2014_hippo,es009,ex004,con002,out005,Yes,Corrected transcription,They tested 4 h daily exposure duration,Only one assay for anxiety,"Prenatal Exposure to Noise Stress: Anxiety, Impaired Spatial Memory, and Deteriorated Hippocampal Plasticity in Postnatal Life",10.1002/hipo.22363,Hippocampus,,Rattus norvegicus,brown rat,Wistar rat,,not reported,late,late,at the third trimester,7,Intermittent,4,h,White noise,Audible,95,,,Unclear,,Control pregnant animals was kept in the noise chamber for the same period of time without noise exposure,male,46,adolescent,42-50 daysof age,none,,Anxiety,Elevated Plus Maze (EPM),Evaluated spatial anxiety in rats,Time in open arms (OAT),Percentage,%,Not Reported,Figure 2B,barzegar_2014_figure2b.png,CON_oat,N4_oat,con_n4_oat,Yes,Negative,Not specified,30.02,6.41,10,2.03,2.03,Digitised reported SEM; used unchanged for analysis,digitised_se_metadigitise_se_reported,,,,,16.92,8.31,10,2.63,2.63,Digitised reported SEM; used unchanged for analysis,digitised_se_metadigitise_se_reported,,,,,,,digitised_se_metadigitise,30.02,digitised_se_metadigitise,6.41,digitised_se_metadigitise,2.03,30.02,16.92,digitised_se_metadigitise,8.31,digitised_se_metadigitise,2.63,16.92,16.92,15.228000000000002,FALSE,FALSE,FALSE,FALSE,,,,not_reported,not_reported,,con002
hassanvand_2012_phyphar,es010,ex005,con003,out006,Yes,Verified no change,Only one experiment,Only one assay,Alterations in dopamine related behavior of the offspring of pregnant Wistar rats exposed to noise pollution stress,,Physiology and Pharmacology,,Rattus norvegicus,brown rat,Wistar rat,,not reported 200g,"early, mid",early_mid,day 1-14,14,Intermittent,0.083,15 min,Traffic,Audible,125,,,Unclear,,"Environment without noise""محیط بی سر و صدا""",male,90,adult,3 months,none,They used a car alarm,Anxiety,Open Field Test (OFT),Locomotor and exploratory behaviour,Sniffing,Count,Count,Not Reported,Figure 2,hassanvand_2012_phyphar_Figure2,Control_sniff,Expn_sniff,control_exp_sniff,Yes,Negative,Not specified,41.568,2.7625,6,,1.127786,SD / sqrt(n); derived for analysis from the extracted SD and sample size,se_from_reported_sd_se_computed_sd_over_sqrt_n,,,,,35.5825,2.916,6,,1.190452,SD / sqrt(n); derived for analysis from the extracted SD and sample size,se_from_reported_sd_se_computed_sd_over_sqrt_n,,,,,,"non-English language, native speaker crossed-checked | Article URL: http://ppj.phypha.ir/article-1-805-en.html",se_from_reported_sd,41.568,se_from_reported_sd,2.7625,se_from_reported_sd,1.1277859024064218,41.568,35.5825,se_from_reported_sd,2.916,se_from_reported_sd,1.1904520149926245,35.5825,35.5825,32.02425,FALSE,FALSE,FALSE,FALSE,,,,not_reported,not_reported,,con003
hassanvand_2012_phyphar,es011,ex005,con003,out007,Yes,Verified no change,Only one experiment,Only one assay,Alterations in dopamine related behavior of the offspring of pregnant Wistar rats exposed to noise pollution stress,,Physiology and Pharmacology,,Rattus norvegicus,brown rat,Wistar rat,,not reported 200g,"early, mid",early_mid,day 1-14,14,Intermittent,0.083,15 min,Traffic,Audible,125,,,Unclear,,"Environment without noise""محیط بی سر و صدا""",male,90,adult,3 months,none,They used a car alarm,Anxiety,Open Field Test (OFT),Locomotor and exploratory behaviour,Rearing frequency,Count,Count,Not Reported,Figure 2,hassanvand_2012_phyphar_Figure2,Control_rear,Exp_rear,control_exp_rear,Yes,Negative,Not specified,13.943,1.8417,6,,0.751871,SD / sqrt(n); derived for analysis from the extracted SD and sample size,se_from_reported_sd_se_computed_sd_over_sqrt_n,,,,,20.6957,2.4556,6,,1.002495,SD / sqrt(n); derived for analysis from the extracted SD and sample size,se_from_reported_sd_se_computed_sd_over_sqrt_n,,,,,,"non-English language, native speaker crossed-checked | Article URL: http://ppj.phypha.ir/article-1-805-en.html",se_from_reported_sd,13.943,se_from_reported_sd,1.8417,se_from_reported_sd,0.7518708765472966,13.943,20.6957,se_from_reported_sd,2.4556,se_from_reported_sd,1.002494502063062,20.6957,4.3889,3.95001,FALSE,FALSE,FALSE,FALSE,,,,not_reported,not_reported,,con003
hassanvand_2012_phyphar,es012,ex005,con003,out008,Yes,Verified no change,Only one experiment,Only one assay,Alterations in dopamine related behavior of the offspring of pregnant Wistar rats exposed to noise pollution stress,,Physiology and Pharmacology,,Rattus norvegicus,brown rat,Wistar rat,,not reported 200g,"early, mid",early_mid,day 1-14,14,Intermittent,0.083,15 min,Traffic,Audible,125,,,Unclear,,"Environment without noise""محیط بی سر و صدا""",male,90,adult,3 months,none,They used a car alarm,Anxiety,Open Field Test (OFT),Locomotor and exploratory behaviour,Sections crossed,Count,Count,Not Reported,Figure 2,hassanvand_2012_phyphar_Figure2,Control_loco,Exp_loco,control_exp_loco,Yes,Negative,Not specified,24.686,4.4507,6,,1.816991,SD / sqrt(n); derived for analysis from the extracted SD and sample size,se_from_reported_sd_se_computed_sd_over_sqrt_n,,,,,28.5228,2.609,6,,1.06512,SD / sqrt(n); derived for analysis from the extracted SD and sample size,se_from_reported_sd_se_computed_sd_over_sqrt_n,,,,,,"non-English language, native speaker crossed-checked | Article URL: http://ppj.phypha.ir/article-1-805-en.html",se_from_reported_sd,24.686,se_from_reported_sd,4.4507,se_from_reported_sd,1.8169906663675155,24.686,28.5228,se_from_reported_sd,2.609,se_from_reported_sd,1.0651197898202187,28.5228,6.4,5.760000000000001,FALSE,FALSE,FALSE,FALSE,,,,not_reported,not_reported,,con003
arjunan_2023_stress,es013,ex006,con004,out009,Yes,Corrected transcription,"3 experimental groups: Early gestational, late gestational and full-term gestational",,Impacts of Maternal Noise Exposure on Risk of Stillbirth and Oxidative Stress-Induced Neurobehavioral Changes in Offspring,10.3390/stresses3030037,Stresses,,Rattus norvegicus,albino rat,Wistar rat,,not reported 160-180g,"early, mid",early_mid,day 1-10,10,Intermittent,4,h,White noise,Audible,100,"0-20,000",,Unclear,,,male,45,adolescent,,none,,Anxiety,Open Field Test (OFT),locomotion and emotional status,Time in central square,Time,s,Not Reported,Figure 3B,arjunan_2023_stress_fig3B_cen,Con_cen,Egs_cen,con_egs_cen,Yes,Negative,reduced time spent in the central square indicated the fear and anxiety-like behavior,225.39,25.92,6,,10.581796,SD / sqrt(n); derived for analysis from the extracted SD and sample size,se_from_reported_sd_se_computed_sd_over_sqrt_n,,,,,160.21,18.85,6,,7.69548,SD / sqrt(n); derived for analysis from the extracted SD and sample size,se_from_reported_sd_se_computed_sd_over_sqrt_n,,,,,,,se_from_reported_sd,225.39,se_from_reported_sd,25.92,se_from_reported_sd,10.58179568882333,225.39,160.21,se_from_reported_sd,18.85,se_from_reported_sd,7.695480275243819,160.21,0.18,0.162,FALSE,FALSE,FALSE,FALSE,0,20000,10000,range,audible,,con004
arjunan_2023_stress,es014,ex006,con004,out010,Yes,Corrected transcription,"3 experimental groups: Early gestational, late gestational and full-term gestational",,Impacts of Maternal Noise Exposure on Risk of Stillbirth and Oxidative Stress-Induced Neurobehavioral Changes in Offspring,10.3390/stresses3030037,Stresses,,Rattus norvegicus,albino rat,Wistar rat,,not reported 160-180g,"early, mid",early_mid,day 1-10,10,Intermittent,4,h,White noise,Audible,100,"0-20,000",,Unclear,,,male,45,adolescent,,none,,Anxiety,Open Field Test (OFT),locomotion and emotional status,Time in peripheral square,Time,s,Not Reported,Figure 3B,arjunan_2023_stress_fig3B_peri.png,Con_per,Egs_per,con_egs_per,No,Positive,reduced time spent in the central square indicated the fear and anxiety-like behavior,71.74,28.21,6,,11.516684,SD / sqrt(n); derived for analysis from the extracted SD and sample size,se_from_reported_sd_se_computed_sd_over_sqrt_n,,,,,132.86,19.48,6,,7.952677,SD / sqrt(n); derived for analysis from the extracted SD and sample size,se_from_reported_sd_se_computed_sd_over_sqrt_n,,,,,,,se_from_reported_sd,71.74,se_from_reported_sd,28.21,se_from_reported_sd,11.516684273985577,71.74,132.86,se_from_reported_sd,19.48,se_from_reported_sd,7.952676698236052,132.86,71.74,64.566,FALSE,FALSE,FALSE,FALSE,0,20000,10000,range,audible,,con004
arjunan_2023_stress,es015,ex007,con004,out009,Yes,Corrected transcription,"3 experimental groups: Early gestational, late gestational and full-term gestational",,Impacts of Maternal Noise Exposure on Risk of Stillbirth and Oxidative Stress-Induced Neurobehavioral Changes in Offspring,10.3390/stresses3030037,Stresses,,Rattus norvegicus,albino rat,Wistar rat,,not reported 160-180g,late,late,day 11-21,11,Intermittent,4,h,White noise,Audible,100,"0-20,000",,Unclear,,,male,45,adolescent,,none,,Anxiety,Open Field Test (OFT),locomotion and emotional status,Time in central square,Time,s,Not Reported,Figure 3B,arjunan_2023_stress_fig3B_cen,Con_cen,Lgs_cen,con_lgs_cen,Yes,Negative,reduced time spent in the central square indicated the fear and anxiety-like behavior,225.39,25.92,6,,10.581796,SD / sqrt(n); derived for analysis from the extracted SD and sample size,se_from_reported_sd_se_computed_sd_over_sqrt_n,,,,,124.08,11.78,6,,4.809165,SD / sqrt(n); derived for analysis from the extracted SD and sample size,se_from_reported_sd_se_computed_sd_over_sqrt_n,,,,,,,se_from_reported_sd,225.39,se_from_reported_sd,25.92,se_from_reported_sd,10.58179568882333,225.39,124.08,se_from_reported_sd,11.78,se_from_reported_sd,4.809164861664306,124.08,0.18,0.162,FALSE,FALSE,FALSE,FALSE,0,20000,10000,range,audible,,con004
arjunan_2023_stress,es016,ex007,con004,out010,Yes,Corrected transcription,"3 experimental groups: Early gestational, late gestational and full-term gestational",,Impacts of Maternal Noise Exposure on Risk of Stillbirth and Oxidative Stress-Induced Neurobehavioral Changes in Offspring,10.3390/stresses3030037,Stresses,,Rattus norvegicus,albino rat,Wistar rat,,not reported 160-180g,late,late,day 11-21,11,Intermittent,4,h,White noise,Audible,100,"0-20,000",,Unclear,,,male,45,adolescent,,none,,Anxiety,Open Field Test (OFT),locomotion and emotional status,Time in peripheral square,Time,s,Not Reported,Figure 3B,arjunan_2023_stress_fig3B_peri.png,Con_per,Lgs_per,con_lgs_per,No,Positive,reduced time spent in the central square indicated the fear and anxiety-like behavior,71.74,28.21,6,,11.516684,SD / sqrt(n); derived for analysis from the extracted SD and sample size,se_from_reported_sd_se_computed_sd_over_sqrt_n,,,,,170.48,10.75,6,,4.388669,SD / sqrt(n); derived for analysis from the extracted SD and sample size,se_from_reported_sd_se_computed_sd_over_sqrt_n,,,,,,,se_from_reported_sd,71.74,se_from_reported_sd,28.21,se_from_reported_sd,11.516684273985577,71.74,170.48,se_from_reported_sd,10.75,se_from_reported_sd,4.388669122486528,170.48,71.74,64.566,FALSE,FALSE,FALSE,FALSE,0,20000,10000,range,audible,,con004
arjunan_2023_stress,es017,ex008,con004,out009,Yes,Corrected transcription,"3 experimental groups: Early gestational, late gestational and full-term gestational",,Impacts of Maternal Noise Exposure on Risk of Stillbirth and Oxidative Stress-Induced Neurobehavioral Changes in Offspring,10.3390/stresses3030037,Stresses,,Rattus norvegicus,albino rat,Wistar rat,,not reported 160-180g,"early, mid, late",full_gestation,day 1-21,21,Intermittent,4,h,White noise,Audible,100,"0-20,000",,Unclear,,,male,45,adolescent,,none,,Anxiety,Open Field Test (OFT),locomotion and emotional status,Time in central square,Time,s,Not Reported,Figure 3B,arjunan_2023_stress_fig3B_cen,Con_cen,Fgs_cen,con_fgs_cen,Yes,Negative,reduced time spent in the central square indicated the fear and anxiety-like behavior,225.39,25.92,6,,10.581796,SD / sqrt(n); derived for analysis from the extracted SD and sample size,se_from_reported_sd_se_computed_sd_over_sqrt_n,,,,,93.46,11.78,6,,4.809165,SD / sqrt(n); derived for analysis from the extracted SD and sample size,se_from_reported_sd_se_computed_sd_over_sqrt_n,,,,,,,se_from_reported_sd,225.39,se_from_reported_sd,25.92,se_from_reported_sd,10.58179568882333,225.39,93.46,se_from_reported_sd,11.78,se_from_reported_sd,4.809164861664306,93.46,0.18,0.162,FALSE,FALSE,FALSE,FALSE,0,20000,10000,range,audible,,con004
arjunan_2023_stress,es018,ex008,con004,out010,Yes,Corrected transcription,"3 experimental groups: Early gestational, late gestational and full-term gestational",,Impacts of Maternal Noise Exposure on Risk of Stillbirth and Oxidative Stress-Induced Neurobehavioral Changes in Offspring,10.3390/stresses3030037,Stresses,,Rattus norvegicus,albino rat,Wistar rat,,not reported 160-180g,"early, mid, late",full_gestation,day 1-21,21,Intermittent,4,h,White noise,Audible,100,"0-20,000",,Unclear,,,male,45,adolescent,,none,,Anxiety,Open Field Test (OFT),locomotion and emotional status,Time in peripheral square,Time,s,Not Reported,Figure 3B,arjunan_2023_stress_fig3B_peri.png,Con_per,Fgs_per,con_fgs_per,No,Positive,reduced time spent in the central square indicated the fear and anxiety-like behavior,71.74,28.21,6,,11.516684,SD / sqrt(n); derived for analysis from the extracted SD and sample size,se_from_reported_sd_se_computed_sd_over_sqrt_n,,,,,202.72,12.09,6,,4.935722,SD / sqrt(n); derived for analysis from the extracted SD and sample size,se_from_reported_sd_se_computed_sd_over_sqrt_n,,,,,,,se_from_reported_sd,71.74,se_from_reported_sd,28.21,se_from_reported_sd,11.516684273985577,71.74,202.72,se_from_reported_sd,12.09,se_from_reported_sd,4.935721831708104,202.72,71.74,64.566,FALSE,FALSE,FALSE,FALSE,0,20000,10000,range,audible,,con004
hadizadeh_2018_irjbamedsci,es019,ex009,con005,out011,Yes,Verified no change,One control and one stress group; male offspring only,,Probiotic supplementation improves the cognitive function and the anxiety-like behaviors in the stressed rats,10.22038/ijbms.2019.33956.8078,Iranian Journal of Basic Medical Sciences,,Rattus norvegicus,brown rat,Wistar rat,,not reported,late,late,third trimester,7,Intermittent,4,h,Traffic,Audible,95,,,Unclear,,The control: kept in the noise chamber for the same period of time without noise exposure,male,45,adolescent,,The CON and ST groups received drinking water as vehicle,,Anxiety,Elevated Plus Maze (EPM),,Entries into open arms (OAE),Percentage,%,Not Reported,Figure 2A,hadizadeh_2018_irjbamedsci_fig2A,CON_en,ST_en,CON_ST_en,Yes,Negative,declined the anxiety-like behavior where the number of open arm entries increased,54.98,7.67,6,3.13,3.13,Reported SEM; used unchanged for analysis,author_reported_se_se_reported,,,,,19.51,3.07,6,1.25,1.25,Reported SEM; used unchanged for analysis,author_reported_se_se_reported,,,,,,,author_reported_se,54.98,author_reported_se,7.67,author_reported_se,3.13,54.98,19.51,author_reported_se,3.07,author_reported_se,1.25,19.51,14.27,12.843,FALSE,FALSE,FALSE,FALSE,,,,not_reported,not_reported,,con005
hadizadeh_2018_irjbamedsci,es020,ex009,con005,out012,Yes,Verified no change,One control and one stress group; male offspring only,,Probiotic supplementation improves the cognitive function and the anxiety-like behaviors in the stressed rats,10.22038/ijbms.2019.33956.8078,Iranian Journal of Basic Medical Sciences,,Rattus norvegicus,brown rat,Wistar rat,,not reported,late,late,third trimester,7,Intermittent,4,h,Traffic,Audible,95,,,Unclear,,The control: kept in the noise chamber for the same period of time without noise exposure,male,45,adolescent,,The CON and ST groups received drinking water as vehicle,,Anxiety,Elevated Plus Maze (EPM),,Time in open arms (OAT),Percentage,%,Not Reported,Figure 2B,hadizadeh_2018_irjbamedsci_fig2B,CON_ti,ST_ti,CON_ST_ti,Yes,Negative,,41.56,2.9,6,1.18,1.18,Reported SEM; used unchanged for analysis,author_reported_se_se_reported,,,,,17.52,4.35,6,1.78,1.78,Reported SEM; used unchanged for analysis,author_reported_se_se_reported,,,,,,,author_reported_se,41.56,author_reported_se,2.9,author_reported_se,1.18,41.56,17.52,author_reported_se,4.35,author_reported_se,1.78,17.52,16.92,15.228000000000002,FALSE,FALSE,FALSE,FALSE,,,,not_reported,not_reported,,con005
abramova_2024_devneur,es021,ex010,con006,out013,No,Verified no change,"one control, one treatment for females and males",,Ultrasound-Induced Prenatal Stress: New Possibilities for Modeling Mental Disorders,10.1159/000534687,Developmental Neuroscience,,Rattus norvegicus,brown rat,Wistar rat,16,3 months,"early, mid, late",full_gestation,permanently during the whole period of gestation (21 days),21,Continuous,24,Expossed to continuous variable frequencies,Ultrasound,Ultrasound,50,"20,000-45,000",,Ambient sound,,"No noise, standars housing conditions",female,70,adolescent,,none,,Anxiety,Elevated Plus Maze (EPM),They divided in two groups,Time in open arms (OAT),Time,s,Light Phase,Fig. 2. a,abramova_2024_devneur_fig2a,Con_f_oa,PS_f_oa,Con_PS_f_oa,Yes,Negative,,45.56,30.7,37,,5.047049,SD / sqrt(n); derived for analysis from the extracted SD and sample size,se_from_reported_sd_se_computed_sd_over_sqrt_n,,,,,27.88,17.52,49,,2.502857,SD / sqrt(n); derived for analysis from the extracted SD and sample size,se_from_reported_sd_se_computed_sd_over_sqrt_n,,,,,results presented as Med (Q1; Q3),,se_from_reported_sd,45.56,se_from_reported_sd,30.7,se_from_reported_sd,5.047048910274469,45.56,27.88,se_from_reported_sd,17.52,se_from_reported_sd,2.5028571428571427,27.88,25.42,22.878000000000004,FALSE,FALSE,FALSE,FALSE,20000,45000,32500,range,mixed_or_boundary,16,con006
abramova_2024_devneur,es022,ex011,con007,out013,No,Verified no change,"one control, one treatment for females and males",,Ultrasound-Induced Prenatal Stress: New Possibilities for Modeling Mental Disorders,10.1159/000534687,Developmental Neuroscience,,Rattus norvegicus,brown rat,Wistar rat,16,3 months,"early, mid, late",full_gestation,permanently during the whole period of gestation (21 days),21,Continuous,24,Expossed to continuous variable frequencies,Ultrasound,Ultrasound,50,"20,000-45,000",,Ambient sound,,"No noise, standars housing conditions",male,70,adolescent,,none,,Anxiety,Elevated Plus Maze (EPM),They divided in two groups,Time in open arms (OAT),Time,s,Light Phase,Fig. 2. a,abramova_2024_devneur_fig2a,Con_m_oa,PS_m_oa,Con_PS_m_oa,Yes,Negative,,53.82,29.51,35,,4.9881,SD / sqrt(n); derived for analysis from the extracted SD and sample size,se_from_reported_sd_se_computed_sd_over_sqrt_n,,,,,38.35,24.99,44,,3.767384,SD / sqrt(n); derived for analysis from the extracted SD and sample size,se_from_reported_sd_se_computed_sd_over_sqrt_n,,,,,results presented as Med (Q1; Q3),,se_from_reported_sd,53.82,se_from_reported_sd,29.51,se_from_reported_sd,4.988100411407705,53.82,38.35,se_from_reported_sd,24.99,se_from_reported_sd,3.7673842504991564,38.35,25.42,22.878000000000004,FALSE,FALSE,FALSE,FALSE,20000,45000,32500,range,mixed_or_boundary,16,con007
abramova_2024_devneur,es023,ex010,con006,out014,No,Verified no change,"one control, one treatment for females and males",,Ultrasound-Induced Prenatal Stress: New Possibilities for Modeling Mental Disorders,10.1159/000534687,Developmental Neuroscience,,Rattus norvegicus,brown rat,Wistar rat,16,3 months,"early, mid, late",full_gestation,permanently during the whole period of gestation (21 days),21,Continuous,24,Expossed to continuous variable frequencies,Ultrasound,Ultrasound,50,"20,000-45,000",,Ambient sound,,"No noise, standars housing conditions",female,70,adolescent,,none,,Anxiety,Elevated Plus Maze (EPM),They divided in two groups | Head-dipping,Head-dipping,Count,Count,Light Phase,Fig. 2. b,abramova_2024_devneur_fig2b,Con_f_hd,PS_f_hd,Con_PS_f_hd,Yes,Negative,,10.2,5.76,37,,0.946938,SD / sqrt(n); derived for analysis from the extracted SD and sample size,se_from_reported_sd_se_computed_sd_over_sqrt_n,,,,,4.46,3.09,49,,0.441429,SD / sqrt(n); derived for analysis from the extracted SD and sample size,se_from_reported_sd_se_computed_sd_over_sqrt_n,,,,,results presented as Med (Q1; Q3),,se_from_reported_sd,10.2,se_from_reported_sd,5.76,se_from_reported_sd,0.946938166878858,10.2,4.46,se_from_reported_sd,3.09,se_from_reported_sd,0.4414285714285714,4.46,4.46,4.014,FALSE,FALSE,FALSE,FALSE,20000,45000,32500,range,mixed_or_boundary,16,con006
abramova_2024_devneur,es024,ex011,con007,out014,No,Verified no change,"one control, one treatment for females and males",,Ultrasound-Induced Prenatal Stress: New Possibilities for Modeling Mental Disorders,10.1159/000534687,Developmental Neuroscience,,Rattus norvegicus,brown rat,Wistar rat,16,3 months,"early, mid, late",full_gestation,permanently during the whole period of gestation (21 days),21,Continuous,24,Expossed to continuous variable frequencies,Ultrasound,Ultrasound,50,"20,000-45,000",,Ambient sound,,"No noise, standars housing conditions",male,70,adolescent,,none,,Anxiety,Elevated Plus Maze (EPM),They divided in two groups | Head-dipping,Head-dipping,Count,Count,Light Phase,Fig. 2. b,abramova_2024_devneur_fig2b,Con_m_hd,PS_m_hd,Con_PS_m_hd,Yes,Negative,,11.55,6.92,35,,1.169693,SD / sqrt(n); derived for analysis from the extracted SD and sample size,se_from_reported_sd_se_computed_sd_over_sqrt_n,,,,,8.55,5.26,44,,0.792975,SD / sqrt(n); derived for analysis from the extracted SD and sample size,se_from_reported_sd_se_computed_sd_over_sqrt_n,,,,,results presented as Med (Q1; Q3),,se_from_reported_sd,11.55,se_from_reported_sd,6.92,se_from_reported_sd,1.169693488544267,11.55,8.55,se_from_reported_sd,5.26,se_from_reported_sd,0.7929748362395183,8.55,4.46,4.014,FALSE,FALSE,FALSE,FALSE,20000,45000,32500,range,mixed_or_boundary,16,con007
abramova_2024_devneur,es025,ex010,con006,out015,No,Verified no change,"one control, one treatment for females and males",,Ultrasound-Induced Prenatal Stress: New Possibilities for Modeling Mental Disorders,10.1159/000534687,Developmental Neuroscience,,Rattus norvegicus,brown rat,Wistar rat,16,3 months,"early, mid, late",full_gestation,permanently during the whole period of gestation (21 days),21,Continuous,24,Expossed to continuous variable frequencies,Ultrasound,Ultrasound,50,"20,000-45,000",,Ambient sound,,"No noise, standars housing conditions",female,70,adolescent,,none,,Anxiety,Elevated Plus Maze (EPM),They divided in two groups,Total freezing time,Time,s,Light Phase,Fig. 2. c,abramova_2024_devneur_fig2c,Con_f_fr,PS_f_fr,Con_PS_f_fr,No,Positive,,2.59,3.45,37,,0.567177,SD / sqrt(n); derived for analysis from the extracted SD and sample size,se_from_reported_sd_se_computed_sd_over_sqrt_n,,,,,20.84,19.55,49,,2.792857,SD / sqrt(n); derived for analysis from the extracted SD and sample size,se_from_reported_sd_se_computed_sd_over_sqrt_n,,,,,results presented as Med (Q1; Q3),,se_from_reported_sd,2.59,se_from_reported_sd,3.45,se_from_reported_sd,0.5671765062034827,2.59,20.84,se_from_reported_sd,19.55,se_from_reported_sd,2.792857142857143,20.84,1.13695,1.023255,FALSE,FALSE,FALSE,FALSE,20000,45000,32500,range,mixed_or_boundary,16,con006
abramova_2024_devneur,es026,ex011,con007,out015,No,Verified no change,"one control, one treatment for females and males",,Ultrasound-Induced Prenatal Stress: New Possibilities for Modeling Mental Disorders,10.1159/000534687,Developmental Neuroscience,,Rattus norvegicus,brown rat,Wistar rat,16,3 months,"early, mid, late",full_gestation,permanently during the whole period of gestation (21 days),21,Continuous,24,Expossed to continuous variable frequencies,Ultrasound,Ultrasound,50,"20,000-45,000",,Ambient sound,,"No noise, standars housing conditions",male,70,adolescent,,none,,Anxiety,Elevated Plus Maze (EPM),They divided in two groups,Total freezing time,Time,s,Light Phase,Fig. 2. c,abramova_2024_devneur_fig2c,Con_m_fr,PS_m_fr,Con_PS_m_fr,No,Positive,,1.23,2.02,35,,0.341442,SD / sqrt(n); derived for analysis from the extracted SD and sample size,se_from_reported_sd_se_computed_sd_over_sqrt_n,,,,,3.27,3.72,44,,0.560811,SD / sqrt(n); derived for analysis from the extracted SD and sample size,se_from_reported_sd_se_computed_sd_over_sqrt_n,,,,,results presented as Med (Q1; Q3),,se_from_reported_sd,1.23,se_from_reported_sd,2.02,se_from_reported_sd,0.3414423189103207,1.23,3.27,se_from_reported_sd,3.72,se_from_reported_sd,0.5608111009146404,3.27,1.13695,1.023255,FALSE,FALSE,FALSE,FALSE,20000,45000,32500,range,mixed_or_boundary,16,con007
abramova_2024_devneur,es027,ex010,con006,out016,No,Verified no change,"one control, one treatment for females and males",,Ultrasound-Induced Prenatal Stress: New Possibilities for Modeling Mental Disorders,10.1159/000534687,Developmental Neuroscience,,Rattus norvegicus,brown rat,Wistar rat,16,3 months,"early, mid, late",full_gestation,permanently during the whole period of gestation (21 days),21,Continuous,24,Expossed to continuous variable frequencies,Ultrasound,Ultrasound,50,"20,000-45,000",,Ambient sound,,"No noise, standars housing conditions",female,70,adolescent,,none,,Anxiety,Elevated Plus Maze (EPM),They divided in two groups,Total grooming time,Time,s,Light Phase,Fig. 2. d,abramova_2024_devneur_fig2d,Con_f_gd,PS_f_gd,Con_PS_f_gd,No,Positive,,22.57,14.12,37,,2.321314,SD / sqrt(n); derived for analysis from the extracted SD and sample size,se_from_reported_sd_se_computed_sd_over_sqrt_n,,,,,30.57,22.63,49,,3.232857,SD / sqrt(n); derived for analysis from the extracted SD and sample size,se_from_reported_sd_se_computed_sd_over_sqrt_n,,,,,results presented as Med (Q1; Q3),,se_from_reported_sd,22.57,se_from_reported_sd,14.12,se_from_reported_sd,2.321313700751645,22.57,30.57,se_from_reported_sd,22.63,se_from_reported_sd,3.2328571428571427,30.57,22.57,20.313000000000002,FALSE,FALSE,FALSE,FALSE,20000,45000,32500,range,mixed_or_boundary,16,con006
abramova_2024_devneur,es028,ex011,con007,out016,No,Verified no change,"one control, one treatment for females and males",,Ultrasound-Induced Prenatal Stress: New Possibilities for Modeling Mental Disorders,10.1159/000534687,Developmental Neuroscience,,Rattus norvegicus,brown rat,Wistar rat,16,3 months,"early, mid, late",full_gestation,permanently during the whole period of gestation (21 days),21,Continuous,24,Expossed to continuous variable frequencies,Ultrasound,Ultrasound,50,"20,000-45,000",,Ambient sound,,"No noise, standars housing conditions",male,70,adolescent,,none,,Anxiety,Elevated Plus Maze (EPM),They divided in two groups,Total grooming time,Time,s,Light Phase,Fig. 2. d,abramova_2024_devneur_fig2d,Con_m_gd,PS_m_gd,Con_PS_m_gd,No,Positive,,28.31,19.54,35,,3.302863,SD / sqrt(n); derived for analysis from the extracted SD and sample size,se_from_reported_sd_se_computed_sd_over_sqrt_n,,,,,48.4,27.76,44,,4.184977,SD / sqrt(n); derived for analysis from the extracted SD and sample size,se_from_reported_sd_se_computed_sd_over_sqrt_n,,,,,results presented as Med (Q1; Q3),,se_from_reported_sd,28.31,se_from_reported_sd,19.54,se_from_reported_sd,3.302862827479043,28.31,48.4,se_from_reported_sd,27.76,se_from_reported_sd,4.18497746273936,48.4,22.57,20.313000000000002,FALSE,FALSE,FALSE,FALSE,20000,45000,32500,range,mixed_or_boundary,16,con007
abramova_2024_devneur,es029,ex010,con006,out017,No,Verified no change,"one control, one treatment for females and males",,Ultrasound-Induced Prenatal Stress: New Possibilities for Modeling Mental Disorders,10.1159/000534687,Developmental Neuroscience,,Rattus norvegicus,brown rat,Wistar rat,16,3 months,"early, mid, late",full_gestation,permanently during the whole period of gestation (21 days),21,Continuous,24,Expossed to continuous variable frequencies,Ultrasound,Ultrasound,50,"20,000-45,000",,Ambient sound,,"No noise, standars housing conditions",female,70,adolescent,,none,,Anxiety,Elevated Plus Maze (EPM),They divided in two groups,Mean grooming duration,Time,s,Light Phase,Fig. 2. e,abramova_2024_devneur_fig2e,Con_f_mg,PS_f_mg,Con_PS_f_mg,No,Positive,,6.97,3.61,37,,0.59348,SD / sqrt(n); derived for analysis from the extracted SD and sample size,se_from_reported_sd_se_computed_sd_over_sqrt_n,,,,,7.61,4.63,49,,0.661429,SD / sqrt(n); derived for analysis from the extracted SD and sample size,se_from_reported_sd_se_computed_sd_over_sqrt_n,,,,,results presented as Med (Q1; Q3),,se_from_reported_sd,6.97,se_from_reported_sd,3.61,se_from_reported_sd,0.5934803441723399,6.97,7.61,se_from_reported_sd,4.63,se_from_reported_sd,0.6614285714285714,7.61,6.4,5.760000000000001,FALSE,FALSE,FALSE,FALSE,20000,45000,32500,range,mixed_or_boundary,16,con006
abramova_2024_devneur,es030,ex011,con007,out017,No,Verified no change,"one control, one treatment for females and males",,Ultrasound-Induced Prenatal Stress: New Possibilities for Modeling Mental Disorders,10.1159/000534687,Developmental Neuroscience,,Rattus norvegicus,brown rat,Wistar rat,16,3 months,"early, mid, late",full_gestation,permanently during the whole period of gestation (21 days),21,Continuous,24,Expossed to continuous variable frequencies,Ultrasound,Ultrasound,50,"20,000-45,000",,Ambient sound,,"No noise, standars housing conditions",male,70,adolescent,,none,,Anxiety,Elevated Plus Maze (EPM),They divided in two groups,Mean grooming duration,Time,s,Light Phase,Fig. 2. e,abramova_2024_devneur_fig2e,Con_m_mg,PS_m_mg,Con_PS_m_mg,No,Positive,,7.13,4.67,35,,0.789374,SD / sqrt(n); derived for analysis from the extracted SD and sample size,se_from_reported_sd_se_computed_sd_over_sqrt_n,,,,,12.15,7.17,44,,1.080918,SD / sqrt(n); derived for analysis from the extracted SD and sample size,se_from_reported_sd_se_computed_sd_over_sqrt_n,,,,,results presented as Med (Q1; Q3),,se_from_reported_sd,7.13,se_from_reported_sd,4.67,se_from_reported_sd,0.7893740739164344,7.13,12.15,se_from_reported_sd,7.17,se_from_reported_sd,1.0809181703112827,12.15,6.4,5.760000000000001,FALSE,FALSE,FALSE,FALSE,20000,45000,32500,range,mixed_or_boundary,16,con007
abramova_2024_devneur,es031,ex010,con006,out018,No,Verified no change,"one control, one treatment for females and males",,Ultrasound-Induced Prenatal Stress: New Possibilities for Modeling Mental Disorders,10.1159/000534687,Developmental Neuroscience,,Rattus norvegicus,brown rat,Wistar rat,16,3 months,"early, mid, late",full_gestation,permanently during the whole period of gestation (21 days),21,Continuous,24,Expossed to continuous variable frequencies,Ultrasound,Ultrasound,50,"20,000-45,000",,Ambient sound,,"No noise, standars housing conditions",female,74,adult,,none,,Anxiety,Open Field Test (OFT),They divided in two groups,Center entries (crossing),Count,Count,Light Phase,Fig. 3. a,abramova_2024_devneur_fig3a,Con_f_ce,PS_f_ce,Con_PS_f_ce,Yes,Negative,,2.46,1.21,37,,0.198923,SD / sqrt(n); derived for analysis from the extracted SD and sample size,se_from_reported_sd_se_computed_sd_over_sqrt_n,,,,,2.2,1.91,49,,0.272857,SD / sqrt(n); derived for analysis from the extracted SD and sample size,se_from_reported_sd_se_computed_sd_over_sqrt_n,,,,,results presented as Med (Q1; Q3),,se_from_reported_sd,2.46,se_from_reported_sd,1.21,se_from_reported_sd,0.19892277463948232,2.46,2.2,se_from_reported_sd,1.91,se_from_reported_sd,0.27285714285714285,2.2,0.18718749999999998,0.16846874999999997,FALSE,FALSE,FALSE,FALSE,20000,45000,32500,range,mixed_or_boundary,16,con006
abramova_2024_devneur,es032,ex011,con007,out018,No,Verified no change,"one control, one treatment for females and males",,Ultrasound-Induced Prenatal Stress: New Possibilities for Modeling Mental Disorders,10.1159/000534687,Developmental Neuroscience,,Rattus norvegicus,brown rat,Wistar rat,16,3 months,"early, mid, late",full_gestation,permanently during the whole period of gestation (21 days),21,Continuous,24,Expossed to continuous variable frequencies,Ultrasound,Ultrasound,50,"20,000-45,000",,Ambient sound,,"No noise, standars housing conditions",male,74,adult,,none,,Anxiety,Open Field Test (OFT),They divided in two groups,Center entries (crossing),Count,Count,Light Phase,Fig. 3. a,abramova_2024_devneur_fig3a,Con_m_ce,PS_m_ce,Con_PS_m_ce,Yes,Negative,,2.87,1.49,35,,0.251856,SD / sqrt(n); derived for analysis from the extracted SD and sample size,se_from_reported_sd_se_computed_sd_over_sqrt_n,,,,,1.48,1.35,44,,0.20352,SD / sqrt(n); derived for analysis from the extracted SD and sample size,se_from_reported_sd_se_computed_sd_over_sqrt_n,,,,,results presented as Med (Q1; Q3),,se_from_reported_sd,2.87,se_from_reported_sd,1.49,se_from_reported_sd,0.2518559679090979,2.87,1.48,se_from_reported_sd,1.35,se_from_reported_sd,0.20352015758999045,1.48,0.18718749999999998,0.16846874999999997,FALSE,FALSE,FALSE,FALSE,20000,45000,32500,range,mixed_or_boundary,16,con007
abramova_2024_devneur,es033,ex010,con006,out019,No,Verified no change,"one control, one treatment for females and males",,Ultrasound-Induced Prenatal Stress: New Possibilities for Modeling Mental Disorders,10.1159/000534687,Developmental Neuroscience,,Rattus norvegicus,brown rat,Wistar rat,16,3 months,"early, mid, late",full_gestation,permanently during the whole period of gestation (21 days),21,Continuous,24,Expossed to continuous variable frequencies,Ultrasound,Ultrasound,50,"20,000-45,000",,Ambient sound,,"No noise, standars housing conditions",female,74,adult,,none,,Anxiety,Open Field Test (OFT),They divided in two groups,Rearing frequency,Count,Count,Light Phase,Fig. 3. c,abramova_2024_devneur_fig3c,Con_f_re,PS_f_re,Con_PS_f_re,Yes,Negative,,21.48,5.57,37,,0.915702,SD / sqrt(n); derived for analysis from the extracted SD and sample size,se_from_reported_sd_se_computed_sd_over_sqrt_n,,,,,23.44,10.99,49,,1.57,SD / sqrt(n); derived for analysis from the extracted SD and sample size,se_from_reported_sd_se_computed_sd_over_sqrt_n,,,,,results presented as Med (Q1; Q3),,se_from_reported_sd,21.48,se_from_reported_sd,5.57,se_from_reported_sd,0.9157023592908402,21.48,23.44,se_from_reported_sd,10.99,se_from_reported_sd,1.57,23.44,4.3889,3.95001,FALSE,FALSE,FALSE,FALSE,20000,45000,32500,range,mixed_or_boundary,16,con006
abramova_2024_devneur,es034,ex011,con007,out019,No,Verified no change,"one control, one treatment for females and males",,Ultrasound-Induced Prenatal Stress: New Possibilities for Modeling Mental Disorders,10.1159/000534687,Developmental Neuroscience,,Rattus norvegicus,brown rat,Wistar rat,16,3 months,"early, mid, late",full_gestation,permanently during the whole period of gestation (21 days),21,Continuous,24,Expossed to continuous variable frequencies,Ultrasound,Ultrasound,50,"20,000-45,000",,Ambient sound,,"No noise, standars housing conditions",male,74,adult,,none,,Anxiety,Open Field Test (OFT),They divided in two groups,Rearing frequency,Count,Count,Light Phase,Fig. 3. c,abramova_2024_devneur_fig3c,Con_m_re,PS_m_re,Con_PS_m_re,Yes,Negative,,21.46,9.73,35,,1.64467,SD / sqrt(n); derived for analysis from the extracted SD and sample size,se_from_reported_sd_se_computed_sd_over_sqrt_n,,,,,15.37,8.01,44,,1.207553,SD / sqrt(n); derived for analysis from the extracted SD and sample size,se_from_reported_sd_se_computed_sd_over_sqrt_n,,,,,results presented as Med (Q1; Q3),,se_from_reported_sd,21.46,se_from_reported_sd,9.73,se_from_reported_sd,1.6446701797016934,21.46,15.37,se_from_reported_sd,8.01,se_from_reported_sd,1.2075529350339433,15.37,4.3889,3.95001,FALSE,FALSE,FALSE,FALSE,20000,45000,32500,range,mixed_or_boundary,16,con007
abramova_2024_devneur,es035,ex010,con006,out020,No,Verified no change,"one control, one treatment for females and males",,Ultrasound-Induced Prenatal Stress: New Possibilities for Modeling Mental Disorders,10.1159/000534687,Developmental Neuroscience,,Rattus norvegicus,brown rat,Wistar rat,16,3 months,"early, mid, late",full_gestation,permanently during the whole period of gestation (21 days),21,Continuous,24,Expossed to continuous variable frequencies,Ultrasound,Ultrasound,50,"20,000-45,000",,Ambient sound,,"No noise, standars housing conditions",female,74,adult,,none,,Anxiety,Open Field Test (OFT),They divided in two groups,Sections crossed,Count,Count,Light Phase,Fig. 3. b,abramova_2024_devneur_fig3b,Con_f_cs,PS_f_cs,Con_PS_f_cs,Yes,Negative,,50.7,14.38,37,,2.364057,SD / sqrt(n); derived for analysis from the extracted SD and sample size,se_from_reported_sd_se_computed_sd_over_sqrt_n,,,,,44.22,17.61,49,,2.515714,SD / sqrt(n); derived for analysis from the extracted SD and sample size,se_from_reported_sd_se_computed_sd_over_sqrt_n,,,,,results presented as Med (Q1; Q3),,se_from_reported_sd,50.7,se_from_reported_sd,14.38,se_from_reported_sd,2.364057437451038,50.7,44.22,se_from_reported_sd,17.61,se_from_reported_sd,2.5157142857142856,44.22,6.4,5.760000000000001,FALSE,FALSE,FALSE,FALSE,20000,45000,32500,range,mixed_or_boundary,16,con006
abramova_2024_devneur,es036,ex011,con007,out020,No,Verified no change,"one control, one treatment for females and males",,Ultrasound-Induced Prenatal Stress: New Possibilities for Modeling Mental Disorders,10.1159/000534687,Developmental Neuroscience,,Rattus norvegicus,brown rat,Wistar rat,16,3 months,"early, mid, late",full_gestation,permanently during the whole period of gestation (21 days),21,Continuous,24,Expossed to continuous variable frequencies,Ultrasound,Ultrasound,50,"20,000-45,000",,Ambient sound,,"No noise, standars housing conditions",male,74,adult,,none,,Anxiety,Open Field Test (OFT),They divided in two groups,Sections crossed,Count,Count,Light Phase,Fig. 3. b,abramova_2024_devneur_fig3b,Con_m_cs,PS_m_cs,Con_PS_m_cs,Yes,Negative,,45.52,13.15,35,,2.222756,SD / sqrt(n); derived for analysis from the extracted SD and sample size,se_from_reported_sd_se_computed_sd_over_sqrt_n,,,,,32.55,13.67,44,,2.06083,SD / sqrt(n); derived for analysis from the extracted SD and sample size,se_from_reported_sd_se_computed_sd_over_sqrt_n,,,,,results presented as Med (Q1; Q3),,se_from_reported_sd,45.52,se_from_reported_sd,13.15,se_from_reported_sd,2.222755689935999,45.52,32.55,se_from_reported_sd,13.67,se_from_reported_sd,2.0608300401890145,32.55,6.4,5.760000000000001,FALSE,FALSE,FALSE,FALSE,20000,45000,32500,range,mixed_or_boundary,16,con007
abramova_2024_devneur,es037,ex010,con006,out021,No,Verified no change,"one control, one treatment for females and males",,Ultrasound-Induced Prenatal Stress: New Possibilities for Modeling Mental Disorders,10.1159/000534687,Developmental Neuroscience,,Rattus norvegicus,brown rat,Wistar rat,16,3 months,"early, mid, late",full_gestation,permanently during the whole period of gestation (21 days),21,Continuous,24,Expossed to continuous variable frequencies,Ultrasound,Ultrasound,50,"20,000-45,000",,Ambient sound,,"No noise, standars housing conditions",female,74,adult,,none,,Anxiety,Open Field Test (OFT),They divided in two groups,Total freezing time,Time,s,Light Phase,Fig. 3. d,abramova_2024_devneur_fig3d,Con_f_fr,PS_f_fr,Con_PS_f_fr,No,Positive,,10.51,10.74,37,,1.765645,SD / sqrt(n); derived for analysis from the extracted SD and sample size,se_from_reported_sd_se_computed_sd_over_sqrt_n,,,,,31.13,30.81,49,,4.401429,SD / sqrt(n); derived for analysis from the extracted SD and sample size,se_from_reported_sd_se_computed_sd_over_sqrt_n,,,,,results presented as Med (Q1; Q3),,se_from_reported_sd,10.51,se_from_reported_sd,10.74,se_from_reported_sd,1.7656451236595374,10.51,31.13,se_from_reported_sd,30.81,se_from_reported_sd,4.401428571428571,31.13,8.2563,7.43067,FALSE,FALSE,FALSE,FALSE,20000,45000,32500,range,mixed_or_boundary,16,con006
abramova_2024_devneur,es038,ex011,con007,out021,No,Verified no change,"one control, one treatment for females and males",,Ultrasound-Induced Prenatal Stress: New Possibilities for Modeling Mental Disorders,10.1159/000534687,Developmental Neuroscience,,Rattus norvegicus,brown rat,Wistar rat,16,3 months,"early, mid, late",full_gestation,permanently during the whole period of gestation (21 days),21,Continuous,24,Expossed to continuous variable frequencies,Ultrasound,Ultrasound,50,"20,000-45,000",,Ambient sound,,"No noise, standars housing conditions",male,74,adult,,none,,Anxiety,Open Field Test (OFT),They divided in two groups,Total freezing time,Time,s,Light Phase,Fig. 3. d,abramova_2024_devneur_fig3d,Con_m_fr,PS_m_fr,Con_PS_m_fr,No,Positive,,17.03,15.77,35,,2.665617,SD / sqrt(n); derived for analysis from the extracted SD and sample size,se_from_reported_sd_se_computed_sd_over_sqrt_n,,,,,51.69,49.02,44,,7.390043,SD / sqrt(n); derived for analysis from the extracted SD and sample size,se_from_reported_sd_se_computed_sd_over_sqrt_n,,,,,results presented as Med (Q1; Q3),,se_from_reported_sd,17.03,se_from_reported_sd,15.77,se_from_reported_sd,2.6656165194137413,17.03,51.69,se_from_reported_sd,49.02,se_from_reported_sd,7.390043055600987,51.69,8.2563,7.43067,FALSE,FALSE,FALSE,FALSE,20000,45000,32500,range,mixed_or_boundary,16,con007
abramova_2024_devneur,es039,ex010,con006,out022,No,Verified no change,"one control, one treatment for females and males",,Ultrasound-Induced Prenatal Stress: New Possibilities for Modeling Mental Disorders,10.1159/000534687,Developmental Neuroscience,,Rattus norvegicus,brown rat,Wistar rat,16,3 months,"early, mid, late",full_gestation,permanently during the whole period of gestation (21 days),21,Continuous,24,Expossed to continuous variable frequencies,Ultrasound,Ultrasound,50,"20,000-45,000",,Ambient sound,,"No noise, standars housing conditions",female,74,adult,,none,,Anxiety,Open Field Test (OFT),They divided in two groups,Total grooming time,Time,s,Light Phase,Fig. 3. e,abramova_2024_devneur_fig3e,Con_f_grd,PS_f_grd,Con_PS_f_grd,No,Positive,,25.07,13.32,37,,2.189795,SD / sqrt(n); derived for analysis from the extracted SD and sample size,se_from_reported_sd_se_computed_sd_over_sqrt_n,,,,,29.12,17.2,49,,2.457143,SD / sqrt(n); derived for analysis from the extracted SD and sample size,se_from_reported_sd_se_computed_sd_over_sqrt_n,,,,,results presented as Med (Q1; Q3),,se_from_reported_sd,25.07,se_from_reported_sd,13.32,se_from_reported_sd,2.189794510907359,25.07,29.12,se_from_reported_sd,17.2,se_from_reported_sd,2.457142857142857,29.12,12.5038,11.25342,FALSE,FALSE,FALSE,FALSE,20000,45000,32500,range,mixed_or_boundary,16,con006
abramova_2024_devneur,es040,ex011,con007,out022,No,Verified no change,"one control, one treatment for females and males",,Ultrasound-Induced Prenatal Stress: New Possibilities for Modeling Mental Disorders,10.1159/000534687,Developmental Neuroscience,,Rattus norvegicus,brown rat,Wistar rat,16,3 months,"early, mid, late",full_gestation,permanently during the whole period of gestation (21 days),21,Continuous,24,Expossed to continuous variable frequencies,Ultrasound,Ultrasound,50,"20,000-45,000",,Ambient sound,,"No noise, standars housing conditions",male,74,adult,,none,,Anxiety,Open Field Test (OFT),They divided in two groups,Total grooming time,Time,s,Light Phase,Fig. 3. e,abramova_2024_devneur_fig3e,Con_m_grd,PS_m_grd,Con_PS_m_grd,No,Positive,,17.34,8.33,35,,1.408027,SD / sqrt(n); derived for analysis from the extracted SD and sample size,se_from_reported_sd_se_computed_sd_over_sqrt_n,,,,,40.38,25.3,44,,3.814119,SD / sqrt(n); derived for analysis from the extracted SD and sample size,se_from_reported_sd_se_computed_sd_over_sqrt_n,,,,,results presented as Med (Q1; Q3),,se_from_reported_sd,17.34,se_from_reported_sd,8.33,se_from_reported_sd,1.4080269883777086,17.34,40.38,se_from_reported_sd,25.3,se_from_reported_sd,3.81411850890871,40.38,12.5038,11.25342,FALSE,FALSE,FALSE,FALSE,20000,45000,32500,range,mixed_or_boundary,16,con007
abramova_2024_devneur,es041,ex010,con006,out023,No,Verified no change,"one control, one treatment for females and males",,Ultrasound-Induced Prenatal Stress: New Possibilities for Modeling Mental Disorders,10.1159/000534687,Developmental Neuroscience,,Rattus norvegicus,brown rat,Wistar rat,16,3 months,"early, mid, late",full_gestation,permanently during the whole period of gestation (21 days),21,Continuous,24,Expossed to continuous variable frequencies,Ultrasound,Ultrasound,50,"20,000-45,000",,Ambient sound,,"No noise, standars housing conditions",female,74,adult,,none,,Anxiety,Open Field Test (OFT),They divided in two groups,Grooming frequency,Count,Count,Light Phase,Fig. 3. f,abramova_2024_devneur_fig3f,Con_f_gf,PS_f_gf,Con_PS_f_gf,No,Positive,,3.62,2.13,37,,0.35017,SD / sqrt(n); derived for analysis from the extracted SD and sample size,se_from_reported_sd_se_computed_sd_over_sqrt_n,,,,,4.49,2.18,49,,0.311429,SD / sqrt(n); derived for analysis from the extracted SD and sample size,se_from_reported_sd_se_computed_sd_over_sqrt_n,,,,,results presented as Med (Q1; Q3),,se_from_reported_sd,3.62,se_from_reported_sd,2.13,se_from_reported_sd,0.35016984296041104,3.62,4.49,se_from_reported_sd,2.18,se_from_reported_sd,0.31142857142857144,4.49,2.652174,2.3869566,FALSE,FALSE,FALSE,FALSE,20000,45000,32500,range,mixed_or_boundary,16,con006
abramova_2024_devneur,es042,ex011,con007,out023,No,Verified no change,"one control, one treatment for females and males",,Ultrasound-Induced Prenatal Stress: New Possibilities for Modeling Mental Disorders,10.1159/000534687,Developmental Neuroscience,,Rattus norvegicus,brown rat,Wistar rat,16,3 months,"early, mid, late",full_gestation,permanently during the whole period of gestation (21 days),21,Continuous,24,Expossed to continuous variable frequencies,Ultrasound,Ultrasound,50,"20,000-45,000",,Ambient sound,,"No noise, standars housing conditions",male,74,adult,,none,,Anxiety,Open Field Test (OFT),They divided in two groups,Grooming frequency,Count,Count,Light Phase,Fig. 3. f,abramova_2024_devneur_fig3f,Con_m_gf,PS_m_gf,Con_PS_m_gf,No,Positive,,3.17,1.5,35,,0.253546,SD / sqrt(n); derived for analysis from the extracted SD and sample size,se_from_reported_sd_se_computed_sd_over_sqrt_n,,,,,4.46,2.78,44,,0.419101,SD / sqrt(n); derived for analysis from the extracted SD and sample size,se_from_reported_sd_se_computed_sd_over_sqrt_n,,,,,results presented as Med (Q1; Q3),,se_from_reported_sd,3.17,se_from_reported_sd,1.5,se_from_reported_sd,0.253546276418555,3.17,4.46,se_from_reported_sd,2.78,se_from_reported_sd,0.4191007689630914,4.46,2.652174,2.3869566,FALSE,FALSE,FALSE,FALSE,20000,45000,32500,range,mixed_or_boundary,16,con007
abramova_2024_devneur,es043,ex010,con006,out024,No,Verified no change,"one control, one treatment for females and males",,Ultrasound-Induced Prenatal Stress: New Possibilities for Modeling Mental Disorders,10.1159/000534687,Developmental Neuroscience,,Rattus norvegicus,brown rat,Wistar rat,16,3 months,"early, mid, late",full_gestation,permanently during the whole period of gestation (21 days),21,Continuous,24,Expossed to continuous variable frequencies,Ultrasound,Ultrasound,50,"20,000-45,000",,Ambient sound,,"No noise, standars housing conditions",female,95,adult,,none,,Depression,Forced Swimming Test (FST),,Total immobility time,Time,s,Light Phase,Fig.4. a,abramova_2024_devneur_fig4a,Con_f_ti,PS_f_ti,Con_PS_f_ti,No,Positive,,49.76,27.37,14,,7.31494,SD / sqrt(n); derived for analysis from the extracted SD and sample size,se_from_reported_sd_se_computed_sd_over_sqrt_n,,,,,86.12,19.43,13,,5.388912,SD / sqrt(n); derived for analysis from the extracted SD and sample size,se_from_reported_sd_se_computed_sd_over_sqrt_n,,,,,,,se_from_reported_sd,49.76,se_from_reported_sd,27.37,se_from_reported_sd,7.314940191143056,49.76,86.12,se_from_reported_sd,19.43,se_from_reported_sd,5.388912406328101,86.12,26.79,24.111,FALSE,FALSE,FALSE,FALSE,20000,45000,32500,range,mixed_or_boundary,16,con006
abramova_2024_devneur,es044,ex011,con007,out024,No,Verified no change,"one control, one treatment for females and males",,Ultrasound-Induced Prenatal Stress: New Possibilities for Modeling Mental Disorders,10.1159/000534687,Developmental Neuroscience,,Rattus norvegicus,brown rat,Wistar rat,16,3 months,"early, mid, late",full_gestation,permanently during the whole period of gestation (21 days),21,Continuous,24,Expossed to continuous variable frequencies,Ultrasound,Ultrasound,50,"20,000-45,000",,Ambient sound,,"No noise, standars housing conditions",male,95,adult,,none,,Depression,Forced Swimming Test (FST),,Total immobility time,Time,s,Light Phase,Fig.4. a,abramova_2024_devneur_fig4a,Con_m_ti,PS_m_ti,Con_PS_m_ti,No,Positive,,103.97,44.65,12,,12.889345,SD / sqrt(n); derived for analysis from the extracted SD and sample size,se_from_reported_sd_se_computed_sd_over_sqrt_n,,,,,128.29,46.06,14,,12.310053,SD / sqrt(n); derived for analysis from the extracted SD and sample size,se_from_reported_sd_se_computed_sd_over_sqrt_n,,,,,,,se_from_reported_sd,103.97,se_from_reported_sd,44.65,se_from_reported_sd,12.889344759658396,103.97,128.29,se_from_reported_sd,46.06,se_from_reported_sd,12.310052802486268,128.29,26.79,24.111,FALSE,FALSE,FALSE,FALSE,20000,45000,32500,range,mixed_or_boundary,16,con007
abramova_2024_devneur,es045,ex010,con006,out025,No,Corrected transcription,"one control, one treatment for females and males",,Ultrasound-Induced Prenatal Stress: New Possibilities for Modeling Mental Disorders,10.1159/000534687,Developmental Neuroscience,,Rattus norvegicus,brown rat,Wistar rat,16,3 months,"early, mid, late",full_gestation,permanently during the whole period of gestation (21 days),21,Continuous,24,Expossed to continuous variable frequencies,Ultrasound,Ultrasound,50,"20,000-45,000",,Ambient sound,,"No noise, standars housing conditions",female,80,adult,,none,,Depression,Sucrose Preference Test (SPT),,Sucrose preference index,Index,%,Light Phase,Author email (saved screenshot),included_studies/abramova_2024_devneur/abramova_2024_devneur_author_email_sucrose_preference.png,Con_f_su,PS_f_su,Con_PS_f_su,Yes,Negative,,52.8,,37,4.3,4.3,Reported SE in author email; used unchanged for analysis,author_email_se_se_reported,,,,,59.8,,49,5.4,5.4,Reported SE in author email; used unchanged for analysis,author_email_se_se_reported,,,,,"They reported significance in the paper, the author send me the stats output",,author_email_se,52.8,author_email_se,26.15587888028234,author_email_se_sd_from_se_times_sqrt_n,4.3,52.8,59.8,author_email_se,37.800000000000004,author_email_se_sd_from_se_times_sqrt_n,5.4,59.8,40.48,36.431999999999995,FALSE,FALSE,FALSE,FALSE,20000,45000,32500,range,mixed_or_boundary,16,con006
abramova_2024_devneur,es046,ex011,con007,out025,No,Corrected transcription,"one control, one treatment for females and males",,Ultrasound-Induced Prenatal Stress: New Possibilities for Modeling Mental Disorders,10.1159/000534687,Developmental Neuroscience,,Rattus norvegicus,brown rat,Wistar rat,16,3 months,"early, mid, late",full_gestation,permanently during the whole period of gestation (21 days),21,Continuous,24,Expossed to continuous variable frequencies,Ultrasound,Ultrasound,50,"20,000-45,000",,Ambient sound,,"No noise, standars housing conditions",male,80,adult,,none,,Depression,Sucrose Preference Test (SPT),,Sucrose preference index,Index,%,Light Phase,Author email (saved screenshot),included_studies/abramova_2024_devneur/abramova_2024_devneur_author_email_sucrose_preference.png,Con_m_su,PS_m_su,Con_PS_m_su,Yes,Negative,,54.8,,35,5.2,5.2,Reported SE in author email; used unchanged for analysis,author_email_se_se_reported,,,,,57.8,,44,4.3,4.3,Reported SE in author email; used unchanged for analysis,author_email_se_se_reported,,,,,"They reported significance in the paper, the author send me the stats output",,author_email_se,54.8,author_email_se,30.763614872118005,author_email_se_sd_from_se_times_sqrt_n,5.2,54.8,57.8,author_email_se,28.522973197056437,author_email_se_sd_from_se_times_sqrt_n,4.3,57.8,40.48,36.431999999999995,FALSE,FALSE,FALSE,FALSE,20000,45000,32500,range,mixed_or_boundary,16,con007
oliveira_2015_jbehavbraisci,es047,ex012,con008,out026,Yes,Verified no change,"They used the elevated T Maze, where they measured anxiety in 3 days trials, and fear from anxiety in one trial",,Intrauterine Exposure to Chronic 22 kHz Sound Affects Inhibitory Avoidance and Serotonergic Parameters in Forebrain Areas of Dams and Rat Offspring,10.4236/jbbs.2015.52003,Journal of Behavioral and Brain Science,,Rattus norvegicus,brown rat,Wistar rat,16,3 months,"early, mid, late",full_gestation,,19,Intermittent,1,h,Ultrasound,Ultrasound,65,"22,000",,Silence,,Control placed in an acoustical isolation box for the same period of time,male,60,adolescent,,none,,Anxiety,Elevated T Maze (ETM),Multiple time points,Avoidance latency,Latency,s,Light Phase,Figure 2. b,oliveira_2015_jbehavbraisci_fig2b,C_BL,IE_BL,C_IE_BL,No,Positive,,9.33,25.13,12,7.25,7.25,Reported SEM; used unchanged for analysis,author_reported_se_se_reported,,,,,6.22,14.36,12,4.15,4.15,Reported SEM; used unchanged for analysis,author_reported_se_se_reported,,,,,,,author_reported_se,9.33,author_reported_se,25.13,author_reported_se,7.25,9.33,6.22,author_reported_se,14.36,author_reported_se,4.15,6.22,6.22,5.598,FALSE,FALSE,FALSE,FALSE,22000,22000,22000,point,ultrasound,16,con008
oliveira_2015_jbehavbraisci,es048,ex012,con008,out026,Yes,Verified no change,"They used the elevated T Maze, where they measured anxiety in 3 days trials, and fear from anxiety in one trial",,Intrauterine Exposure to Chronic 22 kHz Sound Affects Inhibitory Avoidance and Serotonergic Parameters in Forebrain Areas of Dams and Rat Offspring,10.4236/jbbs.2015.52003,Journal of Behavioral and Brain Science,,Rattus norvegicus,brown rat,Wistar rat,16,3 months,"early, mid, late",full_gestation,,19,Intermittent,1,h,Ultrasound,Ultrasound,65,"22,000",,Silence,,Control placed in an acoustical isolation box for the same period of time,male,60,adolescent,,none,,Anxiety,Elevated T Maze (ETM),Multiple time points,Avoidance latency,Latency,s,Light Phase,Figure 2. b,oliveira_2015_jbehavbraisci_fig2b,C_A1,IE_A1,C_IE_A1,No,Positive,,56.48,118.46,12,34.2,34.2,Reported SEM; used unchanged for analysis,author_reported_se_se_reported,,,,,86.53,131.03,12,37.82,37.82,Reported SEM; used unchanged for analysis,author_reported_se_se_reported,,,,,,,author_reported_se,56.48,author_reported_se,118.46,author_reported_se,34.2,56.48,86.53,author_reported_se,131.03,author_reported_se,37.82,86.53,6.22,5.598,FALSE,FALSE,FALSE,FALSE,22000,22000,22000,point,ultrasound,16,con008
oliveira_2015_jbehavbraisci,es049,ex012,con008,out026,Yes,Verified no change,"They used the elevated T Maze, where they measured anxiety in 3 days trials, and fear from anxiety in one trial",,Intrauterine Exposure to Chronic 22 kHz Sound Affects Inhibitory Avoidance and Serotonergic Parameters in Forebrain Areas of Dams and Rat Offspring,10.4236/jbbs.2015.52003,Journal of Behavioral and Brain Science,,Rattus norvegicus,brown rat,Wistar rat,16,3 months,"early, mid, late",full_gestation,,19,Intermittent,1,h,Ultrasound,Ultrasound,65,"22,000",,Silence,,Control placed in an acoustical isolation box for the same period of time,male,60,adolescent,,none,,Anxiety,Elevated T Maze (ETM),Multiple time points,Avoidance latency,Latency,s,Light Phase,Figure 2. b,oliveira_2015_jbehavbraisci_fig2b,C_A2,IE_A2,C_IE_A2,No,Positive,,103.11,129.23,12,37.31,37.31,Reported SEM; used unchanged for analysis,author_reported_se_se_reported,,,,,136.27,147.18,12,42.49,42.49,Reported SEM; used unchanged for analysis,author_reported_se_se_reported,,,,,,,author_reported_se,103.11,author_reported_se,129.23,author_reported_se,37.31,103.11,136.27,author_reported_se,147.18,author_reported_se,42.49,136.27,6.22,5.598,FALSE,FALSE,FALSE,FALSE,22000,22000,22000,point,ultrasound,16,con008
oliveira_2015_jbehavbraisci,es050,ex012,con008,out027,Yes,Verified no change,"They used the elevated T Maze, where they measured anxiety in 3 days trials, and fear from anxiety in one trial",,Intrauterine Exposure to Chronic 22 kHz Sound Affects Inhibitory Avoidance and Serotonergic Parameters in Forebrain Areas of Dams and Rat Offspring,10.4236/jbbs.2015.52003,Journal of Behavioral and Brain Science,,Rattus norvegicus,brown rat,Wistar rat,16,3 months,"early, mid, late",full_gestation,,19,Intermittent,1,h,Ultrasound,Ultrasound,65,"22,000",,Silence,,Control placed in an acoustical isolation box for the same period of time,male,60,adolescent,,none,,Anxiety,Elevated T Maze (ETM),Multiple time points: escape latency (time in open arms),Escape latency,Latency,s,Light Phase,Figure 3. b,oliveira_2015_jbehavbraisci_fig3b,C_F1,IE_F1,C_IE_F1,Yes,Negative,,5.34,3.86,12,1.11,1.11,Reported SEM; used unchanged for analysis,author_reported_se_se_reported,,,,,6.54,8.21,12,2.37,2.37,Reported SEM; used unchanged for analysis,author_reported_se_se_reported,,,,,,,author_reported_se,5.34,author_reported_se,3.86,author_reported_se,1.11,5.34,6.54,author_reported_se,8.21,author_reported_se,2.37,6.54,5.34,4.806,FALSE,FALSE,FALSE,FALSE,22000,22000,22000,point,ultrasound,16,con008
oliveira_2015_jbehavbraisci,es051,ex012,con008,out027,Yes,Verified no change,"They used the elevated T Maze, where they measured anxiety in 3 days trials, and fear from anxiety in one trial",,Intrauterine Exposure to Chronic 22 kHz Sound Affects Inhibitory Avoidance and Serotonergic Parameters in Forebrain Areas of Dams and Rat Offspring,10.4236/jbbs.2015.52003,Journal of Behavioral and Brain Science,,Rattus norvegicus,brown rat,Wistar rat,16,3 months,"early, mid, late",full_gestation,,19,Intermittent,1,h,Ultrasound,Ultrasound,65,"22,000",,Silence,,Control placed in an acoustical isolation box for the same period of time,male,60,adolescent,,none,,Anxiety,Elevated T Maze (ETM),Multiple time points: escape latency (time in open arms),Escape latency,Latency,s,Light Phase,Figure 3. b,oliveira_2015_jbehavbraisci_fig3b,C_F2,IE_F2,C_IE_F2,Yes,Negative,,6.8,8.02,12,2.31,2.31,Reported SEM; used unchanged for analysis,author_reported_se_se_reported,,,,,6.6,4.06,12,1.17,1.17,Reported SEM; used unchanged for analysis,author_reported_se_se_reported,,,,,,,author_reported_se,6.8,author_reported_se,8.02,author_reported_se,2.31,6.8,6.6,author_reported_se,4.06,author_reported_se,1.17,6.6,5.34,4.806,FALSE,FALSE,FALSE,FALSE,22000,22000,22000,point,ultrasound,16,con008
oliveira_2015_jbehavbraisci,es052,ex012,con008,out027,Yes,Verified no change,"They used the elevated T Maze, where they measured anxiety in 3 days trials, and fear from anxiety in one trial",,Intrauterine Exposure to Chronic 22 kHz Sound Affects Inhibitory Avoidance and Serotonergic Parameters in Forebrain Areas of Dams and Rat Offspring,10.4236/jbbs.2015.52003,Journal of Behavioral and Brain Science,,Rattus norvegicus,brown rat,Wistar rat,16,3 months,"early, mid, late",full_gestation,,19,Intermittent,1,h,Ultrasound,Ultrasound,65,"22,000",,Silence,,Control placed in an acoustical isolation box for the same period of time,male,60,adolescent,,none,,Anxiety,Elevated T Maze (ETM),Multiple time points: escape latency (time in open arms),Escape latency,Latency,s,Light Phase,Figure 3. b,oliveira_2015_jbehavbraisci_fig3b,C_F3,IE_F3,C_IE_F3,Yes,Negative,,6.46,7.72,12,2.23,2.23,Reported SEM; used unchanged for analysis,author_reported_se_se_reported,,,,,13.2,15.44,12,4.46,4.46,Reported SEM; used unchanged for analysis,author_reported_se_se_reported,,,,,,,author_reported_se,6.46,author_reported_se,7.72,author_reported_se,2.23,6.46,13.2,author_reported_se,15.44,author_reported_se,4.46,13.2,5.34,4.806,FALSE,FALSE,FALSE,FALSE,22000,22000,22000,point,ultrasound,16,con008
pavlov_2023_molsci,es053,ex013,con009,out028,Yes,Verified no change,One control and one treatment,,Maternal Chronic Ultrasound Stress Provokes Immune Activation and Behavioral Deficits in the Offspring: A Mouse Model of Neurodevelopmental Pathology,10.3390/ijms241411712,International Journal of Molecular Sciences,,Mus musculus,albino house mouse,BALB/c mice,16,3 months,"early, mid, late",full_gestation,,21,Continuous,24,Varying frequencies. Mice in an accustically isolated room,Ultrasound,Ultrasound,50,"20,000-45,000",,Unclear,,,female,60,adolescent,2 months,none,,Depression,Sucrose Preference Test (SPT),,Sucrose preference index,Index,%,Dark Phase,Figure 4A,pavlov_2023_molsci_Fig4A,NonSt_su,US_su,NonSt_US_su,Yes,Negative,higher anhedonia is better,71.6,9.72,10,,3.073734,SD / sqrt(n); derived for analysis from the extracted SD and sample size,se_from_reported_sd_se_computed_sd_over_sqrt_n,,,,,40.48,13.49,14,,3.605354,SD / sqrt(n); derived for analysis from the extracted SD and sample size,se_from_reported_sd_se_computed_sd_over_sqrt_n,,,,,,Visual estimations: you can't see the median in the violin plot,se_from_reported_sd,71.6,se_from_reported_sd,9.72,se_from_reported_sd,3.073733885683665,71.6,40.48,se_from_reported_sd,13.49,se_from_reported_sd,3.605354153398605,40.48,40.48,36.431999999999995,FALSE,FALSE,FALSE,FALSE,20000,45000,32500,range,mixed_or_boundary,16,con009
pavlov_2023_molsci,es054,ex013,con009,out029,Yes,Verified no change,One control and one treatment,,Maternal Chronic Ultrasound Stress Provokes Immune Activation and Behavioral Deficits in the Offspring: A Mouse Model of Neurodevelopmental Pathology,10.3390/ijms241411712,International Journal of Molecular Sciences,,Mus musculus,albino house mouse,BALB/c mice,16,3 months,"early, mid, late",full_gestation,,21,Continuous,24,Varying frequencies. Mice in an accustically isolated room,Ultrasound,Ultrasound,50,"20,000-45,000",,Unclear,,,female,60,adolescent,2 months,none,,Anxiety,Open Field Test (OFT),,Sections crossed,Count,Count,Dark Phase,Figure 4C,pavlov_2023_molsci_Fig4C,NonSt_sq,US_sq,NonSt_US_sq,Yes,Negative,,10.55,6.17,10,,1.951125,SD / sqrt(n); derived for analysis from the extracted SD and sample size,se_from_reported_sd_se_computed_sd_over_sqrt_n,,,,,6.4,3.17,14,,0.847218,SD / sqrt(n); derived for analysis from the extracted SD and sample size,se_from_reported_sd_se_computed_sd_over_sqrt_n,,,,,,,se_from_reported_sd,10.55,se_from_reported_sd,6.17,se_from_reported_sd,1.95112531632389,10.55,6.4,se_from_reported_sd,3.17,se_from_reported_sd,0.8472181368623853,6.4,6.4,5.760000000000001,FALSE,FALSE,FALSE,FALSE,20000,45000,32500,range,mixed_or_boundary,16,con009
pavlov_2023_molsci,es055,ex013,con009,out030,Yes,Verified no change,One control and one treatment,,Maternal Chronic Ultrasound Stress Provokes Immune Activation and Behavioral Deficits in the Offspring: A Mouse Model of Neurodevelopmental Pathology,10.3390/ijms241411712,International Journal of Molecular Sciences,,Mus musculus,albino house mouse,BALB/c mice,16,3 months,"early, mid, late",full_gestation,,21,Continuous,24,Varying frequencies. Mice in an accustically isolated room,Ultrasound,Ultrasound,50,"20,000-45,000",,Unclear,,,female,60,adolescent,2 months,none,,Anxiety,Open Field Test (OFT),,Time in central square,Time,s,Dark Phase,Figure 4D,pavlov_2023_molsci_Fig4D,NonSt_csq,US_csq,NonSt_US_csq,Yes,Negative,,71.66,17.5,10,,5.533986,SD / sqrt(n); derived for analysis from the extracted SD and sample size,se_from_reported_sd_se_computed_sd_over_sqrt_n,,,,,25.99,11.15,14,,2.979963,SD / sqrt(n); derived for analysis from the extracted SD and sample size,se_from_reported_sd_se_computed_sd_over_sqrt_n,,,,,,,se_from_reported_sd,71.66,se_from_reported_sd,17.5,se_from_reported_sd,5.533985905294664,71.66,25.99,se_from_reported_sd,11.15,se_from_reported_sd,2.9799628473235322,25.99,0.18,0.162,FALSE,FALSE,FALSE,FALSE,20000,45000,32500,range,mixed_or_boundary,16,con009
pavlov_2023_molsci,es056,ex013,con009,out031,Yes,Verified no change,One control and one treatment,,Maternal Chronic Ultrasound Stress Provokes Immune Activation and Behavioral Deficits in the Offspring: A Mouse Model of Neurodevelopmental Pathology,10.3390/ijms241411712,International Journal of Molecular Sciences,,Mus musculus,albino house mouse,BALB/c mice,16,3 months,"early, mid, late",full_gestation,,21,Continuous,24,Varying frequencies. Mice in an accustically isolated room,Ultrasound,Ultrasound,50,"20,000-45,000",,Unclear,,,female,60,adolescent,2 months,none,,Anxiety,Elevated Plus Maze (EPM),,Time in open arms (OAT),Time,s,Dark Phase,Figure 4E,pavlov_2023_molsci_Fig4E,NonSt_oat,US_oat,NonSt_US_oat,Yes,Negative,,69.17,20.84,10,,6.590187,SD / sqrt(n); derived for analysis from the extracted SD and sample size,se_from_reported_sd_se_computed_sd_over_sqrt_n,,,,,25.42,9.56,14,,2.555017,SD / sqrt(n); derived for analysis from the extracted SD and sample size,se_from_reported_sd_se_computed_sd_over_sqrt_n,,,,,,,se_from_reported_sd,69.17,se_from_reported_sd,20.84,se_from_reported_sd,6.5901866437909025,69.17,25.42,se_from_reported_sd,9.56,se_from_reported_sd,2.5550174726827772,25.42,25.42,22.878000000000004,FALSE,FALSE,FALSE,FALSE,20000,45000,32500,range,mixed_or_boundary,16,con009
pavlov_2023_molsci,es057,ex013,con009,out032,Yes,Verified no change,One control and one treatment,,Maternal Chronic Ultrasound Stress Provokes Immune Activation and Behavioral Deficits in the Offspring: A Mouse Model of Neurodevelopmental Pathology,10.3390/ijms241411712,International Journal of Molecular Sciences,,Mus musculus,albino house mouse,BALB/c mice,16,3 months,"early, mid, late",full_gestation,,21,Continuous,24,Varying frequencies. Mice in an accustically isolated room,Ultrasound,Ultrasound,50,"20,000-45,000",,Unclear,,,female,60,adolescent,2 months,none,,Anxiety,Elevated Plus Maze (EPM),,Entries into open arms (OAE),Count,Count,Dark Phase,Figure 4F,pavlov_2023_molsci_Fig4F,NonSt_oae,US_oae,NonSt_US_oae,Yes,Negative,,13.27,5.44,10,,1.720279,SD / sqrt(n); derived for analysis from the extracted SD and sample size,se_from_reported_sd_se_computed_sd_over_sqrt_n,,,,,8.68,4.23,14,,1.130515,SD / sqrt(n); derived for analysis from the extracted SD and sample size,se_from_reported_sd_se_computed_sd_over_sqrt_n,,,,,,,se_from_reported_sd,13.27,se_from_reported_sd,5.44,se_from_reported_sd,1.7202790471315983,13.27,8.68,se_from_reported_sd,4.23,se_from_reported_sd,1.1305150532895554,8.68,8.68,7.812,FALSE,FALSE,FALSE,FALSE,20000,45000,32500,range,mixed_or_boundary,16,con009
nishio_2006_intjdevlneur,es058,ex014,con010,out033,Yes,Verified no change,"one female, one male and one control group per sex",,Effects of perinatal stress on the anxiety-related behavior of  the adolescence mouse,10.1016/j.ijdevneu.2006.02.003,International Journal of Developemental Neuroscience,,Mus musculus,albino house mouse,ddY mice,,not reported,"mid, late",mid_late,day 10 to 18,9,Intermittent,0.25,15 min,Other/Unclear,Unclear,90,,,Unclear,,No information,male,35,adolescent,5 weeks,none,,Anxiety,Elevated Plus Maze (EPM),"To balance for potential locomotion biases, the number of entries and time on the open-arms was expressed as a percentage of the total number of entries to all arms, or of the time spent in all arms, respectively ((open/[close + open]) 100). The absolute number of closed-arm entries was measured to dissociate the effect of the treatment on anxiety and general motor activity.",Time in open arms (OAT),Percentage,%,Not Reported,Fig. 2a,nishio_2006_intjdevlneur_fig2a,pre_n_m_oat,pre_so_m_oat,pre_n_m_oat,Yes,Negative,,27.16,13.81,5,6.17,6.17,Reported SEM; used unchanged for analysis,author_reported_se_se_reported,,,,,24.15,7.94,5,3.55,3.55,Reported SEM; used unchanged for analysis,author_reported_se_se_reported,,,,,,,author_reported_se,27.16,author_reported_se,13.81,author_reported_se,6.17,27.16,24.15,author_reported_se,7.94,author_reported_se,3.55,24.15,16.92,15.228000000000002,FALSE,FALSE,FALSE,FALSE,,,,not_reported,not_reported,,con010
nishio_2006_intjdevlneur,es059,ex015,con011,out033,Yes,Verified no change,"one female, one male and one control group per sex",,Effects of perinatal stress on the anxiety-related behavior of  the adolescence mouse,10.1016/j.ijdevneu.2006.02.003,International Journal of Developemental Neuroscience,,Mus musculus,albino house mouse,ddY mice,,not reported,"mid, late",mid_late,day 10 to 18,9,Intermittent,0.25,15 min,Other/Unclear,Unclear,90,,,Unclear,,No information,female,35,adolescent,5 weeks,none,,Anxiety,Elevated Plus Maze (EPM),"To balance for potential locomotion biases, the number of entries and time on the open-arms was expressed as a percentage of the total number of entries to all arms, or of the time spent in all arms, respectively ((open/[close + open]) 100). The absolute number of closed-arm entries was measured to dissociate the effect of the treatment on anxiety and general motor activity.",Time in open arms (OAT),Percentage,%,Not Reported,Fig. 2a,nishio_2006_intjdevlneur_fig2a,pre_n_f_oat,pre_so_f_oat,pre_n_f_oat,Yes,Negative,,18.69,6.84,5,3.06,3.06,Reported SEM; used unchanged for analysis,author_reported_se_se_reported,,,,,29.23,13.81,5,6.17,6.17,Reported SEM; used unchanged for analysis,author_reported_se_se_reported,,,,,,,author_reported_se,18.69,author_reported_se,6.84,author_reported_se,3.06,18.69,29.23,author_reported_se,13.81,author_reported_se,6.17,29.23,16.92,15.228000000000002,FALSE,FALSE,FALSE,FALSE,,,,not_reported,not_reported,,con011
nishio_2006_intjdevlneur,es060,ex014,con010,out034,Yes,Verified no change,"one female, one male and one control group per sex",,Effects of perinatal stress on the anxiety-related behavior of  the adolescence mouse,10.1016/j.ijdevneu.2006.02.003,International Journal of Developemental Neuroscience,,Mus musculus,albino house mouse,ddY mice,,not reported,"mid, late",mid_late,day 10 to 18,9,Intermittent,0.25,15 min,Other/Unclear,Unclear,90,,,Unclear,,No information,male,35,adolescent,5 weeks,none,,Anxiety,Elevated Plus Maze (EPM),,Entries into open arms (OAE),Percentage,%,Not Reported,Fig. 2b,nishio_2006_intjdevlneur_fig2b,pre_n_m_oae,pre_so_m_oae,pre_n_m_oae,Yes,Negative,,39.61,9.64,5,4.31,4.31,Reported SEM; used unchanged for analysis,author_reported_se_se_reported,,,,,46.66,7.78,5,3.48,3.48,Reported SEM; used unchanged for analysis,author_reported_se_se_reported,,,,,,,author_reported_se,39.61,author_reported_se,9.64,author_reported_se,4.31,39.61,46.66,author_reported_se,7.78,author_reported_se,3.48,46.66,14.27,12.843,FALSE,FALSE,FALSE,FALSE,,,,not_reported,not_reported,,con010
nishio_2006_intjdevlneur,es061,ex015,con011,out034,Yes,Verified no change,"one female, one male and one control group per sex",,Effects of perinatal stress on the anxiety-related behavior of  the adolescence mouse,10.1016/j.ijdevneu.2006.02.003,International Journal of Developemental Neuroscience,,Mus musculus,albino house mouse,ddY mice,,not reported,"mid, late",mid_late,day 10 to 18,9,Intermittent,0.25,15 min,Other/Unclear,Unclear,90,,,Unclear,,No information,female,35,adolescent,5 weeks,none,,Anxiety,Elevated Plus Maze (EPM),,Entries into open arms (OAE),Percentage,%,Not Reported,Fig. 2b,nishio_2006_intjdevlneur_fig2b,pre_n_f_oae,pre_so_f_oae,pre_n_f_oae,Yes,Negative,,33.07,7.6,5,3.4,3.4,Reported SEM; used unchanged for analysis,author_reported_se_se_reported,,,,,42.1,14.82,5,6.63,6.63,Reported SEM; used unchanged for analysis,author_reported_se_se_reported,,,,,,,author_reported_se,33.07,author_reported_se,7.6,author_reported_se,3.4,33.07,42.1,author_reported_se,14.82,author_reported_se,6.63,42.1,14.27,12.843,FALSE,FALSE,FALSE,FALSE,,,,not_reported,not_reported,,con011
nishio_2006_intjdevlneur,es062,ex014,con010,out035,Yes,Verified no change,"one female, one male and one control group per sex",,Effects of perinatal stress on the anxiety-related behavior of  the adolescence mouse,10.1016/j.ijdevneu.2006.02.003,International Journal of Developemental Neuroscience,,Mus musculus,albino house mouse,ddY mice,,not reported,"mid, late",mid_late,day 10 to 18,9,Intermittent,0.25,15 min,Other/Unclear,Unclear,90,,,Unclear,,No information,male,35,adolescent,5 weeks,none,,Anxiety,Elevated Plus Maze (EPM),,Entries to closed arms,Count,Count,Not Reported,Fig. 2c,nishio_2006_intjdevlneur_fig2c,pre_n_m_cae,pre_so_m_cae,pre_n_m_cae,Yes,Negative,,3.97,1.71,5,0.76,0.76,Reported SEM; used unchanged for analysis,author_reported_se_se_reported,,,,,3.58,1.18,5,0.53,0.53,Reported SEM; used unchanged for analysis,author_reported_se_se_reported,,,,,,,author_reported_se,3.97,author_reported_se,1.71,author_reported_se,0.76,3.97,3.58,author_reported_se,1.18,author_reported_se,0.53,3.58,3.58,3.222,FALSE,FALSE,FALSE,FALSE,,,,not_reported,not_reported,,con010
nishio_2006_intjdevlneur,es063,ex015,con011,out035,Yes,Verified no change,"one female, one male and one control group per sex",,Effects of perinatal stress on the anxiety-related behavior of  the adolescence mouse,10.1016/j.ijdevneu.2006.02.003,International Journal of Developemental Neuroscience,,Mus musculus,albino house mouse,ddY mice,,not reported,"mid, late",mid_late,day 10 to 18,9,Intermittent,0.25,15 min,Other/Unclear,Unclear,90,,,Unclear,,No information,female,35,adolescent,5 weeks,none,,Anxiety,Elevated Plus Maze (EPM),,Entries to closed arms,Count,Count,Not Reported,Fig. 2c,nishio_2006_intjdevlneur_fig2c,pre_n_f_cae,pre_so_f_cae,pre_n_f_cae,Yes,Negative,,6.68,2.41,5,1.08,1.08,Reported SEM; used unchanged for analysis,author_reported_se_se_reported,,,,,4.55,1.15,5,0.51,0.51,Reported SEM; used unchanged for analysis,author_reported_se_se_reported,,,,,,,author_reported_se,6.68,author_reported_se,2.41,author_reported_se,1.08,6.68,4.55,author_reported_se,1.15,author_reported_se,0.51,4.55,3.58,3.222,FALSE,FALSE,FALSE,FALSE,,,,not_reported,not_reported,,con011
uygur_2011_ankarauniv,es064,ex016,con012,out036,Yes,Verified no change,One treatmentent group and one control,,Investigation of the long term effects of chronic white noise stress on learning in radial arm maze and behaviors in forced swim test,10.1501/Vetfak_0000002481,Ankara Üniv Vet Fak Derg,,Rattus norvegicus,albino rat,Sprague-Dawley,,205±3 g body weight,"mid, late",mid_late,day 14 to 21,9,Intermittent,0.75,45 min,White noise,Audible,100,,,Unclear,,PC group remained undisturbed,male,70,adolescent,,none,,Depression,Forced Swimming Test (FST),"Placed individually into cylinder, swam 15 min first day, 5 mins second day",Total immobility time,Time,s,Light Phase,In paper: Table 2.,uygur_2011_ankarauniv.pdf,CON_in,PSN_in,CON_PSN_in1,No,Positive,,45.87,,9,8.29,8.29,Reported SEM; used unchanged for analysis,author_reported_se_se_reported,,,,,26.79,,10,7.86,7.86,Reported SEM; used unchanged for analysis,author_reported_se_se_reported,,,,,,1st day,author_reported_se,45.87,author_reported_se,24.869999999999997,author_reported_se_sd_from_se_times_sqrt_n,8.29,45.87,26.79,author_reported_se,24.855502408923464,author_reported_se_sd_from_se_times_sqrt_n,7.86,26.79,26.79,24.111,FALSE,FALSE,FALSE,FALSE,,,,not_reported,not_reported,,con012
uygur_2011_ankarauniv,es065,ex016,con012,out036,Yes,Verified no change,One treatmentent group and one control,,Investigation of the long term effects of chronic white noise stress on learning in radial arm maze and behaviors in forced swim test,10.1501/Vetfak_0000002481,Ankara Üniv Vet Fak Derg,,Rattus norvegicus,albino rat,Sprague-Dawley,,205±3 g body weight,"mid, late",mid_late,day 14 to 21,9,Intermittent,0.75,45 min,White noise,Audible,100,,,Unclear,,PC group remained undisturbed,male,70,adolescent,,none,,Depression,Forced Swimming Test (FST),"Placed individually into cylinder, swam 15 min first day, 5 mins second day",Total immobility time,Time,s,Light Phase,In paper: Table 2.,uygur_2011_ankarauniv.pdf,CON_in,PSN_in,CON_PSN_in2,No,Positive,,79.05,,9,13.52,13.52,Reported SEM; used unchanged for analysis,author_reported_se_se_reported,,,,,48.87,,10,12.83,12.83,Reported SEM; used unchanged for analysis,author_reported_se_se_reported,,,,,,2nd day,author_reported_se,79.05,author_reported_se,40.56,author_reported_se_sd_from_se_times_sqrt_n,13.52,79.05,48.87,author_reported_se,40.57202237996031,author_reported_se_sd_from_se_times_sqrt_n,12.83,48.87,26.79,24.111,FALSE,FALSE,FALSE,FALSE,,,,not_reported,not_reported,,con012
uygur_2011_ankarauniv,es066,ex016,con012,out037,Yes,Verified no change,One treatmentent group and one control,,Investigation of the long term effects of chronic white noise stress on learning in radial arm maze and behaviors in forced swim test,10.1501/Vetfak_0000002481,Ankara Üniv Vet Fak Derg,,Rattus norvegicus,albino rat,Sprague-Dawley,,205±3 g body weight,"mid, late",mid_late,day 14 to 21,9,Intermittent,0.75,45 min,White noise,Audible,100,,,Unclear,,PC group remained undisturbed,male,70,adolescent,,none,,Depression,Forced Swimming Test (FST),"Placed individually into cylinder, swam 15 min first day, 5 mins second day",Total swimming time,Time,s,Light Phase,In paper: Table 2.,uygur_2011_ankarauniv.pdf,CON_sw,PSN_sw,CON_PSN_sw1,Yes,Negative,,20.09,,9,6.28,6.28,Reported SEM; used unchanged for analysis,author_reported_se_se_reported,,,,,39.08,,10,5.96,5.96,Reported SEM; used unchanged for analysis,author_reported_se_se_reported,,,,,,1st day,author_reported_se,20.09,author_reported_se,18.84,author_reported_se_sd_from_se_times_sqrt_n,6.28,20.09,39.08,author_reported_se,18.84717485460354,author_reported_se_sd_from_se_times_sqrt_n,5.96,39.08,20.09,18.081,FALSE,FALSE,FALSE,FALSE,,,,not_reported,not_reported,,con012
uygur_2011_ankarauniv,es067,ex016,con012,out037,Yes,Verified no change,One treatmentent group and one control,,Investigation of the long term effects of chronic white noise stress on learning in radial arm maze and behaviors in forced swim test,10.1501/Vetfak_0000002481,Ankara Üniv Vet Fak Derg,,Rattus norvegicus,albino rat,Sprague-Dawley,,205±3 g body weight,"mid, late",mid_late,day 14 to 21,9,Intermittent,0.75,45 min,White noise,Audible,100,,,Unclear,,PC group remained undisturbed,male,70,adolescent,,none,,Depression,Forced Swimming Test (FST),"Placed individually into cylinder, swam 15 min first day, 5 mins second day",Total swimming time,Time,s,Light Phase,In paper: Table 2.,uygur_2011_ankarauniv.pdf,CON_sw,PSN_sw,CON_PSN_sw2,Yes,Negative,,31.89,,9,13.15,13.15,Reported SEM; used unchanged for analysis,author_reported_se_se_reported,,,,,33.44,,10,12.48,12.48,Reported SEM; used unchanged for analysis,author_reported_se_se_reported,,,,,,2nd day,author_reported_se,31.89,author_reported_se,39.45,author_reported_se_sd_from_se_times_sqrt_n,13.15,31.89,33.44,author_reported_se,39.46522519890138,author_reported_se_sd_from_se_times_sqrt_n,12.48,33.44,20.09,18.081,FALSE,FALSE,FALSE,FALSE,,,,not_reported,not_reported,,con012
uygur_2011_ankarauniv,es068,ex016,con012,out038,Yes,Corrected transcription,One treatmentent group and one control,,Investigation of the long term effects of chronic white noise stress on learning in radial arm maze and behaviors in forced swim test,10.1501/Vetfak_0000002481,Ankara Üniv Vet Fak Derg,,Rattus norvegicus,albino rat,Sprague-Dawley,,205±3 g body weight,"mid, late",mid_late,day 14 to 21,9,Intermittent,0.75,45 min,White noise,Audible,100,,,Unclear,,PC group remained undisturbed,male,70,adolescent,,none,,Depression,Forced Swimming Test (FST),"Placed individually into cylinder, swam 15 min first day, 5 mins second day",Total diving time,Time,s,Light Phase,In paper: Table 2.,uygur_2011_ankarauniv.pdf,CON_di,PSN_di,CON_PSN_di1,Yes,Negative,,5.44,,9,1.49,1.49,Reported SEM; used unchanged for analysis,author_reported_se_se_reported,,,,,6.2,,10,1.42,1.42,Reported SEM; used unchanged for analysis,author_reported_se_se_reported,,,,,,1st day,author_reported_se,5.44,author_reported_se,4.47,author_reported_se_sd_from_se_times_sqrt_n,1.49,5.44,6.2,author_reported_se,4.490434277439099,author_reported_se_sd_from_se_times_sqrt_n,1.42,6.2,1.7,1.53,FALSE,FALSE,FALSE,FALSE,,,,not_reported,not_reported,,con012
uygur_2011_ankarauniv,es069,ex016,con012,out038,Yes,Corrected transcription,One treatmentent group and one control,,Investigation of the long term effects of chronic white noise stress on learning in radial arm maze and behaviors in forced swim test,10.1501/Vetfak_0000002481,Ankara Üniv Vet Fak Derg,,Rattus norvegicus,albino rat,Sprague-Dawley,,205±3 g body weight,"mid, late",mid_late,day 14 to 21,9,Intermittent,0.75,45 min,White noise,Audible,100,,,Unclear,,PC group remained undisturbed,male,70,adolescent,,none,,Depression,Forced Swimming Test (FST),"Placed individually into cylinder, swam 15 min first day, 5 mins second day",Total diving time,Time,s,Light Phase,In paper: Table 2.,uygur_2011_ankarauniv.pdf,CON_di,PSN_di,CON_PSN_di2,Yes,Negative,,2.56,,9,0.95,0.95,Reported SEM; used unchanged for analysis,author_reported_se_se_reported,,,,,1.7,,10,0.9,0.9,Reported SEM; used unchanged for analysis,author_reported_se_se_reported,,,,,,2nd day,author_reported_se,2.56,author_reported_se,2.8499999999999996,author_reported_se_sd_from_se_times_sqrt_n,0.95,2.56,1.7,author_reported_se,2.8460498941515415,author_reported_se_sd_from_se_times_sqrt_n,0.9,1.7,1.7,1.53,FALSE,FALSE,FALSE,FALSE,,,,not_reported,not_reported,,con012
uygur_2011_ankarauniv,es070,ex016,con012,out039,Yes,Corrected transcription,One treatmentent group and one control,,Investigation of the long term effects of chronic white noise stress on learning in radial arm maze and behaviors in forced swim test,10.1501/Vetfak_0000002481,Ankara Üniv Vet Fak Derg,,Rattus norvegicus,albino rat,Sprague-Dawley,,205±3 g body weight,"mid, late",mid_late,day 14 to 21,9,Intermittent,0.75,45 min,White noise,Audible,100,,,Unclear,,PC group remained undisturbed,male,70,adolescent,,none,,Depression,Forced Swimming Test (FST),"Placed individually into cylinder, swam 15 min first day, 5 mins second day",Total jumping time,Time,s,Light Phase,In paper: Table 2.,uygur_2011_ankarauniv.pdf,CON_ju,PSN_ju,CON_PSN_ju1,Yes,Negative,,26.78,,9,4.89,4.89,Reported SEM; used unchanged for analysis,author_reported_se_se_reported,,,,,23,,10,4.64,4.64,Reported SEM; used unchanged for analysis,author_reported_se_se_reported,,,,,,1st day,author_reported_se,26.78,author_reported_se,14.669999999999998,author_reported_se_sd_from_se_times_sqrt_n,4.89,26.78,23,author_reported_se,14.67296834318128,author_reported_se_sd_from_se_times_sqrt_n,4.64,23,16,14.4,FALSE,FALSE,FALSE,FALSE,,,,not_reported,not_reported,,con012
uygur_2011_ankarauniv,es071,ex016,con012,out039,Yes,Corrected transcription,One treatmentent group and one control,,Investigation of the long term effects of chronic white noise stress on learning in radial arm maze and behaviors in forced swim test,10.1501/Vetfak_0000002481,Ankara Üniv Vet Fak Derg,,Rattus norvegicus,albino rat,Sprague-Dawley,,205±3 g body weight,"mid, late",mid_late,day 14 to 21,9,Intermittent,0.75,45 min,White noise,Audible,100,,,Unclear,,PC group remained undisturbed,male,70,adolescent,,none,,Depression,Forced Swimming Test (FST),"Placed individually into cylinder, swam 15 min first day, 5 mins second day",Total jumping time,Time,s,Light Phase,In paper: Table 2.,uygur_2011_ankarauniv.pdf,CON_ju,PSN_ju,CON_PSN_ju2,Yes,Negative,,16,,9,3.93,3.93,Reported SEM; used unchanged for analysis,author_reported_se_se_reported,,,,,18.4,,10,3.73,3.73,Reported SEM; used unchanged for analysis,author_reported_se_se_reported,,,,,,2nd day,author_reported_se,16,author_reported_se,11.790000000000001,author_reported_se_sd_from_se_times_sqrt_n,3.93,16,18.4,author_reported_se,11.795295672428056,author_reported_se_sd_from_se_times_sqrt_n,3.73,18.4,16,14.4,FALSE,FALSE,FALSE,FALSE,,,,not_reported,not_reported,,con012
morra_1965_physiolrec,es072,ex017,con013,out040,Yes,Verified no change,One control and one treatment,,PRENATAL SOUND STIMULATION ON POSTNATAL RAT OFFSPRING OPEN FIELD BEHAVIORS,10.1007/BF03393632,The psychological Record,,Rattus norvegicus,albino rat,Wistar rat,18,120-140 days,"mid, late",mid_late,day 12-20,9,Intermittent,0.005,"There was a noise of 3.25 sec. duration produced bya door buzzer. for eight consecutive days. Each animal received three trials, twice daily, with an interblock interval of approximately one hour.",Door bell,Audible,85,,,Unclear,,"Same manipulation with no door bell, but they don't mention anything about noise conditions",mixed,25,juvenile,,none,,Anxiety,Open Field Test (OFT),,Sections crossed,Count,Count,Not Reported,Table 2 and text,,GIII_csq,GII_csq,GIII_GII_csq,Yes,Negative,,19.5,8.4,63,,1.058301,SD / sqrt(n); derived for analysis from the extracted SD and sample size,se_from_reported_sd_se_computed_sd_over_sqrt_n,,,,,14.2,8.3,35,,1.402956,SD / sqrt(n); derived for analysis from the extracted SD and sample size,se_from_reported_sd_se_computed_sd_over_sqrt_n,,,,,,No SE or CI,se_from_reported_sd,19.5,se_from_reported_sd,8.4,se_from_reported_sd,1.0583005244258363,19.5,14.2,se_from_reported_sd,8.3,se_from_reported_sd,1.4029560628493376,14.2,6.4,5.760000000000001,FALSE,FALSE,FALSE,FALSE,,,,not_reported,not_reported,18,con013
morra_1965_physiolrec,es073,ex017,con013,out041,Yes,Verified no change,One control and one treatment,,PRENATAL SOUND STIMULATION ON POSTNATAL RAT OFFSPRING OPEN FIELD BEHAVIORS,10.1007/BF03393632,The psychological Record,,Rattus norvegicus,albino rat,Wistar rat,18,120-140 days,"mid, late",mid_late,day 12-20,9,Intermittent,0.005,"There was a noise of 3.25 sec. duration produced bya door buzzer. for eight consecutive days. Each animal received three trials, twice daily, with an interblock interval of approximately one hour.",Door bell,Audible,85,,,Unclear,,"Same manipulation with no door bell, but they don't mention anything about noise conditions",mixed,25,juvenile,,none,,Anxiety,Open Field Test (OFT),,Initial latency to move,Latency,s,Not Reported,Table 2 and text,,GIII_il,GII_il,GIII_GII_il,No,Positive,,13.1,7.9,63,,0.995306,SD / sqrt(n); derived for analysis from the extracted SD and sample size,se_from_reported_sd_se_computed_sd_over_sqrt_n,,,,,18.8,8.2,35,,1.386053,SD / sqrt(n); derived for analysis from the extracted SD and sample size,se_from_reported_sd_se_computed_sd_over_sqrt_n,,,,,,No SE or CI,se_from_reported_sd,13.1,se_from_reported_sd,7.9,se_from_reported_sd,0.995306445590965,13.1,18.8,se_from_reported_sd,8.2,se_from_reported_sd,1.386052977754767,18.8,13.1,11.79,FALSE,FALSE,FALSE,FALSE,,,,not_reported,not_reported,18,con013
abramova_2021_front,es074,ex018,con014,out042,Yes,Corrected transcription,"One control female, one male and one experimental female and one male",,The Behavior and Postnatal Development in Infant and Juvenile Rats After Ultrasound-Induced Chronic Prenatal Stress,10.3389/fphys.2021.659366,Frontiers in Physiology,,Rattus norvegicus,albino rat,Wistar rat,,not reported,"early, mid, late",full_gestation,3 weeks,21,Continuous,24,Expossed to continuous variable frequencies,Ultrasound,Ultrasound,50,"20,000-45,000",,Ambient sound,,"""normal conditions without ultrasound""",female,20,juvenile,,none,,Anxiety,Open Field Test (OFT),Square arena on PND20,Sections crossed,Count,Count,Light Phase,Author raw data,included_studies/abramova_2021_front/abramova_2021_front.xlsx,C_f_sq,PS_f_sq,C_PS_f_sq,Yes,Negative,,33.73913,16.895985,23,,3.523056,"SD / sqrt(n), using the same-sex subgroup in author raw data",sd_se_from_author_raw_data_subgroup_se_computed_sd_over_sqrt_n,,,,,24.8421,12.6985,19,,2.913236,"SD / sqrt(n), using the same-sex subgroup in author raw data",sd_se_from_author_raw_data_subgroup_se_computed_sd_over_sqrt_n,,,,,Extracted all from raw data,,sd_se_from_author_raw_data_subgroup,33.73913,sd_se_from_author_raw_data_subgroup,16.895985,sd_se_from_author_raw_data_subgroup,3.5230564121921244,33.73913,24.8421,sd_se_from_author_raw_data_subgroup,12.6985,sd_se_from_author_raw_data_subgroup,2.9132356965553283,24.8421,6.4,5.760000000000001,FALSE,FALSE,FALSE,FALSE,20000,45000,32500,range,mixed_or_boundary,,con014
abramova_2021_front,es075,ex019,con015,out042,Yes,Corrected transcription,"One control female, one male and one experimental female and one male",,The Behavior and Postnatal Development in Infant and Juvenile Rats After Ultrasound-Induced Chronic Prenatal Stress,10.3389/fphys.2021.659366,Frontiers in Physiology,,Rattus norvegicus,albino rat,Wistar rat,,not reported,"early, mid, late",full_gestation,3 weeks,21,Continuous,24,Expossed to continuous variable frequencies,Ultrasound,Ultrasound,50,"20,000-45,000",,Ambient sound,,"""normal conditions without ultrasound""",male,20,juvenile,,none,,Anxiety,Open Field Test (OFT),,Sections crossed,Count,Count,Light Phase,Author raw data,included_studies/abramova_2021_front/abramova_2021_front.xlsx,C_m_sq,PS_m_sq,C_PS_m_sq,Yes,Negative,,29,15.790292,25,,3.158058,"SD / sqrt(n), using the same-sex subgroup in author raw data",sd_se_from_author_raw_data_subgroup_se_computed_sd_over_sqrt_n,,,,,22.1667,14.5733,18,,3.43496,"SD / sqrt(n), using the same-sex subgroup in author raw data",sd_se_from_author_raw_data_subgroup_se_computed_sd_over_sqrt_n,,,,,Extracted all from raw data,,sd_se_from_author_raw_data_subgroup,29,sd_se_from_author_raw_data_subgroup,15.790292,sd_se_from_author_raw_data_subgroup,3.1580584000000003,29,22.1667,sd_se_from_author_raw_data_subgroup,14.5733,sd_se_from_author_raw_data_subgroup,3.4349597514219714,22.1667,6.4,5.760000000000001,FALSE,FALSE,FALSE,FALSE,20000,45000,32500,range,mixed_or_boundary,,con015
abramova_2021_front,es076,ex018,con014,out043,Yes,Corrected transcription,"One control female, one male and one experimental female and one male",,The Behavior and Postnatal Development in Infant and Juvenile Rats After Ultrasound-Induced Chronic Prenatal Stress,10.3389/fphys.2021.659366,Frontiers in Physiology,,Rattus norvegicus,albino rat,Wistar rat,,not reported,"early, mid, late",full_gestation,3 weeks,21,Continuous,24,Expossed to continuous variable frequencies,Ultrasound,Ultrasound,50,"20,000-45,000",,Ambient sound,,"""normal conditions without ultrasound""",female,20,juvenile,,none,,Anxiety,Open Field Test (OFT),,Rearing frequency,Count,Count,Light Phase,Author raw data,included_studies/abramova_2021_front/abramova_2021_front.xlsx,C_f_re,PS_f_re,C_PS_f_re,Yes,Negative,,10.130435,8.7558,23,,1.825711,"SD / sqrt(n), using the same-sex subgroup in author raw data",sd_se_from_author_raw_data_subgroup_se_computed_sd_over_sqrt_n,,,,,6.8947,4.4208,19,,1.014201,"SD / sqrt(n), using the same-sex subgroup in author raw data",sd_se_from_author_raw_data_subgroup_se_computed_sd_over_sqrt_n,,,,,Extracted all from raw data,,sd_se_from_author_raw_data_subgroup,10.130435,sd_se_from_author_raw_data_subgroup,8.7558,sd_se_from_author_raw_data_subgroup,1.8257105066009356,10.130435,6.8947,sd_se_from_author_raw_data_subgroup,4.4208,sd_se_from_author_raw_data_subgroup,1.0142010762949794,6.8947,4.3889,3.95001,FALSE,FALSE,FALSE,FALSE,20000,45000,32500,range,mixed_or_boundary,,con014
abramova_2021_front,es077,ex019,con015,out043,Yes,Corrected transcription,"One control female, one male and one experimental female and one male",,The Behavior and Postnatal Development in Infant and Juvenile Rats After Ultrasound-Induced Chronic Prenatal Stress,10.3389/fphys.2021.659366,Frontiers in Physiology,,Rattus norvegicus,albino rat,Wistar rat,,not reported,"early, mid, late",full_gestation,3 weeks,21,Continuous,24,Expossed to continuous variable frequencies,Ultrasound,Ultrasound,50,"20,000-45,000",,Ambient sound,,"""normal conditions without ultrasound""",male,20,juvenile,,none,,Anxiety,Open Field Test (OFT),,Rearing frequency,Count,Count,Light Phase,Author raw data,included_studies/abramova_2021_front/abramova_2021_front.xlsx,C_m_re,PS_m_re,C_PS_m_re,Yes,Negative,,8.92,6.933734,25,,1.386747,"SD / sqrt(n), using the same-sex subgroup in author raw data",sd_se_from_author_raw_data_subgroup_se_computed_sd_over_sqrt_n,,,,,4.3889,4.1747,18,,0.983986,"SD / sqrt(n), using the same-sex subgroup in author raw data",sd_se_from_author_raw_data_subgroup_se_computed_sd_over_sqrt_n,,,,,Extracted all from raw data,,sd_se_from_author_raw_data_subgroup,8.92,sd_se_from_author_raw_data_subgroup,6.933734,sd_se_from_author_raw_data_subgroup,1.3867468,8.92,4.3889,sd_se_from_author_raw_data_subgroup,4.1747,sd_se_from_author_raw_data_subgroup,0.98398622647316,4.3889,4.3889,3.95001,FALSE,FALSE,FALSE,FALSE,20000,45000,32500,range,mixed_or_boundary,,con015
abramova_2021_front,es078,ex018,con014,out044,Yes,Corrected transcription,"One control female, one male and one experimental female and one male",,The Behavior and Postnatal Development in Infant and Juvenile Rats After Ultrasound-Induced Chronic Prenatal Stress,10.3389/fphys.2021.659366,Frontiers in Physiology,,Rattus norvegicus,albino rat,Wistar rat,,not reported,"early, mid, late",full_gestation,3 weeks,21,Continuous,24,Expossed to continuous variable frequencies,Ultrasound,Ultrasound,50,"20,000-45,000",,Ambient sound,,"""normal conditions without ultrasound""",female,20,juvenile,,none,,Anxiety,Open Field Test (OFT),,Center entries (crossing),Count,Count,Light Phase,Author raw data,included_studies/abramova_2021_front/abramova_2021_front.xlsx,C_f_cen,PS_f_cen,C_PS_f_cen,Yes,Negative,,2.26087,2.526539,23,,0.52682,"SD / sqrt(n), using the same-sex subgroup in author raw data",sd_se_from_author_raw_data_subgroup_se_computed_sd_over_sqrt_n,,,,,1.3158,2.029,19,,0.465485,"SD / sqrt(n), using the same-sex subgroup in author raw data",sd_se_from_author_raw_data_subgroup_se_computed_sd_over_sqrt_n,,,,,Extracted all from raw data,,sd_se_from_author_raw_data_subgroup,2.26087,sd_se_from_author_raw_data_subgroup,2.526539,sd_se_from_author_raw_data_subgroup,0.5268197991773477,2.26087,1.3158,sd_se_from_author_raw_data_subgroup,2.029,sd_se_from_author_raw_data_subgroup,0.46548452402336976,1.3158,0.18718749999999998,0.16846874999999997,FALSE,FALSE,FALSE,FALSE,20000,45000,32500,range,mixed_or_boundary,,con014
abramova_2021_front,es079,ex019,con015,out044,Yes,Corrected transcription,"One control female, one male and one experimental female and one male",,The Behavior and Postnatal Development in Infant and Juvenile Rats After Ultrasound-Induced Chronic Prenatal Stress,10.3389/fphys.2021.659366,Frontiers in Physiology,,Rattus norvegicus,albino rat,Wistar rat,,not reported,"early, mid, late",full_gestation,3 weeks,21,Continuous,24,Expossed to continuous variable frequencies,Ultrasound,Ultrasound,50,"20,000-45,000",,Ambient sound,,"""normal conditions without ultrasound""",male,20,juvenile,,none,,Anxiety,Open Field Test (OFT),,Center entries (crossing),Count,Count,Light Phase,Author raw data,included_studies/abramova_2021_front/abramova_2021_front.xlsx,C_m_cen,PS_m_cen,C_PS_m_cen,Yes,Negative,,1.16,1.491085,25,,0.298217,"SD / sqrt(n), using the same-sex subgroup in author raw data",sd_se_from_author_raw_data_subgroup_se_computed_sd_over_sqrt_n,,,,,0.8889,2.3235,18,,0.547654,"SD / sqrt(n), using the same-sex subgroup in author raw data",sd_se_from_author_raw_data_subgroup_se_computed_sd_over_sqrt_n,,,,,Extracted all from raw data,,sd_se_from_author_raw_data_subgroup,1.16,sd_se_from_author_raw_data_subgroup,1.491085,sd_se_from_author_raw_data_subgroup,0.298217,1.16,0.8889,sd_se_from_author_raw_data_subgroup,2.3235,sd_se_from_author_raw_data_subgroup,0.5476542020289812,0.8889,0.18718749999999998,0.16846874999999997,FALSE,FALSE,FALSE,FALSE,20000,45000,32500,range,mixed_or_boundary,,con015
abramova_2021_front,es080,ex018,con014,out045,Yes,Corrected transcription,"One control female, one male and one experimental female and one male",,The Behavior and Postnatal Development in Infant and Juvenile Rats After Ultrasound-Induced Chronic Prenatal Stress,10.3389/fphys.2021.659366,Frontiers in Physiology,,Rattus norvegicus,albino rat,Wistar rat,,not reported,"early, mid, late",full_gestation,3 weeks,21,Continuous,24,Expossed to continuous variable frequencies,Ultrasound,Ultrasound,50,"20,000-45,000",,Ambient sound,,"""normal conditions without ultrasound""",female,20,juvenile,,none,,Anxiety,Open Field Test (OFT),,Time in central square,Time,s,Light Phase,Author raw data,included_studies/abramova_2021_front/abramova_2021_front.xlsx,C_f_centt,PS_f_centt,C_PS_f_centt,Yes,Negative,,5.176957,6.837676,23,,1.425754,"SD / sqrt(n), using the same-sex subgroup in author raw data",sd_se_from_author_raw_data_subgroup_se_computed_sd_over_sqrt_n,,,,,2.9368,5.119,19,,1.174379,"SD / sqrt(n), using the same-sex subgroup in author raw data",sd_se_from_author_raw_data_subgroup_se_computed_sd_over_sqrt_n,,,,,Extracted all from raw data,,sd_se_from_author_raw_data_subgroup,5.176957,sd_se_from_author_raw_data_subgroup,6.837676,sd_se_from_author_raw_data_subgroup,1.4257540046521229,5.176957,2.9368,sd_se_from_author_raw_data_subgroup,5.119,sd_se_from_author_raw_data_subgroup,1.1743791416834055,2.9368,0.18,0.162,FALSE,FALSE,FALSE,FALSE,20000,45000,32500,range,mixed_or_boundary,,con014
abramova_2021_front,es081,ex019,con015,out045,Yes,Corrected transcription,"One control female, one male and one experimental female and one male",,The Behavior and Postnatal Development in Infant and Juvenile Rats After Ultrasound-Induced Chronic Prenatal Stress,10.3389/fphys.2021.659366,Frontiers in Physiology,,Rattus norvegicus,albino rat,Wistar rat,,not reported,"early, mid, late",full_gestation,3 weeks,21,Continuous,24,Expossed to continuous variable frequencies,Ultrasound,Ultrasound,50,"20,000-45,000",,Ambient sound,,"""normal conditions without ultrasound""",male,20,juvenile,,none,,Anxiety,Open Field Test (OFT),,Time in central square,Time,s,Light Phase,Author raw data,included_studies/abramova_2021_front/abramova_2021_front.xlsx,C_m_centt,PS_m_centt,C_PS_m_centt,Yes,Negative,,2.0964,3.390067,25,,0.678013,"SD / sqrt(n), using the same-sex subgroup in author raw data",sd_se_from_author_raw_data_subgroup_se_computed_sd_over_sqrt_n,,,,,0.7739,2.1925,18,,0.516777,"SD / sqrt(n), using the same-sex subgroup in author raw data",sd_se_from_author_raw_data_subgroup_se_computed_sd_over_sqrt_n,,,,,Extracted all from raw data,,sd_se_from_author_raw_data_subgroup,2.0964,sd_se_from_author_raw_data_subgroup,3.390067,sd_se_from_author_raw_data_subgroup,0.6780134,2.0964,0.7739,sd_se_from_author_raw_data_subgroup,2.1925,sd_se_from_author_raw_data_subgroup,0.5167772059171685,0.7739,0.18,0.162,FALSE,FALSE,FALSE,FALSE,20000,45000,32500,range,mixed_or_boundary,,con015
abramova_2021_front,es082,ex018,con014,out046,Yes,Corrected transcription,"One control female, one male and one experimental female and one male",,The Behavior and Postnatal Development in Infant and Juvenile Rats After Ultrasound-Induced Chronic Prenatal Stress,10.3389/fphys.2021.659366,Frontiers in Physiology,,Rattus norvegicus,albino rat,Wistar rat,,not reported,"early, mid, late",full_gestation,3 weeks,21,Continuous,24,Expossed to continuous variable frequencies,Ultrasound,Ultrasound,50,"20,000-45,000",,Ambient sound,,"""normal conditions without ultrasound""",female,20,juvenile,,none,,Anxiety,Open Field Test (OFT),,Grooming frequency,Count,Count,Light Phase,Author raw data,included_studies/abramova_2021_front/abramova_2021_front.xlsx,C_f_gfr,PS_f_gfr,C_PS_f_gfr,No,Positive,,2.652174,1.465007,23,,0.305475,"SD / sqrt(n), using the same-sex subgroup in author raw data",sd_se_from_author_raw_data_subgroup_se_computed_sd_over_sqrt_n,,,,,2.7895,1.782,19,,0.408819,"SD / sqrt(n), using the same-sex subgroup in author raw data",sd_se_from_author_raw_data_subgroup_se_computed_sd_over_sqrt_n,,,,,Extracted all from raw data,,sd_se_from_author_raw_data_subgroup,2.652174,sd_se_from_author_raw_data_subgroup,1.465007,sd_se_from_author_raw_data_subgroup,0.3054750761945129,2.652174,2.7895,sd_se_from_author_raw_data_subgroup,1.782,sd_se_from_author_raw_data_subgroup,0.408818837757341,2.7895,2.652174,2.3869566,FALSE,FALSE,FALSE,FALSE,20000,45000,32500,range,mixed_or_boundary,,con014
abramova_2021_front,es083,ex019,con015,out046,Yes,Corrected transcription,"One control female, one male and one experimental female and one male",,The Behavior and Postnatal Development in Infant and Juvenile Rats After Ultrasound-Induced Chronic Prenatal Stress,10.3389/fphys.2021.659366,Frontiers in Physiology,,Rattus norvegicus,albino rat,Wistar rat,,not reported,"early, mid, late",full_gestation,3 weeks,21,Continuous,24,Expossed to continuous variable frequencies,Ultrasound,Ultrasound,50,"20,000-45,000",,Ambient sound,,"""normal conditions without ultrasound""",male,20,juvenile,,none,,Anxiety,Open Field Test (OFT),,Grooming frequency,Count,Count,Light Phase,Author raw data,included_studies/abramova_2021_front/abramova_2021_front.xlsx,C_m_gfr,PS_m_gfr,C_PS_m_gfr,No,Positive,,3.76,1.665333,25,,0.333067,"SD / sqrt(n), using the same-sex subgroup in author raw data",sd_se_from_author_raw_data_subgroup_se_computed_sd_over_sqrt_n,,,,,3,1.7489,18,,0.41222,"SD / sqrt(n), using the same-sex subgroup in author raw data",sd_se_from_author_raw_data_subgroup_se_computed_sd_over_sqrt_n,,,,,Extracted all from raw data,,sd_se_from_author_raw_data_subgroup,3.76,sd_se_from_author_raw_data_subgroup,1.665333,sd_se_from_author_raw_data_subgroup,0.3330666,3.76,3,sd_se_from_author_raw_data_subgroup,1.7489,sd_se_from_author_raw_data_subgroup,0.41221968320571767,3,2.652174,2.3869566,FALSE,FALSE,FALSE,FALSE,20000,45000,32500,range,mixed_or_boundary,,con015
abramova_2021_front,es084,ex018,con014,out047,Yes,Corrected transcription,"One control female, one male and one experimental female and one male",,The Behavior and Postnatal Development in Infant and Juvenile Rats After Ultrasound-Induced Chronic Prenatal Stress,10.3389/fphys.2021.659366,Frontiers in Physiology,,Rattus norvegicus,albino rat,Wistar rat,,not reported,"early, mid, late",full_gestation,3 weeks,21,Continuous,24,Expossed to continuous variable frequencies,Ultrasound,Ultrasound,50,"20,000-45,000",,Ambient sound,,"""normal conditions without ultrasound""",female,20,juvenile,,none,,Anxiety,Open Field Test (OFT),,Total grooming time,Time,s,Light Phase,Author raw data,included_studies/abramova_2021_front/abramova_2021_front.xlsx,C_f_gtt,PS_f_gtt,C_PS_f_gtt,No,Positive,,16.378696,13.13384,23,,2.738595,"SD / sqrt(n), using the same-sex subgroup in author raw data",sd_se_from_author_raw_data_subgroup_se_computed_sd_over_sqrt_n,,,,,28.2516,24.6902,19,,5.66432,"SD / sqrt(n), using the same-sex subgroup in author raw data",sd_se_from_author_raw_data_subgroup_se_computed_sd_over_sqrt_n,,,,,Extracted all from raw data,,sd_se_from_author_raw_data_subgroup,16.378696,sd_se_from_author_raw_data_subgroup,13.13384,sd_se_from_author_raw_data_subgroup,2.738594951919371,16.378696,28.2516,sd_se_from_author_raw_data_subgroup,24.6902,sd_se_from_author_raw_data_subgroup,5.664320352410944,28.2516,12.5038,11.25342,FALSE,FALSE,FALSE,FALSE,20000,45000,32500,range,mixed_or_boundary,,con014
abramova_2021_front,es085,ex019,con015,out047,Yes,Corrected transcription,"One control female, one male and one experimental female and one male",,The Behavior and Postnatal Development in Infant and Juvenile Rats After Ultrasound-Induced Chronic Prenatal Stress,10.3389/fphys.2021.659366,Frontiers in Physiology,,Rattus norvegicus,albino rat,Wistar rat,,not reported,"early, mid, late",full_gestation,3 weeks,21,Continuous,24,Expossed to continuous variable frequencies,Ultrasound,Ultrasound,50,"20,000-45,000",,Ambient sound,,"""normal conditions without ultrasound""",male,20,juvenile,,none,,Anxiety,Open Field Test (OFT),,Total grooming time,Time,s,Light Phase,Author raw data,included_studies/abramova_2021_front/abramova_2021_front.xlsx,C_m_gtt,PS_m_gtt,C_PS_m_gtt,No,Positive,,34.048,25.085267,25,,5.017053,"SD / sqrt(n), using the same-sex subgroup in author raw data",sd_se_from_author_raw_data_subgroup_se_computed_sd_over_sqrt_n,,,,,24.2061,17.297,18,,4.076942,"SD / sqrt(n), using the same-sex subgroup in author raw data",sd_se_from_author_raw_data_subgroup_se_computed_sd_over_sqrt_n,,,,,Extracted all from raw data,,sd_se_from_author_raw_data_subgroup,34.048,sd_se_from_author_raw_data_subgroup,25.085267,sd_se_from_author_raw_data_subgroup,5.0170534,34.048,24.2061,sd_se_from_author_raw_data_subgroup,17.297,sd_se_from_author_raw_data_subgroup,4.076941998061238,24.2061,12.5038,11.25342,FALSE,FALSE,FALSE,FALSE,20000,45000,32500,range,mixed_or_boundary,,con015
abramova_2021_front,es086,ex018,con014,out048,Yes,Corrected transcription,"One control female, one male and one experimental female and one male",,The Behavior and Postnatal Development in Infant and Juvenile Rats After Ultrasound-Induced Chronic Prenatal Stress,10.3389/fphys.2021.659366,Frontiers in Physiology,,Rattus norvegicus,albino rat,Wistar rat,,not reported,"early, mid, late",full_gestation,3 weeks,21,Continuous,24,Expossed to continuous variable frequencies,Ultrasound,Ultrasound,50,"20,000-45,000",,Ambient sound,,"""normal conditions without ultrasound""",female,20,juvenile,,none,,Anxiety,Open Field Test (OFT),,Total freezing time,Time,s,Light Phase,Author raw data,included_studies/abramova_2021_front/abramova_2021_front.xlsx,C_f_frtt,PS_f_fr,C_PS_f_fr,No,Positive,,39.256957,41.727392,23,,8.700763,"SD / sqrt(n), using the same-sex subgroup in author raw data",sd_se_from_author_raw_data_subgroup_se_computed_sd_over_sqrt_n,,,,,62.3595,53.8477,19,,12.35351,"SD / sqrt(n), using the same-sex subgroup in author raw data",sd_se_from_author_raw_data_subgroup_se_computed_sd_over_sqrt_n,,,,,Extracted all from raw data,,sd_se_from_author_raw_data_subgroup,39.256957,sd_se_from_author_raw_data_subgroup,41.727392,sd_se_from_author_raw_data_subgroup,8.700762693009871,39.256957,62.3595,sd_se_from_author_raw_data_subgroup,53.8477,sd_se_from_author_raw_data_subgroup,12.353509612741849,62.3595,8.2563,7.43067,FALSE,FALSE,FALSE,FALSE,20000,45000,32500,range,mixed_or_boundary,,con014
abramova_2021_front,es087,ex019,con015,out048,Yes,Corrected transcription,"One control female, one male and one experimental female and one male",,The Behavior and Postnatal Development in Infant and Juvenile Rats After Ultrasound-Induced Chronic Prenatal Stress,10.3389/fphys.2021.659366,Frontiers in Physiology,,Rattus norvegicus,albino rat,Wistar rat,,not reported,"early, mid, late",full_gestation,3 weeks,21,Continuous,24,Expossed to continuous variable frequencies,Ultrasound,Ultrasound,50,"20,000-45,000",,Ambient sound,,"""normal conditions without ultrasound""",male,20,juvenile,,none,,Anxiety,Open Field Test (OFT),,Total freezing time,Time,s,Light Phase,Author raw data,included_studies/abramova_2021_front/abramova_2021_front.xlsx,C_m_ftt,PS_m_fr,C_PS_m_fr,No,Positive,,36.678,36.638022,25,,7.327604,"SD / sqrt(n), using the same-sex subgroup in author raw data",sd_se_from_author_raw_data_subgroup_se_computed_sd_over_sqrt_n,,,,,79.8783,55.483,18,,13.077469,"SD / sqrt(n), using the same-sex subgroup in author raw data",sd_se_from_author_raw_data_subgroup_se_computed_sd_over_sqrt_n,,,,,Extracted all from raw data,,sd_se_from_author_raw_data_subgroup,36.678,sd_se_from_author_raw_data_subgroup,36.638022,sd_se_from_author_raw_data_subgroup,7.3276044,36.678,79.8783,sd_se_from_author_raw_data_subgroup,55.483,sd_se_from_author_raw_data_subgroup,13.077468513524407,79.8783,8.2563,7.43067,FALSE,FALSE,FALSE,FALSE,20000,45000,32500,range,mixed_or_boundary,,con015
badache_2017_stress,es088,ex020,con016,out049,Yes,Verified no change,One treatmentent group and one control,,"Prenatal noise and restraint stress interact to alter exploratory behavior and balance in juvenile rats, and mixed stress reverses these effects",10.1080/10253890.2017.1307962,Stress,,Rattus norvegicus,albino rat,Wistar rat,13,90 days,"mid, late",mid_late,day 11-19,9,Intermittent,0.05,"3 mins per day.  HELLA twintone Horn, car horn",Traffic,Audible,110,500,,Unclear,,No information,male,45,adolescent,,none,,Anxiety,Open Field Test (OFT),,Time in corners,Time,s,Light Phase,Figure 5a,badache_2017_stress_5a,Cn_cor,Ns_cor,Cn_Ns_cor,No,Positive,,216.89,47.03,16,11.76,11.76,Reported SEM; used unchanged for analysis,author_reported_se_se_reported,,,,,253.78,51.89,16,12.97,12.97,Reported SEM; used unchanged for analysis,author_reported_se_se_reported,,,,,,,author_reported_se,216.89,author_reported_se,47.03,author_reported_se,11.76,216.89,253.78,author_reported_se,51.89,author_reported_se,12.97,253.78,216.89,195.201,FALSE,FALSE,FALSE,FALSE,500,500,500,point,audible,13,con016
badache_2017_stress,es089,ex020,con016,out050,Yes,Verified no change,One treatmentent group and one control,,"Prenatal noise and restraint stress interact to alter exploratory behavior and balance in juvenile rats, and mixed stress reverses these effects",10.1080/10253890.2017.1307962,Stress,,Rattus norvegicus,albino rat,Wistar rat,13,90 days,"mid, late",mid_late,day 11-19,9,Intermittent,0.05,"3 mins per day.  HELLA twintone Horn, car horn",Traffic,Audible,110,500,,Unclear,,No information,male,45,adolescent,,none,,Anxiety,Open Field Test (OFT),,Sections crossed,Count,Count,Light Phase,Figure 5b,badache_2017_stress_5b,Cn_sq,Ns_sq,Cn_Ns_sq,Yes,Negative,,70.44,16.15,16,4.04,4.04,Reported SEM; used unchanged for analysis,author_reported_se_se_reported,,,,,45.26,8.92,16,2.23,2.23,Reported SEM; used unchanged for analysis,author_reported_se_se_reported,,,,,,,author_reported_se,70.44,author_reported_se,16.15,author_reported_se,4.04,70.44,45.26,author_reported_se,8.92,author_reported_se,2.23,45.26,6.4,5.760000000000001,FALSE,FALSE,FALSE,FALSE,500,500,500,point,audible,13,con016
badache_2017_stress,es090,ex020,con016,out051,Yes,Verified no change,One treatmentent group and one control,,"Prenatal noise and restraint stress interact to alter exploratory behavior and balance in juvenile rats, and mixed stress reverses these effects",10.1080/10253890.2017.1307962,Stress,,Rattus norvegicus,albino rat,Wistar rat,13,90 days,"mid, late",mid_late,day 11-19,9,Intermittent,0.05,"3 mins per day.  HELLA twintone Horn, car horn",Traffic,Audible,110,500,,Unclear,,No information,male,45,adolescent,,none,,Anxiety,Open Field Test (OFT),,Time in central square,Time,s,Light Phase,Figure 5c,badache_2017_stress_5c,Cn_cen,Ns_cen,Cn_Ns_cen,Yes,Negative,,4.13,0.93,16,0.23,0.23,Reported SEM; used unchanged for analysis,author_reported_se_se_reported,,,,,0.18,0.26,16,0.07,0.07,Reported SEM; used unchanged for analysis,author_reported_se_se_reported,,,,,,,author_reported_se,4.13,author_reported_se,0.93,author_reported_se,0.23,4.13,0.18,author_reported_se,0.26,author_reported_se,0.07,0.18,0.18,0.162,FALSE,FALSE,FALSE,FALSE,500,500,500,point,audible,13,con016
badache_2017_stress,es091,ex020,con016,out052,Yes,Verified no change,One treatmentent group and one control,,"Prenatal noise and restraint stress interact to alter exploratory behavior and balance in juvenile rats, and mixed stress reverses these effects",10.1080/10253890.2017.1307962,Stress,,Rattus norvegicus,albino rat,Wistar rat,13,90 days,"mid, late",mid_late,day 11-19,9,Intermittent,0.05,"3 mins per day.  HELLA twintone Horn, car horn",Traffic,Audible,110,500,,Unclear,,No information,male,45,adolescent,,none,,Anxiety,Open Field Test (OFT),,Rearing time,Time,s,Light Phase,Figure 5d,badache_2017_stress_5d,Cn_re,Ns_re,Cn_Ns_re,Yes,Negative,,22,5.03,16,1.26,1.26,Reported SEM; used unchanged for analysis,author_reported_se_se_reported,,,,,8.54,1.93,16,0.48,0.48,Reported SEM; used unchanged for analysis,author_reported_se_se_reported,,,,,,,author_reported_se,22,author_reported_se,5.03,author_reported_se,1.26,22,8.54,author_reported_se,1.93,author_reported_se,0.48,8.54,8.54,7.685999999999999,FALSE,FALSE,FALSE,FALSE,500,500,500,point,audible,13,con016
badache_2017_stress,es092,ex020,con016,out053,Yes,Verified no change,One treatmentent group and one control,,"Prenatal noise and restraint stress interact to alter exploratory behavior and balance in juvenile rats, and mixed stress reverses these effects",10.1080/10253890.2017.1307962,Stress,,Rattus norvegicus,albino rat,Wistar rat,13,90 days,"mid, late",mid_late,day 11-19,9,Intermittent,0.05,"3 mins per day.  HELLA twintone Horn, car horn",Traffic,Audible,110,500,,Unclear,,No information,male,46,adolescent,,none,,Anxiety,Elevated Plus Maze (EPM),,Time in open arms (OAT),Time,s,Light Phase,Figure 6a,badache_2017_stress_6a,Cn_oat,Ns_oat,Cn_Ns_oat,Yes,Negative,,135.51,31.84,16,7.96,7.96,Reported SEM; used unchanged for analysis,author_reported_se_se_reported,,,,,67.96,14.69,16,3.67,3.67,Reported SEM; used unchanged for analysis,author_reported_se_se_reported,,,,,,,author_reported_se,135.51,author_reported_se,31.84,author_reported_se,7.96,135.51,67.96,author_reported_se,14.69,author_reported_se,3.67,67.96,25.42,22.878000000000004,FALSE,FALSE,FALSE,FALSE,500,500,500,point,audible,13,con016
badache_2017_stress,es093,ex020,con016,out054,Yes,Verified no change,One treatmentent group and one control,,"Prenatal noise and restraint stress interact to alter exploratory behavior and balance in juvenile rats, and mixed stress reverses these effects",10.1080/10253890.2017.1307962,Stress,,Rattus norvegicus,albino rat,Wistar rat,13,90 days,"mid, late",mid_late,day 11-19,9,Intermittent,0.05,"3 mins per day.  HELLA twintone Horn, car horn",Traffic,Audible,110,500,,Unclear,,No information,male,46,adolescent,,Cross-Fostered,,Anxiety,Elevated Plus Maze (EPM),,Rearing time,Time,s,Light Phase,Figure 6b,badache_2017_stress_6b,Cn_rt,Ns_rt,Cn_Ns_rt,Yes,Negative,,18.12,4.52,16,1.13,1.13,Reported SEM; used unchanged for analysis,author_reported_se_se_reported,,,,,7.77,2.05,16,0.51,0.51,Reported SEM; used unchanged for analysis,author_reported_se_se_reported,,,,,,,author_reported_se,18.12,author_reported_se,4.52,author_reported_se,1.13,18.12,7.77,author_reported_se,2.05,author_reported_se,0.51,7.77,7.77,6.992999999999999,FALSE,FALSE,FALSE,FALSE,500,500,500,point,audible,13,con016
whitlow_1978_thesis,es094,ex021,con017,out055,Yes,Corrected derived value,"They had two experimental groups, 65dB and 85dB, they did 3 trials, one per day of the OFT",,THE EFFECT OF SOUND STIMULATION DURING GESTATION  ON THE BEHAVIOR OF RAT OFFSPRING,,Thesis,,Rattus norvegicus,hooded rat,Lister rat,,not reported,"mid, late",mid_late,day 12-19,8,Intermittent,0.005,18 seconds per day. It was a tone,White noise,Audible,85,2500,,Unclear,,"No noise, moved into experimental sound cage",mixed,25,juvenile,,Cross-Fostered,,Anxiety,Open Field Test (OFT),"Circular open-field, duration 3 minutes and repeated in 3 consecutive days",Sections crossed,Count,Count,Not Reported,Figure 2,whitlow_1978_thesis_fig2,HNoN_1_sq,HN_1_sq,HNoN_HN_1_sq,Yes,Negative,,65.63,8.1012,20,,1.811483,Accepted analysis assumption: SD = sqrt(mean); SE = SD / sqrt(n),assumed_sd_sqrt_mean_se_computed_sd_over_sqrt_n,,,,,71.2285,8.4397,20,,1.887174,Accepted analysis assumption: SD = sqrt(mean); SE = SD / sqrt(n),assumed_sd_sqrt_mean_se_computed_sd_over_sqrt_n,,,,,"Figure only showed mean, imputated sd=SQRT(mean) as are counts in a certain tine","The author stated ""hooded rat,"" we assumed ""lister rat"". ""Foster mothers with no noise exposure. We also used the HNoN control, which were manipulated the same way as the noise treatment, but no noise..."". In the pilot they used a ""2 . 5 KHz tone of 3 second duration at  an intensity of 85 dB (re 20 4 N/m~)."" so we assumed they used the same for the actual experiment",assumed_sd_sqrt_mean,65.63,assumed_sd_sqrt_mean,8.1012,assumed_sd_sqrt_mean,1.8114833899321297,65.63,71.2285,assumed_sd_sqrt_mean,8.4397,assumed_sd_sqrt_mean,1.8871742909704974,71.2285,6.4,5.760000000000001,FALSE,FALSE,FALSE,FALSE,2500,2500,2500,point,audible,,con017
whitlow_1978_thesis,es095,ex022,con017,out055,Yes,Corrected derived value,"They had two experimental groups, 65dB and 85dB, they did 3 trials, one per day of the OFT",,THE EFFECT OF SOUND STIMULATION DURING GESTATION  ON THE BEHAVIOR OF RAT OFFSPRING,,Thesis,,Rattus norvegicus,hooded rat,Lister rat,,not reported,"mid, late",mid_late,day 12-19,8,Intermittent,0.005,18 seconds per day. It was a tone,White noise,Audible,65,2500,,Unclear,,"No noise, moved into experimental sound cage",mixed,25,juvenile,,Cross-Fostered,,Anxiety,Open Field Test (OFT),"Circular open-field, duration 3 minutes and repeated in 3 consecutive days",Sections crossed,Count,Count,Not Reported,Figure 2,whitlow_1978_thesis_fig2,HNoN_1_sq,HLN_1_sq,HNoN_HLN_1_sq,Yes,Negative,,65.63,8.1012,20,,1.811483,Accepted analysis assumption: SD = sqrt(mean); SE = SD / sqrt(n),assumed_sd_sqrt_mean_se_computed_sd_over_sqrt_n,,,,,60.8719,7.802,20,,1.74458,Accepted analysis assumption: SD = sqrt(mean); SE = SD / sqrt(n),assumed_sd_sqrt_mean_se_computed_sd_over_sqrt_n,,,,,"Figure only showed mean, imputated sd=SQRT(mean) as are counts in a certain tine","The author stated ""hooded rat,"" we assumed ""lister rat"". ""Foster mothers with no noise exposure. We also used the HNoN control, which were manipulated the same way as the noise treatment, but no noise..."". In the pilot they used a ""2 . 5 KHz tone of 3 second duration at  an intensity of 85 dB (re 20 4 N/m~)."" so we assumed they used the same for the actual experiment",assumed_sd_sqrt_mean,65.63,assumed_sd_sqrt_mean,8.1012,assumed_sd_sqrt_mean,1.8114833899321297,65.63,60.8719,assumed_sd_sqrt_mean,7.802,assumed_sd_sqrt_mean,1.7445802360453357,60.8719,6.4,5.760000000000001,FALSE,FALSE,FALSE,FALSE,2500,2500,2500,point,audible,,con017
whitlow_1978_thesis,es096,ex021,con017,out055,Yes,Corrected derived value,"They had two experimental groups, 65dB and 85dB, they did 3 trials, one per day of the OFT",,THE EFFECT OF SOUND STIMULATION DURING GESTATION  ON THE BEHAVIOR OF RAT OFFSPRING,,Thesis,,Rattus norvegicus,hooded rat,Lister rat,,not reported,"mid, late",mid_late,day 12-19,8,Intermittent,0.005,18 seconds per day. It was a tone,White noise,Audible,85,2500,,Unclear,,"No noise, moved into experimental sound cage",mixed,26,juvenile,,Cross-Fostered,,Anxiety,Open Field Test (OFT),"Circular open-field, duration 3 minutes and repeated in 3 consecutive days",Sections crossed,Count,Count,Not Reported,Figure 2,whitlow_1978_thesis_fig2,HNoN_2_sq,HN_2_sq,HNoN_HN_2_sq,Yes,Negative,,39.74,6.304,20,,1.409617,Accepted analysis assumption: SD = sqrt(mean); SE = SD / sqrt(n),assumed_sd_sqrt_mean_se_computed_sd_over_sqrt_n,,,,,42.8005,6.5422,20,,1.46288,Accepted analysis assumption: SD = sqrt(mean); SE = SD / sqrt(n),assumed_sd_sqrt_mean_se_computed_sd_over_sqrt_n,,,,,"Figure only showed mean, imputated sd=SQRT(mean) as are counts in a certain tine","The author stated ""hooded rat,"" we assumed ""lister rat"". ""Foster mothers with no noise exposure. We also used the HNoN control, which were manipulated the same way as the noise treatment, but no noise..."". In the pilot they used a ""2 . 5 KHz tone of 3 second duration at  an intensity of 85 dB (re 20 4 N/m~)."" so we assumed they used the same for the actual experiment",assumed_sd_sqrt_mean,39.74,assumed_sd_sqrt_mean,6.304,assumed_sd_sqrt_mean,1.4096172530158675,39.74,42.8005,assumed_sd_sqrt_mean,6.5422,assumed_sd_sqrt_mean,1.4628803922399125,42.8005,6.4,5.760000000000001,FALSE,FALSE,FALSE,FALSE,2500,2500,2500,point,audible,,con017
whitlow_1978_thesis,es097,ex022,con017,out055,Yes,Corrected derived value,"They had two experimental groups, 65dB and 85dB, they did 3 trials, one per day of the OFT",,THE EFFECT OF SOUND STIMULATION DURING GESTATION  ON THE BEHAVIOR OF RAT OFFSPRING,,Thesis,,Rattus norvegicus,hooded rat,Lister rat,,not reported,"mid, late",mid_late,day 12-19,8,Intermittent,0.005,18 seconds per day. It was a tone,White noise,Audible,65,2500,,Unclear,,"No noise, moved into experimental sound cage",mixed,26,juvenile,,Cross-Fostered,,Anxiety,Open Field Test (OFT),"Circular open-field, duration 3 minutes and repeated in 3 consecutive days",Sections crossed,Count,Count,Not Reported,Figure 2,whitlow_1978_thesis_fig2,HNoN_2_sq,HLN_2_sq,HNoN_HLN_2_sq,Yes,Negative,,39.74,6.304,20,,1.409617,Accepted analysis assumption: SD = sqrt(mean); SE = SD / sqrt(n),assumed_sd_sqrt_mean_se_computed_sd_over_sqrt_n,,,,,36.8824,6.0731,20,,1.357986,Accepted analysis assumption: SD = sqrt(mean); SE = SD / sqrt(n),assumed_sd_sqrt_mean_se_computed_sd_over_sqrt_n,,,,,"Figure only showed mean, imputated sd=SQRT(mean) as are counts in a certain tine","The author stated ""hooded rat,"" we assumed ""lister rat"". ""Foster mothers with no noise exposure. We also used the HNoN control, which were manipulated the same way as the noise treatment, but no noise..."". In the pilot they used a ""2 . 5 KHz tone of 3 second duration at  an intensity of 85 dB (re 20 4 N/m~)."" so we assumed they used the same for the actual experiment",assumed_sd_sqrt_mean,39.74,assumed_sd_sqrt_mean,6.304,assumed_sd_sqrt_mean,1.4096172530158675,39.74,36.8824,assumed_sd_sqrt_mean,6.0731,assumed_sd_sqrt_mean,1.3579864434153972,36.8824,6.4,5.760000000000001,FALSE,FALSE,FALSE,FALSE,2500,2500,2500,point,audible,,con017
whitlow_1978_thesis,es098,ex021,con017,out055,Yes,Corrected derived value,"They had two experimental groups, 65dB and 85dB, they did 3 trials, one per day of the OFT",,THE EFFECT OF SOUND STIMULATION DURING GESTATION  ON THE BEHAVIOR OF RAT OFFSPRING,,Thesis,,Rattus norvegicus,hooded rat,Lister rat,,not reported,"mid, late",mid_late,day 12-19,8,Intermittent,0.005,18 seconds per day. It was a tone,White noise,Audible,85,2500,,Unclear,,"No noise, moved into experimental sound cage",mixed,27,juvenile,,Cross-Fostered,,Anxiety,Open Field Test (OFT),"Circular open-field, duration 3 minutes and repeated in 3 consecutive days",Sections crossed,Count,Count,Not Reported,Figure 2,whitlow_1978_thesis_fig2,HNoN_3_sq,HN_3_sq,HNoN_HN_3_sq,Yes,Negative,,17.33,4.1629,20,,0.930853,Accepted analysis assumption: SD = sqrt(mean); SE = SD / sqrt(n),assumed_sd_sqrt_mean_se_computed_sd_over_sqrt_n,,,,,26.7371,5.1708,20,,1.156226,Accepted analysis assumption: SD = sqrt(mean); SE = SD / sqrt(n),assumed_sd_sqrt_mean_se_computed_sd_over_sqrt_n,,,,,"Figure only showed mean, imputated sd=SQRT(mean) as are counts in a certain tine","The author stated ""hooded rat,"" we assumed ""lister rat"". ""Foster mothers with no noise exposure. We also used the HNoN control, which were manipulated the same way as the noise treatment, but no noise..."". In the pilot they used a ""2 . 5 KHz tone of 3 second duration at  an intensity of 85 dB (re 20 4 N/m~)."" so we assumed they used the same for the actual experiment",assumed_sd_sqrt_mean,17.33,assumed_sd_sqrt_mean,4.1629,assumed_sd_sqrt_mean,0.9308527383533873,17.33,26.7371,assumed_sd_sqrt_mean,5.1708,assumed_sd_sqrt_mean,1.156226029805591,26.7371,6.4,5.760000000000001,FALSE,FALSE,FALSE,FALSE,2500,2500,2500,point,audible,,con017
whitlow_1978_thesis,es099,ex022,con017,out055,Yes,Corrected derived value,"They had two experimental groups, 65dB and 85dB, they did 3 trials, one per day of the OFT",,THE EFFECT OF SOUND STIMULATION DURING GESTATION  ON THE BEHAVIOR OF RAT OFFSPRING,,Thesis,,Rattus norvegicus,hooded rat,Lister rat,,not reported,"mid, late",mid_late,day 12-19,8,Intermittent,0.005,18 seconds per day. It was a tone,White noise,Audible,65,2500,,Unclear,,"No noise, moved into experimental sound cage",mixed,27,juvenile,,Cross-Fostered,,Anxiety,Open Field Test (OFT),"Circular open-field, duration 3 minutes and repeated in 3 consecutive days",Sections crossed,Count,Count,Not Reported,Figure 2,whitlow_1978_thesis_fig2,HNoN_3_sq,HLN_3_sq,HNoN_HLN_3_sq,Yes,Negative,,17.33,4.1629,20,,0.930853,Accepted analysis assumption: SD = sqrt(mean); SE = SD / sqrt(n),assumed_sd_sqrt_mean_se_computed_sd_over_sqrt_n,,,,,15.7464,3.9682,20,,0.887316,Accepted analysis assumption: SD = sqrt(mean); SE = SD / sqrt(n),assumed_sd_sqrt_mean_se_computed_sd_over_sqrt_n,,,,,"Figure only showed mean, imputated sd=SQRT(mean) as are counts in a certain tine","The author stated ""hooded rat,"" we assumed ""lister rat"". ""Foster mothers with no noise exposure. We also used the HNoN control, which were manipulated the same way as the noise treatment, but no noise..."". In the pilot they used a ""2 . 5 KHz tone of 3 second duration at  an intensity of 85 dB (re 20 4 N/m~)."" so we assumed they used the same for the actual experiment",assumed_sd_sqrt_mean,17.33,assumed_sd_sqrt_mean,4.1629,assumed_sd_sqrt_mean,0.9308527383533873,17.33,15.7464,assumed_sd_sqrt_mean,3.9682,assumed_sd_sqrt_mean,0.8873164948314665,15.7464,6.4,5.760000000000001,FALSE,FALSE,FALSE,FALSE,2500,2500,2500,point,audible,,con017
whitlow_1978_thesis,es100,ex021,con017,out056,Yes,Corrected derived value,"They had two experimental groups, 65dB and 85dB, they did 3 trials, one per day of the OFT",,THE EFFECT OF SOUND STIMULATION DURING GESTATION  ON THE BEHAVIOR OF RAT OFFSPRING,,Thesis,,Rattus norvegicus,hooded rat,Lister rat,,not reported,"mid, late",mid_late,day 12-19,8,Intermittent,0.005,18 seconds per day. It was a tone,White noise,Audible,85,2500,,Unclear,,"No noise, moved into experimental sound cage",mixed,25,juvenile,,Cross-Fostered,,Anxiety,Open Field Test (OFT),"Circular open-field, duration 3 minutes and repeated in 3 consecutive days",Grooming frequency,Count,Count,Not Reported,Figure 4,whitlow_1978_thesis_fig4,HNoN_1_gr,HN_1_gr,HNoN_HN_1_gr,No,Positive,,4.48,2.1166,20,,0.473286,Accepted analysis assumption: SD = sqrt(mean); SE = SD / sqrt(n),assumed_sd_sqrt_mean_se_computed_sd_over_sqrt_n,,,,,3.6809,1.9186,20,,0.429012,Accepted analysis assumption: SD = sqrt(mean); SE = SD / sqrt(n),assumed_sd_sqrt_mean_se_computed_sd_over_sqrt_n,,,,,"Figure only showed mean, imputated sd=SQRT(mean) as are counts in a certain tine","The author stated ""hooded rat,"" we assumed ""lister rat"". ""Foster mothers with no noise exposure. We also used the HNoN control, which were manipulated the same way as the noise treatment, but no noise..."". In the pilot they used a ""2 . 5 KHz tone of 3 second duration at  an intensity of 85 dB (re 20 4 N/m~)."" so we assumed they used the same for the actual experiment",assumed_sd_sqrt_mean,4.48,assumed_sd_sqrt_mean,2.1166,assumed_sd_sqrt_mean,0.4732861481176055,4.48,3.6809,assumed_sd_sqrt_mean,1.9186,assumed_sd_sqrt_mean,0.42901200216310964,3.6809,2.652174,2.3869566,FALSE,FALSE,FALSE,FALSE,2500,2500,2500,point,audible,,con017
whitlow_1978_thesis,es101,ex022,con017,out056,Yes,Corrected derived value,"They had two experimental groups, 65dB and 85dB, they did 3 trials, one per day of the OFT",,THE EFFECT OF SOUND STIMULATION DURING GESTATION  ON THE BEHAVIOR OF RAT OFFSPRING,,Thesis,,Rattus norvegicus,hooded rat,Lister rat,,not reported,"mid, late",mid_late,day 12-19,8,Intermittent,0.005,18 seconds per day. It was a tone,White noise,Audible,65,2500,,Unclear,,"No noise, moved into experimental sound cage",mixed,25,juvenile,,Cross-Fostered,,Anxiety,Open Field Test (OFT),"Circular open-field, duration 3 minutes and repeated in 3 consecutive days",Grooming frequency,Count,Count,Not Reported,Figure 4,whitlow_1978_thesis_fig4,HNoN_1_gr,HLN_1_gr,HNoN_HLN_1_gr,No,Positive,,4.48,2.1166,20,,0.473286,Accepted analysis assumption: SD = sqrt(mean); SE = SD / sqrt(n),assumed_sd_sqrt_mean_se_computed_sd_over_sqrt_n,,,,,3.708,1.9256,20,,0.430577,Accepted analysis assumption: SD = sqrt(mean); SE = SD / sqrt(n),assumed_sd_sqrt_mean_se_computed_sd_over_sqrt_n,,,,,"Figure only showed mean, imputated sd=SQRT(mean) as are counts in a certain tine","The author stated ""hooded rat,"" we assumed ""lister rat"". ""Foster mothers with no noise exposure. We also used the HNoN control, which were manipulated the same way as the noise treatment, but no noise..."". In the pilot they used a ""2 . 5 KHz tone of 3 second duration at  an intensity of 85 dB (re 20 4 N/m~)."" so we assumed they used the same for the actual experiment",assumed_sd_sqrt_mean,4.48,assumed_sd_sqrt_mean,2.1166,assumed_sd_sqrt_mean,0.4732861481176055,4.48,3.708,assumed_sd_sqrt_mean,1.9256,assumed_sd_sqrt_mean,0.4305772497473595,3.708,2.652174,2.3869566,FALSE,FALSE,FALSE,FALSE,2500,2500,2500,point,audible,,con017
whitlow_1978_thesis,es102,ex021,con017,out056,Yes,Corrected derived value,"They had two experimental groups, 65dB and 85dB, they did 3 trials, one per day of the OFT",,THE EFFECT OF SOUND STIMULATION DURING GESTATION  ON THE BEHAVIOR OF RAT OFFSPRING,,Thesis,,Rattus norvegicus,hooded rat,Lister rat,,not reported,"mid, late",mid_late,day 12-19,8,Intermittent,0.005,18 seconds per day. It was a tone,White noise,Audible,85,2500,,Unclear,,"No noise, moved into experimental sound cage",mixed,26,juvenile,,Cross-Fostered,,Anxiety,Open Field Test (OFT),"Circular open-field, duration 3 minutes and repeated in 3 consecutive days",Grooming frequency,Count,Count,Not Reported,Figure 4,whitlow_1978_thesis_fig4,HNoN_2_gr,HN_2_gr,HNoN_HN_2_gr,No,Positive,,6.39,2.5278,20,,0.565233,Accepted analysis assumption: SD = sqrt(mean); SE = SD / sqrt(n),assumed_sd_sqrt_mean_se_computed_sd_over_sqrt_n,,,,,5.6705,2.3813,20,,0.532475,Accepted analysis assumption: SD = sqrt(mean); SE = SD / sqrt(n),assumed_sd_sqrt_mean_se_computed_sd_over_sqrt_n,,,,,"Figure only showed mean, imputated sd=SQRT(mean) as are counts in a certain tine","The author stated ""hooded rat,"" we assumed ""lister rat"". ""Foster mothers with no noise exposure. We also used the HNoN control, which were manipulated the same way as the noise treatment, but no noise..."". In the pilot they used a ""2 . 5 KHz tone of 3 second duration at  an intensity of 85 dB (re 20 4 N/m~)."" so we assumed they used the same for the actual experiment",assumed_sd_sqrt_mean,6.39,assumed_sd_sqrt_mean,2.5278,assumed_sd_sqrt_mean,0.5652332633523969,6.39,5.6705,assumed_sd_sqrt_mean,2.3813,assumed_sd_sqrt_mean,0.5324748674820249,5.6705,2.652174,2.3869566,FALSE,FALSE,FALSE,FALSE,2500,2500,2500,point,audible,,con017
whitlow_1978_thesis,es103,ex022,con017,out056,Yes,Corrected derived value,"They had two experimental groups, 65dB and 85dB, they did 3 trials, one per day of the OFT",,THE EFFECT OF SOUND STIMULATION DURING GESTATION  ON THE BEHAVIOR OF RAT OFFSPRING,,Thesis,,Rattus norvegicus,hooded rat,Lister rat,,not reported,"mid, late",mid_late,day 12-19,8,Intermittent,0.005,18 seconds per day. It was a tone,White noise,Audible,65,2500,,Unclear,,"No noise, moved into experimental sound cage",mixed,26,juvenile,,Cross-Fostered,,Anxiety,Open Field Test (OFT),"Circular open-field, duration 3 minutes and repeated in 3 consecutive days",Grooming frequency,Count,Count,Not Reported,Figure 4,whitlow_1978_thesis_fig4,HNoN_2_gr,HLN_2_gr,HNoN_HLN_2_gr,No,Positive,,6.39,2.5278,20,,0.565233,Accepted analysis assumption: SD = sqrt(mean); SE = SD / sqrt(n),assumed_sd_sqrt_mean_se_computed_sd_over_sqrt_n,,,,,4.8023,2.1914,20,,0.490012,Accepted analysis assumption: SD = sqrt(mean); SE = SD / sqrt(n),assumed_sd_sqrt_mean_se_computed_sd_over_sqrt_n,,,,,"Figure only showed mean, imputated sd=SQRT(mean) as are counts in a certain tine","The author stated ""hooded rat,"" we assumed ""lister rat"". ""Foster mothers with no noise exposure. We also used the HNoN control, which were manipulated the same way as the noise treatment, but no noise..."". In the pilot they used a ""2 . 5 KHz tone of 3 second duration at  an intensity of 85 dB (re 20 4 N/m~)."" so we assumed they used the same for the actual experiment",assumed_sd_sqrt_mean,6.39,assumed_sd_sqrt_mean,2.5278,assumed_sd_sqrt_mean,0.5652332633523969,6.39,4.8023,assumed_sd_sqrt_mean,2.1914,assumed_sd_sqrt_mean,0.49001193658930386,4.8023,2.652174,2.3869566,FALSE,FALSE,FALSE,FALSE,2500,2500,2500,point,audible,,con017
whitlow_1978_thesis,es104,ex021,con017,out056,Yes,Corrected derived value,"They had two experimental groups, 65dB and 85dB, they did 3 trials, one per day of the OFT",,THE EFFECT OF SOUND STIMULATION DURING GESTATION  ON THE BEHAVIOR OF RAT OFFSPRING,,Thesis,,Rattus norvegicus,hooded rat,Lister rat,,not reported,"mid, late",mid_late,day 12-19,8,Intermittent,0.005,18 seconds per day. It was a tone,White noise,Audible,85,2500,,Unclear,,"No noise, moved into experimental sound cage",mixed,27,juvenile,,Cross-Fostered,,Anxiety,Open Field Test (OFT),"Circular open-field, duration 3 minutes and repeated in 3 consecutive days",Grooming frequency,Count,Count,Not Reported,Figure 4,whitlow_1978_thesis_fig4,HNoN_3_gr,HN_3_gr,HNoN_HN_3_gr,No,Positive,,3.84,1.9596,20,,0.43818,Accepted analysis assumption: SD = sqrt(mean); SE = SD / sqrt(n),assumed_sd_sqrt_mean_se_computed_sd_over_sqrt_n,,,,,3.6899,1.9209,20,,0.429526,Accepted analysis assumption: SD = sqrt(mean); SE = SD / sqrt(n),assumed_sd_sqrt_mean_se_computed_sd_over_sqrt_n,,,,,"Figure only showed mean, imputated sd=SQRT(mean) as are counts in a certain tine","The author stated ""hooded rat,"" we assumed ""lister rat"". ""Foster mothers with no noise exposure. We also used the HNoN control, which were manipulated the same way as the noise treatment, but no noise..."". In the pilot they used a ""2 . 5 KHz tone of 3 second duration at  an intensity of 85 dB (re 20 4 N/m~)."" so we assumed they used the same for the actual experiment",assumed_sd_sqrt_mean,3.84,assumed_sd_sqrt_mean,1.9596,assumed_sd_sqrt_mean,0.4381798808708588,3.84,3.6899,assumed_sd_sqrt_mean,1.9209,assumed_sd_sqrt_mean,0.4295262977979346,3.6899,2.652174,2.3869566,FALSE,FALSE,FALSE,FALSE,2500,2500,2500,point,audible,,con017
whitlow_1978_thesis,es105,ex022,con017,out056,Yes,Corrected derived value,"They had two experimental groups, 65dB and 85dB, they did 3 trials, one per day of the OFT",,THE EFFECT OF SOUND STIMULATION DURING GESTATION  ON THE BEHAVIOR OF RAT OFFSPRING,,Thesis,,Rattus norvegicus,hooded rat,Lister rat,,not reported,"mid, late",mid_late,day 12-19,8,Intermittent,0.005,18 seconds per day. It was a tone,White noise,Audible,65,2500,,Unclear,,"No noise, moved into experimental sound cage",mixed,27,juvenile,,Cross-Fostered,,Anxiety,Open Field Test (OFT),"Circular open-field, duration 3 minutes and repeated in 3 consecutive days",Grooming frequency,Count,Count,Not Reported,Figure 4,whitlow_1978_thesis_fig4,HNoN_3_gr,HLN_3_gr,HNoN_HLN_3_gr,No,Positive,,3.84,1.9596,20,,0.43818,Accepted analysis assumption: SD = sqrt(mean); SE = SD / sqrt(n),assumed_sd_sqrt_mean_se_computed_sd_over_sqrt_n,,,,,3.0749,1.7535,20,,0.392095,Accepted analysis assumption: SD = sqrt(mean); SE = SD / sqrt(n),assumed_sd_sqrt_mean_se_computed_sd_over_sqrt_n,,,,,"Figure only showed mean, imputated sd=SQRT(mean) as are counts in a certain tine","The author stated ""hooded rat,"" we assumed ""lister rat"". ""Foster mothers with no noise exposure. We also used the HNoN control, which were manipulated the same way as the noise treatment, but no noise..."". In the pilot they used a ""2 . 5 KHz tone of 3 second duration at  an intensity of 85 dB (re 20 4 N/m~)."" so we assumed they used the same for the actual experiment",assumed_sd_sqrt_mean,3.84,assumed_sd_sqrt_mean,1.9596,assumed_sd_sqrt_mean,0.4381798808708588,3.84,3.0749,assumed_sd_sqrt_mean,1.7535,assumed_sd_sqrt_mean,0.3920945198545881,3.0749,2.652174,2.3869566,FALSE,FALSE,FALSE,FALSE,2500,2500,2500,point,audible,,con017
whitlow_1978_thesis,es106,ex021,con017,out057,Yes,Corrected derived value,"They had two experimental groups, 65dB and 85dB, they did 3 trials, one per day of the OFT",,THE EFFECT OF SOUND STIMULATION DURING GESTATION  ON THE BEHAVIOR OF RAT OFFSPRING,,Thesis,,Rattus norvegicus,hooded rat,Lister rat,,not reported,"mid, late",mid_late,day 12-19,8,Intermittent,0.005,18 seconds per day. It was a tone,White noise,Audible,85,2500,,Unclear,,"No noise, moved into experimental sound cage",mixed,25,juvenile,,Cross-Fostered,,Anxiety,Open Field Test (OFT),"Circular open-field, duration 3 minutes and repeated in 3 consecutive days",Defecation amount,Count,Count,Not Reported,Figure 5,whitlow_1978_thesis_fig5,HNoN_1_de,HN_1_de,HNoN_HN_1_de,No,Positive,,1.74,1.3191,20,,0.29496,Accepted analysis assumption: SD = sqrt(mean); SE = SD / sqrt(n),assumed_sd_sqrt_mean_se_computed_sd_over_sqrt_n,,,,,2.3777,1.542,20,,0.344802,Accepted analysis assumption: SD = sqrt(mean); SE = SD / sqrt(n),assumed_sd_sqrt_mean_se_computed_sd_over_sqrt_n,,,,,"Figure only showed mean, imputated sd=SQRT(mean) as are counts in a certain tine","The author stated ""hooded rat,"" we assumed ""lister rat"". ""Foster mothers with no noise exposure. We also used the HNoN control, which were manipulated the same way as the noise treatment, but no noise..."". In the pilot they used a ""2 . 5 KHz tone of 3 second duration at  an intensity of 85 dB (re 20 4 N/m~)."" so we assumed they used the same for the actual experiment",assumed_sd_sqrt_mean,1.74,assumed_sd_sqrt_mean,1.3191,assumed_sd_sqrt_mean,0.29495972691199723,1.74,2.3777,assumed_sd_sqrt_mean,1.542,assumed_sd_sqrt_mean,0.3448016821304676,2.3777,1.14,1.026,FALSE,FALSE,FALSE,FALSE,2500,2500,2500,point,audible,,con017
whitlow_1978_thesis,es107,ex022,con017,out057,Yes,Corrected derived value,"They had two experimental groups, 65dB and 85dB, they did 3 trials, one per day of the OFT",,THE EFFECT OF SOUND STIMULATION DURING GESTATION  ON THE BEHAVIOR OF RAT OFFSPRING,,Thesis,,Rattus norvegicus,hooded rat,Lister rat,,not reported,"mid, late",mid_late,day 12-19,8,Intermittent,0.005,18 seconds per day. It was a tone,White noise,Audible,65,2500,,Unclear,,"No noise, moved into experimental sound cage",mixed,25,juvenile,,Cross-Fostered,,Anxiety,Open Field Test (OFT),"Circular open-field, duration 3 minutes and repeated in 3 consecutive days",Defecation amount,Count,Count,Not Reported,Figure 5,whitlow_1978_thesis_fig5,HNoN_1_de,HLN_1_de,HNoN_HLN_1_de,No,Positive,,1.74,1.3191,20,,0.29496,Accepted analysis assumption: SD = sqrt(mean); SE = SD / sqrt(n),assumed_sd_sqrt_mean_se_computed_sd_over_sqrt_n,,,,,2.0226,1.4222,20,,0.318014,Accepted analysis assumption: SD = sqrt(mean); SE = SD / sqrt(n),assumed_sd_sqrt_mean_se_computed_sd_over_sqrt_n,,,,,"Figure only showed mean, imputated sd=SQRT(mean) as are counts in a certain tine","The author stated ""hooded rat,"" we assumed ""lister rat"". ""Foster mothers with no noise exposure. We also used the HNoN control, which were manipulated the same way as the noise treatment, but no noise..."". In the pilot they used a ""2 . 5 KHz tone of 3 second duration at  an intensity of 85 dB (re 20 4 N/m~)."" so we assumed they used the same for the actual experiment",assumed_sd_sqrt_mean,1.74,assumed_sd_sqrt_mean,1.3191,assumed_sd_sqrt_mean,0.29495972691199723,1.74,2.0226,assumed_sd_sqrt_mean,1.4222,assumed_sd_sqrt_mean,0.31801358776002003,2.0226,1.14,1.026,FALSE,FALSE,FALSE,FALSE,2500,2500,2500,point,audible,,con017
whitlow_1978_thesis,es108,ex021,con017,out057,Yes,Corrected derived value,"They had two experimental groups, 65dB and 85dB, they did 3 trials, one per day of the OFT",,THE EFFECT OF SOUND STIMULATION DURING GESTATION  ON THE BEHAVIOR OF RAT OFFSPRING,,Thesis,,Rattus norvegicus,hooded rat,Lister rat,,not reported,"mid, late",mid_late,day 12-19,8,Intermittent,0.005,18 seconds per day. It was a tone,White noise,Audible,85,2500,,Unclear,,"No noise, moved into experimental sound cage",mixed,26,juvenile,,Cross-Fostered,,Anxiety,Open Field Test (OFT),"Circular open-field, duration 3 minutes and repeated in 3 consecutive days",Defecation amount,Count,Count,Not Reported,Figure 5,whitlow_1978_thesis_fig5,HNoN_2_de,HN_2_de,HNoN_HN_2_de,No,Positive,,2.22,1.49,20,,0.333174,Accepted analysis assumption: SD = sqrt(mean); SE = SD / sqrt(n),assumed_sd_sqrt_mean_se_computed_sd_over_sqrt_n,,,,,1.9827,1.4081,20,,0.314861,Accepted analysis assumption: SD = sqrt(mean); SE = SD / sqrt(n),assumed_sd_sqrt_mean_se_computed_sd_over_sqrt_n,,,,,"Figure only showed mean, imputated sd=SQRT(mean) as are counts in a certain tine","The author stated ""hooded rat,"" we assumed ""lister rat"". ""Foster mothers with no noise exposure. We also used the HNoN control, which were manipulated the same way as the noise treatment, but no noise..."". In the pilot they used a ""2 . 5 KHz tone of 3 second duration at  an intensity of 85 dB (re 20 4 N/m~)."" so we assumed they used the same for the actual experiment",assumed_sd_sqrt_mean,2.22,assumed_sd_sqrt_mean,1.49,assumed_sd_sqrt_mean,0.33317412864746865,2.22,1.9827,assumed_sd_sqrt_mean,1.4081,assumed_sd_sqrt_mean,0.31486073191174535,1.9827,1.14,1.026,FALSE,FALSE,FALSE,FALSE,2500,2500,2500,point,audible,,con017
whitlow_1978_thesis,es109,ex022,con017,out057,Yes,Corrected derived value,"They had two experimental groups, 65dB and 85dB, they did 3 trials, one per day of the OFT",,THE EFFECT OF SOUND STIMULATION DURING GESTATION  ON THE BEHAVIOR OF RAT OFFSPRING,,Thesis,,Rattus norvegicus,hooded rat,Lister rat,,not reported,"mid, late",mid_late,day 12-19,8,Intermittent,0.005,18 seconds per day. It was a tone,White noise,Audible,65,2500,,Unclear,,"No noise, moved into experimental sound cage",mixed,26,juvenile,,Cross-Fostered,,Anxiety,Open Field Test (OFT),"Circular open-field, duration 3 minutes and repeated in 3 consecutive days",Defecation amount,Count,Count,Not Reported,Figure 5,whitlow_1978_thesis_fig5,HNoN_2_de,HLN_2_de,HNoN_HLN_2_de,No,Positive,,2.22,1.49,20,,0.333174,Accepted analysis assumption: SD = sqrt(mean); SE = SD / sqrt(n),assumed_sd_sqrt_mean_se_computed_sd_over_sqrt_n,,,,,1.8311,1.3532,20,,0.302585,Accepted analysis assumption: SD = sqrt(mean); SE = SD / sqrt(n),assumed_sd_sqrt_mean_se_computed_sd_over_sqrt_n,,,,,"Figure only showed mean, imputated sd=SQRT(mean) as are counts in a certain tine","The author stated ""hooded rat,"" we assumed ""lister rat"". ""Foster mothers with no noise exposure. We also used the HNoN control, which were manipulated the same way as the noise treatment, but no noise..."". In the pilot they used a ""2 . 5 KHz tone of 3 second duration at  an intensity of 85 dB (re 20 4 N/m~)."" so we assumed they used the same for the actual experiment",assumed_sd_sqrt_mean,2.22,assumed_sd_sqrt_mean,1.49,assumed_sd_sqrt_mean,0.33317412864746865,2.22,1.8311,assumed_sd_sqrt_mean,1.3532,assumed_sd_sqrt_mean,0.30258471871527154,1.8311,1.14,1.026,FALSE,FALSE,FALSE,FALSE,2500,2500,2500,point,audible,,con017
whitlow_1978_thesis,es110,ex021,con017,out057,Yes,Corrected derived value,"They had two experimental groups, 65dB and 85dB, they did 3 trials, one per day of the OFT",,THE EFFECT OF SOUND STIMULATION DURING GESTATION  ON THE BEHAVIOR OF RAT OFFSPRING,,Thesis,,Rattus norvegicus,hooded rat,Lister rat,,not reported,"mid, late",mid_late,day 12-19,8,Intermittent,0.005,18 seconds per day. It was a tone,White noise,Audible,85,2500,,Unclear,,"No noise, moved into experimental sound cage",mixed,27,juvenile,,Cross-Fostered,,Anxiety,Open Field Test (OFT),"Circular open-field, duration 3 minutes and repeated in 3 consecutive days",Defecation amount,Count,Count,Not Reported,Figure 5,whitlow_1978_thesis_fig5,HNoN_3_de,HN_3_de,HNoN_HN_3_de,No,Positive,,1.14,1.0677,20,,0.238745,Accepted analysis assumption: SD = sqrt(mean); SE = SD / sqrt(n),assumed_sd_sqrt_mean_se_computed_sd_over_sqrt_n,,,,,2.5731,1.6041,20,,0.358688,Accepted analysis assumption: SD = sqrt(mean); SE = SD / sqrt(n),assumed_sd_sqrt_mean_se_computed_sd_over_sqrt_n,,,,,"Figure only showed mean, imputated sd=SQRT(mean) as are counts in a certain tine","The author stated ""hooded rat,"" we assumed ""lister rat"". ""Foster mothers with no noise exposure. We also used the HNoN control, which were manipulated the same way as the noise treatment, but no noise..."". In the pilot they used a ""2 . 5 KHz tone of 3 second duration at  an intensity of 85 dB (re 20 4 N/m~)."" so we assumed they used the same for the actual experiment",assumed_sd_sqrt_mean,1.14,assumed_sd_sqrt_mean,1.0677,assumed_sd_sqrt_mean,0.23874497795765257,1.14,2.5731,assumed_sd_sqrt_mean,1.6041,assumed_sd_sqrt_mean,0.3586876642707413,2.5731,1.14,1.026,FALSE,FALSE,FALSE,FALSE,2500,2500,2500,point,audible,,con017
whitlow_1978_thesis,es111,ex022,con017,out057,Yes,Corrected derived value,"They had two experimental groups, 65dB and 85dB, they did 3 trials, one per day of the OFT",,THE EFFECT OF SOUND STIMULATION DURING GESTATION  ON THE BEHAVIOR OF RAT OFFSPRING,,Thesis,,Rattus norvegicus,hooded rat,Lister rat,,not reported,"mid, late",mid_late,day 12-19,8,Intermittent,0.005,18 seconds per day. It was a tone,White noise,Audible,65,2500,,Unclear,,"No noise, moved into experimental sound cage",mixed,26,juvenile,,Cross-Fostered,,Anxiety,Open Field Test (OFT),"Circular open-field, duration 3 minutes and repeated in 3 consecutive days",Defecation amount,Count,Count,Not Reported,Figure 5,whitlow_1978_thesis_fig5,HNoN_3_de,HLN_3_de,HNoN_HLN_3_de,No,Positive,,1.14,1.0677,20,,0.238745,Accepted analysis assumption: SD = sqrt(mean); SE = SD / sqrt(n),assumed_sd_sqrt_mean_se_computed_sd_over_sqrt_n,,,,,2.8604,1.6913,20,,0.378186,Accepted analysis assumption: SD = sqrt(mean); SE = SD / sqrt(n),assumed_sd_sqrt_mean_se_computed_sd_over_sqrt_n,,,,,"Figure only showed mean, imputated sd=SQRT(mean) as are counts in a certain tine","The author stated ""hooded rat,"" we assumed ""lister rat"". ""Foster mothers with no noise exposure. We also used the HNoN control, which were manipulated the same way as the noise treatment, but no noise..."". In the pilot they used a ""2 . 5 KHz tone of 3 second duration at  an intensity of 85 dB (re 20 4 N/m~)."" so we assumed they used the same for the actual experiment",assumed_sd_sqrt_mean,1.14,assumed_sd_sqrt_mean,1.0677,assumed_sd_sqrt_mean,0.23874497795765257,1.14,2.8604,assumed_sd_sqrt_mean,1.6913,assumed_sd_sqrt_mean,0.37818617703453944,2.8604,1.14,1.026,FALSE,FALSE,FALSE,FALSE,2500,2500,2500,point,audible,,con017
whitlow_1978_thesis,es112,ex021,con018,out058,Yes,Corrected derived value,"They had two experimental groups, 65dB and 85dB, they did 3 trials, one per day of the OFT",,THE EFFECT OF SOUND STIMULATION DURING GESTATION  ON THE BEHAVIOR OF RAT OFFSPRING,,Thesis,,Rattus norvegicus,hooded rat,Lister rat,,not reported,"mid, late",mid_late,day 12-19,8,Intermittent,0.005,18 seconds per day. It was a tone,White noise,Audible,85,2500,,Unclear,,undisturbed controls,mixed,25,juvenile,,Cross-Fostered,,Anxiety,Open Field Test (OFT),"Circular open-field, duration 3 minutes and repeated in 3 consecutive days",Sections crossed,Count,Count,Not Reported,Figure 2,whitlow_1978_thesis_fig2,C_1_sq,HN_1_sq,C_HN_1_sq,Yes,Negative,,45.7671,6.7651,20,,1.512722,Accepted analysis assumption: SD = sqrt(mean); SE = SD / sqrt(n),assumed_sd_sqrt_mean_se_computed_sd_over_sqrt_n,,,,,71.2285,8.4397,20,,1.887174,Accepted analysis assumption: SD = sqrt(mean); SE = SD / sqrt(n),assumed_sd_sqrt_mean_se_computed_sd_over_sqrt_n,,,,,"Figure only showed mean, imputated sd=SQRT(mean) as are counts in a certain tine","The author stated ""hooded rat,"" we assumed ""lister rat"". ""Foster mothers with no noise exposure. We also used the HNoN control, which were manipulated the same way as the noise treatment, but no noise..."". In the pilot they used a ""2 . 5 KHz tone of 3 second duration at  an intensity of 85 dB (re 20 4 N/m~)."" so we assumed they used the same for the actual experiment",assumed_sd_sqrt_mean,45.7671,assumed_sd_sqrt_mean,6.7651,assumed_sd_sqrt_mean,1.5127223474583826,45.7671,71.2285,assumed_sd_sqrt_mean,8.4397,assumed_sd_sqrt_mean,1.8871742909704974,71.2285,6.4,5.760000000000001,FALSE,FALSE,FALSE,FALSE,2500,2500,2500,point,audible,,con018
whitlow_1978_thesis,es113,ex022,con018,out058,Yes,Corrected derived value,"They had two experimental groups, 65dB and 85dB, they did 3 trials, one per day of the OFT",,THE EFFECT OF SOUND STIMULATION DURING GESTATION  ON THE BEHAVIOR OF RAT OFFSPRING,,Thesis,,Rattus norvegicus,hooded rat,Lister rat,,not reported,"mid, late",mid_late,day 12-19,8,Intermittent,0.005,18 seconds per day. It was a tone,White noise,Audible,65,2500,,Unclear,,undisturbed controls,mixed,25,juvenile,,Cross-Fostered,,Anxiety,Open Field Test (OFT),"Circular open-field, duration 3 minutes and repeated in 3 consecutive days",Sections crossed,Count,Count,Not Reported,Figure 2,whitlow_1978_thesis_fig2,C_1_sq,HLN_1_sq,C_HLN_1_sq,Yes,Negative,,45.7671,6.7651,20,,1.512722,Accepted analysis assumption: SD = sqrt(mean); SE = SD / sqrt(n),assumed_sd_sqrt_mean_se_computed_sd_over_sqrt_n,,,,,60.8719,7.802,20,,1.74458,Accepted analysis assumption: SD = sqrt(mean); SE = SD / sqrt(n),assumed_sd_sqrt_mean_se_computed_sd_over_sqrt_n,,,,,"Figure only showed mean, imputated sd=SQRT(mean) as are counts in a certain tine","The author stated ""hooded rat,"" we assumed ""lister rat"". ""Foster mothers with no noise exposure. We also used the HNoN control, which were manipulated the same way as the noise treatment, but no noise..."". In the pilot they used a ""2 . 5 KHz tone of 3 second duration at  an intensity of 85 dB (re 20 4 N/m~)."" so we assumed they used the same for the actual experiment",assumed_sd_sqrt_mean,45.7671,assumed_sd_sqrt_mean,6.7651,assumed_sd_sqrt_mean,1.5127223474583826,45.7671,60.8719,assumed_sd_sqrt_mean,7.802,assumed_sd_sqrt_mean,1.7445802360453357,60.8719,6.4,5.760000000000001,FALSE,FALSE,FALSE,FALSE,2500,2500,2500,point,audible,,con018
whitlow_1978_thesis,es114,ex021,con018,out058,Yes,Corrected derived value,"They had two experimental groups, 65dB and 85dB, they did 3 trials, one per day of the OFT",,THE EFFECT OF SOUND STIMULATION DURING GESTATION  ON THE BEHAVIOR OF RAT OFFSPRING,,Thesis,,Rattus norvegicus,hooded rat,Lister rat,,not reported,"mid, late",mid_late,day 12-19,8,Intermittent,0.005,18 seconds per day. It was a tone,White noise,Audible,85,2500,,Unclear,,undisturbed controls,mixed,26,juvenile,,Cross-Fostered,,Anxiety,Open Field Test (OFT),"Circular open-field, duration 3 minutes and repeated in 3 consecutive days",Sections crossed,Count,Count,Not Reported,Figure 2,whitlow_1978_thesis_fig2,C_2_sq,HN_2_sq,C_HN_2_sq,Yes,Negative,,31.7366,5.6335,20,,1.259689,Accepted analysis assumption: SD = sqrt(mean); SE = SD / sqrt(n),assumed_sd_sqrt_mean_se_computed_sd_over_sqrt_n,,,,,42.8005,6.5422,20,,1.46288,Accepted analysis assumption: SD = sqrt(mean); SE = SD / sqrt(n),assumed_sd_sqrt_mean_se_computed_sd_over_sqrt_n,,,,,"Figure only showed mean, imputated sd=SQRT(mean) as are counts in a certain tine","The author stated ""hooded rat,"" we assumed ""lister rat"". ""Foster mothers with no noise exposure. We also used the HNoN control, which were manipulated the same way as the noise treatment, but no noise..."". In the pilot they used a ""2 . 5 KHz tone of 3 second duration at  an intensity of 85 dB (re 20 4 N/m~)."" so we assumed they used the same for the actual experiment",assumed_sd_sqrt_mean,31.7366,assumed_sd_sqrt_mean,5.6335,assumed_sd_sqrt_mean,1.2596888951245064,31.7366,42.8005,assumed_sd_sqrt_mean,6.5422,assumed_sd_sqrt_mean,1.4628803922399125,42.8005,6.4,5.760000000000001,FALSE,FALSE,FALSE,FALSE,2500,2500,2500,point,audible,,con018
whitlow_1978_thesis,es115,ex022,con018,out058,Yes,Corrected derived value,"They had two experimental groups, 65dB and 85dB, they did 3 trials, one per day of the OFT",,THE EFFECT OF SOUND STIMULATION DURING GESTATION  ON THE BEHAVIOR OF RAT OFFSPRING,,Thesis,,Rattus norvegicus,hooded rat,Lister rat,,not reported,"mid, late",mid_late,day 12-19,8,Intermittent,0.005,18 seconds per day. It was a tone,White noise,Audible,65,2500,,Unclear,,undisturbed controls,mixed,26,juvenile,,Cross-Fostered,,Anxiety,Open Field Test (OFT),"Circular open-field, duration 3 minutes and repeated in 3 consecutive days",Sections crossed,Count,Count,Not Reported,Figure 2,whitlow_1978_thesis_fig2,C_2_sq,HLN_2_sq,C_HLN_2_sq,Yes,Negative,,31.7366,5.6335,20,,1.259689,Accepted analysis assumption: SD = sqrt(mean); SE = SD / sqrt(n),assumed_sd_sqrt_mean_se_computed_sd_over_sqrt_n,,,,,36.8824,6.0731,20,,1.357986,Accepted analysis assumption: SD = sqrt(mean); SE = SD / sqrt(n),assumed_sd_sqrt_mean_se_computed_sd_over_sqrt_n,,,,,"Figure only showed mean, imputated sd=SQRT(mean) as are counts in a certain tine","The author stated ""hooded rat,"" we assumed ""lister rat"". ""Foster mothers with no noise exposure. We also used the HNoN control, which were manipulated the same way as the noise treatment, but no noise..."". In the pilot they used a ""2 . 5 KHz tone of 3 second duration at  an intensity of 85 dB (re 20 4 N/m~)."" so we assumed they used the same for the actual experiment",assumed_sd_sqrt_mean,31.7366,assumed_sd_sqrt_mean,5.6335,assumed_sd_sqrt_mean,1.2596888951245064,31.7366,36.8824,assumed_sd_sqrt_mean,6.0731,assumed_sd_sqrt_mean,1.3579864434153972,36.8824,6.4,5.760000000000001,FALSE,FALSE,FALSE,FALSE,2500,2500,2500,point,audible,,con018
whitlow_1978_thesis,es116,ex021,con018,out058,Yes,Corrected derived value,"They had two experimental groups, 65dB and 85dB, they did 3 trials, one per day of the OFT",,THE EFFECT OF SOUND STIMULATION DURING GESTATION  ON THE BEHAVIOR OF RAT OFFSPRING,,Thesis,,Rattus norvegicus,hooded rat,Lister rat,,not reported,"mid, late",mid_late,day 12-19,8,Intermittent,0.005,18 seconds per day. It was a tone,White noise,Audible,85,2500,,Unclear,,undisturbed controls,mixed,27,juvenile,,Cross-Fostered,,Anxiety,Open Field Test (OFT),"Circular open-field, duration 3 minutes and repeated in 3 consecutive days",Sections crossed,Count,Count,Not Reported,Figure 2,whitlow_1978_thesis_fig2,C_3_sq,HN_3_sq,C_HN_3_sq,Yes,Negative,,19.1201,4.3726,20,,0.977743,Accepted analysis assumption: SD = sqrt(mean); SE = SD / sqrt(n),assumed_sd_sqrt_mean_se_computed_sd_over_sqrt_n,,,,,26.7371,5.1708,20,,1.156226,Accepted analysis assumption: SD = sqrt(mean); SE = SD / sqrt(n),assumed_sd_sqrt_mean_se_computed_sd_over_sqrt_n,,,,,"Figure only showed mean, imputated sd=SQRT(mean) as are counts in a certain tine","The author stated ""hooded rat,"" we assumed ""lister rat"". ""Foster mothers with no noise exposure. We also used the HNoN control, which were manipulated the same way as the noise treatment, but no noise..."". In the pilot they used a ""2 . 5 KHz tone of 3 second duration at  an intensity of 85 dB (re 20 4 N/m~)."" so we assumed they used the same for the actual experiment",assumed_sd_sqrt_mean,19.1201,assumed_sd_sqrt_mean,4.3726,assumed_sd_sqrt_mean,0.9777430838415581,19.1201,26.7371,assumed_sd_sqrt_mean,5.1708,assumed_sd_sqrt_mean,1.156226029805591,26.7371,6.4,5.760000000000001,FALSE,FALSE,FALSE,FALSE,2500,2500,2500,point,audible,,con018
whitlow_1978_thesis,es117,ex022,con018,out058,Yes,Corrected derived value,"They had two experimental groups, 65dB and 85dB, they did 3 trials, one per day of the OFT",,THE EFFECT OF SOUND STIMULATION DURING GESTATION  ON THE BEHAVIOR OF RAT OFFSPRING,,Thesis,,Rattus norvegicus,hooded rat,Lister rat,,not reported,"mid, late",mid_late,day 12-19,8,Intermittent,0.005,18 seconds per day. It was a tone,White noise,Audible,65,2500,,Unclear,,undisturbed controls,mixed,27,juvenile,,Cross-Fostered,,Anxiety,Open Field Test (OFT),"Circular open-field, duration 3 minutes and repeated in 3 consecutive days",Sections crossed,Count,Count,Not Reported,Figure 2,whitlow_1978_thesis_fig2,C_3_sq,HLN_3_sq,C_HLN_3_sq,Yes,Negative,,19.1201,4.3726,20,,0.977743,Accepted analysis assumption: SD = sqrt(mean); SE = SD / sqrt(n),assumed_sd_sqrt_mean_se_computed_sd_over_sqrt_n,,,,,15.7464,3.9682,20,,0.887316,Accepted analysis assumption: SD = sqrt(mean); SE = SD / sqrt(n),assumed_sd_sqrt_mean_se_computed_sd_over_sqrt_n,,,,,"Figure only showed mean, imputated sd=SQRT(mean) as are counts in a certain tine","The author stated ""hooded rat,"" we assumed ""lister rat"". ""Foster mothers with no noise exposure. We also used the HNoN control, which were manipulated the same way as the noise treatment, but no noise..."". In the pilot they used a ""2 . 5 KHz tone of 3 second duration at  an intensity of 85 dB (re 20 4 N/m~)."" so we assumed they used the same for the actual experiment",assumed_sd_sqrt_mean,19.1201,assumed_sd_sqrt_mean,4.3726,assumed_sd_sqrt_mean,0.9777430838415581,19.1201,15.7464,assumed_sd_sqrt_mean,3.9682,assumed_sd_sqrt_mean,0.8873164948314665,15.7464,6.4,5.760000000000001,FALSE,FALSE,FALSE,FALSE,2500,2500,2500,point,audible,,con018
whitlow_1978_thesis,es118,ex021,con018,out059,Yes,Corrected derived value,"They had two experimental groups, 65dB and 85dB, they did 3 trials, one per day of the OFT",,THE EFFECT OF SOUND STIMULATION DURING GESTATION  ON THE BEHAVIOR OF RAT OFFSPRING,,Thesis,,Rattus norvegicus,hooded rat,Lister rat,,not reported,"mid, late",mid_late,day 12-19,8,Intermittent,0.005,18 seconds per day. It was a tone,White noise,Audible,85,2500,,Unclear,,undisturbed controls,mixed,25,juvenile,,Cross-Fostered,,Anxiety,Open Field Test (OFT),"Circular open-field, duration 3 minutes and repeated in 3 consecutive days",Grooming frequency,Count,Count,Not Reported,Figure 4,whitlow_1978_thesis_fig4,C_1_gr,HN_1_gr,C_HN_1_gr,No,Positive,,4.0526,2.0131,20,,0.450143,Accepted analysis assumption: SD = sqrt(mean); SE = SD / sqrt(n),assumed_sd_sqrt_mean_se_computed_sd_over_sqrt_n,,,,,3.6809,1.9186,20,,0.429012,Accepted analysis assumption: SD = sqrt(mean); SE = SD / sqrt(n),assumed_sd_sqrt_mean_se_computed_sd_over_sqrt_n,,,,,"Figure only showed mean, imputated sd=SQRT(mean) as are counts in a certain tine","The author stated ""hooded rat,"" we assumed ""lister rat"". ""Foster mothers with no noise exposure. We also used the HNoN control, which were manipulated the same way as the noise treatment, but no noise..."". In the pilot they used a ""2 . 5 KHz tone of 3 second duration at  an intensity of 85 dB (re 20 4 N/m~)."" so we assumed they used the same for the actual experiment",assumed_sd_sqrt_mean,4.0526,assumed_sd_sqrt_mean,2.0131,assumed_sd_sqrt_mean,0.45014284455048265,4.0526,3.6809,assumed_sd_sqrt_mean,1.9186,assumed_sd_sqrt_mean,0.42901200216310964,3.6809,2.652174,2.3869566,FALSE,FALSE,FALSE,FALSE,2500,2500,2500,point,audible,,con018
whitlow_1978_thesis,es119,ex022,con018,out059,Yes,Corrected derived value,"They had two experimental groups, 65dB and 85dB, they did 3 trials, one per day of the OFT",,THE EFFECT OF SOUND STIMULATION DURING GESTATION  ON THE BEHAVIOR OF RAT OFFSPRING,,Thesis,,Rattus norvegicus,hooded rat,Lister rat,,not reported,"mid, late",mid_late,day 12-19,8,Intermittent,0.005,18 seconds per day. It was a tone,White noise,Audible,65,2500,,Unclear,,undisturbed controls,mixed,25,juvenile,,Cross-Fostered,,Anxiety,Open Field Test (OFT),"Circular open-field, duration 3 minutes and repeated in 3 consecutive days",Grooming frequency,Count,Count,Not Reported,Figure 4,whitlow_1978_thesis_fig4,C_1_gr,HLN_1_gr,C_HLN_1_gr,No,Positive,,4.0526,2.0131,20,,0.450143,Accepted analysis assumption: SD = sqrt(mean); SE = SD / sqrt(n),assumed_sd_sqrt_mean_se_computed_sd_over_sqrt_n,,,,,3.708,1.9256,20,,0.430577,Accepted analysis assumption: SD = sqrt(mean); SE = SD / sqrt(n),assumed_sd_sqrt_mean_se_computed_sd_over_sqrt_n,,,,,"Figure only showed mean, imputated sd=SQRT(mean) as are counts in a certain tine","The author stated ""hooded rat,"" we assumed ""lister rat"". ""Foster mothers with no noise exposure. We also used the HNoN control, which were manipulated the same way as the noise treatment, but no noise..."". In the pilot they used a ""2 . 5 KHz tone of 3 second duration at  an intensity of 85 dB (re 20 4 N/m~)."" so we assumed they used the same for the actual experiment",assumed_sd_sqrt_mean,4.0526,assumed_sd_sqrt_mean,2.0131,assumed_sd_sqrt_mean,0.45014284455048265,4.0526,3.708,assumed_sd_sqrt_mean,1.9256,assumed_sd_sqrt_mean,0.4305772497473595,3.708,2.652174,2.3869566,FALSE,FALSE,FALSE,FALSE,2500,2500,2500,point,audible,,con018
whitlow_1978_thesis,es120,ex021,con018,out059,Yes,Corrected derived value,"They had two experimental groups, 65dB and 85dB, they did 3 trials, one per day of the OFT",,THE EFFECT OF SOUND STIMULATION DURING GESTATION  ON THE BEHAVIOR OF RAT OFFSPRING,,Thesis,,Rattus norvegicus,hooded rat,Lister rat,,not reported,"mid, late",mid_late,day 12-19,8,Intermittent,0.005,18 seconds per day. It was a tone,White noise,Audible,85,2500,,Unclear,,undisturbed controls,mixed,26,juvenile,,Cross-Fostered,,Anxiety,Open Field Test (OFT),"Circular open-field, duration 3 minutes and repeated in 3 consecutive days",Grooming frequency,Count,Count,Not Reported,Figure 4,whitlow_1978_thesis_fig4,C_2_gr,HN_2_gr,C_HN_2_gr,No,Positive,,3.5127,1.8742,20,,0.419084,Accepted analysis assumption: SD = sqrt(mean); SE = SD / sqrt(n),assumed_sd_sqrt_mean_se_computed_sd_over_sqrt_n,,,,,5.6705,2.3813,20,,0.532475,Accepted analysis assumption: SD = sqrt(mean); SE = SD / sqrt(n),assumed_sd_sqrt_mean_se_computed_sd_over_sqrt_n,,,,,"Figure only showed mean, imputated sd=SQRT(mean) as are counts in a certain tine","The author stated ""hooded rat,"" we assumed ""lister rat"". ""Foster mothers with no noise exposure. We also used the HNoN control, which were manipulated the same way as the noise treatment, but no noise..."". In the pilot they used a ""2 . 5 KHz tone of 3 second duration at  an intensity of 85 dB (re 20 4 N/m~)."" so we assumed they used the same for the actual experiment",assumed_sd_sqrt_mean,3.5127,assumed_sd_sqrt_mean,1.8742,assumed_sd_sqrt_mean,0.4190838603430106,3.5127,5.6705,assumed_sd_sqrt_mean,2.3813,assumed_sd_sqrt_mean,0.5324748674820249,5.6705,2.652174,2.3869566,FALSE,FALSE,FALSE,FALSE,2500,2500,2500,point,audible,,con018
whitlow_1978_thesis,es121,ex022,con018,out059,Yes,Corrected derived value,"They had two experimental groups, 65dB and 85dB, they did 3 trials, one per day of the OFT",,THE EFFECT OF SOUND STIMULATION DURING GESTATION  ON THE BEHAVIOR OF RAT OFFSPRING,,Thesis,,Rattus norvegicus,hooded rat,Lister rat,,not reported,"mid, late",mid_late,day 12-19,8,Intermittent,0.005,18 seconds per day. It was a tone,White noise,Audible,65,2500,,Unclear,,undisturbed controls,mixed,26,juvenile,,Cross-Fostered,,Anxiety,Open Field Test (OFT),"Circular open-field, duration 3 minutes and repeated in 3 consecutive days",Grooming frequency,Count,Count,Not Reported,Figure 4,whitlow_1978_thesis_fig4,C_2_gr,HLN_2_gr,C_HLN_2_gr,No,Positive,,3.5127,1.8742,20,,0.419084,Accepted analysis assumption: SD = sqrt(mean); SE = SD / sqrt(n),assumed_sd_sqrt_mean_se_computed_sd_over_sqrt_n,,,,,4.8023,2.1914,20,,0.490012,Accepted analysis assumption: SD = sqrt(mean); SE = SD / sqrt(n),assumed_sd_sqrt_mean_se_computed_sd_over_sqrt_n,,,,,"Figure only showed mean, imputated sd=SQRT(mean) as are counts in a certain tine","The author stated ""hooded rat,"" we assumed ""lister rat"". ""Foster mothers with no noise exposure. We also used the HNoN control, which were manipulated the same way as the noise treatment, but no noise..."". In the pilot they used a ""2 . 5 KHz tone of 3 second duration at  an intensity of 85 dB (re 20 4 N/m~)."" so we assumed they used the same for the actual experiment",assumed_sd_sqrt_mean,3.5127,assumed_sd_sqrt_mean,1.8742,assumed_sd_sqrt_mean,0.4190838603430106,3.5127,4.8023,assumed_sd_sqrt_mean,2.1914,assumed_sd_sqrt_mean,0.49001193658930386,4.8023,2.652174,2.3869566,FALSE,FALSE,FALSE,FALSE,2500,2500,2500,point,audible,,con018
whitlow_1978_thesis,es122,ex021,con018,out059,Yes,Corrected derived value,"They had two experimental groups, 65dB and 85dB, they did 3 trials, one per day of the OFT",,THE EFFECT OF SOUND STIMULATION DURING GESTATION  ON THE BEHAVIOR OF RAT OFFSPRING,,Thesis,,Rattus norvegicus,hooded rat,Lister rat,,not reported,"mid, late",mid_late,day 12-19,8,Intermittent,0.005,18 seconds per day. It was a tone,White noise,Audible,85,2500,,Unclear,,undisturbed controls,mixed,27,juvenile,,Cross-Fostered,,Anxiety,Open Field Test (OFT),"Circular open-field, duration 3 minutes and repeated in 3 consecutive days",Grooming frequency,Count,Count,Not Reported,Figure 4,whitlow_1978_thesis_fig4,C_3_gr,HN_3_gr,C_HN_3_gr,No,Positive,,3.8478,1.9616,20,,0.438627,Accepted analysis assumption: SD = sqrt(mean); SE = SD / sqrt(n),assumed_sd_sqrt_mean_se_computed_sd_over_sqrt_n,,,,,3.6899,1.9209,20,,0.429526,Accepted analysis assumption: SD = sqrt(mean); SE = SD / sqrt(n),assumed_sd_sqrt_mean_se_computed_sd_over_sqrt_n,,,,,"Figure only showed mean, imputated sd=SQRT(mean) as are counts in a certain tine","The author stated ""hooded rat,"" we assumed ""lister rat"". ""Foster mothers with no noise exposure. We also used the HNoN control, which were manipulated the same way as the noise treatment, but no noise..."". In the pilot they used a ""2 . 5 KHz tone of 3 second duration at  an intensity of 85 dB (re 20 4 N/m~)."" so we assumed they used the same for the actual experiment",assumed_sd_sqrt_mean,3.8478,assumed_sd_sqrt_mean,1.9616,assumed_sd_sqrt_mean,0.4386270944663587,3.8478,3.6899,assumed_sd_sqrt_mean,1.9209,assumed_sd_sqrt_mean,0.4295262977979346,3.6899,2.652174,2.3869566,FALSE,FALSE,FALSE,FALSE,2500,2500,2500,point,audible,,con018
whitlow_1978_thesis,es123,ex022,con018,out059,Yes,Corrected derived value,"They had two experimental groups, 65dB and 85dB, they did 3 trials, one per day of the OFT",,THE EFFECT OF SOUND STIMULATION DURING GESTATION  ON THE BEHAVIOR OF RAT OFFSPRING,,Thesis,,Rattus norvegicus,hooded rat,Lister rat,,not reported,"mid, late",mid_late,day 12-19,8,Intermittent,0.005,18 seconds per day. It was a tone,White noise,Audible,65,2500,,Unclear,,undisturbed controls,mixed,27,juvenile,,Cross-Fostered,,Anxiety,Open Field Test (OFT),"Circular open-field, duration 3 minutes and repeated in 3 consecutive days",Grooming frequency,Count,Count,Not Reported,Figure 4,whitlow_1978_thesis_fig4,C_3_gr,HLN_3_gr,C_HLN_3_gr,No,Positive,,3.8478,1.9616,20,,0.438627,Accepted analysis assumption: SD = sqrt(mean); SE = SD / sqrt(n),assumed_sd_sqrt_mean_se_computed_sd_over_sqrt_n,,,,,3.0749,1.7535,20,,0.392095,Accepted analysis assumption: SD = sqrt(mean); SE = SD / sqrt(n),assumed_sd_sqrt_mean_se_computed_sd_over_sqrt_n,,,,,"Figure only showed mean, imputated sd=SQRT(mean) as are counts in a certain tine","The author stated ""hooded rat,"" we assumed ""lister rat"". ""Foster mothers with no noise exposure. We also used the HNoN control, which were manipulated the same way as the noise treatment, but no noise..."". In the pilot they used a ""2 . 5 KHz tone of 3 second duration at  an intensity of 85 dB (re 20 4 N/m~)."" so we assumed they used the same for the actual experiment",assumed_sd_sqrt_mean,3.8478,assumed_sd_sqrt_mean,1.9616,assumed_sd_sqrt_mean,0.4386270944663587,3.8478,3.0749,assumed_sd_sqrt_mean,1.7535,assumed_sd_sqrt_mean,0.3920945198545881,3.0749,2.652174,2.3869566,FALSE,FALSE,FALSE,FALSE,2500,2500,2500,point,audible,,con018
whitlow_1978_thesis,es124,ex021,con018,out060,Yes,Corrected derived value,"They had two experimental groups, 65dB and 85dB, they did 3 trials, one per day of the OFT",,THE EFFECT OF SOUND STIMULATION DURING GESTATION  ON THE BEHAVIOR OF RAT OFFSPRING,,Thesis,,Rattus norvegicus,hooded rat,Lister rat,,not reported,"mid, late",mid_late,day 12-19,8,Intermittent,0.005,18 seconds per day. It was a tone,White noise,Audible,85,2500,,Unclear,,undisturbed controls,mixed,25,juvenile,,Cross-Fostered,,Anxiety,Open Field Test (OFT),"Circular open-field, duration 3 minutes and repeated in 3 consecutive days",Defecation amount,Count,Count,Not Reported,Figure 5,whitlow_1978_thesis_fig5,C_1_de,HN_1_de,C_HN_1_de,No,Positive,,2.3849,1.5443,20,,0.345316,Accepted analysis assumption: SD = sqrt(mean); SE = SD / sqrt(n),assumed_sd_sqrt_mean_se_computed_sd_over_sqrt_n,,,,,2.3777,1.542,20,,0.344802,Accepted analysis assumption: SD = sqrt(mean); SE = SD / sqrt(n),assumed_sd_sqrt_mean_se_computed_sd_over_sqrt_n,,,,,"Figure only showed mean, imputated sd=SQRT(mean) as are counts in a certain tine","The author stated ""hooded rat,"" we assumed ""lister rat"". ""Foster mothers with no noise exposure. We also used the HNoN control, which were manipulated the same way as the noise treatment, but no noise..."". In the pilot they used a ""2 . 5 KHz tone of 3 second duration at  an intensity of 85 dB (re 20 4 N/m~)."" so we assumed they used the same for the actual experiment",assumed_sd_sqrt_mean,2.3849,assumed_sd_sqrt_mean,1.5443,assumed_sd_sqrt_mean,0.3453159777652925,2.3849,2.3777,assumed_sd_sqrt_mean,1.542,assumed_sd_sqrt_mean,0.3448016821304676,2.3777,1.14,1.026,FALSE,FALSE,FALSE,FALSE,2500,2500,2500,point,audible,,con018
whitlow_1978_thesis,es125,ex022,con018,out060,Yes,Corrected derived value,"They had two experimental groups, 65dB and 85dB, they did 3 trials, one per day of the OFT",,THE EFFECT OF SOUND STIMULATION DURING GESTATION  ON THE BEHAVIOR OF RAT OFFSPRING,,Thesis,,Rattus norvegicus,hooded rat,Lister rat,,not reported,"mid, late",mid_late,day 12-19,8,Intermittent,0.005,18 seconds per day. It was a tone,White noise,Audible,65,2500,,Unclear,,undisturbed controls,mixed,25,juvenile,,Cross-Fostered,,Anxiety,Open Field Test (OFT),"Circular open-field, duration 3 minutes and repeated in 3 consecutive days",Defecation amount,Count,Count,Not Reported,Figure 5,whitlow_1978_thesis_fig5,C_1_de,HLN_1_de,C_HLN_1_de,No,Positive,,2.3849,1.5443,20,,0.345316,Accepted analysis assumption: SD = sqrt(mean); SE = SD / sqrt(n),assumed_sd_sqrt_mean_se_computed_sd_over_sqrt_n,,,,,2.0226,1.4222,20,,0.318014,Accepted analysis assumption: SD = sqrt(mean); SE = SD / sqrt(n),assumed_sd_sqrt_mean_se_computed_sd_over_sqrt_n,,,,,"Figure only showed mean, imputated sd=SQRT(mean) as are counts in a certain tine","The author stated ""hooded rat,"" we assumed ""lister rat"". ""Foster mothers with no noise exposure. We also used the HNoN control, which were manipulated the same way as the noise treatment, but no noise..."". In the pilot they used a ""2 . 5 KHz tone of 3 second duration at  an intensity of 85 dB (re 20 4 N/m~)."" so we assumed they used the same for the actual experiment",assumed_sd_sqrt_mean,2.3849,assumed_sd_sqrt_mean,1.5443,assumed_sd_sqrt_mean,0.3453159777652925,2.3849,2.0226,assumed_sd_sqrt_mean,1.4222,assumed_sd_sqrt_mean,0.31801358776002003,2.0226,1.14,1.026,FALSE,FALSE,FALSE,FALSE,2500,2500,2500,point,audible,,con018
whitlow_1978_thesis,es126,ex021,con018,out060,Yes,Corrected derived value,"They had two experimental groups, 65dB and 85dB, they did 3 trials, one per day of the OFT",,THE EFFECT OF SOUND STIMULATION DURING GESTATION  ON THE BEHAVIOR OF RAT OFFSPRING,,Thesis,,Rattus norvegicus,hooded rat,Lister rat,,not reported,"mid, late",mid_late,day 12-19,8,Intermittent,0.005,18 seconds per day. It was a tone,White noise,Audible,85,2500,,Unclear,,undisturbed controls,mixed,26,juvenile,,Cross-Fostered,,Anxiety,Open Field Test (OFT),"Circular open-field, duration 3 minutes and repeated in 3 consecutive days",Defecation amount,Count,Count,Not Reported,Figure 5,whitlow_1978_thesis_fig5,C_2_de,HN_2_de,C_HN_2_de,No,Positive,,1.5268,1.2357,20,,0.276311,Accepted analysis assumption: SD = sqrt(mean); SE = SD / sqrt(n),assumed_sd_sqrt_mean_se_computed_sd_over_sqrt_n,,,,,1.9827,1.4081,20,,0.314861,Accepted analysis assumption: SD = sqrt(mean); SE = SD / sqrt(n),assumed_sd_sqrt_mean_se_computed_sd_over_sqrt_n,,,,,"Figure only showed mean, imputated sd=SQRT(mean) as are counts in a certain tine","The author stated ""hooded rat,"" we assumed ""lister rat"". ""Foster mothers with no noise exposure. We also used the HNoN control, which were manipulated the same way as the noise treatment, but no noise..."". In the pilot they used a ""2 . 5 KHz tone of 3 second duration at  an intensity of 85 dB (re 20 4 N/m~)."" so we assumed they used the same for the actual experiment",assumed_sd_sqrt_mean,1.5268,assumed_sd_sqrt_mean,1.2357,assumed_sd_sqrt_mean,0.276310919979649,1.5268,1.9827,assumed_sd_sqrt_mean,1.4081,assumed_sd_sqrt_mean,0.31486073191174535,1.9827,1.14,1.026,FALSE,FALSE,FALSE,FALSE,2500,2500,2500,point,audible,,con018
whitlow_1978_thesis,es127,ex022,con018,out060,Yes,Corrected derived value,"They had two experimental groups, 65dB and 85dB, they did 3 trials, one per day of the OFT",,THE EFFECT OF SOUND STIMULATION DURING GESTATION  ON THE BEHAVIOR OF RAT OFFSPRING,,Thesis,,Rattus norvegicus,hooded rat,Lister rat,,not reported,"mid, late",mid_late,day 12-19,8,Intermittent,0.005,18 seconds per day. It was a tone,White noise,Audible,65,2500,,Unclear,,undisturbed controls,mixed,26,juvenile,,Cross-Fostered,,Anxiety,Open Field Test (OFT),"Circular open-field, duration 3 minutes and repeated in 3 consecutive days",Defecation amount,Count,Count,Not Reported,Figure 5,whitlow_1978_thesis_fig5,C_2_de,HLN_2_de,C_HLN_2_de,No,Positive,,1.5268,1.2357,20,,0.276311,Accepted analysis assumption: SD = sqrt(mean); SE = SD / sqrt(n),assumed_sd_sqrt_mean_se_computed_sd_over_sqrt_n,,,,,1.8311,1.3532,20,,0.302585,Accepted analysis assumption: SD = sqrt(mean); SE = SD / sqrt(n),assumed_sd_sqrt_mean_se_computed_sd_over_sqrt_n,,,,,"Figure only showed mean, imputated sd=SQRT(mean) as are counts in a certain tine","The author stated ""hooded rat,"" we assumed ""lister rat"". ""Foster mothers with no noise exposure. We also used the HNoN control, which were manipulated the same way as the noise treatment, but no noise..."". In the pilot they used a ""2 . 5 KHz tone of 3 second duration at  an intensity of 85 dB (re 20 4 N/m~)."" so we assumed they used the same for the actual experiment",assumed_sd_sqrt_mean,1.5268,assumed_sd_sqrt_mean,1.2357,assumed_sd_sqrt_mean,0.276310919979649,1.5268,1.8311,assumed_sd_sqrt_mean,1.3532,assumed_sd_sqrt_mean,0.30258471871527154,1.8311,1.14,1.026,FALSE,FALSE,FALSE,FALSE,2500,2500,2500,point,audible,,con018
whitlow_1978_thesis,es128,ex021,con018,out060,Yes,Corrected derived value,"They had two experimental groups, 65dB and 85dB, they did 3 trials, one per day of the OFT",,THE EFFECT OF SOUND STIMULATION DURING GESTATION  ON THE BEHAVIOR OF RAT OFFSPRING,,Thesis,,Rattus norvegicus,hooded rat,Lister rat,,not reported,"mid, late",mid_late,day 12-19,8,Intermittent,0.005,18 seconds per day. It was a tone,White noise,Audible,85,2500,,Unclear,,undisturbed controls,mixed,27,juvenile,,Cross-Fostered,,Anxiety,Open Field Test (OFT),"Circular open-field, duration 3 minutes and repeated in 3 consecutive days",Defecation amount,Count,Count,Not Reported,Figure 5,whitlow_1978_thesis_fig5,C_3_de,HN_3_de,C_HN_3_de,No,Positive,,2.775,1.6658,20,,0.372484,Accepted analysis assumption: SD = sqrt(mean); SE = SD / sqrt(n),assumed_sd_sqrt_mean_se_computed_sd_over_sqrt_n,,,,,2.5731,1.6041,20,,0.358688,Accepted analysis assumption: SD = sqrt(mean); SE = SD / sqrt(n),assumed_sd_sqrt_mean_se_computed_sd_over_sqrt_n,,,,,"Figure only showed mean, imputated sd=SQRT(mean) as are counts in a certain tine","The author stated ""hooded rat,"" we assumed ""lister rat"". ""Foster mothers with no noise exposure. We also used the HNoN control, which were manipulated the same way as the noise treatment, but no noise..."". In the pilot they used a ""2 . 5 KHz tone of 3 second duration at  an intensity of 85 dB (re 20 4 N/m~)."" so we assumed they used the same for the actual experiment",assumed_sd_sqrt_mean,2.775,assumed_sd_sqrt_mean,1.6658,assumed_sd_sqrt_mean,0.37248420369191493,2.775,2.5731,assumed_sd_sqrt_mean,1.6041,assumed_sd_sqrt_mean,0.3586876642707413,2.5731,1.14,1.026,FALSE,FALSE,FALSE,FALSE,2500,2500,2500,point,audible,,con018
whitlow_1978_thesis,es129,ex022,con018,out060,Yes,Corrected derived value,"They had two experimental groups, 65dB and 85dB, they did 3 trials, one per day of the OFT",,THE EFFECT OF SOUND STIMULATION DURING GESTATION  ON THE BEHAVIOR OF RAT OFFSPRING,,Thesis,,Rattus norvegicus,hooded rat,Lister rat,,not reported,"mid, late",mid_late,day 12-19,8,Intermittent,0.005,18 seconds per day. It was a tone,White noise,Audible,65,2500,,Unclear,,undisturbed controls,mixed,26,juvenile,,Cross-Fostered,,Anxiety,Open Field Test (OFT),"Circular open-field, duration 3 minutes and repeated in 3 consecutive days",Defecation amount,Count,Count,Not Reported,Figure 5,whitlow_1978_thesis_fig5,C_3_de,HLN_3_de,C_HLN_3_de,No,Positive,,2.775,1.6658,20,,0.372484,Accepted analysis assumption: SD = sqrt(mean); SE = SD / sqrt(n),assumed_sd_sqrt_mean_se_computed_sd_over_sqrt_n,,,,,2.8604,1.6913,20,,0.378186,Accepted analysis assumption: SD = sqrt(mean); SE = SD / sqrt(n),assumed_sd_sqrt_mean_se_computed_sd_over_sqrt_n,,,,,"Figure only showed mean, imputated sd=SQRT(mean) as are counts in a certain tine","The author stated ""hooded rat,"" we assumed ""lister rat"". ""Foster mothers with no noise exposure. We also used the HNoN control, which were manipulated the same way as the noise treatment, but no noise..."". In the pilot they used a ""2 . 5 KHz tone of 3 second duration at  an intensity of 85 dB (re 20 4 N/m~)."" so we assumed they used the same for the actual experiment",assumed_sd_sqrt_mean,2.775,assumed_sd_sqrt_mean,1.6658,assumed_sd_sqrt_mean,0.37248420369191493,2.775,2.8604,assumed_sd_sqrt_mean,1.6913,assumed_sd_sqrt_mean,0.37818617703453944,2.8604,1.14,1.026,FALSE,FALSE,FALSE,FALSE,2500,2500,2500,point,audible,,con018
abramova_2020_genpath,es130,ex023,con019,out061,No,Corrected derived value,"They had one level of exposure, and two experimental groups, female and males, and one control per group",Only one assay,Social and Cognitive Impairments in Rat Offspring after Ultrasound-Induced Prenatal Stress,10.1007/s10517-020-04790-0,General Pathology and Pathophysiology,,Rattus norvegicus,albino lab rat,Sprague-Dawley,,not reported,"early, mid, late",full_gestation,all gestation,21,Continuous,24,Expossed to continuous variable frequencies,Ultrasound,Ultrasound,50,"20,000-45,000",,Ambient sound,,"""under normal conditions without ultrasound""",male,90,adult,3 months,none,The loudness was inferred using,Anxiety,Open Field Test (OFT),,Sections crossed,Count,Count,Light Phase,raw data,abramova_2020_genpath,KO-m-sq,US-m-g1-sq,KO_US_m_sq,Yes,Negative,,51.375,16.8263,8,,5.948995,"SD / sqrt(n), using descriptive statistics calculated from author raw data",sd_se_from_author_raw_data_se_computed_sd_over_sqrt_n,,,,,56.2632,26.4614,19,,6.070662,"SD / sqrt(n), using descriptive statistics calculated from author raw data",sd_se_from_author_raw_data_se_computed_sd_over_sqrt_n,,,,,Extracted all from raw data,Data  provided by Abramova on request,sd_se_from_author_raw_data,51.375,sd_se_from_author_raw_data,16.8263,sd_se_from_author_raw_data,5.948995416139602,51.375,56.2632,sd_se_from_author_raw_data,26.4614,sd_se_from_author_raw_data,6.070661500242482,56.2632,6.4,5.760000000000001,FALSE,FALSE,FALSE,FALSE,20000,45000,32500,range,mixed_or_boundary,,con019
abramova_2020_genpath,es131,ex024,con020,out061,No,Corrected derived value,"They had one level of exposure, and two experimental groups, female and males, and one control per group",Only one assay,Social and Cognitive Impairments in Rat Offspring after Ultrasound-Induced Prenatal Stress,10.1007/s10517-020-04790-0,General Pathology and Pathophysiology,,Rattus norvegicus,albino lab rat,Sprague-Dawley,,not reported,"early, mid, late",full_gestation,all gestation,21,Continuous,24,Expossed to continuous variable frequencies,Ultrasound,Ultrasound,50,"20,000-45,000",,Ambient sound,,"""under normal conditions without ultrasound""",female,90,adult,3 months,none,,Anxiety,Open Field Test (OFT),squares crossed,Sections crossed,Count,Count,Light Phase,raw data,abramova_2020_genpath,CO-f-sq,US-f-g1-sq,CO_US_f_sq,Yes,Negative,,65.5,17.0042,8,,6.011893,"SD / sqrt(n), using descriptive statistics calculated from author raw data",sd_se_from_author_raw_data_se_computed_sd_over_sqrt_n,,,,,59.625,19.4418,16,,4.86045,"SD / sqrt(n), using descriptive statistics calculated from author raw data",sd_se_from_author_raw_data_se_computed_sd_over_sqrt_n,,,,,Extracted all from raw data,Data  provided by Abramova on request,sd_se_from_author_raw_data,65.5,sd_se_from_author_raw_data,17.0042,sd_se_from_author_raw_data,6.011892564326145,65.5,59.625,sd_se_from_author_raw_data,19.4418,sd_se_from_author_raw_data,4.86045,59.625,6.4,5.760000000000001,FALSE,FALSE,FALSE,FALSE,20000,45000,32500,range,mixed_or_boundary,,con020
abramova_2020_genpath,es132,ex023,con019,out062,No,Corrected derived value,"They had one level of exposure, and two experimental groups, female and males, and one control per group",Only one assay,Social and Cognitive Impairments in Rat Offspring after Ultrasound-Induced Prenatal Stress,10.1007/s10517-020-04790-0,General Pathology and Pathophysiology,,Rattus norvegicus,albino lab rat,Sprague-Dawley,,not reported,"early, mid, late",full_gestation,all gestation,21,Continuous,24,Expossed to continuous variable frequencies,Ultrasound,Ultrasound,50,"20,000-45,000",,Ambient sound,,"""under normal conditions without ultrasound""",male,90,adult,3 months,none,,Anxiety,Open Field Test (OFT),,Rearing frequency,Count,Count,Light Phase,raw data,abramova_2020_genpath,KO-m-rea,US-m-g1-rea,KO_US_m_rea,Yes,Negative,,23.625,6.7387,8,,2.38249,"SD / sqrt(n), using descriptive statistics calculated from author raw data",sd_se_from_author_raw_data_se_computed_sd_over_sqrt_n,,,,,23.5789,11.057,19,,2.53665,"SD / sqrt(n), using descriptive statistics calculated from author raw data",sd_se_from_author_raw_data_se_computed_sd_over_sqrt_n,,,,,Extracted all from raw data,Data  provided by Abramova on request,sd_se_from_author_raw_data,23.625,sd_se_from_author_raw_data,6.7387,sd_se_from_author_raw_data,2.3824902331908935,23.625,23.5789,sd_se_from_author_raw_data,11.057,sd_se_from_author_raw_data,2.536649769406801,23.5789,4.3889,3.95001,FALSE,FALSE,FALSE,FALSE,20000,45000,32500,range,mixed_or_boundary,,con019
abramova_2020_genpath,es133,ex024,con020,out062,No,Corrected derived value,"They had one level of exposure, and two experimental groups, female and males, and one control per group",Only one assay,Social and Cognitive Impairments in Rat Offspring after Ultrasound-Induced Prenatal Stress,10.1007/s10517-020-04790-0,General Pathology and Pathophysiology,,Rattus norvegicus,albino lab rat,Sprague-Dawley,,not reported,"early, mid, late",full_gestation,all gestation,21,Continuous,24,Expossed to continuous variable frequencies,Ultrasound,Ultrasound,50,"20,000-45,000",,Ambient sound,,"""under normal conditions without ultrasound""",female,90,adult,3 months,none,,Anxiety,Open Field Test (OFT),,Rearing frequency,Count,Count,Light Phase,raw data,abramova_2020_genpath,CO-f-rea,US-f-g1-rea,CO_US_f_rea,Yes,Negative,,28.125,6.4683,8,,2.286889,"SD / sqrt(n), using descriptive statistics calculated from author raw data",sd_se_from_author_raw_data_se_computed_sd_over_sqrt_n,,,,,28.1875,8.9086,16,,2.22715,"SD / sqrt(n), using descriptive statistics calculated from author raw data",sd_se_from_author_raw_data_se_computed_sd_over_sqrt_n,,,,,Extracted all from raw data,Data  provided by Abramova on request,sd_se_from_author_raw_data,28.125,sd_se_from_author_raw_data,6.4683,sd_se_from_author_raw_data,2.2868893963744727,28.125,28.1875,sd_se_from_author_raw_data,8.9086,sd_se_from_author_raw_data,2.22715,28.1875,4.3889,3.95001,FALSE,FALSE,FALSE,FALSE,20000,45000,32500,range,mixed_or_boundary,,con020
abramova_2020_genpath,es134,ex023,con019,out063,No,Corrected derived value,"They had one level of exposure, and two experimental groups, female and males, and one control per group",Only one assay,Social and Cognitive Impairments in Rat Offspring after Ultrasound-Induced Prenatal Stress,10.1007/s10517-020-04790-0,General Pathology and Pathophysiology,,Rattus norvegicus,albino lab rat,Sprague-Dawley,,not reported,"early, mid, late",full_gestation,all gestation,21,Continuous,24,Expossed to continuous variable frequencies,Ultrasound,Ultrasound,50,"20,000-45,000",,Ambient sound,,"""under normal conditions without ultrasound""",male,90,adult,3 months,none,,Anxiety,Open Field Test (OFT),,Center entries (crossing),Count,Count,Light Phase,raw data,abramova_2020_genpath,KO-m-cen,US-m-g1-cen,KO_US_m_cen,Yes,Negative,,1.875,2.997,8,,1.0596,"SD / sqrt(n), using descriptive statistics calculated from author raw data",sd_se_from_author_raw_data_se_computed_sd_over_sqrt_n,,,,,1.8421,1.4245,19,,0.326803,"SD / sqrt(n), using descriptive statistics calculated from author raw data",sd_se_from_author_raw_data_se_computed_sd_over_sqrt_n,,,,,Extracted all from raw data,Data  provided by Abramova on request,sd_se_from_author_raw_data,1.875,sd_se_from_author_raw_data,2.997,sd_se_from_author_raw_data,1.0595995116080414,1.875,1.8421,sd_se_from_author_raw_data,1.4245,sd_se_from_author_raw_data,0.32680271289861523,1.8421,0.18718749999999998,0.16846874999999997,FALSE,FALSE,FALSE,FALSE,20000,45000,32500,range,mixed_or_boundary,,con019
abramova_2020_genpath,es135,ex024,con020,out063,No,Corrected derived value,"They had one level of exposure, and two experimental groups, female and males, and one control per group",Only one assay,Social and Cognitive Impairments in Rat Offspring after Ultrasound-Induced Prenatal Stress,10.1007/s10517-020-04790-0,General Pathology and Pathophysiology,,Rattus norvegicus,albino lab rat,Sprague-Dawley,,not reported,"early, mid, late",full_gestation,all gestation,21,Continuous,24,Expossed to continuous variable frequencies,Ultrasound,Ultrasound,50,"20,000-45,000",,Ambient sound,,"""under normal conditions without ultrasound""",female,90,adult,3 months,none,,Anxiety,Open Field Test (OFT),,Center entries (crossing),Count,Count,Light Phase,raw data,abramova_2020_genpath,CO-f-cen,US-f-g1-cen,CO_US_f_cen,Yes,Negative,,2.75,1.8323,8,,0.647816,"SD / sqrt(n), using descriptive statistics calculated from author raw data",sd_se_from_author_raw_data_se_computed_sd_over_sqrt_n,,,,,1.25,0.9309,16,,0.232725,"SD / sqrt(n), using descriptive statistics calculated from author raw data",sd_se_from_author_raw_data_se_computed_sd_over_sqrt_n,,,,,Extracted all from raw data,Data  provided by Abramova on request,sd_se_from_author_raw_data,2.75,sd_se_from_author_raw_data,1.8323,sd_se_from_author_raw_data,0.6478158775840555,2.75,1.25,sd_se_from_author_raw_data,0.9309,sd_se_from_author_raw_data,0.232725,1.25,0.18718749999999998,0.16846874999999997,FALSE,FALSE,FALSE,FALSE,20000,45000,32500,range,mixed_or_boundary,,con020
abramova_2020_genpath,es136,ex023,con019,out064,No,Corrected derived value,"They had one level of exposure, and two experimental groups, female and males, and one control per group",Only one assay,Social and Cognitive Impairments in Rat Offspring after Ultrasound-Induced Prenatal Stress,10.1007/s10517-020-04790-0,General Pathology and Pathophysiology,,Rattus norvegicus,albino lab rat,Sprague-Dawley,,not reported,"early, mid, late",full_gestation,all gestation,21,Continuous,24,Expossed to continuous variable frequencies,Ultrasound,Ultrasound,50,"20,000-45,000",,Ambient sound,,"""under normal conditions without ultrasound""",male,90,adult,3 months,none,,Anxiety,Open Field Test (OFT),,Total grooming time,Time,s,Light Phase,raw data,abramova_2020_genpath,KO-m-grt,US-m-g1-grt,KO_US_m_grt,No,Positive,,12.5038,11.0261,8,,3.898315,"SD / sqrt(n), using descriptive statistics calculated from author raw data",sd_se_from_author_raw_data_se_computed_sd_over_sqrt_n,,,,,33.2405,19.9724,19,,4.581983,"SD / sqrt(n), using descriptive statistics calculated from author raw data",sd_se_from_author_raw_data_se_computed_sd_over_sqrt_n,,,,,Extracted all from raw data,Data  provided by Abramova on request,sd_se_from_author_raw_data,12.5038,sd_se_from_author_raw_data,11.0261,sd_se_from_author_raw_data,3.8983150400204956,12.5038,33.2405,sd_se_from_author_raw_data,19.9724,sd_se_from_author_raw_data,4.581982803156407,33.2405,12.5038,11.25342,FALSE,FALSE,FALSE,FALSE,20000,45000,32500,range,mixed_or_boundary,,con019
abramova_2020_genpath,es137,ex024,con020,out064,No,Corrected derived value,"They had one level of exposure, and two experimental groups, female and males, and one control per group",Only one assay,Social and Cognitive Impairments in Rat Offspring after Ultrasound-Induced Prenatal Stress,10.1007/s10517-020-04790-0,General Pathology and Pathophysiology,,Rattus norvegicus,albino lab rat,Sprague-Dawley,,not reported,"early, mid, late",full_gestation,all gestation,21,Continuous,24,Expossed to continuous variable frequencies,Ultrasound,Ultrasound,50,"20,000-45,000",,Ambient sound,,"""under normal conditions without ultrasound""",female,90,adult,3 months,none,,Anxiety,Open Field Test (OFT),,Total grooming time,Time,s,Light Phase,raw data,abramova_2020_genpath,CO-f-grt,US-f-g1-grt,CO_US_f_grt,No,Positive,,13.8713,13.5053,8,,4.774845,"SD / sqrt(n), using descriptive statistics calculated from author raw data",sd_se_from_author_raw_data_se_computed_sd_over_sqrt_n,,,,,17.125,12.2961,16,,3.074025,"SD / sqrt(n), using descriptive statistics calculated from author raw data",sd_se_from_author_raw_data_se_computed_sd_over_sqrt_n,,,,,Extracted all from raw data,Data  provided by Abramova on request,sd_se_from_author_raw_data,13.8713,sd_se_from_author_raw_data,13.5053,sd_se_from_author_raw_data,4.7748446059793395,13.8713,17.125,sd_se_from_author_raw_data,12.2961,sd_se_from_author_raw_data,3.074025,17.125,12.5038,11.25342,FALSE,FALSE,FALSE,FALSE,20000,45000,32500,range,mixed_or_boundary,,con020
abramova_2020_genpath,es138,ex023,con019,out065,No,Corrected derived value,"They had one level of exposure, and two experimental groups, female and males, and one control per group",Only one assay,Social and Cognitive Impairments in Rat Offspring after Ultrasound-Induced Prenatal Stress,10.1007/s10517-020-04790-0,General Pathology and Pathophysiology,,Rattus norvegicus,albino lab rat,Sprague-Dawley,,not reported,"early, mid, late",full_gestation,all gestation,21,Continuous,24,Expossed to continuous variable frequencies,Ultrasound,Ultrasound,50,"20,000-45,000",,Ambient sound,,"""under normal conditions without ultrasound""",male,90,adult,3 months,none,,Anxiety,Open Field Test (OFT),,Total freezing time,Time,s,Light Phase,raw data,abramova_2020_genpath,KO-m-fr,US-m-fr,KO_US_m_fr,No,Positive,,9.4775,15.5527,8,,5.49871,"SD / sqrt(n), using descriptive statistics calculated from author raw data",sd_se_from_author_raw_data_se_computed_sd_over_sqrt_n,,,,,33.2316,43.7813,19,,10.044119,"SD / sqrt(n), using descriptive statistics calculated from author raw data",sd_se_from_author_raw_data_se_computed_sd_over_sqrt_n,,,,,Extracted all from raw data,Data  provided by Abramova on request,sd_se_from_author_raw_data,9.4775,sd_se_from_author_raw_data,15.5527,sd_se_from_author_raw_data,5.498709817880008,9.4775,33.2316,sd_se_from_author_raw_data,43.7813,sd_se_from_author_raw_data,10.044119069307225,33.2316,8.2563,7.43067,FALSE,FALSE,FALSE,FALSE,20000,45000,32500,range,mixed_or_boundary,,con019
abramova_2020_genpath,es139,ex024,con020,out065,No,Corrected derived value,"They had one level of exposure, and two experimental groups, female and males, and one control per group",Only one assay,Social and Cognitive Impairments in Rat Offspring after Ultrasound-Induced Prenatal Stress,10.1007/s10517-020-04790-0,General Pathology and Pathophysiology,,Rattus norvegicus,albino lab rat,Sprague-Dawley,,not reported,"early, mid, late",full_gestation,all gestation,21,Continuous,24,Expossed to continuous variable frequencies,Ultrasound,Ultrasound,50,"20,000-45,000",,Ambient sound,,"""under normal conditions without ultrasound""",female,90,adult,3 months,none,,Anxiety,Open Field Test (OFT),,Total freezing time,Time,s,Light Phase,raw data,abramova_2020_genpath,CO-f-fr,US-f-g1-fr,CO_US_f_fr,No,Positive,,8.2563,21.4515,8,,7.584251,"SD / sqrt(n), using descriptive statistics calculated from author raw data",sd_se_from_author_raw_data_se_computed_sd_over_sqrt_n,,,,,32.7925,28.6499,16,,7.162475,"SD / sqrt(n), using descriptive statistics calculated from author raw data",sd_se_from_author_raw_data_se_computed_sd_over_sqrt_n,,,,,Extracted all from raw data,Data  provided by Abramova on request,sd_se_from_author_raw_data,8.2563,sd_se_from_author_raw_data,21.4515,sd_se_from_author_raw_data,7.584250558311611,8.2563,32.7925,sd_se_from_author_raw_data,28.6499,sd_se_from_author_raw_data,7.162475,32.7925,8.2563,7.43067,FALSE,FALSE,FALSE,FALSE,20000,45000,32500,range,mixed_or_boundary,,con020
abramova_2020_genpath,es140,ex023,con019,out066,No,Corrected derived value,"They had one level of exposure, and two experimental groups, female and males, and one control per group",Only one assay,Social and Cognitive Impairments in Rat Offspring after Ultrasound-Induced Prenatal Stress,10.1007/s10517-020-04790-0,General Pathology and Pathophysiology,,Rattus norvegicus,albino lab rat,Sprague-Dawley,,not reported,"early, mid, late",full_gestation,all gestation,21,Continuous,24,Expossed to continuous variable frequencies,Ultrasound,Ultrasound,50,"20,000-45,000",,Ambient sound,,"""under normal conditions without ultrasound""",male,90,adult,3 months,none,,Anxiety,Open Field Test (OFT),,Grooming frequency,Count,Count,Light Phase,raw data,abramova_2020_genpath,KO-m-grf,US-m-g1-grf,KO_US_m_grf,No,Positive,,4.625,3.7009,8,,1.308466,"SD / sqrt(n), using descriptive statistics calculated from author raw data",sd_se_from_author_raw_data_se_computed_sd_over_sqrt_n,,,,,4.2105,2.1751,19,,0.499002,"SD / sqrt(n), using descriptive statistics calculated from author raw data",sd_se_from_author_raw_data_se_computed_sd_over_sqrt_n,,,,,Extracted all from raw data,Data  provided by Abramova on request,sd_se_from_author_raw_data,4.625,sd_se_from_author_raw_data,3.7009,sd_se_from_author_raw_data,1.3084657432466467,4.625,4.2105,sd_se_from_author_raw_data,2.1751,sd_se_from_author_raw_data,0.4990021627418589,4.2105,2.652174,2.3869566,FALSE,FALSE,FALSE,FALSE,20000,45000,32500,range,mixed_or_boundary,,con019
abramova_2020_genpath,es141,ex024,con020,out066,No,Corrected derived value,"They had one level of exposure, and two experimental groups, female and males, and one control per group",Only one assay,Social and Cognitive Impairments in Rat Offspring after Ultrasound-Induced Prenatal Stress,10.1007/s10517-020-04790-0,General Pathology and Pathophysiology,,Rattus norvegicus,albino lab rat,Sprague-Dawley,,not reported,"early, mid, late",full_gestation,all gestation,21,Continuous,24,Expossed to continuous variable frequencies,Ultrasound,Ultrasound,50,"20,000-45,000",,Ambient sound,,"""under normal conditions without ultrasound""",female,90,adult,3 months,none,,Anxiety,Open Field Test (OFT),,Grooming frequency,Count,Count,Light Phase,raw data,abramova_2020_genpath,CO-f-grf,US-f-g1-grf,KO_US_f_grf,No,Positive,,2.875,1.8077,8,,0.639118,"SD / sqrt(n), using descriptive statistics calculated from author raw data",sd_se_from_author_raw_data_se_computed_sd_over_sqrt_n,,,,,3,1.3663,16,,0.341575,"SD / sqrt(n), using descriptive statistics calculated from author raw data",sd_se_from_author_raw_data_se_computed_sd_over_sqrt_n,,,,,Extracted all from raw data,Data  provided by Abramova on request,sd_se_from_author_raw_data,2.875,sd_se_from_author_raw_data,1.8077,sd_se_from_author_raw_data,0.6391184641754609,2.875,3,sd_se_from_author_raw_data,1.3663,sd_se_from_author_raw_data,0.341575,3,2.652174,2.3869566,FALSE,FALSE,FALSE,FALSE,20000,45000,32500,range,mixed_or_boundary,,con020
abramova_2020_genpath,es142,ex023,con019,out067,No,Corrected derived value,"They had one level of exposure, and two experimental groups, female and males, and one control per group",Only one assay,Social and Cognitive Impairments in Rat Offspring after Ultrasound-Induced Prenatal Stress,10.1007/s10517-020-04790-0,General Pathology and Pathophysiology,,Rattus norvegicus,albino lab rat,Sprague-Dawley,,not reported,"early, mid, late",full_gestation,all gestation,21,Continuous,24,Expossed to continuous variable frequencies,Ultrasound,Ultrasound,50,"20,000-45,000",,Ambient sound,,"""under normal conditions without ultrasound""",male,90,adult,3 months,none,,Anxiety,Elevated Plus Maze (EPM),,Total time in dark,Time,s,Light Phase,raw data,abramova_2020_genpath,KO-m-grf,US-m-g1,KO_US_m_d,No,Positive,,282.218,17.0866,20,,3.82068,"SD / sqrt(n), using descriptive statistics calculated from author raw data",sd_se_from_author_raw_data_se_computed_sd_over_sqrt_n,,,,,253.7111,39.4675,19,,9.054465,"SD / sqrt(n), using descriptive statistics calculated from author raw data",sd_se_from_author_raw_data_se_computed_sd_over_sqrt_n,,,,,Extracted all from raw data,Data  provided by Abramova on request,sd_se_from_author_raw_data,282.218,sd_se_from_author_raw_data,17.0866,sd_se_from_author_raw_data,3.820679910434791,282.218,253.7111,sd_se_from_author_raw_data,39.4675,sd_se_from_author_raw_data,9.054465476536397,253.7111,242.4406,218.19654,FALSE,FALSE,FALSE,FALSE,20000,45000,32500,range,mixed_or_boundary,,con019
abramova_2020_genpath,es143,ex024,con020,out067,No,Corrected derived value,"They had one level of exposure, and two experimental groups, female and males, and one control per group",Only one assay,Social and Cognitive Impairments in Rat Offspring after Ultrasound-Induced Prenatal Stress,10.1007/s10517-020-04790-0,General Pathology and Pathophysiology,,Rattus norvegicus,albino lab rat,Sprague-Dawley,,not reported,"early, mid, late",full_gestation,all gestation,21,Continuous,24,Expossed to continuous variable frequencies,Ultrasound,Ultrasound,50,"20,000-45,000",,Ambient sound,,"""under normal conditions without ultrasound""",female,90,adult,3 months,none,,Anxiety,Elevated Plus Maze (EPM),,Total time in dark,Time,s,Light Phase,raw data,abramova_2020_genpath,CO-f-grf,US-f-g1,CO_US_f_d,No,Positive,,270.4478,23.5988,18,,5.562291,"SD / sqrt(n), using descriptive statistics calculated from author raw data",sd_se_from_author_raw_data_se_computed_sd_over_sqrt_n,,,,,242.4406,43.8737,16,,10.968425,"SD / sqrt(n), using descriptive statistics calculated from author raw data",sd_se_from_author_raw_data_se_computed_sd_over_sqrt_n,,,,,Extracted all from raw data,Data  provided by Abramova on request,sd_se_from_author_raw_data,270.4478,sd_se_from_author_raw_data,23.5988,sd_se_from_author_raw_data,5.5622905026217,270.4478,242.4406,sd_se_from_author_raw_data,43.8737,sd_se_from_author_raw_data,10.968425,242.4406,242.4406,218.19654,FALSE,FALSE,FALSE,FALSE,20000,45000,32500,range,mixed_or_boundary,,con020
abramova_2020_genpath,es144,ex023,con019,out068,No,Corrected derived value,"They had one level of exposure, and two experimental groups, female and males, and one control per group",Only one assay,Social and Cognitive Impairments in Rat Offspring after Ultrasound-Induced Prenatal Stress,10.1007/s10517-020-04790-0,General Pathology and Pathophysiology,,Rattus norvegicus,albino lab rat,Sprague-Dawley,,not reported,"early, mid, late",full_gestation,all gestation,21,Continuous,24,Expossed to continuous variable frequencies,Ultrasound,Ultrasound,50,"20,000-45,000",,Ambient sound,,"""under normal conditions without ultrasound""",male,90,adult,3 months,none,,Anxiety,Elevated Plus Maze (EPM),,Total time in light,Time,s,Light Phase,raw data,abramova_2020_genpath,KO-m-d,US-m-g1,KO_US_m_li,Yes,Negative,,15.626,16.2996,20,,3.644701,"SD / sqrt(n), using descriptive statistics calculated from author raw data",sd_se_from_author_raw_data_se_computed_sd_over_sqrt_n,,,,,42.7837,38.8467,19,,8.912044,"SD / sqrt(n), using descriptive statistics calculated from author raw data",sd_se_from_author_raw_data_se_computed_sd_over_sqrt_n,,,,,Extracted all from raw data,Data  provided by Abramova on request,sd_se_from_author_raw_data,15.626,sd_se_from_author_raw_data,16.2996,sd_se_from_author_raw_data,3.6447013606055574,15.626,42.7837,sd_se_from_author_raw_data,38.8467,sd_se_from_author_raw_data,8.912044188949551,42.7837,15.626,14.0634,FALSE,FALSE,FALSE,FALSE,20000,45000,32500,range,mixed_or_boundary,,con019
abramova_2020_genpath,es145,ex024,con020,out068,No,Corrected derived value,"They had one level of exposure, and two experimental groups, female and males, and one control per group",Only one assay,Social and Cognitive Impairments in Rat Offspring after Ultrasound-Induced Prenatal Stress,10.1007/s10517-020-04790-0,General Pathology and Pathophysiology,,Rattus norvegicus,albino lab rat,Sprague-Dawley,,not reported,"early, mid, late",full_gestation,all gestation,21,Continuous,24,Expossed to continuous variable frequencies,Ultrasound,Ultrasound,50,"20,000-45,000",,Ambient sound,,"""under normal conditions without ultrasound""",female,90,adult,3 months,none,,Anxiety,Elevated Plus Maze (EPM),,Total time in light,Time,s,Light Phase,raw data,abramova_2020_genpath,KO-f-d,US-f-g1,CO_US_f_li,Yes,Negative,,26.8306,21.928,18,,5.168479,"SD / sqrt(n), using descriptive statistics calculated from author raw data",sd_se_from_author_raw_data_se_computed_sd_over_sqrt_n,,,,,49.9631,41.8416,16,,10.4604,"SD / sqrt(n), using descriptive statistics calculated from author raw data",sd_se_from_author_raw_data_se_computed_sd_over_sqrt_n,,,,,Extracted all from raw data,Data  provided by Abramova on request,sd_se_from_author_raw_data,26.8306,sd_se_from_author_raw_data,21.928,sd_se_from_author_raw_data,5.168479165952872,26.8306,49.9631,sd_se_from_author_raw_data,41.8416,sd_se_from_author_raw_data,10.4604,49.9631,15.626,14.0634,FALSE,FALSE,FALSE,FALSE,20000,45000,32500,range,mixed_or_boundary,,con020
abramova_2020_genpath,es146,ex023,con019,out069,No,Corrected derived value,"They had one level of exposure, and two experimental groups, female and males, and one control per group",Only one assay,Social and Cognitive Impairments in Rat Offspring after Ultrasound-Induced Prenatal Stress,10.1007/s10517-020-04790-0,General Pathology and Pathophysiology,,Rattus norvegicus,albino lab rat,Sprague-Dawley,,not reported,"early, mid, late",full_gestation,all gestation,21,Continuous,24,Expossed to continuous variable frequencies,Ultrasound,Ultrasound,50,"20,000-45,000",,Ambient sound,,"""under normal conditions without ultrasound""",male,90,adult,3 months,none,,Anxiety,Elevated Plus Maze (EPM),,Center entries (crossing),Count,Count,Light Phase,raw data,abramova_2020_genpath,KO-m-l,US-m-g1,KO_US_m_tr,Yes,Negative,,1.95,2.0894,20,,0.467204,"SD / sqrt(n), using descriptive statistics calculated from author raw data",sd_se_from_author_raw_data_se_computed_sd_over_sqrt_n,,,,,3.7895,3.1372,19,,0.719723,"SD / sqrt(n), using descriptive statistics calculated from author raw data",sd_se_from_author_raw_data_se_computed_sd_over_sqrt_n,,,,,Extracted all from raw data,Data  provided by Abramova on request,sd_se_from_author_raw_data,1.95,sd_se_from_author_raw_data,2.0894,sd_se_from_author_raw_data,0.46720404321880604,1.95,3.7895,sd_se_from_author_raw_data,3.1372,sd_se_from_author_raw_data,0.7197230402987262,3.7895,1.95,1.755,FALSE,FALSE,FALSE,FALSE,20000,45000,32500,range,mixed_or_boundary,,con019
abramova_2020_genpath,es147,ex024,con020,out069,No,Corrected derived value,"They had one level of exposure, and two experimental groups, female and males, and one control per group",Only one assay,Social and Cognitive Impairments in Rat Offspring after Ultrasound-Induced Prenatal Stress,10.1007/s10517-020-04790-0,General Pathology and Pathophysiology,,Rattus norvegicus,albino lab rat,Sprague-Dawley,,not reported,"early, mid, late",full_gestation,all gestation,21,Continuous,24,Expossed to continuous variable frequencies,Ultrasound,Ultrasound,50,"20,000-45,000",,Ambient sound,,"""under normal conditions without ultrasound""",female,90,adult,3 months,none,,Anxiety,Elevated Plus Maze (EPM),,Center entries (crossing),Count,Count,Light Phase,raw data,abramova_2020_genpath,KO-f-l,US-f-g1,KO_US_f_tr,Yes,Negative,,4.3889,2.6153,18,,0.616432,"SD / sqrt(n), using descriptive statistics calculated from author raw data",sd_se_from_author_raw_data_se_computed_sd_over_sqrt_n,,,,,4.6875,3.2397,16,,0.809925,"SD / sqrt(n), using descriptive statistics calculated from author raw data",sd_se_from_author_raw_data_se_computed_sd_over_sqrt_n,,,,,Extracted all from raw data,Data  provided by Abramova on request,sd_se_from_author_raw_data,4.3889,sd_se_from_author_raw_data,2.6153,sd_se_from_author_raw_data,0.6164321216123926,4.3889,4.6875,sd_se_from_author_raw_data,3.2397,sd_se_from_author_raw_data,0.809925,4.6875,1.95,1.755,FALSE,FALSE,FALSE,FALSE,20000,45000,32500,range,mixed_or_boundary,,con020
abramova_2020_genpath,es148,ex023,con019,out070,No,Corrected derived value,"They had one level of exposure, and two experimental groups, female and males, and one control per group",Only one assay,Social and Cognitive Impairments in Rat Offspring after Ultrasound-Induced Prenatal Stress,10.1007/s10517-020-04790-0,General Pathology and Pathophysiology,,Rattus norvegicus,albino lab rat,Sprague-Dawley,,not reported,"early, mid, late",full_gestation,all gestation,21,Continuous,24,Expossed to continuous variable frequencies,Ultrasound,Ultrasound,50,"20,000-45,000",,Ambient sound,,"""under normal conditions without ultrasound""",male,90,adult,3 months,none,,Anxiety,Elevated Plus Maze (EPM),,Head-out inspections,Count,Count,Light Phase,raw data,abramova_2020_genpath,KO-m-tr,US-m-g1,KO_US_m_ho,No,Positive,,2.9,1.2524,20,,0.280045,"SD / sqrt(n), using descriptive statistics calculated from author raw data",sd_se_from_author_raw_data_se_computed_sd_over_sqrt_n,,,,,3.0526,2.1978,19,,0.50421,"SD / sqrt(n), using descriptive statistics calculated from author raw data",sd_se_from_author_raw_data_se_computed_sd_over_sqrt_n,,,,,Extracted all from raw data,Data  provided by Abramova on request,sd_se_from_author_raw_data,2.9,sd_se_from_author_raw_data,1.2524,sd_se_from_author_raw_data,0.28004515350207365,2.9,3.0526,sd_se_from_author_raw_data,2.1978,sd_se_from_author_raw_data,0.5042098999007206,3.0526,0.25865,0.232785,FALSE,FALSE,FALSE,FALSE,20000,45000,32500,range,mixed_or_boundary,,con019
abramova_2020_genpath,es149,ex024,con020,out070,No,Corrected derived value,"They had one level of exposure, and two experimental groups, female and males, and one control per group",Only one assay,Social and Cognitive Impairments in Rat Offspring after Ultrasound-Induced Prenatal Stress,10.1007/s10517-020-04790-0,General Pathology and Pathophysiology,,Rattus norvegicus,albino lab rat,Sprague-Dawley,,not reported,"early, mid, late",full_gestation,all gestation,21,Continuous,24,Expossed to continuous variable frequencies,Ultrasound,Ultrasound,50,"20,000-45,000",,Ambient sound,,"""under normal conditions without ultrasound""",female,90,adult,3 months,none,,Anxiety,Elevated Plus Maze (EPM),,Head-out inspections,Count,Count,Light Phase,raw data,abramova_2020_genpath,KO-f-tr,US-f-g1,KO_US_f_ho,No,Positive,,3.7222,1.8726,18,,0.441376,"SD / sqrt(n), using descriptive statistics calculated from author raw data",sd_se_from_author_raw_data_se_computed_sd_over_sqrt_n,,,,,3.25,1.9149,16,,0.478725,"SD / sqrt(n), using descriptive statistics calculated from author raw data",sd_se_from_author_raw_data_se_computed_sd_over_sqrt_n,,,,,Extracted all from raw data,Data  provided by Abramova on request,sd_se_from_author_raw_data,3.7222,sd_se_from_author_raw_data,1.8726,sd_se_from_author_raw_data,0.441376052816643,3.7222,3.25,sd_se_from_author_raw_data,1.9149,sd_se_from_author_raw_data,0.478725,3.25,0.25865,0.232785,FALSE,FALSE,FALSE,FALSE,20000,45000,32500,range,mixed_or_boundary,,con020
abramova_2020_genpath,es150,ex023,con019,out071,No,Corrected derived value,"They had one level of exposure, and two experimental groups, female and males, and one control per group",Only one assay,Social and Cognitive Impairments in Rat Offspring after Ultrasound-Induced Prenatal Stress,10.1007/s10517-020-04790-0,General Pathology and Pathophysiology,,Rattus norvegicus,albino lab rat,Sprague-Dawley,,not reported,"early, mid, late",full_gestation,all gestation,21,Continuous,24,Expossed to continuous variable frequencies,Ultrasound,Ultrasound,50,"20,000-45,000",,Ambient sound,,"""under normal conditions without ultrasound""",male,90,adult,3 months,none,,Anxiety,Elevated Plus Maze (EPM),,Overhangs,Count,Count,Light Phase,raw data,abramova_2020_genpath,KO-m-hea,US-m-g1,KO_US_m_oh,No,Positive,,2.95,3.0517,20,,0.682381,"SD / sqrt(n), using descriptive statistics calculated from author raw data",sd_se_from_author_raw_data_se_computed_sd_over_sqrt_n,,,,,7.1053,5.4149,19,,1.242263,"SD / sqrt(n), using descriptive statistics calculated from author raw data",sd_se_from_author_raw_data_se_computed_sd_over_sqrt_n,,,,,Extracted all from raw data,Data  provided by Abramova on request,sd_se_from_author_raw_data,2.95,sd_se_from_author_raw_data,3.0517,sd_se_from_author_raw_data,0.6823808646936108,2.95,7.1053,sd_se_from_author_raw_data,5.4149,sd_se_from_author_raw_data,1.2422632573357049,7.1053,2.95,2.6550000000000002,FALSE,FALSE,FALSE,FALSE,20000,45000,32500,range,mixed_or_boundary,,con019
abramova_2020_genpath,es151,ex024,con020,out071,No,Corrected derived value,"They had one level of exposure, and two experimental groups, female and males, and one control per group",Only one assay,Social and Cognitive Impairments in Rat Offspring after Ultrasound-Induced Prenatal Stress,10.1007/s10517-020-04790-0,General Pathology and Pathophysiology,,Rattus norvegicus,albino lab rat,Sprague-Dawley,,not reported,"early, mid, late",full_gestation,all gestation,21,Continuous,24,Expossed to continuous variable frequencies,Ultrasound,Ultrasound,50,"20,000-45,000",,Ambient sound,,"""under normal conditions without ultrasound""",female,90,adult,3 months,none,,Anxiety,Elevated Plus Maze (EPM),,Overhangs,Count,Count,Light Phase,raw data,abramova_2020_genpath,KO-f-hea,US-f-g1,KO_US_f_oh,No,Positive,,5.7778,4.9415,18,,1.164723,"SD / sqrt(n), using descriptive statistics calculated from author raw data",sd_se_from_author_raw_data_se_computed_sd_over_sqrt_n,,,,,8.625,6.8593,16,,1.714825,"SD / sqrt(n), using descriptive statistics calculated from author raw data",sd_se_from_author_raw_data_se_computed_sd_over_sqrt_n,,,,,Extracted all from raw data,Data  provided by Abramova on request,sd_se_from_author_raw_data,5.7778,sd_se_from_author_raw_data,4.9415,sd_se_from_author_raw_data,1.1647227197444416,5.7778,8.625,sd_se_from_author_raw_data,6.8593,sd_se_from_author_raw_data,1.714825,8.625,2.95,2.6550000000000002,FALSE,FALSE,FALSE,FALSE,20000,45000,32500,range,mixed_or_boundary,,con020
abramova_2020_genpath,es152,ex023,con019,out072,No,Corrected derived value,"They had one level of exposure, and two experimental groups, female and males, and one control per group",Only one assay,Social and Cognitive Impairments in Rat Offspring after Ultrasound-Induced Prenatal Stress,10.1007/s10517-020-04790-0,General Pathology and Pathophysiology,,Rattus norvegicus,albino lab rat,Sprague-Dawley,,not reported,"early, mid, late",full_gestation,all gestation,21,Continuous,24,Expossed to continuous variable frequencies,Ultrasound,Ultrasound,50,"20,000-45,000",,Ambient sound,,"""under normal conditions without ultrasound""",male,90,adult,3 months,none,,Anxiety,Elevated Plus Maze (EPM),,Total grooming time,Time,s,Light Phase,raw data,abramova_2020_genpath,KO-m-tgt,US-m-g1,KO_US_m_tgt,No,Positive,,47.411,38.3449,20,,8.57418,"SD / sqrt(n), using descriptive statistics calculated from author raw data",sd_se_from_author_raw_data_se_computed_sd_over_sqrt_n,,,,,22.8753,20.7601,19,,4.762694,"SD / sqrt(n), using descriptive statistics calculated from author raw data",sd_se_from_author_raw_data_se_computed_sd_over_sqrt_n,,,,,Extracted all from raw data,Data  provided by Abramova on request,sd_se_from_author_raw_data,47.411,sd_se_from_author_raw_data,38.3449,sd_se_from_author_raw_data,8.574180299043169,47.411,22.8753,sd_se_from_author_raw_data,20.7601,sd_se_from_author_raw_data,4.7626935767262495,22.8753,22.57,20.313000000000002,FALSE,FALSE,FALSE,FALSE,20000,45000,32500,range,mixed_or_boundary,,con019
abramova_2020_genpath,es153,ex024,con020,out072,No,Corrected derived value,"They had one level of exposure, and two experimental groups, female and males, and one control per group",Only one assay,Social and Cognitive Impairments in Rat Offspring after Ultrasound-Induced Prenatal Stress,10.1007/s10517-020-04790-0,General Pathology and Pathophysiology,,Rattus norvegicus,albino lab rat,Sprague-Dawley,,not reported,"early, mid, late",full_gestation,all gestation,21,Continuous,24,Expossed to continuous variable frequencies,Ultrasound,Ultrasound,50,"20,000-45,000",,Ambient sound,,"""under normal conditions without ultrasound""",female,90,adult,3 months,none,,Anxiety,Elevated Plus Maze (EPM),,Total grooming time,Time,s,Light Phase,raw data,abramova_2020_genpath,KO-f-tgt,US-f-g1,KO_US_f_tgt,No,Positive,,46.7839,44.2145,18,,10.421458,"SD / sqrt(n), using descriptive statistics calculated from author raw data",sd_se_from_author_raw_data_se_computed_sd_over_sqrt_n,,,,,30.5488,22.0721,16,,5.518025,"SD / sqrt(n), using descriptive statistics calculated from author raw data",sd_se_from_author_raw_data_se_computed_sd_over_sqrt_n,,,,,Extracted all from raw data,Data  provided by Abramova on request,sd_se_from_author_raw_data,46.7839,sd_se_from_author_raw_data,44.2145,sd_se_from_author_raw_data,10.421457592257536,46.7839,30.5488,sd_se_from_author_raw_data,22.0721,sd_se_from_author_raw_data,5.518025,30.5488,22.57,20.313000000000002,FALSE,FALSE,FALSE,FALSE,20000,45000,32500,range,mixed_or_boundary,,con020
abramova_2020_genpath,es154,ex023,con019,out073,No,Corrected derived value,"They had one level of exposure, and two experimental groups, female and males, and one control per group",Only one assay,Social and Cognitive Impairments in Rat Offspring after Ultrasound-Induced Prenatal Stress,10.1007/s10517-020-04790-0,General Pathology and Pathophysiology,,Rattus norvegicus,albino lab rat,Sprague-Dawley,,not reported,"early, mid, late",full_gestation,all gestation,21,Continuous,24,Expossed to continuous variable frequencies,Ultrasound,Ultrasound,50,"20,000-45,000",,Ambient sound,,"""under normal conditions without ultrasound""",male,90,adult,3 months,none,,Anxiety,Elevated Plus Maze (EPM),,Rearing frequency,Count,Count,Light Phase,raw data,abramova_2020_genpath,KO-m-rea,US-m-g1,KO_US_m_rf,Yes,Negative,,8.25,3.8645,20,,0.864128,"SD / sqrt(n), using descriptive statistics calculated from author raw data",sd_se_from_author_raw_data_se_computed_sd_over_sqrt_n,,,,,12.4211,5.3678,19,,1.231458,"SD / sqrt(n), using descriptive statistics calculated from author raw data",sd_se_from_author_raw_data_se_computed_sd_over_sqrt_n,,,,,Extracted all from raw data,Data  provided by Abramova on request,sd_se_from_author_raw_data,8.25,sd_se_from_author_raw_data,3.8645,sd_se_from_author_raw_data,0.8641284699047938,8.25,12.4211,sd_se_from_author_raw_data,5.3678,sd_se_from_author_raw_data,1.2314577762704013,12.4211,8,7.2,FALSE,FALSE,FALSE,FALSE,20000,45000,32500,range,mixed_or_boundary,,con019
abramova_2020_genpath,es155,ex024,con020,out073,No,Corrected derived value,"They had one level of exposure, and two experimental groups, female and males, and one control per group",Only one assay,Social and Cognitive Impairments in Rat Offspring after Ultrasound-Induced Prenatal Stress,10.1007/s10517-020-04790-0,General Pathology and Pathophysiology,,Rattus norvegicus,albino lab rat,Sprague-Dawley,,not reported,"early, mid, late",full_gestation,all gestation,21,Continuous,24,Expossed to continuous variable frequencies,Ultrasound,Ultrasound,50,"20,000-45,000",,Ambient sound,,"""under normal conditions without ultrasound""",female,90,adult,3 months,none,,Anxiety,Elevated Plus Maze (EPM),,Rearing frequency,Count,Count,Light Phase,raw data,abramova_2020_genpath,KO-f-rea,US-f-g1,KO_US_f_rf,Yes,Negative,,11.7222,5.4966,18,,1.295561,"SD / sqrt(n), using descriptive statistics calculated from author raw data",sd_se_from_author_raw_data_se_computed_sd_over_sqrt_n,,,,,16.9375,6.678,16,,1.6695,"SD / sqrt(n), using descriptive statistics calculated from author raw data",sd_se_from_author_raw_data_se_computed_sd_over_sqrt_n,,,,,Extracted all from raw data,Data  provided by Abramova on request,sd_se_from_author_raw_data,11.7222,sd_se_from_author_raw_data,5.4966,sd_se_from_author_raw_data,1.2955610444899925,11.7222,16.9375,sd_se_from_author_raw_data,6.678,sd_se_from_author_raw_data,1.6695,16.9375,8,7.2,FALSE,FALSE,FALSE,FALSE,20000,45000,32500,range,mixed_or_boundary,,con020
abramova_2020_genpath,es156,ex023,con019,out074,No,Corrected derived value,"They had one level of exposure, and two experimental groups, female and males, and one control per group",Only one assay,Social and Cognitive Impairments in Rat Offspring after Ultrasound-Induced Prenatal Stress,10.1007/s10517-020-04790-0,General Pathology and Pathophysiology,,Rattus norvegicus,albino lab rat,Sprague-Dawley,,not reported,"early, mid, late",full_gestation,all gestation,21,Continuous,24,Expossed to continuous variable frequencies,Ultrasound,Ultrasound,50,"20,000-45,000",,Ambient sound,,"""under normal conditions without ultrasound""",male,90,adult,3 months,none,,Anxiety,Elevated Plus Maze (EPM),,Total freezing time,Time,s,Light Phase,raw data,abramova_2020_genpath,KO-m-rea,US-m-g1,KO_US_m_tft,No,Positive,,22.984,36.2606,20,,8.108117,"SD / sqrt(n), using descriptive statistics calculated from author raw data",sd_se_from_author_raw_data_se_computed_sd_over_sqrt_n,,,,,6.5274,11.2848,19,,2.588911,"SD / sqrt(n), using descriptive statistics calculated from author raw data",sd_se_from_author_raw_data_se_computed_sd_over_sqrt_n,,,,,Extracted all from raw data,Data  provided by Abramova on request,sd_se_from_author_raw_data,22.984,sd_se_from_author_raw_data,36.2606,sd_se_from_author_raw_data,8.108116650492887,22.984,6.5274,sd_se_from_author_raw_data,11.2848,sd_se_from_author_raw_data,2.5889106735825154,6.5274,1.13695,1.023255,FALSE,FALSE,FALSE,FALSE,20000,45000,32500,range,mixed_or_boundary,,con019
abramova_2020_genpath,es157,ex024,con020,out074,No,Corrected derived value,"They had one level of exposure, and two experimental groups, female and males, and one control per group",Only one assay,Social and Cognitive Impairments in Rat Offspring after Ultrasound-Induced Prenatal Stress,10.1007/s10517-020-04790-0,General Pathology and Pathophysiology,,Rattus norvegicus,albino lab rat,Sprague-Dawley,,not reported,"early, mid, late",full_gestation,all gestation,21,Continuous,24,Expossed to continuous variable frequencies,Ultrasound,Ultrasound,50,"20,000-45,000",,Ambient sound,,"""under normal conditions without ultrasound""",female,90,adult,3 months,none,,Anxiety,Elevated Plus Maze (EPM),,Total freezing time,Time,s,Light Phase,raw data,abramova_2020_genpath,KO-f-rea,US-f-g1,KO_US_f_tft,No,Positive,,11.1783,30.8267,18,,7.265923,"SD / sqrt(n), using descriptive statistics calculated from author raw data",sd_se_from_author_raw_data_se_computed_sd_over_sqrt_n,,,,,11.8338,18.4115,16,,4.602875,"SD / sqrt(n), using descriptive statistics calculated from author raw data",sd_se_from_author_raw_data_se_computed_sd_over_sqrt_n,,,,,Extracted all from raw data,Data  provided by Abramova on request,sd_se_from_author_raw_data,11.1783,sd_se_from_author_raw_data,30.8267,sd_se_from_author_raw_data,7.265922870534449,11.1783,11.8338,sd_se_from_author_raw_data,18.4115,sd_se_from_author_raw_data,4.602875,11.8338,1.13695,1.023255,FALSE,FALSE,FALSE,FALSE,20000,45000,32500,range,mixed_or_boundary,,con020
abramova_2020_genpath,es158,ex023,con019,out075,No,Corrected derived value,"They had one level of exposure, and two experimental groups, female and males, and one control per group",Only one assay,Social and Cognitive Impairments in Rat Offspring after Ultrasound-Induced Prenatal Stress,10.1007/s10517-020-04790-0,General Pathology and Pathophysiology,,Rattus norvegicus,albino lab rat,Sprague-Dawley,,not reported,"early, mid, late",full_gestation,all gestation,21,Continuous,24,Expossed to continuous variable frequencies,Ultrasound,Ultrasound,50,"20,000-45,000",,Ambient sound,,"""under normal conditions without ultrasound""",male,90,adult,3 months,none,,Anxiety,Elevated Plus Maze (EPM),,Grooming frequency,Count,Count,Light Phase,raw data,abramova_2020_genpath,KO-m-rea,US-m-g1,KO_US_m_grf,No,Positive,,3.8,2.3753,20,,0.531133,"SD / sqrt(n), using descriptive statistics calculated from author raw data",sd_se_from_author_raw_data_se_computed_sd_over_sqrt_n,,,,,3.8421,2.5224,19,,0.578678,"SD / sqrt(n), using descriptive statistics calculated from author raw data",sd_se_from_author_raw_data_se_computed_sd_over_sqrt_n,,,,,Extracted all from raw data,Data  provided by Abramova on request,sd_se_from_author_raw_data,3.8,sd_se_from_author_raw_data,2.3753,sd_se_from_author_raw_data,0.5311332266955251,3.8,3.8421,sd_se_from_author_raw_data,2.5224,sd_se_from_author_raw_data,0.578678247115105,3.8421,2.6281499999999998,2.365335,FALSE,FALSE,FALSE,FALSE,20000,45000,32500,range,mixed_or_boundary,,con019
abramova_2020_genpath,es159,ex024,con020,out075,No,Corrected derived value,"They had one level of exposure, and two experimental groups, female and males, and one control per group",Only one assay,Social and Cognitive Impairments in Rat Offspring after Ultrasound-Induced Prenatal Stress,10.1007/s10517-020-04790-0,General Pathology and Pathophysiology,,Rattus norvegicus,albino lab rat,Sprague-Dawley,,not reported,"early, mid, late",full_gestation,all gestation,21,Continuous,24,Expossed to continuous variable frequencies,Ultrasound,Ultrasound,50,"20,000-45,000",,Ambient sound,,"""under normal conditions without ultrasound""",female,90,adult,3 months,none,,Anxiety,Elevated Plus Maze (EPM),,Grooming frequency,Count,Count,Light Phase,raw data,abramova_2020_genpath,KO-f-rea,US-f-g1,KO_US_f_grf,No,Positive,,4.3889,2.2528,18,,0.53099,"SD / sqrt(n), using descriptive statistics calculated from author raw data",sd_se_from_author_raw_data_se_computed_sd_over_sqrt_n,,,,,3.5625,1.8608,16,,0.4652,"SD / sqrt(n), using descriptive statistics calculated from author raw data",sd_se_from_author_raw_data_se_computed_sd_over_sqrt_n,,,,,Extracted all from raw data,Data  provided by Abramova on request,sd_se_from_author_raw_data,4.3889,sd_se_from_author_raw_data,2.2528,sd_se_from_author_raw_data,0.5309900522190182,4.3889,3.5625,sd_se_from_author_raw_data,1.8608,sd_se_from_author_raw_data,0.4652,3.5625,2.6281499999999998,2.365335,FALSE,FALSE,FALSE,FALSE,20000,45000,32500,range,mixed_or_boundary,,con020
abramova_2020_genpath,es160,ex023,con019,out076,No,Corrected derived value,"They had one level of exposure, and two experimental groups, female and males, and one control per group",Only one assay,Social and Cognitive Impairments in Rat Offspring after Ultrasound-Induced Prenatal Stress,10.1007/s10517-020-04790-0,General Pathology and Pathophysiology,,Rattus norvegicus,albino lab rat,Sprague-Dawley,,not reported,"early, mid, late",full_gestation,all gestation,21,Continuous,24,Expossed to continuous variable frequencies,Ultrasound,Ultrasound,50,"20,000-45,000",,Ambient sound,,"""under normal conditions without ultrasound""",male,90,adult,3 months,none,,Depression,Forced Swimming Test (FST),,Total immobility time,Time,s,Light Phase,raw data,abramova_2020_genpath,con_m_inm,ex_m_inm,con_ex_m_inm,No,Positive,,247.5357,63.8354,21,,13.930026,"SD / sqrt(n), using descriptive statistics calculated from author raw data",sd_se_from_author_raw_data_se_computed_sd_over_sqrt_n,,,,,186.3768,71.3936,19,,16.378815,"SD / sqrt(n), using descriptive statistics calculated from author raw data",sd_se_from_author_raw_data_se_computed_sd_over_sqrt_n,,,,,Extracted all from raw data,Data  provided by Abramova on request,sd_se_from_author_raw_data,247.5357,sd_se_from_author_raw_data,63.8354,sd_se_from_author_raw_data,13.93002631037067,247.5357,186.3768,sd_se_from_author_raw_data,71.3936,sd_se_from_author_raw_data,16.378815137661338,186.3768,26.79,24.111,FALSE,FALSE,FALSE,FALSE,20000,45000,32500,range,mixed_or_boundary,,con019
abramova_2020_genpath,es161,ex024,con020,out076,No,Corrected derived value,"They had one level of exposure, and two experimental groups, female and males, and one control per group",Only one assay,Social and Cognitive Impairments in Rat Offspring after Ultrasound-Induced Prenatal Stress,10.1007/s10517-020-04790-0,General Pathology and Pathophysiology,,Rattus norvegicus,albino lab rat,Sprague-Dawley,,not reported,"early, mid, late",full_gestation,all gestation,21,Continuous,24,Expossed to continuous variable frequencies,Ultrasound,Ultrasound,50,"20,000-45,000",,Ambient sound,,"""under normal conditions without ultrasound""",female,90,adult,3 months,none,,Depression,Forced Swimming Test (FST),,Total immobility time,Time,s,Light Phase,raw data,abramova_2020_genpath,con_f_inm,ex_f_inm,con_ex_f_inm,No,Positive,,179.33,56.2763,18,,13.264451,"SD / sqrt(n), using descriptive statistics calculated from author raw data",sd_se_from_author_raw_data_se_computed_sd_over_sqrt_n,,,,,207.1638,75.8212,16,,18.9553,"SD / sqrt(n), using descriptive statistics calculated from author raw data",sd_se_from_author_raw_data_se_computed_sd_over_sqrt_n,,,,,Extracted all from raw data,Data  provided by Abramova on request,sd_se_from_author_raw_data,179.33,sd_se_from_author_raw_data,56.2763,sd_se_from_author_raw_data,13.264451116696168,179.33,207.1638,sd_se_from_author_raw_data,75.8212,sd_se_from_author_raw_data,18.9553,207.1638,26.79,24.111,FALSE,FALSE,FALSE,FALSE,20000,45000,32500,range,mixed_or_boundary,,con020
abramova_2020_genpath,es162,ex023,con019,out077,No,Corrected transcription,"They had one level of exposure, and two experimental groups, female and males, and one control per group",Only one assay,Social and Cognitive Impairments in Rat Offspring after Ultrasound-Induced Prenatal Stress,10.1007/s10517-020-04790-0,General Pathology and Pathophysiology,,Rattus norvegicus,albino lab rat,Sprague-Dawley,,not reported,"early, mid, late",full_gestation,all gestation,21,Continuous,24,Expossed to continuous variable frequencies,Ultrasound,Ultrasound,50,"20,000-45,000",,Ambient sound,,"""under normal conditions without ultrasound""",male,90,adult,3 months,none,,Depression,Sucrose Preference Test (SPT),,Sucrose preference index,Index,%,Light Phase,raw data,abramova_2020_genpath,con_m_liq,ex_m_liq,con_ex_m_liq,Yes,Negative,,52.7727,34.0695,8,,12.045387,"SD / sqrt(n), using descriptive statistics calculated from author raw data",sd_se_from_author_raw_data_se_computed_sd_over_sqrt_n,,,,,58.4183,28.935591,19,,6.63828,"SD / sqrt(n), using descriptive statistics calculated from author raw data",sd_se_from_author_raw_data_se_computed_sd_over_sqrt_n,,,,,Extracted all from raw data,Data  provided by Abramova on request,sd_se_from_author_raw_data,52.7727,sd_se_from_author_raw_data,34.0695,sd_se_from_author_raw_data,12.045387240817538,52.7727,58.4183,sd_se_from_author_raw_data,28.935591,sd_se_from_author_raw_data,6.638279844243422,58.4183,40.48,36.431999999999995,FALSE,FALSE,FALSE,FALSE,20000,45000,32500,range,mixed_or_boundary,,con019
abramova_2020_genpath,es163,ex024,con020,out077,No,Corrected derived value,"They had one level of exposure, and two experimental groups, female and males, and one control per group",Only one assay,Social and Cognitive Impairments in Rat Offspring after Ultrasound-Induced Prenatal Stress,10.1007/s10517-020-04790-0,General Pathology and Pathophysiology,,Rattus norvegicus,albino lab rat,Sprague-Dawley,,not reported,"early, mid, late",full_gestation,all gestation,21,Continuous,24,Expossed to continuous variable frequencies,Ultrasound,Ultrasound,50,"20,000-45,000",,Ambient sound,,"""under normal conditions without ultrasound""",female,90,adult,3 months,none,,Depression,Sucrose Preference Test (SPT),,Sucrose preference index,Index,%,Light Phase,raw data,abramova_2020_genpath.xlsx,con_f_liq,ex_f_liq,con_ex_f_liq,Yes,Negative,,63.8303,26.4372,17,,6.411963,"SD / sqrt(n), using descriptive statistics calculated from author raw data",sd_se_from_author_raw_data_se_computed_sd_over_sqrt_n,,,,,49.8194,33.9636,16,,8.4909,"SD / sqrt(n), using descriptive statistics calculated from author raw data",sd_se_from_author_raw_data_se_computed_sd_over_sqrt_n,,,,,Extracted all from raw data,Data  provided by Abramova on request,sd_se_from_author_raw_data,63.8303,sd_se_from_author_raw_data,26.4372,sd_se_from_author_raw_data,6.411962826210543,63.8303,49.8194,sd_se_from_author_raw_data,33.9636,sd_se_from_author_raw_data,8.4909,49.8194,40.48,36.431999999999995,FALSE,FALSE,FALSE,FALSE,20000,45000,32500,range,mixed_or_boundary,,con020
abramova_2023_biopsy,es164,ex025,con021,out078,No,Corrected transcription,"They had one level of exposure, and two experimental groups, female and males, and one control per group",,Blood BDNF and neuropeptide concentrations as potential biomarkers of behavioral impairments in rats with prenatal ultrasound stress experience,,__________ _______________ ______,,Rattus norvegicus,albino lab rat,Wistar rat,16,3 months,"early, mid, late",full_gestation,all gestation,21,Continuous,24,Expossed to continuous variable frequencies,Ultrasound,Ultrasound,50,"20,000-45,000",,Ambient sound,,"""all females with their pups were kept in individual cages under standard conditions without experimental intervention""",male,74,adult,,none,,Anxiety,Open Field Test (OFT),,Sections crossed,Count,Count,Light Phase,paper Table 1,included_studies/abramova_2023_biopsy/abramova_2023_biopsy_data_calculations.xlsx,KON_m_,PS_m_,KON_PS_m_,Yes,Negative,,51.7,8.1,9,2.7,2.7,Reported SEM; used unchanged for analysis,author_reported_se_se_reported,,,,,22.3,10.4355,10,3.3,3.3,Reported SEM; used unchanged for analysis,author_reported_se_se_reported,,,,,Mean±SEM,,author_reported_se,51.7,author_reported_se,8.1,author_reported_se,2.7,51.7,22.3,author_reported_se,10.4355,author_reported_se,3.3,22.3,6.4,5.760000000000001,FALSE,FALSE,FALSE,FALSE,20000,45000,32500,range,mixed_or_boundary,16,con021
abramova_2023_biopsy,es165,ex026,con022,out078,No,Corrected transcription,"They had one level of exposure, and two experimental groups, female and males, and one control per group",,Blood BDNF and neuropeptide concentrations as potential biomarkers of behavioral impairments in rats with prenatal ultrasound stress experience,,__________ _______________ ______,,Rattus norvegicus,albino lab rat,Wistar rat,16,3 months,"early, mid, late",full_gestation,all gestation,21,Continuous,24,Expossed to continuous variable frequencies,Ultrasound,Ultrasound,50,"20,000-45,000",,Ambient sound,,"""all females with their pups were kept in individual cages under standard conditions without experimental intervention""",female,74,adult,,none,,Anxiety,Open Field Test (OFT),,Sections crossed,Count,Count,Light Phase,paper Table 1,included_studies/abramova_2023_biopsy/abramova_2023_biopsy_data_calculations.xlsx,KON_f_,PS_f_,KON_PS_f_,Yes,Negative,,53.2,11.068,10,3.5,3.5,Reported SEM; used unchanged for analysis,author_reported_se_se_reported,,,,,31.1,14.425,8,5.1,5.1,Reported SEM; used unchanged for analysis,author_reported_se_se_reported,,,,,Mean±SEM,,author_reported_se,53.2,author_reported_se,11.068,author_reported_se,3.5,53.2,31.1,author_reported_se,14.425,author_reported_se,5.1,31.1,6.4,5.760000000000001,FALSE,FALSE,FALSE,FALSE,20000,45000,32500,range,mixed_or_boundary,16,con022
abramova_2023_biopsy,es166,ex025,con021,out079,No,Corrected transcription,"They had one level of exposure, and two experimental groups, female and males, and one control per group",,Blood BDNF and neuropeptide concentrations as potential biomarkers of behavioral impairments in rats with prenatal ultrasound stress experience,,__________ _______________ ______,,Rattus norvegicus,albino lab rat,Wistar rat,16,3 months,"early, mid, late",full_gestation,all gestation,21,Continuous,24,Expossed to continuous variable frequencies,Ultrasound,Ultrasound,50,"20,000-45,000",,Ambient sound,,"""all females with their pups were kept in individual cages under standard conditions without experimental intervention""",male,74,adult,,none,,Anxiety,Open Field Test (OFT),,Rearing frequency,Count,Count,Light Phase,paper Table 1,included_studies/abramova_2023_biopsy/abramova_2023_biopsy_data_calculations.xlsx,KON_m_,PS_m_,KON_PS_m_,Yes,Negative,,23.4,5.1,9,1.7,1.7,Reported SEM; used unchanged for analysis,author_reported_se_se_reported,,,,,8.4,3.7947,10,1.2,1.2,Reported SEM; used unchanged for analysis,author_reported_se_se_reported,,,,,Mean±SEM,,author_reported_se,23.4,author_reported_se,5.1,author_reported_se,1.7,23.4,8.4,author_reported_se,3.7947,author_reported_se,1.2,8.4,4.3889,3.95001,FALSE,FALSE,FALSE,FALSE,20000,45000,32500,range,mixed_or_boundary,16,con021
abramova_2023_biopsy,es167,ex026,con022,out079,No,Corrected transcription,"They had one level of exposure, and two experimental groups, female and males, and one control per group",,Blood BDNF and neuropeptide concentrations as potential biomarkers of behavioral impairments in rats with prenatal ultrasound stress experience,,__________ _______________ ______,,Rattus norvegicus,albino lab rat,Wistar rat,16,3 months,"early, mid, late",full_gestation,all gestation,21,Continuous,24,Expossed to continuous variable frequencies,Ultrasound,Ultrasound,50,"20,000-45,000",,Ambient sound,,"""all females with their pups were kept in individual cages under standard conditions without experimental intervention""",female,74,adult,,none,,Anxiety,Open Field Test (OFT),,Rearing frequency,Count,Count,Light Phase,paper Table 1,included_studies/abramova_2023_biopsy/abramova_2023_biopsy_data_calculations.xlsx,KON_f_,PS_f_,KON_PS_f_,Yes,Negative,,23.4,7.9057,10,2.5,2.5,Reported SEM; used unchanged for analysis,author_reported_se_se_reported,,,,,14.1,4.8083,8,1.7,1.7,Reported SEM; used unchanged for analysis,author_reported_se_se_reported,,,,,Mean±SEM,,author_reported_se,23.4,author_reported_se,7.9057,author_reported_se,2.5,23.4,14.1,author_reported_se,4.8083,author_reported_se,1.7,14.1,4.3889,3.95001,FALSE,FALSE,FALSE,FALSE,20000,45000,32500,range,mixed_or_boundary,16,con022
abramova_2023_biopsy,es168,ex025,con021,out080,No,Analysis decision required,"They had one level of exposure, and two experimental groups, female and males, and one control per group",,Blood BDNF and neuropeptide concentrations as potential biomarkers of behavioral impairments in rats with prenatal ultrasound stress experience,,__________ _______________ ______,,Rattus norvegicus,albino lab rat,Wistar rat,16,3 months,"early, mid, late",full_gestation,all gestation,21,Continuous,24,Expossed to continuous variable frequencies,Ultrasound,Ultrasound,50,"20,000-45,000",,Ambient sound,,"""all females with their pups were kept in individual cages under standard conditions without experimental intervention""",male,74,adult,,none,,Anxiety,Open Field Test (OFT),,Center entries (crossing),Count,Count,Light Phase,paper Table 1,included_studies/abramova_2023_biopsy/abramova_2023_biopsy_data_calculations.xlsx,KON_m_,PS_m_,KON_PS_m_,Yes,Negative,,,,9,,,Not calculated here: median (Q1; Q3) reported; estimation is deferred to reproducible R data wrangling,median_iqr_deferred_to_r_se_computed_sd_over_sqrt_n,,2,1,3,,,10,,,Not calculated here: median (Q1; Q3) reported; estimation is deferred to reproducible R data wrangling,median_iqr_deferred_to_r_se_computed_sd_over_sqrt_n,,0.5,0,1,estimated from Median(Q1;Q3),,median_iqr_deferred_to_r,2,luo_2018_median_iqr,1.7493603130956201,wan_2014_median_iqr,0.5831201043652067,2,0.5,luo_2018_median_iqr,0.8600034647511502,wan_2014_median_iqr,0.2719569744249966,0.5,0.18718749999999998,0.16846874999999997,FALSE,FALSE,FALSE,FALSE,20000,45000,32500,range,mixed_or_boundary,16,con021
abramova_2023_biopsy,es169,ex026,con022,out080,No,Analysis decision required,"They had one level of exposure, and two experimental groups, female and males, and one control per group",,Blood BDNF and neuropeptide concentrations as potential biomarkers of behavioral impairments in rats with prenatal ultrasound stress experience,,__________ _______________ ______,,Rattus norvegicus,albino lab rat,Wistar rat,16,3 months,"early, mid, late",full_gestation,all gestation,21,Continuous,24,Expossed to continuous variable frequencies,Ultrasound,Ultrasound,50,"20,000-45,000",,Ambient sound,,"""all females with their pups were kept in individual cages under standard conditions without experimental intervention""",female,74,adult,,none,,Anxiety,Open Field Test (OFT),,Center entries (crossing),Count,Count,Light Phase,paper Table 1,included_studies/abramova_2023_biopsy/abramova_2023_biopsy_data_calculations.xlsx,KON_f_,PS_f_,KON_PS_f_,Yes,Negative,,,,10,,,Not calculated here: median (Q1; Q3) reported; estimation is deferred to reproducible R data wrangling,median_iqr_deferred_to_r_se_computed_sd_over_sqrt_n,,2,1.2,3,,,8,,,Not calculated here: median (Q1; Q3) reported; estimation is deferred to reproducible R data wrangling,median_iqr_deferred_to_r_se_computed_sd_over_sqrt_n,,0,0,0.5,estimated from Median(Q1;Q3),,median_iqr_deferred_to_r,2.0739,luo_2018_median_iqr,1.5480062365520704,wan_2014_median_iqr,0.48952255396499395,2.0739,0.18718749999999998,luo_2018_median_iqr,0.446753844743742,wan_2014_median_iqr,0.157951336569731,0.18718749999999998,0.18718749999999998,0.16846874999999997,FALSE,FALSE,FALSE,FALSE,20000,45000,32500,range,mixed_or_boundary,16,con022
abramova_2023_biopsy,es170,ex025,con021,out081,No,Corrected transcription,"They had one level of exposure, and two experimental groups, female and males, and one control per group",,Blood BDNF and neuropeptide concentrations as potential biomarkers of behavioral impairments in rats with prenatal ultrasound stress experience,,__________ _______________ ______,,Rattus norvegicus,albino lab rat,Wistar rat,16,3 months,"early, mid, late",full_gestation,all gestation,21,Continuous,24,Expossed to continuous variable frequencies,Ultrasound,Ultrasound,50,"20,000-45,000",,Ambient sound,,"""all females with their pups were kept in individual cages under standard conditions without experimental intervention""",male,74,adult,,none,,Anxiety,Open Field Test (OFT),,Total freezing time,Time,s,Light Phase,paper Table 1,included_studies/abramova_2023_biopsy/abramova_2023_biopsy_data_calculations.xlsx,KON_m_,PS_m_,KON_PS_m_,No,Positive,,23.7,14.7,9,4.9,4.9,Reported SEM; used unchanged for analysis,author_reported_se_se_reported,,,,,80.1,61.3482,10,19.4,19.4,Reported SEM; used unchanged for analysis,author_reported_se_se_reported,,,,,Mean±SEM,,author_reported_se,23.7,author_reported_se,14.7,author_reported_se,4.9,23.7,80.1,author_reported_se,61.3482,author_reported_se,19.4,80.1,8.2563,7.43067,FALSE,FALSE,FALSE,FALSE,20000,45000,32500,range,mixed_or_boundary,16,con021
abramova_2023_biopsy,es171,ex026,con022,out081,No,Corrected transcription,"They had one level of exposure, and two experimental groups, female and males, and one control per group",,Blood BDNF and neuropeptide concentrations as potential biomarkers of behavioral impairments in rats with prenatal ultrasound stress experience,,__________ _______________ ______,,Rattus norvegicus,albino lab rat,Wistar rat,16,3 months,"early, mid, late",full_gestation,all gestation,21,Continuous,24,Expossed to continuous variable frequencies,Ultrasound,Ultrasound,50,"20,000-45,000",,Ambient sound,,"""all females with their pups were kept in individual cages under standard conditions without experimental intervention""",female,74,adult,,none,,Anxiety,Open Field Test (OFT),,Total freezing time,Time,s,Light Phase,paper Table 1,included_studies/abramova_2023_biopsy/abramova_2023_biopsy_data_calculations.xlsx,KON_f_,PS_f_,KON_PS_f_,No,Positive,,18.3,9.4868,10,3,3,Reported SEM; used unchanged for analysis,author_reported_se_se_reported,,,,,75.3,56.8514,8,20.1,20.1,Reported SEM; used unchanged for analysis,author_reported_se_se_reported,,,,,Mean±SEM,,author_reported_se,18.3,author_reported_se,9.4868,author_reported_se,3,18.3,75.3,author_reported_se,56.8514,author_reported_se,20.1,75.3,8.2563,7.43067,FALSE,FALSE,FALSE,FALSE,20000,45000,32500,range,mixed_or_boundary,16,con022
abramova_2023_biopsy,es172,ex025,con021,out082,No,Analysis decision required,"They had one level of exposure, and two experimental groups, female and males, and one control per group",,Blood BDNF and neuropeptide concentrations as potential biomarkers of behavioral impairments in rats with prenatal ultrasound stress experience,,__________ _______________ ______,,Rattus norvegicus,albino lab rat,Wistar rat,16,3 months,"early, mid, late",full_gestation,all gestation,21,Continuous,24,Expossed to continuous variable frequencies,Ultrasound,Ultrasound,50,"20,000-45,000",,Ambient sound,,"""all females with their pups were kept in individual cages under standard conditions without experimental intervention""",male,74,adult,,none,,Anxiety,Open Field Test (OFT),,Total grooming time,Time,s,Light Phase,paper Table 1,included_studies/abramova_2023_biopsy/abramova_2023_biopsy_data_calculations.xlsx,KON_m_,PS_m_,KON_PS_m_,No,Positive,,,,9,,,Not calculated here: median (Q1; Q3) reported; estimation is deferred to reproducible R data wrangling,median_iqr_deferred_to_r_se_computed_sd_over_sqrt_n,,16.3,11.3,22.7,,,10,,,Not calculated here: median (Q1; Q3) reported; estimation is deferred to reproducible R data wrangling,median_iqr_deferred_to_r_se_computed_sd_over_sqrt_n,,28.9,25.3,61.9,estimated from Median(Q1;Q3),,median_iqr_deferred_to_r,16.820333333333334,luo_2018_median_iqr,9.971353784645034,wan_2014_median_iqr,3.323784594881678,16.820333333333334,39.7633,luo_2018_median_iqr,31.47612680989209,wan_2014_median_iqr,9.953625263954875,39.7633,12.5038,11.25342,FALSE,FALSE,FALSE,FALSE,20000,45000,32500,range,mixed_or_boundary,16,con021
abramova_2023_biopsy,es173,ex026,con022,out082,No,Analysis decision required,"They had one level of exposure, and two experimental groups, female and males, and one control per group",,Blood BDNF and neuropeptide concentrations as potential biomarkers of behavioral impairments in rats with prenatal ultrasound stress experience,,__________ _______________ ______,,Rattus norvegicus,albino lab rat,Wistar rat,16,3 months,"early, mid, late",full_gestation,all gestation,21,Continuous,24,Expossed to continuous variable frequencies,Ultrasound,Ultrasound,50,"20,000-45,000",,Ambient sound,,"""all females with their pups were kept in individual cages under standard conditions without experimental intervention""",female,74,adult,,none,,Anxiety,Open Field Test (OFT),,Total grooming time,Time,s,Light Phase,paper Table 1,included_studies/abramova_2023_biopsy/abramova_2023_biopsy_data_calculations.xlsx,KON_f_,PS_f_,KON_PS_f_,No,Positive,,,,10,,,Not calculated here: median (Q1; Q3) reported; estimation is deferred to reproducible R data wrangling,median_iqr_deferred_to_r_se_computed_sd_over_sqrt_n,,24.7,23.3,30.2,,,8,,,Not calculated here: median (Q1; Q3) reported; estimation is deferred to reproducible R data wrangling,median_iqr_deferred_to_r_se_computed_sd_over_sqrt_n,,24.3,14.4,36.1,estimated from Median(Q1;Q3),,median_iqr_deferred_to_r,26.214949999999998,luo_2018_median_iqr,5.934023906782935,wan_2014_median_iqr,1.8765031235324763,26.214949999999998,25.0113125,luo_2018_median_iqr,19.389116861878406,wan_2014_median_iqr,6.8550880071263265,25.0113125,12.5038,11.25342,FALSE,FALSE,FALSE,FALSE,20000,45000,32500,range,mixed_or_boundary,16,con022
abramova_2023_biopsy,es174,ex025,con021,out083,No,Corrected transcription,"They had one level of exposure, and two experimental groups, female and males, and one control per group",,Blood BDNF and neuropeptide concentrations as potential biomarkers of behavioral impairments in rats with prenatal ultrasound stress experience,,__________ _______________ ______,,Rattus norvegicus,albino lab rat,Wistar rat,16,3 months,"early, mid, late",full_gestation,all gestation,21,Continuous,24,Expossed to continuous variable frequencies,Ultrasound,Ultrasound,50,"20,000-45,000",,Ambient sound,,"""all females with their pups were kept in individual cages under standard conditions without experimental intervention""",male,74,adult,,none,,Anxiety,Open Field Test (OFT),,Grooming frequency,Count,Count,Light Phase,paper Table 1,included_studies/abramova_2023_biopsy/abramova_2023_biopsy_data_calculations.xlsx,KON_m_,PS_m_,KON_PS_m_,No,Positive,,3.3,1.8,9,0.6,0.6,Reported SEM; used unchanged for analysis,author_reported_se_se_reported,,,,,3.3,1.5811,10,0.5,0.5,Reported SEM; used unchanged for analysis,author_reported_se_se_reported,,,,,Mean±SEM,,author_reported_se,3.3,author_reported_se,1.8,author_reported_se,0.6,3.3,3.3,author_reported_se,1.5811,author_reported_se,0.5,3.3,2.652174,2.3869566,FALSE,FALSE,FALSE,FALSE,20000,45000,32500,range,mixed_or_boundary,16,con021
abramova_2023_biopsy,es175,ex026,con022,out083,No,Corrected transcription,"They had one level of exposure, and two experimental groups, female and males, and one control per group",,Blood BDNF and neuropeptide concentrations as potential biomarkers of behavioral impairments in rats with prenatal ultrasound stress experience,,__________ _______________ ______,,Rattus norvegicus,albino lab rat,Wistar rat,16,3 months,"early, mid, late",full_gestation,all gestation,21,Continuous,24,Expossed to continuous variable frequencies,Ultrasound,Ultrasound,50,"20,000-45,000",,Ambient sound,,"""all females with their pups were kept in individual cages under standard conditions without experimental intervention""",female,74,adult,,none,,Anxiety,Open Field Test (OFT),,Grooming frequency,Count,Count,Light Phase,paper Table 1,included_studies/abramova_2023_biopsy/abramova_2023_biopsy_data_calculations.xlsx,KON_f_,PS_f_,KON_PS_f_,No,Positive,,4.8,1.8974,10,0.6,0.6,Reported SEM; used unchanged for analysis,author_reported_se_se_reported,,,,,2.9,1.6971,8,0.6,0.6,Reported SEM; used unchanged for analysis,author_reported_se_se_reported,,,,,Mean±SEM,,author_reported_se,4.8,author_reported_se,1.8974,author_reported_se,0.6,4.8,2.9,author_reported_se,1.6971,author_reported_se,0.6,2.9,2.652174,2.3869566,FALSE,FALSE,FALSE,FALSE,20000,45000,32500,range,mixed_or_boundary,16,con022
abramova_2023_biopsy,es176,ex025,con021,out084,No,Analysis decision required,"They had one level of exposure, and two experimental groups, female and males, and one control per group",,Blood BDNF and neuropeptide concentrations as potential biomarkers of behavioral impairments in rats with prenatal ultrasound stress experience,,__________ _______________ ______,,Rattus norvegicus,albino lab rat,Wistar rat,16,3 months,"early, mid, late",full_gestation,all gestation,21,Continuous,24,Expossed to continuous variable frequencies,Ultrasound,Ultrasound,50,"20,000-45,000",,Ambient sound,,"""all females with their pups were kept in individual cages under standard conditions without experimental intervention""",male,74,adult,,none,,Anxiety,Open Field Test (OFT),,Mean grooming duration,Time,s,Light Phase,paper Table 1,included_studies/abramova_2023_biopsy/abramova_2023_biopsy_data_calculations.xlsx,KON_m_,PS_m_,KON_PS_m_,No,Positive,,,,9,,,Not calculated here: median (Q1; Q3) reported; estimation is deferred to reproducible R data wrangling,median_iqr_deferred_to_r_se_computed_sd_over_sqrt_n,,4.6,3.8,5.4,,,10,,,Not calculated here: median (Q1; Q3) reported; estimation is deferred to reproducible R data wrangling,median_iqr_deferred_to_r_se_computed_sd_over_sqrt_n,,0.6,0,1.3,estimated from Median(Q1;Q3),,median_iqr_deferred_to_r,4.6,luo_2018_median_iqr,1.3994882504764967,wan_2014_median_iqr,0.4664960834921656,4.6,0.63695,luo_2018_median_iqr,1.1180045041764952,wan_2014_median_iqr,0.3535440667524956,0.63695,0.11231249999999998,0.10108124999999998,FALSE,FALSE,FALSE,FALSE,20000,45000,32500,range,mixed_or_boundary,16,con021
abramova_2023_biopsy,es177,ex026,con022,out084,No,Analysis decision required,"They had one level of exposure, and two experimental groups, female and males, and one control per group",,Blood BDNF and neuropeptide concentrations as potential biomarkers of behavioral impairments in rats with prenatal ultrasound stress experience,,__________ _______________ ______,,Rattus norvegicus,albino lab rat,Wistar rat,16,3 months,"early, mid, late",full_gestation,all gestation,21,Continuous,24,Expossed to continuous variable frequencies,Ultrasound,Ultrasound,50,"20,000-45,000",,Ambient sound,,"""all females with their pups were kept in individual cages under standard conditions without experimental intervention""",female,74,adult,,none,,Anxiety,Open Field Test (OFT),,Mean grooming duration,Time,s,Light Phase,paper Table 1,included_studies/abramova_2023_biopsy/abramova_2023_biopsy_data_calculations.xlsx,KON_f_,PS_f_,KON_PS_f_,No,Positive,,,,10,,,Not calculated here: median (Q1; Q3) reported; estimation is deferred to reproducible R data wrangling,median_iqr_deferred_to_r_se_computed_sd_over_sqrt_n,,6.5,4,8.1,,,8,,,Not calculated here: median (Q1; Q3) reported; estimation is deferred to reproducible R data wrangling,median_iqr_deferred_to_r_se_computed_sd_over_sqrt_n,,0,0,0.3,estimated from Median(Q1;Q3),,median_iqr_deferred_to_r,6.1674500000000005,luo_2018_median_iqr,3.5260142054797154,wan_2014_median_iqr,1.115023595142486,6.1674500000000005,0.11231249999999998,luo_2018_median_iqr,0.2680523068462452,wan_2014_median_iqr,0.0947708019418386,0.11231249999999998,0.11231249999999998,0.10108124999999998,FALSE,FALSE,FALSE,FALSE,20000,45000,32500,range,mixed_or_boundary,16,con022
abramova_2023_biopsy,es178,ex025,con021,out085,No,Corrected transcription,"They had one level of exposure, and two experimental groups, female and males, and one control per group",,Blood BDNF and neuropeptide concentrations as potential biomarkers of behavioral impairments in rats with prenatal ultrasound stress experience,,__________ _______________ ______,,Rattus norvegicus,albino lab rat,Wistar rat,16,3 months,"early, mid, late",full_gestation,all gestation,21,Continuous,24,Expossed to continuous variable frequencies,Ultrasound,Ultrasound,50,"20,000-45,000",,Ambient sound,,"""all females with their pups were kept in individual cages under standard conditions without experimental intervention""",male,70,adolescent,,none,,Anxiety,Elevated Plus Maze (EPM),,Total time in dark,Time,s,Light Phase,paper Table 1,included_studies/abramova_2023_biopsy/abramova_2023_biopsy_data_calculations.xlsx,KON_m_,PS_m_,KON_PS_m_,No,Positive,,264,21,9,7,7,Reported SEM; used unchanged for analysis,author_reported_se_se_reported,,,,,251,41.1096,10,13,13,Reported SEM; used unchanged for analysis,author_reported_se_se_reported,,,,,Mean±SEM,,author_reported_se,264,author_reported_se,21,author_reported_se,7,264,251,author_reported_se,41.1096,author_reported_se,13,251,242.4406,218.19654,FALSE,FALSE,FALSE,FALSE,20000,45000,32500,range,mixed_or_boundary,16,con021
abramova_2023_biopsy,es179,ex026,con022,out085,No,Corrected transcription,"They had one level of exposure, and two experimental groups, female and males, and one control per group",,Blood BDNF and neuropeptide concentrations as potential biomarkers of behavioral impairments in rats with prenatal ultrasound stress experience,,__________ _______________ ______,,Rattus norvegicus,albino lab rat,Wistar rat,16,3 months,"early, mid, late",full_gestation,all gestation,21,Continuous,24,Expossed to continuous variable frequencies,Ultrasound,Ultrasound,50,"20,000-45,000",,Ambient sound,,"""all females with their pups were kept in individual cages under standard conditions without experimental intervention""",female,70,adolescent,,none,,Anxiety,Elevated Plus Maze (EPM),,Total time in dark,Time,s,Light Phase,paper Table 1,included_studies/abramova_2023_biopsy/abramova_2023_biopsy_data_calculations.xlsx,KON_f_,PS_f_,KON_PS_f_,No,Positive,,269,15.8114,10,5,5,Reported SEM; used unchanged for analysis,author_reported_se_se_reported,,,,,266,31.1127,8,11,11,Reported SEM; used unchanged for analysis,author_reported_se_se_reported,,,,,Mean±SEM,,author_reported_se,269,author_reported_se,15.8114,author_reported_se,5,269,266,author_reported_se,31.1127,author_reported_se,11,266,242.4406,218.19654,FALSE,FALSE,FALSE,FALSE,20000,45000,32500,range,mixed_or_boundary,16,con022
abramova_2023_biopsy,es180,ex025,con021,out086,No,Analysis decision required,"They had one level of exposure, and two experimental groups, female and males, and one control per group",,Blood BDNF and neuropeptide concentrations as potential biomarkers of behavioral impairments in rats with prenatal ultrasound stress experience,,__________ _______________ ______,,Rattus norvegicus,albino lab rat,Wistar rat,16,3 months,"early, mid, late",full_gestation,all gestation,21,Continuous,24,Expossed to continuous variable frequencies,Ultrasound,Ultrasound,50,"20,000-45,000",,Ambient sound,,"""all females with their pups were kept in individual cages under standard conditions without experimental intervention""",male,70,adolescent,,none,,Anxiety,Elevated Plus Maze (EPM),,Total time in light,Time,s,Light Phase,paper Table 1,included_studies/abramova_2023_biopsy/abramova_2023_biopsy_data_calculations.xlsx,KON_m_,PS_m_,KON_PS_m_,Yes,Negative,,,,9,,,Not calculated here: median (Q1; Q3) reported; estimation is deferred to reproducible R data wrangling,median_iqr_deferred_to_r_se_computed_sd_over_sqrt_n,,27.1,19.4,51.5,,,10,,,Not calculated here: median (Q1; Q3) reported; estimation is deferred to reproducible R data wrangling,median_iqr_deferred_to_r_se_computed_sd_over_sqrt_n,,41.9,2.2,62,estimated from Median(Q1;Q3),,median_iqr_deferred_to_r,33.30683333333334,luo_2018_median_iqr,28.077233025184707,wan_2014_median_iqr,9.359077675061569,33.30683333333334,34.6578,luo_2018_median_iqr,51.428207192118776,wan_2014_median_iqr,16.263027070614797,34.6578,15.626,14.0634,FALSE,FALSE,FALSE,FALSE,20000,45000,32500,range,mixed_or_boundary,16,con021
abramova_2023_biopsy,es181,ex026,con022,out086,No,Analysis decision required,"They had one level of exposure, and two experimental groups, female and males, and one control per group",,Blood BDNF and neuropeptide concentrations as potential biomarkers of behavioral impairments in rats with prenatal ultrasound stress experience,,__________ _______________ ______,,Rattus norvegicus,albino lab rat,Wistar rat,16,3 months,"early, mid, late",full_gestation,all gestation,21,Continuous,24,Expossed to continuous variable frequencies,Ultrasound,Ultrasound,50,"20,000-45,000",,Ambient sound,,"""all females with their pups were kept in individual cages under standard conditions without experimental intervention""",female,70,adolescent,,none,,Anxiety,Elevated Plus Maze (EPM),,Total time in light,Time,s,Light Phase,paper Table 1,included_studies/abramova_2023_biopsy/abramova_2023_biopsy_data_calculations.xlsx,KON_f_,PS_f_,KON_PS_f_,Yes,Negative,,,,10,,,Not calculated here: median (Q1; Q3) reported; estimation is deferred to reproducible R data wrangling,median_iqr_deferred_to_r_se_computed_sd_over_sqrt_n,,19.6,17.7,40.5,,,8,,,Not calculated here: median (Q1; Q3) reported; estimation is deferred to reproducible R data wrangling,median_iqr_deferred_to_r_se_computed_sd_over_sqrt_n,,26.1,19.4,51.5,estimated from Median(Q1;Q3),,median_iqr_deferred_to_r,26.6205,luo_2018_median_iqr,19.608078996326224,wan_2014_median_iqr,6.200619016889923,26.6205,33.1008125,luo_2018_median_iqr,28.68159683254824,wan_2014_median_iqr,10.140475807776731,33.1008125,15.626,14.0634,FALSE,FALSE,FALSE,FALSE,20000,45000,32500,range,mixed_or_boundary,16,con022
abramova_2023_biopsy,es182,ex025,con021,out087,No,Corrected transcription,"They had one level of exposure, and two experimental groups, female and males, and one control per group",,Blood BDNF and neuropeptide concentrations as potential biomarkers of behavioral impairments in rats with prenatal ultrasound stress experience,,__________ _______________ ______,,Rattus norvegicus,albino lab rat,Wistar rat,16,3 months,"early, mid, late",full_gestation,all gestation,21,Continuous,24,Expossed to continuous variable frequencies,Ultrasound,Ultrasound,50,"20,000-45,000",,Ambient sound,,"""all females with their pups were kept in individual cages under standard conditions without experimental intervention""",male,70,adolescent,,none,,Anxiety,Elevated Plus Maze (EPM),,Center entries (crossing),Count,Count,Light Phase,paper Table 1,included_studies/abramova_2023_biopsy/abramova_2023_biopsy_data_calculations.xlsx,KON_m_,PS_m_,KON_PS_m_,Yes,Negative,,6.2,3,9,1,1,Reported SEM; used unchanged for analysis,author_reported_se_se_reported,,,,,2.9,2.5298,10,0.8,0.8,Reported SEM; used unchanged for analysis,author_reported_se_se_reported,,,,,Mean±SEM,,author_reported_se,6.2,author_reported_se,3,author_reported_se,1,6.2,2.9,author_reported_se,2.5298,author_reported_se,0.8,2.9,1.95,1.755,FALSE,FALSE,FALSE,FALSE,20000,45000,32500,range,mixed_or_boundary,16,con021
abramova_2023_biopsy,es183,ex026,con022,out087,No,Corrected transcription,"They had one level of exposure, and two experimental groups, female and males, and one control per group",,Blood BDNF and neuropeptide concentrations as potential biomarkers of behavioral impairments in rats with prenatal ultrasound stress experience,,__________ _______________ ______,,Rattus norvegicus,albino lab rat,Wistar rat,16,3 months,"early, mid, late",full_gestation,all gestation,21,Continuous,24,Expossed to continuous variable frequencies,Ultrasound,Ultrasound,50,"20,000-45,000",,Ambient sound,,"""all females with their pups were kept in individual cages under standard conditions without experimental intervention""",female,70,adolescent,,none,,Anxiety,Elevated Plus Maze (EPM),,Center entries (crossing),Count,Count,Light Phase,paper Table 1,included_studies/abramova_2023_biopsy/abramova_2023_biopsy_data_calculations.xlsx,KON_f_,PS_f_,KON_PS_f_,Yes,Negative,,4.7,1.9606,10,0.62,0.62,Reported SEM; used unchanged for analysis,author_reported_se_se_reported,,,,,2.9,1.9799,8,0.7,0.7,Reported SEM; used unchanged for analysis,author_reported_se_se_reported,,,,,Mean±SEM,,author_reported_se,4.7,author_reported_se,1.9606,author_reported_se,0.62,4.7,2.9,author_reported_se,1.9799,author_reported_se,0.7,2.9,1.95,1.755,FALSE,FALSE,FALSE,FALSE,20000,45000,32500,range,mixed_or_boundary,16,con022
abramova_2023_biopsy,es184,ex025,con021,out088,No,Analysis decision required,"They had one level of exposure, and two experimental groups, female and males, and one control per group",,Blood BDNF and neuropeptide concentrations as potential biomarkers of behavioral impairments in rats with prenatal ultrasound stress experience,,__________ _______________ ______,,Rattus norvegicus,albino lab rat,Wistar rat,16,3 months,"early, mid, late",full_gestation,all gestation,21,Continuous,24,Expossed to continuous variable frequencies,Ultrasound,Ultrasound,50,"20,000-45,000",,Ambient sound,,"""all females with their pups were kept in individual cages under standard conditions without experimental intervention""",male,70,adolescent,,none,,Anxiety,Elevated Plus Maze (EPM),,Head-out inspections,Count,Count,Light Phase,paper Table 1,included_studies/abramova_2023_biopsy/abramova_2023_biopsy_data_calculations.xlsx,KON_m_,PS_m_,KON_PS_m_,No,Positive,,,,9,,,Not calculated here: median (Q1; Q3) reported; estimation is deferred to reproducible R data wrangling,median_iqr_deferred_to_r_se_computed_sd_over_sqrt_n,,0,0,0,,,10,,,Not calculated here: median (Q1; Q3) reported; estimation is deferred to reproducible R data wrangling,median_iqr_deferred_to_r_se_computed_sd_over_sqrt_n,,0,0,0.7,estimated from Median(Q1;Q3),,median_iqr_deferred_to_r,0.232785,luo_2018_median_iqr_zero_corrected,0,wan_2014_median_iqr,0,0,0.25865,luo_2018_median_iqr,0.6020024253258051,wan_2014_median_iqr,0.1903698820974976,0.25865,0.25865,0.232785,TRUE,FALSE,TRUE,FALSE,20000,45000,32500,range,mixed_or_boundary,16,con021
abramova_2023_biopsy,es185,ex026,con022,out088,No,Analysis decision required,"They had one level of exposure, and two experimental groups, female and males, and one control per group",,Blood BDNF and neuropeptide concentrations as potential biomarkers of behavioral impairments in rats with prenatal ultrasound stress experience,,__________ _______________ ______,,Rattus norvegicus,albino lab rat,Wistar rat,16,3 months,"early, mid, late",full_gestation,all gestation,21,Continuous,24,Expossed to continuous variable frequencies,Ultrasound,Ultrasound,50,"20,000-45,000",,Ambient sound,,"""all females with their pups were kept in individual cages under standard conditions without experimental intervention""",female,70,adolescent,,none,,Anxiety,Elevated Plus Maze (EPM),,Head-out inspections,Count,Count,Light Phase,paper Table 1,included_studies/abramova_2023_biopsy/abramova_2023_biopsy_data_calculations.xlsx,KON_f_,PS_f_,KON_PS_f_,No,Positive,,,,10,,,Not calculated here: median (Q1; Q3) reported; estimation is deferred to reproducible R data wrangling,median_iqr_deferred_to_r_se_computed_sd_over_sqrt_n,,2,1.2,2,,,8,,,Not calculated here: median (Q1; Q3) reported; estimation is deferred to reproducible R data wrangling,median_iqr_deferred_to_r_se_computed_sd_over_sqrt_n,,1,0,1,estimated from Median(Q1;Q3),,median_iqr_deferred_to_r,1.7044000000000001,luo_2018_median_iqr,0.6880027718009202,wan_2014_median_iqr,0.2175655795399973,1.7044000000000001,0.6256250000000001,luo_2018_median_iqr,0.893507689487484,wan_2014_median_iqr,0.315902673139462,0.6256250000000001,0.25865,0.232785,FALSE,FALSE,FALSE,FALSE,20000,45000,32500,range,mixed_or_boundary,16,con022
abramova_2023_biopsy,es186,ex025,con021,out089,No,Corrected transcription,"They had one level of exposure, and two experimental groups, female and males, and one control per group",,Blood BDNF and neuropeptide concentrations as potential biomarkers of behavioral impairments in rats with prenatal ultrasound stress experience,,__________ _______________ ______,,Rattus norvegicus,albino lab rat,Wistar rat,16,3 months,"early, mid, late",full_gestation,all gestation,21,Continuous,24,Expossed to continuous variable frequencies,Ultrasound,Ultrasound,50,"20,000-45,000",,Ambient sound,,"""all females with their pups were kept in individual cages under standard conditions without experimental intervention""",male,70,adolescent,,none,,Anxiety,Elevated Plus Maze (EPM),,Overhangs,Count,Count,Light Phase,paper Table 1,included_studies/abramova_2023_biopsy/abramova_2023_biopsy_data_calculations.xlsx,KON_m_,PS_m_,KON_PS_m_,No,Positive,,6.7,4.5,9,1.5,1.5,Reported SEM; used unchanged for analysis,author_reported_se_se_reported,,,,,9.8,7.2732,10,2.3,2.3,Reported SEM; used unchanged for analysis,author_reported_se_se_reported,,,,,Mean±SEM,,author_reported_se,6.7,author_reported_se,4.5,author_reported_se,1.5,6.7,9.8,author_reported_se,7.2732,author_reported_se,2.3,9.8,2.95,2.6550000000000002,FALSE,FALSE,FALSE,FALSE,20000,45000,32500,range,mixed_or_boundary,16,con021
abramova_2023_biopsy,es187,ex026,con022,out089,No,Corrected transcription,"They had one level of exposure, and two experimental groups, female and males, and one control per group",,Blood BDNF and neuropeptide concentrations as potential biomarkers of behavioral impairments in rats with prenatal ultrasound stress experience,,__________ _______________ ______,,Rattus norvegicus,albino lab rat,Wistar rat,16,3 months,"early, mid, late",full_gestation,all gestation,21,Continuous,24,Expossed to continuous variable frequencies,Ultrasound,Ultrasound,50,"20,000-45,000",,Ambient sound,,"""all females with their pups were kept in individual cages under standard conditions without experimental intervention""",female,70,adolescent,,none,,Anxiety,Elevated Plus Maze (EPM),,Overhangs,Count,Count,Light Phase,paper Table 1,included_studies/abramova_2023_biopsy/abramova_2023_biopsy_data_calculations.xlsx,KON_f_,PS_f_,KON_PS_f_,No,Positive,,7.8,3.7947,10,1.2,1.2,Reported SEM; used unchanged for analysis,author_reported_se_se_reported,,,,,8.1,4.8083,8,1.7,1.7,Reported SEM; used unchanged for analysis,author_reported_se_se_reported,,,,,Mean±SEM,,author_reported_se,7.8,author_reported_se,3.7947,author_reported_se,1.2,7.8,8.1,author_reported_se,4.8083,author_reported_se,1.7,8.1,2.95,2.6550000000000002,FALSE,FALSE,FALSE,FALSE,20000,45000,32500,range,mixed_or_boundary,16,con022
abramova_2023_biopsy,es188,ex025,con021,out090,No,Corrected transcription,"They had one level of exposure, and two experimental groups, female and males, and one control per group",,Blood BDNF and neuropeptide concentrations as potential biomarkers of behavioral impairments in rats with prenatal ultrasound stress experience,,__________ _______________ ______,,Rattus norvegicus,albino lab rat,Wistar rat,16,3 months,"early, mid, late",full_gestation,all gestation,21,Continuous,24,Expossed to continuous variable frequencies,Ultrasound,Ultrasound,50,"20,000-45,000",,Ambient sound,,"""all females with their pups were kept in individual cages under standard conditions without experimental intervention""",male,70,adolescent,,none,,Anxiety,Elevated Plus Maze (EPM),,Rearing frequency,Count,Count,Light Phase,paper Table 1,included_studies/abramova_2023_biopsy/abramova_2023_biopsy_data_calculations.xlsx,KON_m_,PS_m_,KON_PS_m_,Yes,Negative,,14.9,5.4,9,1.8,1.8,Reported SEM; used unchanged for analysis,author_reported_se_se_reported,,,,,8,4.111,10,1.3,1.3,Reported SEM; used unchanged for analysis,author_reported_se_se_reported,,,,,Mean±SEM,,author_reported_se,14.9,author_reported_se,5.4,author_reported_se,1.8,14.9,8,author_reported_se,4.111,author_reported_se,1.3,8,8,7.2,FALSE,FALSE,FALSE,FALSE,20000,45000,32500,range,mixed_or_boundary,16,con021
abramova_2023_biopsy,es189,ex026,con022,out090,No,Corrected transcription,"They had one level of exposure, and two experimental groups, female and males, and one control per group",,Blood BDNF and neuropeptide concentrations as potential biomarkers of behavioral impairments in rats with prenatal ultrasound stress experience,,__________ _______________ ______,,Rattus norvegicus,albino lab rat,Wistar rat,16,3 months,"early, mid, late",full_gestation,all gestation,21,Continuous,24,Expossed to continuous variable frequencies,Ultrasound,Ultrasound,50,"20,000-45,000",,Ambient sound,,"""all females with their pups were kept in individual cages under standard conditions without experimental intervention""",female,70,adolescent,,none,,Anxiety,Elevated Plus Maze (EPM),,Rearing frequency,Count,Count,Light Phase,paper Table 1,included_studies/abramova_2023_biopsy/abramova_2023_biopsy_data_calculations.xlsx,KON_f_,PS_f_,KON_PS_f_,Yes,Negative,,15.8,4.111,10,1.3,1.3,Reported SEM; used unchanged for analysis,author_reported_se_se_reported,,,,,15.2,3.9598,8,1.4,1.4,Reported SEM; used unchanged for analysis,author_reported_se_se_reported,,,,,Mean±SEM,,author_reported_se,15.8,author_reported_se,4.111,author_reported_se,1.3,15.8,15.2,author_reported_se,3.9598,author_reported_se,1.4,15.2,8,7.2,FALSE,FALSE,FALSE,FALSE,20000,45000,32500,range,mixed_or_boundary,16,con022
abramova_2023_biopsy,es190,ex025,con021,out091,No,Analysis decision required,"They had one level of exposure, and two experimental groups, female and males, and one control per group",,Blood BDNF and neuropeptide concentrations as potential biomarkers of behavioral impairments in rats with prenatal ultrasound stress experience,,__________ _______________ ______,,Rattus norvegicus,albino lab rat,Wistar rat,16,3 months,"early, mid, late",full_gestation,all gestation,21,Continuous,24,Expossed to continuous variable frequencies,Ultrasound,Ultrasound,50,"20,000-45,000",,Ambient sound,,"""all females with their pups were kept in individual cages under standard conditions without experimental intervention""",male,70,adolescent,,none,,Anxiety,Elevated Plus Maze (EPM),,Total freezing time,Time,s,Light Phase,paper Table 1,included_studies/abramova_2023_biopsy/abramova_2023_biopsy_data_calculations.xlsx,KON_m_,PS_m_,KON_PS_m_,No,Positive,,,,9,,,Not calculated here: median (Q1; Q3) reported; estimation is deferred to reproducible R data wrangling,median_iqr_deferred_to_r_se_computed_sd_over_sqrt_n,,0,0,0,,,10,,,Not calculated here: median (Q1; Q3) reported; estimation is deferred to reproducible R data wrangling,median_iqr_deferred_to_r_se_computed_sd_over_sqrt_n,,1.1,0,2.3,estimated from Median(Q1;Q3),,median_iqr_deferred_to_r,1.023255,luo_2018_median_iqr_zero_corrected,0,wan_2014_median_iqr,0,0,1.13695,luo_2018_median_iqr,1.978007968927645,wan_2014_median_iqr,0.6255010411774922,1.13695,1.13695,1.023255,TRUE,FALSE,TRUE,FALSE,20000,45000,32500,range,mixed_or_boundary,16,con021
abramova_2023_biopsy,es191,ex026,con022,out091,No,Analysis decision required,"They had one level of exposure, and two experimental groups, female and males, and one control per group",,Blood BDNF and neuropeptide concentrations as potential biomarkers of behavioral impairments in rats with prenatal ultrasound stress experience,,__________ _______________ ______,,Rattus norvegicus,albino lab rat,Wistar rat,16,3 months,"early, mid, late",full_gestation,all gestation,21,Continuous,24,Expossed to continuous variable frequencies,Ultrasound,Ultrasound,50,"20,000-45,000",,Ambient sound,,"""all females with their pups were kept in individual cages under standard conditions without experimental intervention""",female,70,adolescent,,none,,Anxiety,Elevated Plus Maze (EPM),,Total freezing time,Time,s,Light Phase,paper Table 1,included_studies/abramova_2023_biopsy/abramova_2023_biopsy_data_calculations.xlsx,KON_f_,PS_f_,KON_PS_f_,No,Positive,,,,10,,,Not calculated here: median (Q1; Q3) reported; estimation is deferred to reproducible R data wrangling,median_iqr_deferred_to_r_se_computed_sd_over_sqrt_n,,3.8,0,11.6,,,8,,,Not calculated here: median (Q1; Q3) reported; estimation is deferred to reproducible R data wrangling,median_iqr_deferred_to_r_se_computed_sd_over_sqrt_n,,7.3,2.9,21.3,estimated from Median(Q1;Q3),,median_iqr_deferred_to_r,5.2780000000000005,luo_2018_median_iqr,9.976040191113341,wan_2014_median_iqr,3.1547009033299607,5.2780000000000005,10.893999999999998,luo_2018_median_iqr,16.440541486569707,wan_2014_median_iqr,5.8126091857661,10.893999999999998,1.13695,1.023255,FALSE,FALSE,FALSE,FALSE,20000,45000,32500,range,mixed_or_boundary,16,con022
abramova_2023_biopsy,es192,ex025,con021,out092,No,Corrected transcription,"They had one level of exposure, and two experimental groups, female and males, and one control per group",,Blood BDNF and neuropeptide concentrations as potential biomarkers of behavioral impairments in rats with prenatal ultrasound stress experience,,__________ _______________ ______,,Rattus norvegicus,albino lab rat,Wistar rat,16,3 months,"early, mid, late",full_gestation,all gestation,21,Continuous,24,Expossed to continuous variable frequencies,Ultrasound,Ultrasound,50,"20,000-45,000",,Ambient sound,,"""all females with their pups were kept in individual cages under standard conditions without experimental intervention""",male,70,adolescent,,none,,Anxiety,Elevated Plus Maze (EPM),,Total grooming time,Time,s,Light Phase,paper Table 1,included_studies/abramova_2023_biopsy/abramova_2023_biopsy_data_calculations.xlsx,KON_m_,PS_m_,KON_PS_m_,No,Positive,,24.9,20.7,9,6.9,6.9,Reported SEM; used unchanged for analysis,author_reported_se_se_reported,,,,,46.8,20.871,10,6.6,6.6,Reported SEM; used unchanged for analysis,author_reported_se_se_reported,,,,,Mean±SEM,,author_reported_se,24.9,author_reported_se,20.7,author_reported_se,6.9,24.9,46.8,author_reported_se,20.871,author_reported_se,6.6,46.8,22.57,20.313000000000002,FALSE,FALSE,FALSE,FALSE,20000,45000,32500,range,mixed_or_boundary,16,con021
abramova_2023_biopsy,es193,ex026,con022,out092,No,Corrected transcription,"They had one level of exposure, and two experimental groups, female and males, and one control per group",,Blood BDNF and neuropeptide concentrations as potential biomarkers of behavioral impairments in rats with prenatal ultrasound stress experience,,__________ _______________ ______,,Rattus norvegicus,albino lab rat,Wistar rat,16,3 months,"early, mid, late",full_gestation,all gestation,21,Continuous,24,Expossed to continuous variable frequencies,Ultrasound,Ultrasound,50,"20,000-45,000",,Ambient sound,,"""all females with their pups were kept in individual cages under standard conditions without experimental intervention""",female,70,adolescent,,none,,Anxiety,Elevated Plus Maze (EPM),,Total grooming time,Time,s,Light Phase,paper Table 1,included_studies/abramova_2023_biopsy/abramova_2023_biopsy_data_calculations.xlsx,KON_f_,PS_f_,KON_PS_f_,No,Positive,,24,14.8627,10,4.7,4.7,Reported SEM; used unchanged for analysis,author_reported_se_se_reported,,,,,29.7,28.5671,8,10.1,10.1,Reported SEM; used unchanged for analysis,author_reported_se_se_reported,,,,,Mean±SEM,,author_reported_se,24,author_reported_se,14.8627,author_reported_se,4.7,24,29.7,author_reported_se,28.5671,author_reported_se,10.1,29.7,22.57,20.313000000000002,FALSE,FALSE,FALSE,FALSE,20000,45000,32500,range,mixed_or_boundary,16,con022
abramova_2023_biopsy,es194,ex025,con021,out093,No,Analysis decision required,"They had one level of exposure, and two experimental groups, female and males, and one control per group",,Blood BDNF and neuropeptide concentrations as potential biomarkers of behavioral impairments in rats with prenatal ultrasound stress experience,,__________ _______________ ______,,Rattus norvegicus,albino lab rat,Wistar rat,16,3 months,"early, mid, late",full_gestation,all gestation,21,Continuous,24,Expossed to continuous variable frequencies,Ultrasound,Ultrasound,50,"20,000-45,000",,Ambient sound,,"""all females with their pups were kept in individual cages under standard conditions without experimental intervention""",male,70,adolescent,,none,,Anxiety,Elevated Plus Maze (EPM),,Grooming frequency,Count,Count,Light Phase,paper Table 1,included_studies/abramova_2023_biopsy/abramova_2023_biopsy_data_calculations.xlsx,KON_m_,PS_m_,KON_PS_m_,No,Positive,,,,9,,,Not calculated here: median (Q1; Q3) reported; estimation is deferred to reproducible R data wrangling,median_iqr_deferred_to_r_se_computed_sd_over_sqrt_n,,3,2,4,,,10,,,Not calculated here: median (Q1; Q3) reported; estimation is deferred to reproducible R data wrangling,median_iqr_deferred_to_r_se_computed_sd_over_sqrt_n,,2,1.2,4.5,estimated from Median(Q1;Q3),,median_iqr_deferred_to_r,3,luo_2018_median_iqr,1.7493603130956201,wan_2014_median_iqr,0.5831201043652067,3,2.6281499999999998,luo_2018_median_iqr,2.8380114336787954,wan_2014_median_iqr,0.8974580156024888,2.6281499999999998,2.6281499999999998,2.365335,FALSE,FALSE,FALSE,FALSE,20000,45000,32500,range,mixed_or_boundary,16,con021
abramova_2023_biopsy,es195,ex026,con022,out093,No,Analysis decision required,"They had one level of exposure, and two experimental groups, female and males, and one control per group",,Blood BDNF and neuropeptide concentrations as potential biomarkers of behavioral impairments in rats with prenatal ultrasound stress experience,,__________ _______________ ______,,Rattus norvegicus,albino lab rat,Wistar rat,16,3 months,"early, mid, late",full_gestation,all gestation,21,Continuous,24,Expossed to continuous variable frequencies,Ultrasound,Ultrasound,50,"20,000-45,000",,Ambient sound,,"""all females with their pups were kept in individual cages under standard conditions without experimental intervention""",female,70,adolescent,,none,,Anxiety,Elevated Plus Maze (EPM),,Grooming frequency,Count,Count,Light Phase,paper Table 1,included_studies/abramova_2023_biopsy/abramova_2023_biopsy_data_calculations.xlsx,KON_f_,PS_f_,KON_PS_f_,No,Positive,,,,10,,,Not calculated here: median (Q1; Q3) reported; estimation is deferred to reproducible R data wrangling,median_iqr_deferred_to_r_se_computed_sd_over_sqrt_n,,4,2.2,4,,,8,,,Not calculated here: median (Q1; Q3) reported; estimation is deferred to reproducible R data wrangling,median_iqr_deferred_to_r_se_computed_sd_over_sqrt_n,,2.5,0.7,5.7,estimated from Median(Q1;Q3),,median_iqr_deferred_to_r,3.3349,luo_2018_median_iqr,1.5480062365520701,wan_2014_median_iqr,0.4895225539649939,3.3349,3.024125,luo_2018_median_iqr,4.467538447437421,wan_2014_median_iqr,1.5795133656973102,3.024125,2.6281499999999998,2.365335,FALSE,FALSE,FALSE,FALSE,20000,45000,32500,range,mixed_or_boundary,16,con022
abramova_2023_biopsy,es196,ex025,con021,out094,No,Corrected transcription,"They had one level of exposure, and two experimental groups, female and males, and one control per group",,Blood BDNF and neuropeptide concentrations as potential biomarkers of behavioral impairments in rats with prenatal ultrasound stress experience,,__________ _______________ ______,,Rattus norvegicus,albino lab rat,Wistar rat,16,3 months,"early, mid, late",full_gestation,all gestation,21,Continuous,24,Expossed to continuous variable frequencies,Ultrasound,Ultrasound,50,"20,000-45,000",,Ambient sound,,"""all females with their pups were kept in individual cages under standard conditions without experimental intervention""",male,70,adolescent,,none,,Anxiety,Elevated Plus Maze (EPM),,Mean grooming duration,Time,s,Light Phase,paper Table 1,included_studies/abramova_2023_biopsy/abramova_2023_biopsy_data_calculations.xlsx,KON_m_,PS_m_,KON_PS_m_,No,Positive,,6.8,5.4,9,1.8,1.8,Reported SEM; used unchanged for analysis,author_reported_se_se_reported,,,,,20.9,15.1789,10,4.8,4.8,Reported SEM; used unchanged for analysis,author_reported_se_se_reported,,,,,Mean±SEM,,author_reported_se,6.8,author_reported_se,5.4,author_reported_se,1.8,6.8,20.9,author_reported_se,15.1789,author_reported_se,4.8,20.9,6.4,5.760000000000001,FALSE,FALSE,FALSE,FALSE,20000,45000,32500,range,mixed_or_boundary,16,con021
abramova_2023_biopsy,es197,ex026,con022,out094,No,Corrected transcription,"They had one level of exposure, and two experimental groups, female and males, and one control per group",,Blood BDNF and neuropeptide concentrations as potential biomarkers of behavioral impairments in rats with prenatal ultrasound stress experience,,__________ _______________ ______,,Rattus norvegicus,albino lab rat,Wistar rat,16,3 months,"early, mid, late",full_gestation,all gestation,21,Continuous,24,Expossed to continuous variable frequencies,Ultrasound,Ultrasound,50,"20,000-45,000",,Ambient sound,,"""all females with their pups were kept in individual cages under standard conditions without experimental intervention""",female,70,adolescent,,none,,Anxiety,Elevated Plus Maze (EPM),,Mean grooming duration,Time,s,Light Phase,paper Table 1,included_studies/abramova_2023_biopsy/abramova_2023_biopsy_data_calculations.xlsx,KON_f_,PS_f_,KON_PS_f_,No,Positive,,6.4,2.846,10,0.9,0.9,Reported SEM; used unchanged for analysis,author_reported_se_se_reported,,,,,8.8,8.2024,8,2.9,2.9,Reported SEM; used unchanged for analysis,author_reported_se_se_reported,,,,,Mean±SEM,,author_reported_se,6.4,author_reported_se,2.846,author_reported_se,0.9,6.4,8.8,author_reported_se,8.2024,author_reported_se,2.9,8.8,6.4,5.760000000000001,FALSE,FALSE,FALSE,FALSE,20000,45000,32500,range,mixed_or_boundary,16,con022
abramova_2023_biopsy,es198,ex025,con021,out095,No,Corrected transcription,"They had one level of exposure, and two experimental groups, female and males, and one control per group",,Blood BDNF and neuropeptide concentrations as potential biomarkers of behavioral impairments in rats with prenatal ultrasound stress experience,,__________ _______________ ______,,Rattus norvegicus,albino lab rat,Wistar rat,16,3 months,"early, mid, late",full_gestation,all gestation,21,Continuous,24,Expossed to continuous variable frequencies,Ultrasound,Ultrasound,50,"20,000-45,000",,Ambient sound,,"""all females with their pups were kept in individual cages under standard conditions without experimental intervention""",male,80,adult,,none,,Depression,Sucrose Preference Test (SPT),,Sucrose preference index,Index,%,Light Phase,paper Table 1,included_studies/abramova_2023_biopsy/abramova_2023_biopsy_data_calculations.xlsx,KON_m_,PS_m_,KON_PS_m_,Yes,Negative,,63.5,17.4,9,5.8,5.8,Reported SEM; used unchanged for analysis,author_reported_se_se_reported,,,,,60.3,13.914,10,4.4,4.4,Reported SEM; used unchanged for analysis,author_reported_se_se_reported,,,,,Mean±SEM,,author_reported_se,63.5,author_reported_se,17.4,author_reported_se,5.8,63.5,60.3,author_reported_se,13.914,author_reported_se,4.4,60.3,40.48,36.431999999999995,FALSE,FALSE,FALSE,FALSE,20000,45000,32500,range,mixed_or_boundary,16,con021
abramova_2023_biopsy,es199,ex026,con022,out095,No,Corrected transcription,"They had one level of exposure, and two experimental groups, female and males, and one control per group",,Blood BDNF and neuropeptide concentrations as potential biomarkers of behavioral impairments in rats with prenatal ultrasound stress experience,,__________ _______________ ______,,Rattus norvegicus,albino lab rat,Wistar rat,16,3 months,"early, mid, late",full_gestation,all gestation,21,Continuous,24,Expossed to continuous variable frequencies,Ultrasound,Ultrasound,50,"20,000-45,000",,Ambient sound,,"""all females with their pups were kept in individual cages under standard conditions without experimental intervention""",female,80,adult,,none,,Depression,Sucrose Preference Test (SPT),,Sucrose preference index,Index,%,Light Phase,paper Table 1,included_studies/abramova_2023_biopsy/abramova_2023_biopsy_data_calculations.xlsx,KON_f_,PS_f_,KON_PS_f_,Yes,Negative,,62.3,21.1873,10,6.7,6.7,Reported SEM; used unchanged for analysis,author_reported_se_se_reported,,,,,83.4,11.3137,8,4,4,Reported SEM; used unchanged for analysis,author_reported_se_se_reported,,,,,Mean±SEM,,author_reported_se,62.3,author_reported_se,21.1873,author_reported_se,6.7,62.3,83.4,author_reported_se,11.3137,author_reported_se,4,83.4,40.48,36.431999999999995,FALSE,FALSE,FALSE,FALSE,20000,45000,32500,range,mixed_or_boundary,16,con022
abramova_2023_biopsy,es200,ex025,con021,out096,No,Analysis decision required,"They had one level of exposure, and two experimental groups, female and males, and one control per group",,Blood BDNF and neuropeptide concentrations as potential biomarkers of behavioral impairments in rats with prenatal ultrasound stress experience,,__________ _______________ ______,,Rattus norvegicus,albino lab rat,Wistar rat,16,3 months,"early, mid, late",full_gestation,all gestation,21,Continuous,24,Expossed to continuous variable frequencies,Ultrasound,Ultrasound,50,"20,000-45,000",,Ambient sound,,"""all females with their pups were kept in individual cages under standard conditions without experimental intervention""",male,95,adult,,none,,Depression,Forced Swimming Test (FST),,Total immobility time,Time,s,Light Phase,paper Table 1,included_studies/abramova_2023_biopsy/abramova_2023_biopsy_data_calculations.xlsx,KON_m_,PS_m_,KON_PS_m_,No,Positive,,,,9,,,Not calculated here: median (Q1; Q3) reported; estimation is deferred to reproducible R data wrangling,median_iqr_deferred_to_r_se_computed_sd_over_sqrt_n,,110,81,143,,,10,,,Not calculated here: median (Q1; Q3) reported; estimation is deferred to reproducible R data wrangling,median_iqr_deferred_to_r_se_computed_sd_over_sqrt_n,,140,102,164,estimated from Median(Q1;Q3),,median_iqr_deferred_to_r,111.48666666666666,luo_2018_median_iqr,54.23016970596423,wan_2014_median_iqr,18.07672323532141,111.48666666666666,134.827,luo_2018_median_iqr,53.32021481457131,wan_2014_median_iqr,16.86133241434979,134.827,26.79,24.111,FALSE,FALSE,FALSE,FALSE,20000,45000,32500,range,mixed_or_boundary,16,con021
abramova_2023_biopsy,es201,ex026,con022,out096,No,Analysis decision required,"They had one level of exposure, and two experimental groups, female and males, and one control per group",,Blood BDNF and neuropeptide concentrations as potential biomarkers of behavioral impairments in rats with prenatal ultrasound stress experience,,__________ _______________ ______,,Rattus norvegicus,albino lab rat,Wistar rat,16,3 months,"early, mid, late",full_gestation,all gestation,21,Continuous,24,Expossed to continuous variable frequencies,Ultrasound,Ultrasound,50,"20,000-45,000",,Ambient sound,,"""all females with their pups were kept in individual cages under standard conditions without experimental intervention""",female,95,adult,,none,,Depression,Forced Swimming Test (FST),,Total immobility time,Time,s,Light Phase,paper Table 1,included_studies/abramova_2023_biopsy/abramova_2023_biopsy_data_calculations.xlsx,KON_f_,PS_f_,KON_PS_f_,No,Positive,,,,10,,,Not calculated here: median (Q1; Q3) reported; estimation is deferred to reproducible R data wrangling,median_iqr_deferred_to_r_se_computed_sd_over_sqrt_n,,64,45,83,,,8,,,Not calculated here: median (Q1; Q3) reported; estimation is deferred to reproducible R data wrangling,median_iqr_deferred_to_r_se_computed_sd_over_sqrt_n,,100,87,109,estimated from Median(Q1;Q3),,median_iqr_deferred_to_r,64,luo_2018_median_iqr,32.68013166054371,wan_2014_median_iqr,10.334365028149872,64,98.5025,luo_2018_median_iqr,19.65716916872465,wan_2014_median_iqr,6.949858809068164,98.5025,26.79,24.111,FALSE,FALSE,FALSE,FALSE,20000,45000,32500,range,mixed_or_boundary,16,con022
abramova_2023_biopsy,es202,ex025,con021,out097,No,Corrected transcription,"They had one level of exposure, and two experimental groups, female and males, and one control per group",,Blood BDNF and neuropeptide concentrations as potential biomarkers of behavioral impairments in rats with prenatal ultrasound stress experience,,__________ _______________ ______,,Rattus norvegicus,albino lab rat,Wistar rat,16,3 months,"early, mid, late",full_gestation,all gestation,21,Continuous,24,Expossed to continuous variable frequencies,Ultrasound,Ultrasound,50,"20,000-45,000",,Ambient sound,,"""all females with their pups were kept in individual cages under standard conditions without experimental intervention""",male,95,adult,,none,,Depression,Forced Swimming Test (FST),,Total passive swimming,Time,s,Light Phase,paper Table 1,included_studies/abramova_2023_biopsy/abramova_2023_biopsy_data_calculations.xlsx,KON_m_,PS_m_,KON_PS_m_,No,Positive,,202,39,9,13,13,Reported SEM; used unchanged for analysis,author_reported_se_se_reported,,,,,201,34.7851,10,11,11,Reported SEM; used unchanged for analysis,author_reported_se_se_reported,,,,,Mean±SEM,,author_reported_se,202,author_reported_se,39,author_reported_se,13,202,201,author_reported_se,34.7851,author_reported_se,11,201,201,180.9,FALSE,FALSE,FALSE,FALSE,20000,45000,32500,range,mixed_or_boundary,16,con021
abramova_2023_biopsy,es203,ex026,con022,out097,No,Corrected transcription,"They had one level of exposure, and two experimental groups, female and males, and one control per group",,Blood BDNF and neuropeptide concentrations as potential biomarkers of behavioral impairments in rats with prenatal ultrasound stress experience,,__________ _______________ ______,,Rattus norvegicus,albino lab rat,Wistar rat,16,3 months,"early, mid, late",full_gestation,all gestation,21,Continuous,24,Expossed to continuous variable frequencies,Ultrasound,Ultrasound,50,"20,000-45,000",,Ambient sound,,"""all females with their pups were kept in individual cages under standard conditions without experimental intervention""",female,95,adult,,none,,Depression,Forced Swimming Test (FST),,Total passive swimming,Time,s,Light Phase,paper Table 1,included_studies/abramova_2023_biopsy/abramova_2023_biopsy_data_calculations.xlsx,KON_f_,PS_f_,KON_PS_f_,No,Positive,,223,82.2192,10,26,26,Reported SEM; used unchanged for analysis,author_reported_se_se_reported,,,,,228,22.6274,8,8,8,Reported SEM; used unchanged for analysis,author_reported_se_se_reported,,,,,Mean±SEM,,author_reported_se,223,author_reported_se,82.2192,author_reported_se,26,223,228,author_reported_se,22.6274,author_reported_se,8,228,201,180.9,FALSE,FALSE,FALSE,FALSE,20000,45000,32500,range,mixed_or_boundary,16,con022
abramova_2023_biopsy,es204,ex025,con021,out098,No,Corrected transcription,"They had one level of exposure, and two experimental groups, female and males, and one control per group",,Blood BDNF and neuropeptide concentrations as potential biomarkers of behavioral impairments in rats with prenatal ultrasound stress experience,,__________ _______________ ______,,Rattus norvegicus,albino lab rat,Wistar rat,16,3 months,"early, mid, late",full_gestation,all gestation,21,Continuous,24,Expossed to continuous variable frequencies,Ultrasound,Ultrasound,50,"20,000-45,000",,Ambient sound,,"""all females with their pups were kept in individual cages under standard conditions without experimental intervention""",male,95,adult,,none,,Depression,Forced Swimming Test (FST),,Total active swimming,Time,s,Light Phase,paper Table 1,included_studies/abramova_2023_biopsy/abramova_2023_biopsy_data_calculations.xlsx,KON_m_,PS_m_,KON_PS_m_,Yes,Negative,,43,21,9,7,7,Reported SEM; used unchanged for analysis,author_reported_se_se_reported,,,,,22,15.8114,10,5,5,Reported SEM; used unchanged for analysis,author_reported_se_se_reported,,,,,Mean±SEM,,author_reported_se,43,author_reported_se,21,author_reported_se,7,43,22,author_reported_se,15.8114,author_reported_se,5,22,22,19.8,FALSE,FALSE,FALSE,FALSE,20000,45000,32500,range,mixed_or_boundary,16,con021
abramova_2023_biopsy,es205,ex026,con022,out098,No,Corrected transcription,"They had one level of exposure, and two experimental groups, female and males, and one control per group",,Blood BDNF and neuropeptide concentrations as potential biomarkers of behavioral impairments in rats with prenatal ultrasound stress experience,,__________ _______________ ______,,Rattus norvegicus,albino lab rat,Wistar rat,16,3 months,"early, mid, late",full_gestation,all gestation,21,Continuous,24,Expossed to continuous variable frequencies,Ultrasound,Ultrasound,50,"20,000-45,000",,Ambient sound,,"""all females with their pups were kept in individual cages under standard conditions without experimental intervention""",female,95,adult,,none,,Depression,Forced Swimming Test (FST),,Total active swimming,Time,s,Light Phase,paper Table 1,included_studies/abramova_2023_biopsy/abramova_2023_biopsy_data_calculations.xlsx,KON_f_,PS_f_,KON_PS_f_,Yes,Negative,,47,25.2982,10,8,8,Reported SEM; used unchanged for analysis,author_reported_se_se_reported,,,,,36,19.799,8,7,7,Reported SEM; used unchanged for analysis,author_reported_se_se_reported,,,,,Mean±SEM,,author_reported_se,47,author_reported_se,25.2982,author_reported_se,8,47,36,author_reported_se,19.799,author_reported_se,7,36,22,19.8,FALSE,FALSE,FALSE,FALSE,20000,45000,32500,range,mixed_or_boundary,16,con022
abramova_2023_biopsy,es206,ex025,con021,out099,No,Analysis decision required,"They had one level of exposure, and two experimental groups, female and males, and one control per group",,Blood BDNF and neuropeptide concentrations as potential biomarkers of behavioral impairments in rats with prenatal ultrasound stress experience,,__________ _______________ ______,,Rattus norvegicus,albino lab rat,Wistar rat,16,3 months,"early, mid, late",full_gestation,all gestation,21,Continuous,24,Expossed to continuous variable frequencies,Ultrasound,Ultrasound,50,"20,000-45,000",,Ambient sound,,"""all females with their pups were kept in individual cages under standard conditions without experimental intervention""",male,95,adult,,none,,Depression,Forced Swimming Test (FST),,Number of dives,Count,Count,Light Phase,paper Table 1,included_studies/abramova_2023_biopsy/abramova_2023_biopsy_data_calculations.xlsx,KON_m_,PS_m_,KON_PS_m_,Yes,Negative,,,,9,,,Not calculated here: median (Q1; Q3) reported; estimation is deferred to reproducible R data wrangling,median_iqr_deferred_to_r_se_computed_sd_over_sqrt_n,,1,0,4,,,10,,,Not calculated here: median (Q1; Q3) reported; estimation is deferred to reproducible R data wrangling,median_iqr_deferred_to_r_se_computed_sd_over_sqrt_n,,3,1,4.7,estimated from Median(Q1;Q3),,median_iqr_deferred_to_r,1.7433333333333332,luo_2018_median_iqr,3.4987206261912402,wan_2014_median_iqr,1.1662402087304133,1.7433333333333332,2.88915,luo_2018_median_iqr,3.182012819579256,wan_2014_median_iqr,1.0062408053724876,2.88915,0.3695,0.33255,FALSE,FALSE,FALSE,FALSE,20000,45000,32500,range,mixed_or_boundary,16,con021
abramova_2023_biopsy,es207,ex026,con022,out099,No,Analysis decision required,"They had one level of exposure, and two experimental groups, female and males, and one control per group",,Blood BDNF and neuropeptide concentrations as potential biomarkers of behavioral impairments in rats with prenatal ultrasound stress experience,,__________ _______________ ______,,Rattus norvegicus,albino lab rat,Wistar rat,16,3 months,"early, mid, late",full_gestation,all gestation,21,Continuous,24,Expossed to continuous variable frequencies,Ultrasound,Ultrasound,50,"20,000-45,000",,Ambient sound,,"""all females with their pups were kept in individual cages under standard conditions without experimental intervention""",female,95,adult,,none,,Depression,Forced Swimming Test (FST),,Number of dives,Count,Count,Light Phase,paper Table 1,included_studies/abramova_2023_biopsy/abramova_2023_biopsy_data_calculations.xlsx,KON_f_,PS_f_,KON_PS_f_,Yes,Negative,,,,10,,,Not calculated here: median (Q1; Q3) reported; estimation is deferred to reproducible R data wrangling,median_iqr_deferred_to_r_se_computed_sd_over_sqrt_n,,0,0,1,,,8,,,Not calculated here: median (Q1; Q3) reported; estimation is deferred to reproducible R data wrangling,median_iqr_deferred_to_r_se_computed_sd_over_sqrt_n,,1,0,2,estimated from Median(Q1;Q3),,median_iqr_deferred_to_r,0.3695,luo_2018_median_iqr,0.8600034647511502,wan_2014_median_iqr,0.2719569744249966,0.3695,1,luo_2018_median_iqr,1.787015378974968,wan_2014_median_iqr,0.631805346278924,1,0.3695,0.33255,FALSE,FALSE,FALSE,FALSE,20000,45000,32500,range,mixed_or_boundary,16,con022
