es_id,es001,es002,es003,es010,es011,es012,es013,es014,es015,es016,es017,es018,es021,es022,es023,es024,es025,es026,es027,es028,es029,es030,es031,es032,es033,es034,es035,es036,es037,es038,es039,es040,es041,es042,es043,es044,es045,es046,es047,es048,es049,es050,es051,es052,es053,es054,es055,es056,es057,es062,es063,es064,es065,es066,es067,es068,es069,es070,es071,es072,es073,es074,es075,es076,es077,es078,es079,es082,es083,es084,es085,es086,es087,es088,es089,es090,es091,es092,es093,es094,es095,es096,es097,es098,es099,es100,es101,es102,es103,es104,es105,es106,es107,es108,es109,es110,es111,es112,es113,es114,es115,es116,es117,es118,es119,es120,es121,es122,es123,es124,es125,es126,es127,es128,es129,es130,es131,es132,es133,es134,es135,es136,es137,es138,es139,es140,es141,es160,es161,es162,es163,es164,es165,es166,es167,es168,es169,es170,es171,es172,es173,es174,es175,es176,es177,es178,es179,es180,es181,es182,es183,es184,es185,es186,es187,es188,es189,es190,es191,es192,es193,es194,es195,es196,es197,es198,es199,es200,es201,es202,es203,es204,es205,es206,es207
es001,0.11805555555555555,0.059027777777777776,0.059027777777777776,0,0,0,0,0,0,0,0,0,0,0,0,0,0,0,0,0,0,0,0,0,0,0,0,0,0,0,0,0,0,0,0,0,0,0,0,0,0,0,0,0,0,0,0,0,0,0,0,0,0,0,0,0,0,0,0,0,0,0,0,0,0,0,0,0,0,0,0,0,0,0,0,0,0,0,0,0,0,0,0,0,0,0,0,0,0,0,0,0,0,0,0,0,0,0,0,0,0,0,0,0,0,0,0,0,0,0,0,0,0,0,0,0,0,0,0,0,0,0,0,0,0,0,0,0,0,0,0,0,0,0,0,0,0,0,0,0,0,0,0,0,0,0,0,0,0,0,0,0,0,0,0,0,0,0,0,0,0,0,0,0,0,0,0,0,0,0,0,0,0,0,0
es002,0.059027777777777776,0.11805555555555555,0.059027777777777776,0,0,0,0,0,0,0,0,0,0,0,0,0,0,0,0,0,0,0,0,0,0,0,0,0,0,0,0,0,0,0,0,0,0,0,0,0,0,0,0,0,0,0,0,0,0,0,0,0,0,0,0,0,0,0,0,0,0,0,0,0,0,0,0,0,0,0,0,0,0,0,0,0,0,0,0,0,0,0,0,0,0,0,0,0,0,0,0,0,0,0,0,0,0,0,0,0,0,0,0,0,0,0,0,0,0,0,0,0,0,0,0,0,0,0,0,0,0,0,0,0,0,0,0,0,0,0,0,0,0,0,0,0,0,0,0,0,0,0,0,0,0,0,0,0,0,0,0,0,0,0,0,0,0,0,0,0,0,0,0,0,0,0,0,0,0,0,0,0,0,0,0
es003,0.059027777777777776,0.059027777777777776,0.11805555555555555,0,0,0,0,0,0,0,0,0,0,0,0,0,0,0,0,0,0,0,0,0,0,0,0,0,0,0,0,0,0,0,0,0,0,0,0,0,0,0,0,0,0,0,0,0,0,0,0,0,0,0,0,0,0,0,0,0,0,0,0,0,0,0,0,0,0,0,0,0,0,0,0,0,0,0,0,0,0,0,0,0,0,0,0,0,0,0,0,0,0,0,0,0,0,0,0,0,0,0,0,0,0,0,0,0,0,0,0,0,0,0,0,0,0,0,0,0,0,0,0,0,0,0,0,0,0,0,0,0,0,0,0,0,0,0,0,0,0,0,0,0,0,0,0,0,0,0,0,0,0,0,0,0,0,0,0,0,0,0,0,0,0,0,0,0,0,0,0,0,0,0,0
es010,0,0,0,0.19999999999999998,0.09999999999999999,0.09999999999999999,0,0,0,0,0,0,0,0,0,0,0,0,0,0,0,0,0,0,0,0,0,0,0,0,0,0,0,0,0,0,0,0,0,0,0,0,0,0,0,0,0,0,0,0,0,0,0,0,0,0,0,0,0,0,0,0,0,0,0,0,0,0,0,0,0,0,0,0,0,0,0,0,0,0,0,0,0,0,0,0,0,0,0,0,0,0,0,0,0,0,0,0,0,0,0,0,0,0,0,0,0,0,0,0,0,0,0,0,0,0,0,0,0,0,0,0,0,0,0,0,0,0,0,0,0,0,0,0,0,0,0,0,0,0,0,0,0,0,0,0,0,0,0,0,0,0,0,0,0,0,0,0,0,0,0,0,0,0,0,0,0,0,0,0,0,0,0,0,0
es011,0,0,0,0.09999999999999999,0.19999999999999998,0.09999999999999999,0,0,0,0,0,0,0,0,0,0,0,0,0,0,0,0,0,0,0,0,0,0,0,0,0,0,0,0,0,0,0,0,0,0,0,0,0,0,0,0,0,0,0,0,0,0,0,0,0,0,0,0,0,0,0,0,0,0,0,0,0,0,0,0,0,0,0,0,0,0,0,0,0,0,0,0,0,0,0,0,0,0,0,0,0,0,0,0,0,0,0,0,0,0,0,0,0,0,0,0,0,0,0,0,0,0,0,0,0,0,0,0,0,0,0,0,0,0,0,0,0,0,0,0,0,0,0,0,0,0,0,0,0,0,0,0,0,0,0,0,0,0,0,0,0,0,0,0,0,0,0,0,0,0,0,0,0,0,0,0,0,0,0,0,0,0,0,0,0
es012,0,0,0,0.09999999999999999,0.09999999999999999,0.19999999999999998,0,0,0,0,0,0,0,0,0,0,0,0,0,0,0,0,0,0,0,0,0,0,0,0,0,0,0,0,0,0,0,0,0,0,0,0,0,0,0,0,0,0,0,0,0,0,0,0,0,0,0,0,0,0,0,0,0,0,0,0,0,0,0,0,0,0,0,0,0,0,0,0,0,0,0,0,0,0,0,0,0,0,0,0,0,0,0,0,0,0,0,0,0,0,0,0,0,0,0,0,0,0,0,0,0,0,0,0,0,0,0,0,0,0,0,0,0,0,0,0,0,0,0,0,0,0,0,0,0,0,0,0,0,0,0,0,0,0,0,0,0,0,0,0,0,0,0,0,0,0,0,0,0,0,0,0,0,0,0,0,0,0,0,0,0,0,0,0,0
es013,0,0,0,0,0,0,0.19999999999999998,0.09999999999999999,0.049999999999999996,0.049999999999999996,0.049999999999999996,0.049999999999999996,0,0,0,0,0,0,0,0,0,0,0,0,0,0,0,0,0,0,0,0,0,0,0,0,0,0,0,0,0,0,0,0,0,0,0,0,0,0,0,0,0,0,0,0,0,0,0,0,0,0,0,0,0,0,0,0,0,0,0,0,0,0,0,0,0,0,0,0,0,0,0,0,0,0,0,0,0,0,0,0,0,0,0,0,0,0,0,0,0,0,0,0,0,0,0,0,0,0,0,0,0,0,0,0,0,0,0,0,0,0,0,0,0,0,0,0,0,0,0,0,0,0,0,0,0,0,0,0,0,0,0,0,0,0,0,0,0,0,0,0,0,0,0,0,0,0,0,0,0,0,0,0,0,0,0,0,0,0,0,0,0,0,0
es014,0,0,0,0,0,0,0.09999999999999999,0.19999999999999998,0.049999999999999996,0.049999999999999996,0.049999999999999996,0.049999999999999996,0,0,0,0,0,0,0,0,0,0,0,0,0,0,0,0,0,0,0,0,0,0,0,0,0,0,0,0,0,0,0,0,0,0,0,0,0,0,0,0,0,0,0,0,0,0,0,0,0,0,0,0,0,0,0,0,0,0,0,0,0,0,0,0,0,0,0,0,0,0,0,0,0,0,0,0,0,0,0,0,0,0,0,0,0,0,0,0,0,0,0,0,0,0,0,0,0,0,0,0,0,0,0,0,0,0,0,0,0,0,0,0,0,0,0,0,0,0,0,0,0,0,0,0,0,0,0,0,0,0,0,0,0,0,0,0,0,0,0,0,0,0,0,0,0,0,0,0,0,0,0,0,0,0,0,0,0,0,0,0,0,0,0
es015,0,0,0,0,0,0,0.049999999999999996,0.049999999999999996,0.19999999999999998,0.09999999999999999,0.049999999999999996,0.049999999999999996,0,0,0,0,0,0,0,0,0,0,0,0,0,0,0,0,0,0,0,0,0,0,0,0,0,0,0,0,0,0,0,0,0,0,0,0,0,0,0,0,0,0,0,0,0,0,0,0,0,0,0,0,0,0,0,0,0,0,0,0,0,0,0,0,0,0,0,0,0,0,0,0,0,0,0,0,0,0,0,0,0,0,0,0,0,0,0,0,0,0,0,0,0,0,0,0,0,0,0,0,0,0,0,0,0,0,0,0,0,0,0,0,0,0,0,0,0,0,0,0,0,0,0,0,0,0,0,0,0,0,0,0,0,0,0,0,0,0,0,0,0,0,0,0,0,0,0,0,0,0,0,0,0,0,0,0,0,0,0,0,0,0,0
es016,0,0,0,0,0,0,0.049999999999999996,0.049999999999999996,0.09999999999999999,0.19999999999999998,0.049999999999999996,0.049999999999999996,0,0,0,0,0,0,0,0,0,0,0,0,0,0,0,0,0,0,0,0,0,0,0,0,0,0,0,0,0,0,0,0,0,0,0,0,0,0,0,0,0,0,0,0,0,0,0,0,0,0,0,0,0,0,0,0,0,0,0,0,0,0,0,0,0,0,0,0,0,0,0,0,0,0,0,0,0,0,0,0,0,0,0,0,0,0,0,0,0,0,0,0,0,0,0,0,0,0,0,0,0,0,0,0,0,0,0,0,0,0,0,0,0,0,0,0,0,0,0,0,0,0,0,0,0,0,0,0,0,0,0,0,0,0,0,0,0,0,0,0,0,0,0,0,0,0,0,0,0,0,0,0,0,0,0,0,0,0,0,0,0,0,0
es017,0,0,0,0,0,0,0.049999999999999996,0.049999999999999996,0.049999999999999996,0.049999999999999996,0.19999999999999998,0.09999999999999999,0,0,0,0,0,0,0,0,0,0,0,0,0,0,0,0,0,0,0,0,0,0,0,0,0,0,0,0,0,0,0,0,0,0,0,0,0,0,0,0,0,0,0,0,0,0,0,0,0,0,0,0,0,0,0,0,0,0,0,0,0,0,0,0,0,0,0,0,0,0,0,0,0,0,0,0,0,0,0,0,0,0,0,0,0,0,0,0,0,0,0,0,0,0,0,0,0,0,0,0,0,0,0,0,0,0,0,0,0,0,0,0,0,0,0,0,0,0,0,0,0,0,0,0,0,0,0,0,0,0,0,0,0,0,0,0,0,0,0,0,0,0,0,0,0,0,0,0,0,0,0,0,0,0,0,0,0,0,0,0,0,0,0
es018,0,0,0,0,0,0,0.049999999999999996,0.049999999999999996,0.049999999999999996,0.049999999999999996,0.09999999999999999,0.19999999999999998,0,0,0,0,0,0,0,0,0,0,0,0,0,0,0,0,0,0,0,0,0,0,0,0,0,0,0,0,0,0,0,0,0,0,0,0,0,0,0,0,0,0,0,0,0,0,0,0,0,0,0,0,0,0,0,0,0,0,0,0,0,0,0,0,0,0,0,0,0,0,0,0,0,0,0,0,0,0,0,0,0,0,0,0,0,0,0,0,0,0,0,0,0,0,0,0,0,0,0,0,0,0,0,0,0,0,0,0,0,0,0,0,0,0,0,0,0,0,0,0,0,0,0,0,0,0,0,0,0,0,0,0,0,0,0,0,0,0,0,0,0,0,0,0,0,0,0,0,0,0,0,0,0,0,0,0,0,0,0,0,0,0,0
es021,0,0,0,0,0,0,0,0,0,0,0,0,0.024305555555555552,0,0.012152777777777778,0,0.012152777777777778,0,0.012152777777777778,0,0.012152777777777778,0,0.012152777777777778,0,0.012152777777777778,0,0.012152777777777778,0,0.012152777777777778,0,0.012152777777777778,0,0.012152777777777778,0,0.021979195640007207,0,0.012152777777777778,0,0,0,0,0,0,0,0,0,0,0,0,0,0,0,0,0,0,0,0,0,0,0,0,0,0,0,0,0,0,0,0,0,0,0,0,0,0,0,0,0,0,0,0,0,0,0,0,0,0,0,0,0,0,0,0,0,0,0,0,0,0,0,0,0,0,0,0,0,0,0,0,0,0,0,0,0,0,0,0,0,0,0,0,0,0,0,0,0,0,0,0,0,0,0,0,0,0,0,0,0,0,0,0,0,0,0,0,0,0,0,0,0,0,0,0,0,0,0,0,0,0,0,0,0,0,0,0,0,0,0,0,0,0,0,0,0,0
es022,0,0,0,0,0,0,0,0,0,0,0,0,0,0.026333789329685366,0,0.013166894664842683,0,0.013166894664842683,0,0.013166894664842683,0,0.013166894664842683,0,0.013166894664842683,0,0.013166894664842683,0,0.013166894664842683,0,0.013166894664842683,0,0.013166894664842683,0,0.013166894664842683,0,0.02350034664003676,0,0.013166894664842683,0,0,0,0,0,0,0,0,0,0,0,0,0,0,0,0,0,0,0,0,0,0,0,0,0,0,0,0,0,0,0,0,0,0,0,0,0,0,0,0,0,0,0,0,0,0,0,0,0,0,0,0,0,0,0,0,0,0,0,0,0,0,0,0,0,0,0,0,0,0,0,0,0,0,0,0,0,0,0,0,0,0,0,0,0,0,0,0,0,0,0,0,0,0,0,0,0,0,0,0,0,0,0,0,0,0,0,0,0,0,0,0,0,0,0,0,0,0,0,0,0,0,0,0,0,0,0,0,0,0,0,0,0,0,0,0,0
es023,0,0,0,0,0,0,0,0,0,0,0,0,0.012152777777777778,0,0.024305555555555556,0,0.012152777777777778,0,0.012152777777777778,0,0.012152777777777778,0,0.012152777777777778,0,0.012152777777777778,0,0.012152777777777778,0,0.012152777777777778,0,0.012152777777777778,0,0.012152777777777778,0,0.021979195640007207,0,0.012152777777777778,0,0,0,0,0,0,0,0,0,0,0,0,0,0,0,0,0,0,0,0,0,0,0,0,0,0,0,0,0,0,0,0,0,0,0,0,0,0,0,0,0,0,0,0,0,0,0,0,0,0,0,0,0,0,0,0,0,0,0,0,0,0,0,0,0,0,0,0,0,0,0,0,0,0,0,0,0,0,0,0,0,0,0,0,0,0,0,0,0,0,0,0,0,0,0,0,0,0,0,0,0,0,0,0,0,0,0,0,0,0,0,0,0,0,0,0,0,0,0,0,0,0,0,0,0,0,0,0,0,0,0,0,0,0,0,0,0,0
es024,0,0,0,0,0,0,0,0,0,0,0,0,0,0.013166894664842683,0,0.026333789329685366,0,0.013166894664842683,0,0.013166894664842683,0,0.013166894664842683,0,0.013166894664842683,0,0.013166894664842683,0,0.013166894664842683,0,0.013166894664842683,0,0.013166894664842683,0,0.013166894664842683,0,0.02350034664003676,0,0.013166894664842683,0,0,0,0,0,0,0,0,0,0,0,0,0,0,0,0,0,0,0,0,0,0,0,0,0,0,0,0,0,0,0,0,0,0,0,0,0,0,0,0,0,0,0,0,0,0,0,0,0,0,0,0,0,0,0,0,0,0,0,0,0,0,0,0,0,0,0,0,0,0,0,0,0,0,0,0,0,0,0,0,0,0,0,0,0,0,0,0,0,0,0,0,0,0,0,0,0,0,0,0,0,0,0,0,0,0,0,0,0,0,0,0,0,0,0,0,0,0,0,0,0,0,0,0,0,0,0,0,0,0,0,0,0,0,0,0,0
es025,0,0,0,0,0,0,0,0,0,0,0,0,0.012152777777777778,0,0.012152777777777778,0,0.024305555555555556,0,0.012152777777777778,0,0.012152777777777778,0,0.012152777777777778,0,0.012152777777777778,0,0.012152777777777778,0,0.012152777777777778,0,0.012152777777777778,0,0.012152777777777778,0,0.021979195640007207,0,0.012152777777777778,0,0,0,0,0,0,0,0,0,0,0,0,0,0,0,0,0,0,0,0,0,0,0,0,0,0,0,0,0,0,0,0,0,0,0,0,0,0,0,0,0,0,0,0,0,0,0,0,0,0,0,0,0,0,0,0,0,0,0,0,0,0,0,0,0,0,0,0,0,0,0,0,0,0,0,0,0,0,0,0,0,0,0,0,0,0,0,0,0,0,0,0,0,0,0,0,0,0,0,0,0,0,0,0,0,0,0,0,0,0,0,0,0,0,0,0,0,0,0,0,0,0,0,0,0,0,0,0,0,0,0,0,0,0,0,0,0,0
es026,0,0,0,0,0,0,0,0,0,0,0,0,0,0.013166894664842683,0,0.013166894664842683,0,0.026333789329685366,0,0.013166894664842683,0,0.013166894664842683,0,0.013166894664842683,0,0.013166894664842683,0,0.013166894664842683,0,0.013166894664842683,0,0.013166894664842683,0,0.013166894664842683,0,0.02350034664003676,0,0.013166894664842683,0,0,0,0,0,0,0,0,0,0,0,0,0,0,0,0,0,0,0,0,0,0,0,0,0,0,0,0,0,0,0,0,0,0,0,0,0,0,0,0,0,0,0,0,0,0,0,0,0,0,0,0,0,0,0,0,0,0,0,0,0,0,0,0,0,0,0,0,0,0,0,0,0,0,0,0,0,0,0,0,0,0,0,0,0,0,0,0,0,0,0,0,0,0,0,0,0,0,0,0,0,0,0,0,0,0,0,0,0,0,0,0,0,0,0,0,0,0,0,0,0,0,0,0,0,0,0,0,0,0,0,0,0,0,0,0,0
es027,0,0,0,0,0,0,0,0,0,0,0,0,0.012152777777777778,0,0.012152777777777778,0,0.012152777777777778,0,0.024305555555555556,0,0.012152777777777778,0,0.012152777777777778,0,0.012152777777777778,0,0.012152777777777778,0,0.012152777777777778,0,0.012152777777777778,0,0.012152777777777778,0,0.021979195640007207,0,0.012152777777777778,0,0,0,0,0,0,0,0,0,0,0,0,0,0,0,0,0,0,0,0,0,0,0,0,0,0,0,0,0,0,0,0,0,0,0,0,0,0,0,0,0,0,0,0,0,0,0,0,0,0,0,0,0,0,0,0,0,0,0,0,0,0,0,0,0,0,0,0,0,0,0,0,0,0,0,0,0,0,0,0,0,0,0,0,0,0,0,0,0,0,0,0,0,0,0,0,0,0,0,0,0,0,0,0,0,0,0,0,0,0,0,0,0,0,0,0,0,0,0,0,0,0,0,0,0,0,0,0,0,0,0,0,0,0,0,0,0,0
es028,0,0,0,0,0,0,0,0,0,0,0,0,0,0.013166894664842683,0,0.013166894664842683,0,0.013166894664842683,0,0.026333789329685366,0,0.013166894664842683,0,0.013166894664842683,0,0.013166894664842683,0,0.013166894664842683,0,0.013166894664842683,0,0.013166894664842683,0,0.013166894664842683,0,0.02350034664003676,0,0.013166894664842683,0,0,0,0,0,0,0,0,0,0,0,0,0,0,0,0,0,0,0,0,0,0,0,0,0,0,0,0,0,0,0,0,0,0,0,0,0,0,0,0,0,0,0,0,0,0,0,0,0,0,0,0,0,0,0,0,0,0,0,0,0,0,0,0,0,0,0,0,0,0,0,0,0,0,0,0,0,0,0,0,0,0,0,0,0,0,0,0,0,0,0,0,0,0,0,0,0,0,0,0,0,0,0,0,0,0,0,0,0,0,0,0,0,0,0,0,0,0,0,0,0,0,0,0,0,0,0,0,0,0,0,0,0,0,0,0,0
es029,0,0,0,0,0,0,0,0,0,0,0,0,0.012152777777777778,0,0.012152777777777778,0,0.012152777777777778,0,0.012152777777777778,0,0.024305555555555556,0,0.012152777777777778,0,0.012152777777777778,0,0.012152777777777778,0,0.012152777777777778,0,0.012152777777777778,0,0.012152777777777778,0,0.021979195640007207,0,0.012152777777777778,0,0,0,0,0,0,0,0,0,0,0,0,0,0,0,0,0,0,0,0,0,0,0,0,0,0,0,0,0,0,0,0,0,0,0,0,0,0,0,0,0,0,0,0,0,0,0,0,0,0,0,0,0,0,0,0,0,0,0,0,0,0,0,0,0,0,0,0,0,0,0,0,0,0,0,0,0,0,0,0,0,0,0,0,0,0,0,0,0,0,0,0,0,0,0,0,0,0,0,0,0,0,0,0,0,0,0,0,0,0,0,0,0,0,0,0,0,0,0,0,0,0,0,0,0,0,0,0,0,0,0,0,0,0,0,0,0,0
es030,0,0,0,0,0,0,0,0,0,0,0,0,0,0.013166894664842683,0,0.013166894664842683,0,0.013166894664842683,0,0.013166894664842683,0,0.026333789329685366,0,0.013166894664842683,0,0.013166894664842683,0,0.013166894664842683,0,0.013166894664842683,0,0.013166894664842683,0,0.013166894664842683,0,0.02350034664003676,0,0.013166894664842683,0,0,0,0,0,0,0,0,0,0,0,0,0,0,0,0,0,0,0,0,0,0,0,0,0,0,0,0,0,0,0,0,0,0,0,0,0,0,0,0,0,0,0,0,0,0,0,0,0,0,0,0,0,0,0,0,0,0,0,0,0,0,0,0,0,0,0,0,0,0,0,0,0,0,0,0,0,0,0,0,0,0,0,0,0,0,0,0,0,0,0,0,0,0,0,0,0,0,0,0,0,0,0,0,0,0,0,0,0,0,0,0,0,0,0,0,0,0,0,0,0,0,0,0,0,0,0,0,0,0,0,0,0,0,0,0,0
es031,0,0,0,0,0,0,0,0,0,0,0,0,0.012152777777777778,0,0.012152777777777778,0,0.012152777777777778,0,0.012152777777777778,0,0.012152777777777778,0,0.024305555555555556,0,0.012152777777777778,0,0.012152777777777778,0,0.012152777777777778,0,0.012152777777777778,0,0.012152777777777778,0,0.021979195640007207,0,0.012152777777777778,0,0,0,0,0,0,0,0,0,0,0,0,0,0,0,0,0,0,0,0,0,0,0,0,0,0,0,0,0,0,0,0,0,0,0,0,0,0,0,0,0,0,0,0,0,0,0,0,0,0,0,0,0,0,0,0,0,0,0,0,0,0,0,0,0,0,0,0,0,0,0,0,0,0,0,0,0,0,0,0,0,0,0,0,0,0,0,0,0,0,0,0,0,0,0,0,0,0,0,0,0,0,0,0,0,0,0,0,0,0,0,0,0,0,0,0,0,0,0,0,0,0,0,0,0,0,0,0,0,0,0,0,0,0,0,0,0,0
es032,0,0,0,0,0,0,0,0,0,0,0,0,0,0.013166894664842683,0,0.013166894664842683,0,0.013166894664842683,0,0.013166894664842683,0,0.013166894664842683,0,0.026333789329685366,0,0.013166894664842683,0,0.013166894664842683,0,0.013166894664842683,0,0.013166894664842683,0,0.013166894664842683,0,0.02350034664003676,0,0.013166894664842683,0,0,0,0,0,0,0,0,0,0,0,0,0,0,0,0,0,0,0,0,0,0,0,0,0,0,0,0,0,0,0,0,0,0,0,0,0,0,0,0,0,0,0,0,0,0,0,0,0,0,0,0,0,0,0,0,0,0,0,0,0,0,0,0,0,0,0,0,0,0,0,0,0,0,0,0,0,0,0,0,0,0,0,0,0,0,0,0,0,0,0,0,0,0,0,0,0,0,0,0,0,0,0,0,0,0,0,0,0,0,0,0,0,0,0,0,0,0,0,0,0,0,0,0,0,0,0,0,0,0,0,0,0,0,0,0,0
es033,0,0,0,0,0,0,0,0,0,0,0,0,0.012152777777777778,0,0.012152777777777778,0,0.012152777777777778,0,0.012152777777777778,0,0.012152777777777778,0,0.012152777777777778,0,0.024305555555555556,0,0.012152777777777778,0,0.012152777777777778,0,0.012152777777777778,0,0.012152777777777778,0,0.021979195640007207,0,0.012152777777777778,0,0,0,0,0,0,0,0,0,0,0,0,0,0,0,0,0,0,0,0,0,0,0,0,0,0,0,0,0,0,0,0,0,0,0,0,0,0,0,0,0,0,0,0,0,0,0,0,0,0,0,0,0,0,0,0,0,0,0,0,0,0,0,0,0,0,0,0,0,0,0,0,0,0,0,0,0,0,0,0,0,0,0,0,0,0,0,0,0,0,0,0,0,0,0,0,0,0,0,0,0,0,0,0,0,0,0,0,0,0,0,0,0,0,0,0,0,0,0,0,0,0,0,0,0,0,0,0,0,0,0,0,0,0,0,0,0,0
es034,0,0,0,0,0,0,0,0,0,0,0,0,0,0.013166894664842683,0,0.013166894664842683,0,0.013166894664842683,0,0.013166894664842683,0,0.013166894664842683,0,0.013166894664842683,0,0.026333789329685366,0,0.013166894664842683,0,0.013166894664842683,0,0.013166894664842683,0,0.013166894664842683,0,0.02350034664003676,0,0.013166894664842683,0,0,0,0,0,0,0,0,0,0,0,0,0,0,0,0,0,0,0,0,0,0,0,0,0,0,0,0,0,0,0,0,0,0,0,0,0,0,0,0,0,0,0,0,0,0,0,0,0,0,0,0,0,0,0,0,0,0,0,0,0,0,0,0,0,0,0,0,0,0,0,0,0,0,0,0,0,0,0,0,0,0,0,0,0,0,0,0,0,0,0,0,0,0,0,0,0,0,0,0,0,0,0,0,0,0,0,0,0,0,0,0,0,0,0,0,0,0,0,0,0,0,0,0,0,0,0,0,0,0,0,0,0,0,0,0,0
es035,0,0,0,0,0,0,0,0,0,0,0,0,0.012152777777777778,0,0.012152777777777778,0,0.012152777777777778,0,0.012152777777777778,0,0.012152777777777778,0,0.012152777777777778,0,0.012152777777777778,0,0.024305555555555556,0,0.012152777777777778,0,0.012152777777777778,0,0.012152777777777778,0,0.021979195640007207,0,0.012152777777777778,0,0,0,0,0,0,0,0,0,0,0,0,0,0,0,0,0,0,0,0,0,0,0,0,0,0,0,0,0,0,0,0,0,0,0,0,0,0,0,0,0,0,0,0,0,0,0,0,0,0,0,0,0,0,0,0,0,0,0,0,0,0,0,0,0,0,0,0,0,0,0,0,0,0,0,0,0,0,0,0,0,0,0,0,0,0,0,0,0,0,0,0,0,0,0,0,0,0,0,0,0,0,0,0,0,0,0,0,0,0,0,0,0,0,0,0,0,0,0,0,0,0,0,0,0,0,0,0,0,0,0,0,0,0,0,0,0,0
es036,0,0,0,0,0,0,0,0,0,0,0,0,0,0.013166894664842683,0,0.013166894664842683,0,0.013166894664842683,0,0.013166894664842683,0,0.013166894664842683,0,0.013166894664842683,0,0.013166894664842683,0,0.026333789329685366,0,0.013166894664842683,0,0.013166894664842683,0,0.013166894664842683,0,0.02350034664003676,0,0.013166894664842683,0,0,0,0,0,0,0,0,0,0,0,0,0,0,0,0,0,0,0,0,0,0,0,0,0,0,0,0,0,0,0,0,0,0,0,0,0,0,0,0,0,0,0,0,0,0,0,0,0,0,0,0,0,0,0,0,0,0,0,0,0,0,0,0,0,0,0,0,0,0,0,0,0,0,0,0,0,0,0,0,0,0,0,0,0,0,0,0,0,0,0,0,0,0,0,0,0,0,0,0,0,0,0,0,0,0,0,0,0,0,0,0,0,0,0,0,0,0,0,0,0,0,0,0,0,0,0,0,0,0,0,0,0,0,0,0,0
es037,0,0,0,0,0,0,0,0,0,0,0,0,0.012152777777777778,0,0.012152777777777778,0,0.012152777777777778,0,0.012152777777777778,0,0.012152777777777778,0,0.012152777777777778,0,0.012152777777777778,0,0.012152777777777778,0,0.024305555555555556,0,0.012152777777777778,0,0.012152777777777778,0,0.021979195640007207,0,0.012152777777777778,0,0,0,0,0,0,0,0,0,0,0,0,0,0,0,0,0,0,0,0,0,0,0,0,0,0,0,0,0,0,0,0,0,0,0,0,0,0,0,0,0,0,0,0,0,0,0,0,0,0,0,0,0,0,0,0,0,0,0,0,0,0,0,0,0,0,0,0,0,0,0,0,0,0,0,0,0,0,0,0,0,0,0,0,0,0,0,0,0,0,0,0,0,0,0,0,0,0,0,0,0,0,0,0,0,0,0,0,0,0,0,0,0,0,0,0,0,0,0,0,0,0,0,0,0,0,0,0,0,0,0,0,0,0,0,0,0,0
es038,0,0,0,0,0,0,0,0,0,0,0,0,0,0.013166894664842683,0,0.013166894664842683,0,0.013166894664842683,0,0.013166894664842683,0,0.013166894664842683,0,0.013166894664842683,0,0.013166894664842683,0,0.013166894664842683,0,0.026333789329685366,0,0.013166894664842683,0,0.013166894664842683,0,0.02350034664003676,0,0.013166894664842683,0,0,0,0,0,0,0,0,0,0,0,0,0,0,0,0,0,0,0,0,0,0,0,0,0,0,0,0,0,0,0,0,0,0,0,0,0,0,0,0,0,0,0,0,0,0,0,0,0,0,0,0,0,0,0,0,0,0,0,0,0,0,0,0,0,0,0,0,0,0,0,0,0,0,0,0,0,0,0,0,0,0,0,0,0,0,0,0,0,0,0,0,0,0,0,0,0,0,0,0,0,0,0,0,0,0,0,0,0,0,0,0,0,0,0,0,0,0,0,0,0,0,0,0,0,0,0,0,0,0,0,0,0,0,0,0,0
es039,0,0,0,0,0,0,0,0,0,0,0,0,0.012152777777777778,0,0.012152777777777778,0,0.012152777777777778,0,0.012152777777777778,0,0.012152777777777778,0,0.012152777777777778,0,0.012152777777777778,0,0.012152777777777778,0,0.012152777777777778,0,0.024305555555555556,0,0.012152777777777778,0,0.021979195640007207,0,0.012152777777777778,0,0,0,0,0,0,0,0,0,0,0,0,0,0,0,0,0,0,0,0,0,0,0,0,0,0,0,0,0,0,0,0,0,0,0,0,0,0,0,0,0,0,0,0,0,0,0,0,0,0,0,0,0,0,0,0,0,0,0,0,0,0,0,0,0,0,0,0,0,0,0,0,0,0,0,0,0,0,0,0,0,0,0,0,0,0,0,0,0,0,0,0,0,0,0,0,0,0,0,0,0,0,0,0,0,0,0,0,0,0,0,0,0,0,0,0,0,0,0,0,0,0,0,0,0,0,0,0,0,0,0,0,0,0,0,0,0,0
es040,0,0,0,0,0,0,0,0,0,0,0,0,0,0.013166894664842683,0,0.013166894664842683,0,0.013166894664842683,0,0.013166894664842683,0,0.013166894664842683,0,0.013166894664842683,0,0.013166894664842683,0,0.013166894664842683,0,0.013166894664842683,0,0.026333789329685366,0,0.013166894664842683,0,0.02350034664003676,0,0.013166894664842683,0,0,0,0,0,0,0,0,0,0,0,0,0,0,0,0,0,0,0,0,0,0,0,0,0,0,0,0,0,0,0,0,0,0,0,0,0,0,0,0,0,0,0,0,0,0,0,0,0,0,0,0,0,0,0,0,0,0,0,0,0,0,0,0,0,0,0,0,0,0,0,0,0,0,0,0,0,0,0,0,0,0,0,0,0,0,0,0,0,0,0,0,0,0,0,0,0,0,0,0,0,0,0,0,0,0,0,0,0,0,0,0,0,0,0,0,0,0,0,0,0,0,0,0,0,0,0,0,0,0,0,0,0,0,0,0,0
es041,0,0,0,0,0,0,0,0,0,0,0,0,0.012152777777777778,0,0.012152777777777778,0,0.012152777777777778,0,0.012152777777777778,0,0.012152777777777778,0,0.012152777777777778,0,0.012152777777777778,0,0.012152777777777778,0,0.012152777777777778,0,0.012152777777777778,0,0.024305555555555556,0,0.021979195640007207,0,0.012152777777777778,0,0,0,0,0,0,0,0,0,0,0,0,0,0,0,0,0,0,0,0,0,0,0,0,0,0,0,0,0,0,0,0,0,0,0,0,0,0,0,0,0,0,0,0,0,0,0,0,0,0,0,0,0,0,0,0,0,0,0,0,0,0,0,0,0,0,0,0,0,0,0,0,0,0,0,0,0,0,0,0,0,0,0,0,0,0,0,0,0,0,0,0,0,0,0,0,0,0,0,0,0,0,0,0,0,0,0,0,0,0,0,0,0,0,0,0,0,0,0,0,0,0,0,0,0,0,0,0,0,0,0,0,0,0,0,0,0,0
es042,0,0,0,0,0,0,0,0,0,0,0,0,0,0.013166894664842683,0,0.013166894664842683,0,0.013166894664842683,0,0.013166894664842683,0,0.013166894664842683,0,0.013166894664842683,0,0.013166894664842683,0,0.013166894664842683,0,0.013166894664842683,0,0.013166894664842683,0,0.026333789329685366,0,0.02350034664003676,0,0.013166894664842683,0,0,0,0,0,0,0,0,0,0,0,0,0,0,0,0,0,0,0,0,0,0,0,0,0,0,0,0,0,0,0,0,0,0,0,0,0,0,0,0,0,0,0,0,0,0,0,0,0,0,0,0,0,0,0,0,0,0,0,0,0,0,0,0,0,0,0,0,0,0,0,0,0,0,0,0,0,0,0,0,0,0,0,0,0,0,0,0,0,0,0,0,0,0,0,0,0,0,0,0,0,0,0,0,0,0,0,0,0,0,0,0,0,0,0,0,0,0,0,0,0,0,0,0,0,0,0,0,0,0,0,0,0,0,0,0,0
es043,0,0,0,0,0,0,0,0,0,0,0,0,0.02197919564000721,0,0.02197919564000721,0,0.02197919564000721,0,0.02197919564000721,0,0.02197919564000721,0,0.02197919564000721,0,0.02197919564000721,0,0.02197919564000721,0,0.02197919564000721,0,0.02197919564000721,0,0.02197919564000721,0,0.08012820512820513,0,0.02197919564000721,0,0,0,0,0,0,0,0,0,0,0,0,0,0,0,0,0,0,0,0,0,0,0,0,0,0,0,0,0,0,0,0,0,0,0,0,0,0,0,0,0,0,0,0,0,0,0,0,0,0,0,0,0,0,0,0,0,0,0,0,0,0,0,0,0,0,0,0,0,0,0,0,0,0,0,0,0,0,0,0,0,0,0,0,0,0,0,0,0,0,0,0,0,0,0,0,0,0,0,0,0,0,0,0,0,0,0,0,0,0,0,0,0,0,0,0,0,0,0,0,0,0,0,0,0,0,0,0,0,0,0,0,0,0,0,0,0,0
es044,0,0,0,0,0,0,0,0,0,0,0,0,0,0.02350034664003676,0,0.02350034664003676,0,0.02350034664003676,0,0.02350034664003676,0,0.02350034664003676,0,0.02350034664003676,0,0.02350034664003676,0,0.02350034664003676,0,0.02350034664003676,0,0.02350034664003676,0,0.02350034664003676,0,0.0839160839160839,0,0.02350034664003676,0,0,0,0,0,0,0,0,0,0,0,0,0,0,0,0,0,0,0,0,0,0,0,0,0,0,0,0,0,0,0,0,0,0,0,0,0,0,0,0,0,0,0,0,0,0,0,0,0,0,0,0,0,0,0,0,0,0,0,0,0,0,0,0,0,0,0,0,0,0,0,0,0,0,0,0,0,0,0,0,0,0,0,0,0,0,0,0,0,0,0,0,0,0,0,0,0,0,0,0,0,0,0,0,0,0,0,0,0,0,0,0,0,0,0,0,0,0,0,0,0,0,0,0,0,0,0,0,0,0,0,0,0,0,0,0,0
es045,0,0,0,0,0,0,0,0,0,0,0,0,0.012152777777777778,0,0.012152777777777778,0,0.012152777777777778,0,0.012152777777777778,0,0.012152777777777778,0,0.012152777777777778,0,0.012152777777777778,0,0.012152777777777778,0,0.012152777777777778,0,0.012152777777777778,0,0.012152777777777778,0,0.021979195640007207,0,0.024305555555555556,0,0,0,0,0,0,0,0,0,0,0,0,0,0,0,0,0,0,0,0,0,0,0,0,0,0,0,0,0,0,0,0,0,0,0,0,0,0,0,0,0,0,0,0,0,0,0,0,0,0,0,0,0,0,0,0,0,0,0,0,0,0,0,0,0,0,0,0,0,0,0,0,0,0,0,0,0,0,0,0,0,0,0,0,0,0,0,0,0,0,0,0,0,0,0,0,0,0,0,0,0,0,0,0,0,0,0,0,0,0,0,0,0,0,0,0,0,0,0,0,0,0,0,0,0,0,0,0,0,0,0,0,0,0,0,0,0,0
es046,0,0,0,0,0,0,0,0,0,0,0,0,0,0.013166894664842683,0,0.013166894664842683,0,0.013166894664842683,0,0.013166894664842683,0,0.013166894664842683,0,0.013166894664842683,0,0.013166894664842683,0,0.013166894664842683,0,0.013166894664842683,0,0.013166894664842683,0,0.013166894664842683,0,0.02350034664003676,0,0.026333789329685366,0,0,0,0,0,0,0,0,0,0,0,0,0,0,0,0,0,0,0,0,0,0,0,0,0,0,0,0,0,0,0,0,0,0,0,0,0,0,0,0,0,0,0,0,0,0,0,0,0,0,0,0,0,0,0,0,0,0,0,0,0,0,0,0,0,0,0,0,0,0,0,0,0,0,0,0,0,0,0,0,0,0,0,0,0,0,0,0,0,0,0,0,0,0,0,0,0,0,0,0,0,0,0,0,0,0,0,0,0,0,0,0,0,0,0,0,0,0,0,0,0,0,0,0,0,0,0,0,0,0,0,0,0,0,0,0,0
es047,0,0,0,0,0,0,0,0,0,0,0,0,0,0,0,0,0,0,0,0,0,0,0,0,0,0,0,0,0,0,0,0,0,0,0,0,0,0,0.06818181818181818,0.03409090909090909,0.03409090909090909,0.03409090909090909,0.03409090909090909,0.03409090909090909,0,0,0,0,0,0,0,0,0,0,0,0,0,0,0,0,0,0,0,0,0,0,0,0,0,0,0,0,0,0,0,0,0,0,0,0,0,0,0,0,0,0,0,0,0,0,0,0,0,0,0,0,0,0,0,0,0,0,0,0,0,0,0,0,0,0,0,0,0,0,0,0,0,0,0,0,0,0,0,0,0,0,0,0,0,0,0,0,0,0,0,0,0,0,0,0,0,0,0,0,0,0,0,0,0,0,0,0,0,0,0,0,0,0,0,0,0,0,0,0,0,0,0,0,0,0,0,0,0,0,0
es048,0,0,0,0,0,0,0,0,0,0,0,0,0,0,0,0,0,0,0,0,0,0,0,0,0,0,0,0,0,0,0,0,0,0,0,0,0,0,0.03409090909090909,0.06818181818181818,0.03409090909090909,0.03409090909090909,0.03409090909090909,0.03409090909090909,0,0,0,0,0,0,0,0,0,0,0,0,0,0,0,0,0,0,0,0,0,0,0,0,0,0,0,0,0,0,0,0,0,0,0,0,0,0,0,0,0,0,0,0,0,0,0,0,0,0,0,0,0,0,0,0,0,0,0,0,0,0,0,0,0,0,0,0,0,0,0,0,0,0,0,0,0,0,0,0,0,0,0,0,0,0,0,0,0,0,0,0,0,0,0,0,0,0,0,0,0,0,0,0,0,0,0,0,0,0,0,0,0,0,0,0,0,0,0,0,0,0,0,0,0,0,0,0,0,0,0
es049,0,0,0,0,0,0,0,0,0,0,0,0,0,0,0,0,0,0,0,0,0,0,0,0,0,0,0,0,0,0,0,0,0,0,0,0,0,0,0.03409090909090909,0.03409090909090909,0.06818181818181818,0.03409090909090909,0.03409090909090909,0.03409090909090909,0,0,0,0,0,0,0,0,0,0,0,0,0,0,0,0,0,0,0,0,0,0,0,0,0,0,0,0,0,0,0,0,0,0,0,0,0,0,0,0,0,0,0,0,0,0,0,0,0,0,0,0,0,0,0,0,0,0,0,0,0,0,0,0,0,0,0,0,0,0,0,0,0,0,0,0,0,0,0,0,0,0,0,0,0,0,0,0,0,0,0,0,0,0,0,0,0,0,0,0,0,0,0,0,0,0,0,0,0,0,0,0,0,0,0,0,0,0,0,0,0,0,0,0,0,0,0,0,0,0,0
es050,0,0,0,0,0,0,0,0,0,0,0,0,0,0,0,0,0,0,0,0,0,0,0,0,0,0,0,0,0,0,0,0,0,0,0,0,0,0,0.03409090909090909,0.03409090909090909,0.03409090909090909,0.06818181818181818,0.03409090909090909,0.03409090909090909,0,0,0,0,0,0,0,0,0,0,0,0,0,0,0,0,0,0,0,0,0,0,0,0,0,0,0,0,0,0,0,0,0,0,0,0,0,0,0,0,0,0,0,0,0,0,0,0,0,0,0,0,0,0,0,0,0,0,0,0,0,0,0,0,0,0,0,0,0,0,0,0,0,0,0,0,0,0,0,0,0,0,0,0,0,0,0,0,0,0,0,0,0,0,0,0,0,0,0,0,0,0,0,0,0,0,0,0,0,0,0,0,0,0,0,0,0,0,0,0,0,0,0,0,0,0,0,0,0,0,0
es051,0,0,0,0,0,0,0,0,0,0,0,0,0,0,0,0,0,0,0,0,0,0,0,0,0,0,0,0,0,0,0,0,0,0,0,0,0,0,0.03409090909090909,0.03409090909090909,0.03409090909090909,0.03409090909090909,0.06818181818181818,0.03409090909090909,0,0,0,0,0,0,0,0,0,0,0,0,0,0,0,0,0,0,0,0,0,0,0,0,0,0,0,0,0,0,0,0,0,0,0,0,0,0,0,0,0,0,0,0,0,0,0,0,0,0,0,0,0,0,0,0,0,0,0,0,0,0,0,0,0,0,0,0,0,0,0,0,0,0,0,0,0,0,0,0,0,0,0,0,0,0,0,0,0,0,0,0,0,0,0,0,0,0,0,0,0,0,0,0,0,0,0,0,0,0,0,0,0,0,0,0,0,0,0,0,0,0,0,0,0,0,0,0,0,0,0
es052,0,0,0,0,0,0,0,0,0,0,0,0,0,0,0,0,0,0,0,0,0,0,0,0,0,0,0,0,0,0,0,0,0,0,0,0,0,0,0.03409090909090909,0.03409090909090909,0.03409090909090909,0.03409090909090909,0.03409090909090909,0.06818181818181818,0,0,0,0,0,0,0,0,0,0,0,0,0,0,0,0,0,0,0,0,0,0,0,0,0,0,0,0,0,0,0,0,0,0,0,0,0,0,0,0,0,0,0,0,0,0,0,0,0,0,0,0,0,0,0,0,0,0,0,0,0,0,0,0,0,0,0,0,0,0,0,0,0,0,0,0,0,0,0,0,0,0,0,0,0,0,0,0,0,0,0,0,0,0,0,0,0,0,0,0,0,0,0,0,0,0,0,0,0,0,0,0,0,0,0,0,0,0,0,0,0,0,0,0,0,0,0,0,0,0,0
es053,0,0,0,0,0,0,0,0,0,0,0,0,0,0,0,0,0,0,0,0,0,0,0,0,0,0,0,0,0,0,0,0,0,0,0,0,0,0,0,0,0,0,0,0,0.09401709401709403,0.04700854700854702,0.04700854700854702,0.04700854700854702,0.04700854700854702,0,0,0,0,0,0,0,0,0,0,0,0,0,0,0,0,0,0,0,0,0,0,0,0,0,0,0,0,0,0,0,0,0,0,0,0,0,0,0,0,0,0,0,0,0,0,0,0,0,0,0,0,0,0,0,0,0,0,0,0,0,0,0,0,0,0,0,0,0,0,0,0,0,0,0,0,0,0,0,0,0,0,0,0,0,0,0,0,0,0,0,0,0,0,0,0,0,0,0,0,0,0,0,0,0,0,0,0,0,0,0,0,0,0,0,0,0,0,0,0,0,0,0,0,0,0
es054,0,0,0,0,0,0,0,0,0,0,0,0,0,0,0,0,0,0,0,0,0,0,0,0,0,0,0,0,0,0,0,0,0,0,0,0,0,0,0,0,0,0,0,0,0.04700854700854702,0.09401709401709404,0.04700854700854702,0.04700854700854702,0.04700854700854702,0,0,0,0,0,0,0,0,0,0,0,0,0,0,0,0,0,0,0,0,0,0,0,0,0,0,0,0,0,0,0,0,0,0,0,0,0,0,0,0,0,0,0,0,0,0,0,0,0,0,0,0,0,0,0,0,0,0,0,0,0,0,0,0,0,0,0,0,0,0,0,0,0,0,0,0,0,0,0,0,0,0,0,0,0,0,0,0,0,0,0,0,0,0,0,0,0,0,0,0,0,0,0,0,0,0,0,0,0,0,0,0,0,0,0,0,0,0,0,0,0,0,0,0,0,0
es055,0,0,0,0,0,0,0,0,0,0,0,0,0,0,0,0,0,0,0,0,0,0,0,0,0,0,0,0,0,0,0,0,0,0,0,0,0,0,0,0,0,0,0,0,0.04700854700854702,0.04700854700854702,0.09401709401709404,0.04700854700854702,0.04700854700854702,0,0,0,0,0,0,0,0,0,0,0,0,0,0,0,0,0,0,0,0,0,0,0,0,0,0,0,0,0,0,0,0,0,0,0,0,0,0,0,0,0,0,0,0,0,0,0,0,0,0,0,0,0,0,0,0,0,0,0,0,0,0,0,0,0,0,0,0,0,0,0,0,0,0,0,0,0,0,0,0,0,0,0,0,0,0,0,0,0,0,0,0,0,0,0,0,0,0,0,0,0,0,0,0,0,0,0,0,0,0,0,0,0,0,0,0,0,0,0,0,0,0,0,0,0,0
es056,0,0,0,0,0,0,0,0,0,0,0,0,0,0,0,0,0,0,0,0,0,0,0,0,0,0,0,0,0,0,0,0,0,0,0,0,0,0,0,0,0,0,0,0,0.04700854700854702,0.04700854700854702,0.04700854700854702,0.09401709401709404,0.04700854700854702,0,0,0,0,0,0,0,0,0,0,0,0,0,0,0,0,0,0,0,0,0,0,0,0,0,0,0,0,0,0,0,0,0,0,0,0,0,0,0,0,0,0,0,0,0,0,0,0,0,0,0,0,0,0,0,0,0,0,0,0,0,0,0,0,0,0,0,0,0,0,0,0,0,0,0,0,0,0,0,0,0,0,0,0,0,0,0,0,0,0,0,0,0,0,0,0,0,0,0,0,0,0,0,0,0,0,0,0,0,0,0,0,0,0,0,0,0,0,0,0,0,0,0,0,0,0
es057,0,0,0,0,0,0,0,0,0,0,0,0,0,0,0,0,0,0,0,0,0,0,0,0,0,0,0,0,0,0,0,0,0,0,0,0,0,0,0,0,0,0,0,0,0.04700854700854702,0.04700854700854702,0.04700854700854702,0.04700854700854702,0.09401709401709404,0,0,0,0,0,0,0,0,0,0,0,0,0,0,0,0,0,0,0,0,0,0,0,0,0,0,0,0,0,0,0,0,0,0,0,0,0,0,0,0,0,0,0,0,0,0,0,0,0,0,0,0,0,0,0,0,0,0,0,0,0,0,0,0,0,0,0,0,0,0,0,0,0,0,0,0,0,0,0,0,0,0,0,0,0,0,0,0,0,0,0,0,0,0,0,0,0,0,0,0,0,0,0,0,0,0,0,0,0,0,0,0,0,0,0,0,0,0,0,0,0,0,0,0,0,0
es062,0,0,0,0,0,0,0,0,0,0,0,0,0,0,0,0,0,0,0,0,0,0,0,0,0,0,0,0,0,0,0,0,0,0,0,0,0,0,0,0,0,0,0,0,0,0,0,0,0,0.25,0,0,0,0,0,0,0,0,0,0,0,0,0,0,0,0,0,0,0,0,0,0,0,0,0,0,0,0,0,0,0,0,0,0,0,0,0,0,0,0,0,0,0,0,0,0,0,0,0,0,0,0,0,0,0,0,0,0,0,0,0,0,0,0,0,0,0,0,0,0,0,0,0,0,0,0,0,0,0,0,0,0,0,0,0,0,0,0,0,0,0,0,0,0,0,0,0,0,0,0,0,0,0,0,0,0,0,0,0,0,0,0,0,0,0,0,0,0,0,0,0,0,0,0,0
es063,0,0,0,0,0,0,0,0,0,0,0,0,0,0,0,0,0,0,0,0,0,0,0,0,0,0,0,0,0,0,0,0,0,0,0,0,0,0,0,0,0,0,0,0,0,0,0,0,0,0,0.25,0,0,0,0,0,0,0,0,0,0,0,0,0,0,0,0,0,0,0,0,0,0,0,0,0,0,0,0,0,0,0,0,0,0,0,0,0,0,0,0,0,0,0,0,0,0,0,0,0,0,0,0,0,0,0,0,0,0,0,0,0,0,0,0,0,0,0,0,0,0,0,0,0,0,0,0,0,0,0,0,0,0,0,0,0,0,0,0,0,0,0,0,0,0,0,0,0,0,0,0,0,0,0,0,0,0,0,0,0,0,0,0,0,0,0,0,0,0,0,0,0,0,0,0
es064,0,0,0,0,0,0,0,0,0,0,0,0,0,0,0,0,0,0,0,0,0,0,0,0,0,0,0,0,0,0,0,0,0,0,0,0,0,0,0,0,0,0,0,0,0,0,0,0,0,0,0,0.11805555555555555,0.059027777777777776,0.059027777777777776,0.059027777777777776,0.059027777777777776,0.059027777777777776,0.059027777777777776,0.059027777777777776,0,0,0,0,0,0,0,0,0,0,0,0,0,0,0,0,0,0,0,0,0,0,0,0,0,0,0,0,0,0,0,0,0,0,0,0,0,0,0,0,0,0,0,0,0,0,0,0,0,0,0,0,0,0,0,0,0,0,0,0,0,0,0,0,0,0,0,0,0,0,0,0,0,0,0,0,0,0,0,0,0,0,0,0,0,0,0,0,0,0,0,0,0,0,0,0,0,0,0,0,0,0,0,0,0,0,0,0,0,0,0,0,0,0,0,0
es065,0,0,0,0,0,0,0,0,0,0,0,0,0,0,0,0,0,0,0,0,0,0,0,0,0,0,0,0,0,0,0,0,0,0,0,0,0,0,0,0,0,0,0,0,0,0,0,0,0,0,0,0.059027777777777776,0.11805555555555555,0.059027777777777776,0.059027777777777776,0.059027777777777776,0.059027777777777776,0.059027777777777776,0.059027777777777776,0,0,0,0,0,0,0,0,0,0,0,0,0,0,0,0,0,0,0,0,0,0,0,0,0,0,0,0,0,0,0,0,0,0,0,0,0,0,0,0,0,0,0,0,0,0,0,0,0,0,0,0,0,0,0,0,0,0,0,0,0,0,0,0,0,0,0,0,0,0,0,0,0,0,0,0,0,0,0,0,0,0,0,0,0,0,0,0,0,0,0,0,0,0,0,0,0,0,0,0,0,0,0,0,0,0,0,0,0,0,0,0,0,0,0,0
es066,0,0,0,0,0,0,0,0,0,0,0,0,0,0,0,0,0,0,0,0,0,0,0,0,0,0,0,0,0,0,0,0,0,0,0,0,0,0,0,0,0,0,0,0,0,0,0,0,0,0,0,0.059027777777777776,0.059027777777777776,0.11805555555555555,0.059027777777777776,0.059027777777777776,0.059027777777777776,0.059027777777777776,0.059027777777777776,0,0,0,0,0,0,0,0,0,0,0,0,0,0,0,0,0,0,0,0,0,0,0,0,0,0,0,0,0,0,0,0,0,0,0,0,0,0,0,0,0,0,0,0,0,0,0,0,0,0,0,0,0,0,0,0,0,0,0,0,0,0,0,0,0,0,0,0,0,0,0,0,0,0,0,0,0,0,0,0,0,0,0,0,0,0,0,0,0,0,0,0,0,0,0,0,0,0,0,0,0,0,0,0,0,0,0,0,0,0,0,0,0,0,0,0
es067,0,0,0,0,0,0,0,0,0,0,0,0,0,0,0,0,0,0,0,0,0,0,0,0,0,0,0,0,0,0,0,0,0,0,0,0,0,0,0,0,0,0,0,0,0,0,0,0,0,0,0,0.059027777777777776,0.059027777777777776,0.059027777777777776,0.11805555555555555,0.059027777777777776,0.059027777777777776,0.059027777777777776,0.059027777777777776,0,0,0,0,0,0,0,0,0,0,0,0,0,0,0,0,0,0,0,0,0,0,0,0,0,0,0,0,0,0,0,0,0,0,0,0,0,0,0,0,0,0,0,0,0,0,0,0,0,0,0,0,0,0,0,0,0,0,0,0,0,0,0,0,0,0,0,0,0,0,0,0,0,0,0,0,0,0,0,0,0,0,0,0,0,0,0,0,0,0,0,0,0,0,0,0,0,0,0,0,0,0,0,0,0,0,0,0,0,0,0,0,0,0,0,0
es068,0,0,0,0,0,0,0,0,0,0,0,0,0,0,0,0,0,0,0,0,0,0,0,0,0,0,0,0,0,0,0,0,0,0,0,0,0,0,0,0,0,0,0,0,0,0,0,0,0,0,0,0.059027777777777776,0.059027777777777776,0.059027777777777776,0.059027777777777776,0.11805555555555555,0.059027777777777776,0.059027777777777776,0.059027777777777776,0,0,0,0,0,0,0,0,0,0,0,0,0,0,0,0,0,0,0,0,0,0,0,0,0,0,0,0,0,0,0,0,0,0,0,0,0,0,0,0,0,0,0,0,0,0,0,0,0,0,0,0,0,0,0,0,0,0,0,0,0,0,0,0,0,0,0,0,0,0,0,0,0,0,0,0,0,0,0,0,0,0,0,0,0,0,0,0,0,0,0,0,0,0,0,0,0,0,0,0,0,0,0,0,0,0,0,0,0,0,0,0,0,0,0,0
es069,0,0,0,0,0,0,0,0,0,0,0,0,0,0,0,0,0,0,0,0,0,0,0,0,0,0,0,0,0,0,0,0,0,0,0,0,0,0,0,0,0,0,0,0,0,0,0,0,0,0,0,0.059027777777777776,0.059027777777777776,0.059027777777777776,0.059027777777777776,0.059027777777777776,0.11805555555555555,0.059027777777777776,0.059027777777777776,0,0,0,0,0,0,0,0,0,0,0,0,0,0,0,0,0,0,0,0,0,0,0,0,0,0,0,0,0,0,0,0,0,0,0,0,0,0,0,0,0,0,0,0,0,0,0,0,0,0,0,0,0,0,0,0,0,0,0,0,0,0,0,0,0,0,0,0,0,0,0,0,0,0,0,0,0,0,0,0,0,0,0,0,0,0,0,0,0,0,0,0,0,0,0,0,0,0,0,0,0,0,0,0,0,0,0,0,0,0,0,0,0,0,0,0
es070,0,0,0,0,0,0,0,0,0,0,0,0,0,0,0,0,0,0,0,0,0,0,0,0,0,0,0,0,0,0,0,0,0,0,0,0,0,0,0,0,0,0,0,0,0,0,0,0,0,0,0,0.059027777777777776,0.059027777777777776,0.059027777777777776,0.059027777777777776,0.059027777777777776,0.059027777777777776,0.11805555555555555,0.059027777777777776,0,0,0,0,0,0,0,0,0,0,0,0,0,0,0,0,0,0,0,0,0,0,0,0,0,0,0,0,0,0,0,0,0,0,0,0,0,0,0,0,0,0,0,0,0,0,0,0,0,0,0,0,0,0,0,0,0,0,0,0,0,0,0,0,0,0,0,0,0,0,0,0,0,0,0,0,0,0,0,0,0,0,0,0,0,0,0,0,0,0,0,0,0,0,0,0,0,0,0,0,0,0,0,0,0,0,0,0,0,0,0,0,0,0,0,0
es071,0,0,0,0,0,0,0,0,0,0,0,0,0,0,0,0,0,0,0,0,0,0,0,0,0,0,0,0,0,0,0,0,0,0,0,0,0,0,0,0,0,0,0,0,0,0,0,0,0,0,0,0.059027777777777776,0.059027777777777776,0.059027777777777776,0.059027777777777776,0.059027777777777776,0.059027777777777776,0.059027777777777776,0.11805555555555555,0,0,0,0,0,0,0,0,0,0,0,0,0,0,0,0,0,0,0,0,0,0,0,0,0,0,0,0,0,0,0,0,0,0,0,0,0,0,0,0,0,0,0,0,0,0,0,0,0,0,0,0,0,0,0,0,0,0,0,0,0,0,0,0,0,0,0,0,0,0,0,0,0,0,0,0,0,0,0,0,0,0,0,0,0,0,0,0,0,0,0,0,0,0,0,0,0,0,0,0,0,0,0,0,0,0,0,0,0,0,0,0,0,0,0,0
es072,0,0,0,0,0,0,0,0,0,0,0,0,0,0,0,0,0,0,0,0,0,0,0,0,0,0,0,0,0,0,0,0,0,0,0,0,0,0,0,0,0,0,0,0,0,0,0,0,0,0,0,0,0,0,0,0,0,0,0,0.02277039848197343,0.011385199240986714,0,0,0,0,0,0,0,0,0,0,0,0,0,0,0,0,0,0,0,0,0,0,0,0,0,0,0,0,0,0,0,0,0,0,0,0,0,0,0,0,0,0,0,0,0,0,0,0,0,0,0,0,0,0,0,0,0,0,0,0,0,0,0,0,0,0,0,0,0,0,0,0,0,0,0,0,0,0,0,0,0,0,0,0,0,0,0,0,0,0,0,0,0,0,0,0,0,0,0,0,0,0,0,0,0,0,0,0,0,0,0,0,0,0
es073,0,0,0,0,0,0,0,0,0,0,0,0,0,0,0,0,0,0,0,0,0,0,0,0,0,0,0,0,0,0,0,0,0,0,0,0,0,0,0,0,0,0,0,0,0,0,0,0,0,0,0,0,0,0,0,0,0,0,0,0.011385199240986714,0.022770398481973427,0,0,0,0,0,0,0,0,0,0,0,0,0,0,0,0,0,0,0,0,0,0,0,0,0,0,0,0,0,0,0,0,0,0,0,0,0,0,0,0,0,0,0,0,0,0,0,0,0,0,0,0,0,0,0,0,0,0,0,0,0,0,0,0,0,0,0,0,0,0,0,0,0,0,0,0,0,0,0,0,0,0,0,0,0,0,0,0,0,0,0,0,0,0,0,0,0,0,0,0,0,0,0,0,0,0,0,0,0,0,0,0,0,0
es074,0,0,0,0,0,0,0,0,0,0,0,0,0,0,0,0,0,0,0,0,0,0,0,0,0,0,0,0,0,0,0,0,0,0,0,0,0,0,0,0,0,0,0,0,0,0,0,0,0,0,0,0,0,0,0,0,0,0,0,0,0,0.0486111111111111,0,0.02430555555555555,0,0.02430555555555555,0,0.02430555555555555,0,0.02430555555555555,0,0.02430555555555555,0,0,0,0,0,0,0,0,0,0,0,0,0,0,0,0,0,0,0,0,0,0,0,0,0,0,0,0,0,0,0,0,0,0,0,0,0,0,0,0,0,0,0,0,0,0,0,0,0,0,0,0,0,0,0,0,0,0,0,0,0,0,0,0,0,0,0,0,0,0,0,0,0,0,0,0,0,0,0,0,0,0,0,0,0,0,0,0,0,0,0,0,0,0,0,0,0,0,0,0,0,0,0
es075,0,0,0,0,0,0,0,0,0,0,0,0,0,0,0,0,0,0,0,0,0,0,0,0,0,0,0,0,0,0,0,0,0,0,0,0,0,0,0,0,0,0,0,0,0,0,0,0,0,0,0,0,0,0,0,0,0,0,0,0,0,0,0.052139037433155094,0,0.026069518716577547,0,0.026069518716577547,0,0.026069518716577547,0,0.026069518716577547,0,0.026069518716577547,0,0,0,0,0,0,0,0,0,0,0,0,0,0,0,0,0,0,0,0,0,0,0,0,0,0,0,0,0,0,0,0,0,0,0,0,0,0,0,0,0,0,0,0,0,0,0,0,0,0,0,0,0,0,0,0,0,0,0,0,0,0,0,0,0,0,0,0,0,0,0,0,0,0,0,0,0,0,0,0,0,0,0,0,0,0,0,0,0,0,0,0,0,0,0,0,0,0,0,0,0,0
es076,0,0,0,0,0,0,0,0,0,0,0,0,0,0,0,0,0,0,0,0,0,0,0,0,0,0,0,0,0,0,0,0,0,0,0,0,0,0,0,0,0,0,0,0,0,0,0,0,0,0,0,0,0,0,0,0,0,0,0,0,0,0.02430555555555555,0,0.0486111111111111,0,0.02430555555555555,0,0.02430555555555555,0,0.02430555555555555,0,0.02430555555555555,0,0,0,0,0,0,0,0,0,0,0,0,0,0,0,0,0,0,0,0,0,0,0,0,0,0,0,0,0,0,0,0,0,0,0,0,0,0,0,0,0,0,0,0,0,0,0,0,0,0,0,0,0,0,0,0,0,0,0,0,0,0,0,0,0,0,0,0,0,0,0,0,0,0,0,0,0,0,0,0,0,0,0,0,0,0,0,0,0,0,0,0,0,0,0,0,0,0,0,0,0,0,0
es077,0,0,0,0,0,0,0,0,0,0,0,0,0,0,0,0,0,0,0,0,0,0,0,0,0,0,0,0,0,0,0,0,0,0,0,0,0,0,0,0,0,0,0,0,0,0,0,0,0,0,0,0,0,0,0,0,0,0,0,0,0,0,0.026069518716577547,0,0.052139037433155094,0,0.026069518716577547,0,0.026069518716577547,0,0.026069518716577547,0,0.026069518716577547,0,0,0,0,0,0,0,0,0,0,0,0,0,0,0,0,0,0,0,0,0,0,0,0,0,0,0,0,0,0,0,0,0,0,0,0,0,0,0,0,0,0,0,0,0,0,0,0,0,0,0,0,0,0,0,0,0,0,0,0,0,0,0,0,0,0,0,0,0,0,0,0,0,0,0,0,0,0,0,0,0,0,0,0,0,0,0,0,0,0,0,0,0,0,0,0,0,0,0,0,0,0
es078,0,0,0,0,0,0,0,0,0,0,0,0,0,0,0,0,0,0,0,0,0,0,0,0,0,0,0,0,0,0,0,0,0,0,0,0,0,0,0,0,0,0,0,0,0,0,0,0,0,0,0,0,0,0,0,0,0,0,0,0,0,0.02430555555555555,0,0.02430555555555555,0,0.0486111111111111,0,0.02430555555555555,0,0.02430555555555555,0,0.02430555555555555,0,0,0,0,0,0,0,0,0,0,0,0,0,0,0,0,0,0,0,0,0,0,0,0,0,0,0,0,0,0,0,0,0,0,0,0,0,0,0,0,0,0,0,0,0,0,0,0,0,0,0,0,0,0,0,0,0,0,0,0,0,0,0,0,0,0,0,0,0,0,0,0,0,0,0,0,0,0,0,0,0,0,0,0,0,0,0,0,0,0,0,0,0,0,0,0,0,0,0,0,0,0,0
es079,0,0,0,0,0,0,0,0,0,0,0,0,0,0,0,0,0,0,0,0,0,0,0,0,0,0,0,0,0,0,0,0,0,0,0,0,0,0,0,0,0,0,0,0,0,0,0,0,0,0,0,0,0,0,0,0,0,0,0,0,0,0,0.026069518716577547,0,0.026069518716577547,0,0.052139037433155094,0,0.026069518716577547,0,0.026069518716577547,0,0.026069518716577547,0,0,0,0,0,0,0,0,0,0,0,0,0,0,0,0,0,0,0,0,0,0,0,0,0,0,0,0,0,0,0,0,0,0,0,0,0,0,0,0,0,0,0,0,0,0,0,0,0,0,0,0,0,0,0,0,0,0,0,0,0,0,0,0,0,0,0,0,0,0,0,0,0,0,0,0,0,0,0,0,0,0,0,0,0,0,0,0,0,0,0,0,0,0,0,0,0,0,0,0,0,0
es082,0,0,0,0,0,0,0,0,0,0,0,0,0,0,0,0,0,0,0,0,0,0,0,0,0,0,0,0,0,0,0,0,0,0,0,0,0,0,0,0,0,0,0,0,0,0,0,0,0,0,0,0,0,0,0,0,0,0,0,0,0,0.02430555555555555,0,0.02430555555555555,0,0.02430555555555555,0,0.0486111111111111,0,0.02430555555555555,0,0.02430555555555555,0,0,0,0,0,0,0,0,0,0,0,0,0,0,0,0,0,0,0,0,0,0,0,0,0,0,0,0,0,0,0,0,0,0,0,0,0,0,0,0,0,0,0,0,0,0,0,0,0,0,0,0,0,0,0,0,0,0,0,0,0,0,0,0,0,0,0,0,0,0,0,0,0,0,0,0,0,0,0,0,0,0,0,0,0,0,0,0,0,0,0,0,0,0,0,0,0,0,0,0,0,0,0
es083,0,0,0,0,0,0,0,0,0,0,0,0,0,0,0,0,0,0,0,0,0,0,0,0,0,0,0,0,0,0,0,0,0,0,0,0,0,0,0,0,0,0,0,0,0,0,0,0,0,0,0,0,0,0,0,0,0,0,0,0,0,0,0.026069518716577547,0,0.026069518716577547,0,0.026069518716577547,0,0.052139037433155094,0,0.026069518716577547,0,0.026069518716577547,0,0,0,0,0,0,0,0,0,0,0,0,0,0,0,0,0,0,0,0,0,0,0,0,0,0,0,0,0,0,0,0,0,0,0,0,0,0,0,0,0,0,0,0,0,0,0,0,0,0,0,0,0,0,0,0,0,0,0,0,0,0,0,0,0,0,0,0,0,0,0,0,0,0,0,0,0,0,0,0,0,0,0,0,0,0,0,0,0,0,0,0,0,0,0,0,0,0,0,0,0,0
es084,0,0,0,0,0,0,0,0,0,0,0,0,0,0,0,0,0,0,0,0,0,0,0,0,0,0,0,0,0,0,0,0,0,0,0,0,0,0,0,0,0,0,0,0,0,0,0,0,0,0,0,0,0,0,0,0,0,0,0,0,0,0.02430555555555555,0,0.02430555555555555,0,0.02430555555555555,0,0.02430555555555555,0,0.0486111111111111,0,0.02430555555555555,0,0,0,0,0,0,0,0,0,0,0,0,0,0,0,0,0,0,0,0,0,0,0,0,0,0,0,0,0,0,0,0,0,0,0,0,0,0,0,0,0,0,0,0,0,0,0,0,0,0,0,0,0,0,0,0,0,0,0,0,0,0,0,0,0,0,0,0,0,0,0,0,0,0,0,0,0,0,0,0,0,0,0,0,0,0,0,0,0,0,0,0,0,0,0,0,0,0,0,0,0,0,0
es085,0,0,0,0,0,0,0,0,0,0,0,0,0,0,0,0,0,0,0,0,0,0,0,0,0,0,0,0,0,0,0,0,0,0,0,0,0,0,0,0,0,0,0,0,0,0,0,0,0,0,0,0,0,0,0,0,0,0,0,0,0,0,0.026069518716577547,0,0.026069518716577547,0,0.026069518716577547,0,0.026069518716577547,0,0.052139037433155094,0,0.026069518716577547,0,0,0,0,0,0,0,0,0,0,0,0,0,0,0,0,0,0,0,0,0,0,0,0,0,0,0,0,0,0,0,0,0,0,0,0,0,0,0,0,0,0,0,0,0,0,0,0,0,0,0,0,0,0,0,0,0,0,0,0,0,0,0,0,0,0,0,0,0,0,0,0,0,0,0,0,0,0,0,0,0,0,0,0,0,0,0,0,0,0,0,0,0,0,0,0,0,0,0,0,0,0
es086,0,0,0,0,0,0,0,0,0,0,0,0,0,0,0,0,0,0,0,0,0,0,0,0,0,0,0,0,0,0,0,0,0,0,0,0,0,0,0,0,0,0,0,0,0,0,0,0,0,0,0,0,0,0,0,0,0,0,0,0,0,0.02430555555555555,0,0.02430555555555555,0,0.02430555555555555,0,0.02430555555555555,0,0.02430555555555555,0,0.0486111111111111,0,0,0,0,0,0,0,0,0,0,0,0,0,0,0,0,0,0,0,0,0,0,0,0,0,0,0,0,0,0,0,0,0,0,0,0,0,0,0,0,0,0,0,0,0,0,0,0,0,0,0,0,0,0,0,0,0,0,0,0,0,0,0,0,0,0,0,0,0,0,0,0,0,0,0,0,0,0,0,0,0,0,0,0,0,0,0,0,0,0,0,0,0,0,0,0,0,0,0,0,0,0,0
es087,0,0,0,0,0,0,0,0,0,0,0,0,0,0,0,0,0,0,0,0,0,0,0,0,0,0,0,0,0,0,0,0,0,0,0,0,0,0,0,0,0,0,0,0,0,0,0,0,0,0,0,0,0,0,0,0,0,0,0,0,0,0,0.026069518716577547,0,0.026069518716577547,0,0.026069518716577547,0,0.026069518716577547,0,0.026069518716577547,0,0.052139037433155094,0,0,0,0,0,0,0,0,0,0,0,0,0,0,0,0,0,0,0,0,0,0,0,0,0,0,0,0,0,0,0,0,0,0,0,0,0,0,0,0,0,0,0,0,0,0,0,0,0,0,0,0,0,0,0,0,0,0,0,0,0,0,0,0,0,0,0,0,0,0,0,0,0,0,0,0,0,0,0,0,0,0,0,0,0,0,0,0,0,0,0,0,0,0,0,0,0,0,0,0,0,0
es088,0,0,0,0,0,0,0,0,0,0,0,0,0,0,0,0,0,0,0,0,0,0,0,0,0,0,0,0,0,0,0,0,0,0,0,0,0,0,0,0,0,0,0,0,0,0,0,0,0,0,0,0,0,0,0,0,0,0,0,0,0,0,0,0,0,0,0,0,0,0,0,0,0,0.06666666666666665,0.03333333333333332,0.03333333333333332,0.03333333333333332,0.03333333333333332,0.03333333333333332,0,0,0,0,0,0,0,0,0,0,0,0,0,0,0,0,0,0,0,0,0,0,0,0,0,0,0,0,0,0,0,0,0,0,0,0,0,0,0,0,0,0,0,0,0,0,0,0,0,0,0,0,0,0,0,0,0,0,0,0,0,0,0,0,0,0,0,0,0,0,0,0,0,0,0,0,0,0,0,0,0,0,0,0,0,0,0,0,0,0,0,0,0,0,0,0
es089,0,0,0,0,0,0,0,0,0,0,0,0,0,0,0,0,0,0,0,0,0,0,0,0,0,0,0,0,0,0,0,0,0,0,0,0,0,0,0,0,0,0,0,0,0,0,0,0,0,0,0,0,0,0,0,0,0,0,0,0,0,0,0,0,0,0,0,0,0,0,0,0,0,0.03333333333333332,0.06666666666666664,0.03333333333333332,0.03333333333333332,0.03333333333333332,0.03333333333333332,0,0,0,0,0,0,0,0,0,0,0,0,0,0,0,0,0,0,0,0,0,0,0,0,0,0,0,0,0,0,0,0,0,0,0,0,0,0,0,0,0,0,0,0,0,0,0,0,0,0,0,0,0,0,0,0,0,0,0,0,0,0,0,0,0,0,0,0,0,0,0,0,0,0,0,0,0,0,0,0,0,0,0,0,0,0,0,0,0,0,0,0,0,0,0,0
es090,0,0,0,0,0,0,0,0,0,0,0,0,0,0,0,0,0,0,0,0,0,0,0,0,0,0,0,0,0,0,0,0,0,0,0,0,0,0,0,0,0,0,0,0,0,0,0,0,0,0,0,0,0,0,0,0,0,0,0,0,0,0,0,0,0,0,0,0,0,0,0,0,0,0.03333333333333332,0.03333333333333332,0.06666666666666664,0.03333333333333332,0.03333333333333332,0.03333333333333332,0,0,0,0,0,0,0,0,0,0,0,0,0,0,0,0,0,0,0,0,0,0,0,0,0,0,0,0,0,0,0,0,0,0,0,0,0,0,0,0,0,0,0,0,0,0,0,0,0,0,0,0,0,0,0,0,0,0,0,0,0,0,0,0,0,0,0,0,0,0,0,0,0,0,0,0,0,0,0,0,0,0,0,0,0,0,0,0,0,0,0,0,0,0,0,0
es091,0,0,0,0,0,0,0,0,0,0,0,0,0,0,0,0,0,0,0,0,0,0,0,0,0,0,0,0,0,0,0,0,0,0,0,0,0,0,0,0,0,0,0,0,0,0,0,0,0,0,0,0,0,0,0,0,0,0,0,0,0,0,0,0,0,0,0,0,0,0,0,0,0,0.03333333333333332,0.03333333333333332,0.03333333333333332,0.06666666666666664,0.03333333333333332,0.03333333333333332,0,0,0,0,0,0,0,0,0,0,0,0,0,0,0,0,0,0,0,0,0,0,0,0,0,0,0,0,0,0,0,0,0,0,0,0,0,0,0,0,0,0,0,0,0,0,0,0,0,0,0,0,0,0,0,0,0,0,0,0,0,0,0,0,0,0,0,0,0,0,0,0,0,0,0,0,0,0,0,0,0,0,0,0,0,0,0,0,0,0,0,0,0,0,0,0
es092,0,0,0,0,0,0,0,0,0,0,0,0,0,0,0,0,0,0,0,0,0,0,0,0,0,0,0,0,0,0,0,0,0,0,0,0,0,0,0,0,0,0,0,0,0,0,0,0,0,0,0,0,0,0,0,0,0,0,0,0,0,0,0,0,0,0,0,0,0,0,0,0,0,0.03333333333333332,0.03333333333333332,0.03333333333333332,0.03333333333333332,0.06666666666666664,0.03333333333333332,0,0,0,0,0,0,0,0,0,0,0,0,0,0,0,0,0,0,0,0,0,0,0,0,0,0,0,0,0,0,0,0,0,0,0,0,0,0,0,0,0,0,0,0,0,0,0,0,0,0,0,0,0,0,0,0,0,0,0,0,0,0,0,0,0,0,0,0,0,0,0,0,0,0,0,0,0,0,0,0,0,0,0,0,0,0,0,0,0,0,0,0,0,0,0,0
es093,0,0,0,0,0,0,0,0,0,0,0,0,0,0,0,0,0,0,0,0,0,0,0,0,0,0,0,0,0,0,0,0,0,0,0,0,0,0,0,0,0,0,0,0,0,0,0,0,0,0,0,0,0,0,0,0,0,0,0,0,0,0,0,0,0,0,0,0,0,0,0,0,0,0.03333333333333332,0.03333333333333332,0.03333333333333332,0.03333333333333332,0.03333333333333332,0.06666666666666664,0,0,0,0,0,0,0,0,0,0,0,0,0,0,0,0,0,0,0,0,0,0,0,0,0,0,0,0,0,0,0,0,0,0,0,0,0,0,0,0,0,0,0,0,0,0,0,0,0,0,0,0,0,0,0,0,0,0,0,0,0,0,0,0,0,0,0,0,0,0,0,0,0,0,0,0,0,0,0,0,0,0,0,0,0,0,0,0,0,0,0,0,0,0,0,0
es094,0,0,0,0,0,0,0,0,0,0,0,0,0,0,0,0,0,0,0,0,0,0,0,0,0,0,0,0,0,0,0,0,0,0,0,0,0,0,0,0,0,0,0,0,0,0,0,0,0,0,0,0,0,0,0,0,0,0,0,0,0,0,0,0,0,0,0,0,0,0,0,0,0,0,0,0,0,0,0,0.0394736842105263,0.009868421052631575,0.01973684210526315,0.009868421052631575,0.01973684210526315,0.009868421052631575,0.01973684210526315,0.009868421052631575,0.01973684210526315,0.009868421052631575,0.01973684210526315,0.009868421052631575,0.01973684210526315,0.009868421052631575,0.01973684210526315,0.009868421052631575,0.01973684210526315,0.009868421052631575,0.009868421052631575,0,0.009868421052631575,0,0.009868421052631575,0,0.009868421052631575,0,0.009868421052631575,0,0.009868421052631575,0,0.009868421052631575,0,0.009868421052631575,0,0.009868421052631575,0,0,0,0,0,0,0,0,0,0,0,0,0,0,0,0,0,0,0,0,0,0,0,0,0,0,0,0,0,0,0,0,0,0,0,0,0,0,0,0,0,0,0,0,0,0,0,0,0,0,0,0,0,0,0,0,0,0,0,0,0
es095,0,0,0,0,0,0,0,0,0,0,0,0,0,0,0,0,0,0,0,0,0,0,0,0,0,0,0,0,0,0,0,0,0,0,0,0,0,0,0,0,0,0,0,0,0,0,0,0,0,0,0,0,0,0,0,0,0,0,0,0,0,0,0,0,0,0,0,0,0,0,0,0,0,0,0,0,0,0,0,0.009868421052631575,0.0394736842105263,0.009868421052631575,0.01973684210526315,0.009868421052631575,0.01973684210526315,0.009868421052631575,0.01973684210526315,0.009868421052631575,0.01973684210526315,0.009868421052631575,0.01973684210526315,0.009868421052631575,0.01973684210526315,0.009868421052631575,0.01973684210526315,0.009868421052631575,0.01973684210526315,0,0.009868421052631575,0,0.009868421052631575,0,0.009868421052631575,0,0.009868421052631575,0,0.009868421052631575,0,0.009868421052631575,0,0.009868421052631575,0,0.009868421052631575,0,0.009868421052631575,0,0,0,0,0,0,0,0,0,0,0,0,0,0,0,0,0,0,0,0,0,0,0,0,0,0,0,0,0,0,0,0,0,0,0,0,0,0,0,0,0,0,0,0,0,0,0,0,0,0,0,0,0,0,0,0,0,0,0,0
es096,0,0,0,0,0,0,0,0,0,0,0,0,0,0,0,0,0,0,0,0,0,0,0,0,0,0,0,0,0,0,0,0,0,0,0,0,0,0,0,0,0,0,0,0,0,0,0,0,0,0,0,0,0,0,0,0,0,0,0,0,0,0,0,0,0,0,0,0,0,0,0,0,0,0,0,0,0,0,0,0.01973684210526315,0.009868421052631575,0.0394736842105263,0.009868421052631575,0.01973684210526315,0.009868421052631575,0.01973684210526315,0.009868421052631575,0.01973684210526315,0.009868421052631575,0.01973684210526315,0.009868421052631575,0.01973684210526315,0.009868421052631575,0.01973684210526315,0.009868421052631575,0.01973684210526315,0.009868421052631575,0.009868421052631575,0,0.009868421052631575,0,0.009868421052631575,0,0.009868421052631575,0,0.009868421052631575,0,0.009868421052631575,0,0.009868421052631575,0,0.009868421052631575,0,0.009868421052631575,0,0,0,0,0,0,0,0,0,0,0,0,0,0,0,0,0,0,0,0,0,0,0,0,0,0,0,0,0,0,0,0,0,0,0,0,0,0,0,0,0,0,0,0,0,0,0,0,0,0,0,0,0,0,0,0,0,0,0,0,0
es097,0,0,0,0,0,0,0,0,0,0,0,0,0,0,0,0,0,0,0,0,0,0,0,0,0,0,0,0,0,0,0,0,0,0,0,0,0,0,0,0,0,0,0,0,0,0,0,0,0,0,0,0,0,0,0,0,0,0,0,0,0,0,0,0,0,0,0,0,0,0,0,0,0,0,0,0,0,0,0,0.009868421052631575,0.01973684210526315,0.009868421052631575,0.0394736842105263,0.009868421052631575,0.01973684210526315,0.009868421052631575,0.01973684210526315,0.009868421052631575,0.01973684210526315,0.009868421052631575,0.01973684210526315,0.009868421052631575,0.01973684210526315,0.009868421052631575,0.01973684210526315,0.009868421052631575,0.01973684210526315,0,0.009868421052631575,0,0.009868421052631575,0,0.009868421052631575,0,0.009868421052631575,0,0.009868421052631575,0,0.009868421052631575,0,0.009868421052631575,0,0.009868421052631575,0,0.009868421052631575,0,0,0,0,0,0,0,0,0,0,0,0,0,0,0,0,0,0,0,0,0,0,0,0,0,0,0,0,0,0,0,0,0,0,0,0,0,0,0,0,0,0,0,0,0,0,0,0,0,0,0,0,0,0,0,0,0,0,0,0
es098,0,0,0,0,0,0,0,0,0,0,0,0,0,0,0,0,0,0,0,0,0,0,0,0,0,0,0,0,0,0,0,0,0,0,0,0,0,0,0,0,0,0,0,0,0,0,0,0,0,0,0,0,0,0,0,0,0,0,0,0,0,0,0,0,0,0,0,0,0,0,0,0,0,0,0,0,0,0,0,0.01973684210526315,0.009868421052631575,0.01973684210526315,0.009868421052631575,0.0394736842105263,0.009868421052631575,0.01973684210526315,0.009868421052631575,0.01973684210526315,0.009868421052631575,0.01973684210526315,0.009868421052631575,0.01973684210526315,0.009868421052631575,0.01973684210526315,0.009868421052631575,0.01973684210526315,0.009868421052631575,0.009868421052631575,0,0.009868421052631575,0,0.009868421052631575,0,0.009868421052631575,0,0.009868421052631575,0,0.009868421052631575,0,0.009868421052631575,0,0.009868421052631575,0,0.009868421052631575,0,0,0,0,0,0,0,0,0,0,0,0,0,0,0,0,0,0,0,0,0,0,0,0,0,0,0,0,0,0,0,0,0,0,0,0,0,0,0,0,0,0,0,0,0,0,0,0,0,0,0,0,0,0,0,0,0,0,0,0,0
es099,0,0,0,0,0,0,0,0,0,0,0,0,0,0,0,0,0,0,0,0,0,0,0,0,0,0,0,0,0,0,0,0,0,0,0,0,0,0,0,0,0,0,0,0,0,0,0,0,0,0,0,0,0,0,0,0,0,0,0,0,0,0,0,0,0,0,0,0,0,0,0,0,0,0,0,0,0,0,0,0.009868421052631575,0.01973684210526315,0.009868421052631575,0.01973684210526315,0.009868421052631575,0.0394736842105263,0.009868421052631575,0.01973684210526315,0.009868421052631575,0.01973684210526315,0.009868421052631575,0.01973684210526315,0.009868421052631575,0.01973684210526315,0.009868421052631575,0.01973684210526315,0.009868421052631575,0.01973684210526315,0,0.009868421052631575,0,0.009868421052631575,0,0.009868421052631575,0,0.009868421052631575,0,0.009868421052631575,0,0.009868421052631575,0,0.009868421052631575,0,0.009868421052631575,0,0.009868421052631575,0,0,0,0,0,0,0,0,0,0,0,0,0,0,0,0,0,0,0,0,0,0,0,0,0,0,0,0,0,0,0,0,0,0,0,0,0,0,0,0,0,0,0,0,0,0,0,0,0,0,0,0,0,0,0,0,0,0,0,0
es100,0,0,0,0,0,0,0,0,0,0,0,0,0,0,0,0,0,0,0,0,0,0,0,0,0,0,0,0,0,0,0,0,0,0,0,0,0,0,0,0,0,0,0,0,0,0,0,0,0,0,0,0,0,0,0,0,0,0,0,0,0,0,0,0,0,0,0,0,0,0,0,0,0,0,0,0,0,0,0,0.01973684210526315,0.009868421052631575,0.01973684210526315,0.009868421052631575,0.01973684210526315,0.009868421052631575,0.0394736842105263,0.009868421052631575,0.01973684210526315,0.009868421052631575,0.01973684210526315,0.009868421052631575,0.01973684210526315,0.009868421052631575,0.01973684210526315,0.009868421052631575,0.01973684210526315,0.009868421052631575,0.009868421052631575,0,0.009868421052631575,0,0.009868421052631575,0,0.009868421052631575,0,0.009868421052631575,0,0.009868421052631575,0,0.009868421052631575,0,0.009868421052631575,0,0.009868421052631575,0,0,0,0,0,0,0,0,0,0,0,0,0,0,0,0,0,0,0,0,0,0,0,0,0,0,0,0,0,0,0,0,0,0,0,0,0,0,0,0,0,0,0,0,0,0,0,0,0,0,0,0,0,0,0,0,0,0,0,0,0
es101,0,0,0,0,0,0,0,0,0,0,0,0,0,0,0,0,0,0,0,0,0,0,0,0,0,0,0,0,0,0,0,0,0,0,0,0,0,0,0,0,0,0,0,0,0,0,0,0,0,0,0,0,0,0,0,0,0,0,0,0,0,0,0,0,0,0,0,0,0,0,0,0,0,0,0,0,0,0,0,0.009868421052631575,0.01973684210526315,0.009868421052631575,0.01973684210526315,0.009868421052631575,0.01973684210526315,0.009868421052631575,0.0394736842105263,0.009868421052631575,0.01973684210526315,0.009868421052631575,0.01973684210526315,0.009868421052631575,0.01973684210526315,0.009868421052631575,0.01973684210526315,0.009868421052631575,0.01973684210526315,0,0.009868421052631575,0,0.009868421052631575,0,0.009868421052631575,0,0.009868421052631575,0,0.009868421052631575,0,0.009868421052631575,0,0.009868421052631575,0,0.009868421052631575,0,0.009868421052631575,0,0,0,0,0,0,0,0,0,0,0,0,0,0,0,0,0,0,0,0,0,0,0,0,0,0,0,0,0,0,0,0,0,0,0,0,0,0,0,0,0,0,0,0,0,0,0,0,0,0,0,0,0,0,0,0,0,0,0,0
es102,0,0,0,0,0,0,0,0,0,0,0,0,0,0,0,0,0,0,0,0,0,0,0,0,0,0,0,0,0,0,0,0,0,0,0,0,0,0,0,0,0,0,0,0,0,0,0,0,0,0,0,0,0,0,0,0,0,0,0,0,0,0,0,0,0,0,0,0,0,0,0,0,0,0,0,0,0,0,0,0.01973684210526315,0.009868421052631575,0.01973684210526315,0.009868421052631575,0.01973684210526315,0.009868421052631575,0.01973684210526315,0.009868421052631575,0.0394736842105263,0.009868421052631575,0.01973684210526315,0.009868421052631575,0.01973684210526315,0.009868421052631575,0.01973684210526315,0.009868421052631575,0.01973684210526315,0.009868421052631575,0.009868421052631575,0,0.009868421052631575,0,0.009868421052631575,0,0.009868421052631575,0,0.009868421052631575,0,0.009868421052631575,0,0.009868421052631575,0,0.009868421052631575,0,0.009868421052631575,0,0,0,0,0,0,0,0,0,0,0,0,0,0,0,0,0,0,0,0,0,0,0,0,0,0,0,0,0,0,0,0,0,0,0,0,0,0,0,0,0,0,0,0,0,0,0,0,0,0,0,0,0,0,0,0,0,0,0,0,0
es103,0,0,0,0,0,0,0,0,0,0,0,0,0,0,0,0,0,0,0,0,0,0,0,0,0,0,0,0,0,0,0,0,0,0,0,0,0,0,0,0,0,0,0,0,0,0,0,0,0,0,0,0,0,0,0,0,0,0,0,0,0,0,0,0,0,0,0,0,0,0,0,0,0,0,0,0,0,0,0,0.009868421052631575,0.01973684210526315,0.009868421052631575,0.01973684210526315,0.009868421052631575,0.01973684210526315,0.009868421052631575,0.01973684210526315,0.009868421052631575,0.0394736842105263,0.009868421052631575,0.01973684210526315,0.009868421052631575,0.01973684210526315,0.009868421052631575,0.01973684210526315,0.009868421052631575,0.01973684210526315,0,0.009868421052631575,0,0.009868421052631575,0,0.009868421052631575,0,0.009868421052631575,0,0.009868421052631575,0,0.009868421052631575,0,0.009868421052631575,0,0.009868421052631575,0,0.009868421052631575,0,0,0,0,0,0,0,0,0,0,0,0,0,0,0,0,0,0,0,0,0,0,0,0,0,0,0,0,0,0,0,0,0,0,0,0,0,0,0,0,0,0,0,0,0,0,0,0,0,0,0,0,0,0,0,0,0,0,0,0
es104,0,0,0,0,0,0,0,0,0,0,0,0,0,0,0,0,0,0,0,0,0,0,0,0,0,0,0,0,0,0,0,0,0,0,0,0,0,0,0,0,0,0,0,0,0,0,0,0,0,0,0,0,0,0,0,0,0,0,0,0,0,0,0,0,0,0,0,0,0,0,0,0,0,0,0,0,0,0,0,0.01973684210526315,0.009868421052631575,0.01973684210526315,0.009868421052631575,0.01973684210526315,0.009868421052631575,0.01973684210526315,0.009868421052631575,0.01973684210526315,0.009868421052631575,0.0394736842105263,0.009868421052631575,0.01973684210526315,0.009868421052631575,0.01973684210526315,0.009868421052631575,0.01973684210526315,0.009868421052631575,0.009868421052631575,0,0.009868421052631575,0,0.009868421052631575,0,0.009868421052631575,0,0.009868421052631575,0,0.009868421052631575,0,0.009868421052631575,0,0.009868421052631575,0,0.009868421052631575,0,0,0,0,0,0,0,0,0,0,0,0,0,0,0,0,0,0,0,0,0,0,0,0,0,0,0,0,0,0,0,0,0,0,0,0,0,0,0,0,0,0,0,0,0,0,0,0,0,0,0,0,0,0,0,0,0,0,0,0,0
es105,0,0,0,0,0,0,0,0,0,0,0,0,0,0,0,0,0,0,0,0,0,0,0,0,0,0,0,0,0,0,0,0,0,0,0,0,0,0,0,0,0,0,0,0,0,0,0,0,0,0,0,0,0,0,0,0,0,0,0,0,0,0,0,0,0,0,0,0,0,0,0,0,0,0,0,0,0,0,0,0.009868421052631575,0.01973684210526315,0.009868421052631575,0.01973684210526315,0.009868421052631575,0.01973684210526315,0.009868421052631575,0.01973684210526315,0.009868421052631575,0.01973684210526315,0.009868421052631575,0.0394736842105263,0.009868421052631575,0.01973684210526315,0.009868421052631575,0.01973684210526315,0.009868421052631575,0.01973684210526315,0,0.009868421052631575,0,0.009868421052631575,0,0.009868421052631575,0,0.009868421052631575,0,0.009868421052631575,0,0.009868421052631575,0,0.009868421052631575,0,0.009868421052631575,0,0.009868421052631575,0,0,0,0,0,0,0,0,0,0,0,0,0,0,0,0,0,0,0,0,0,0,0,0,0,0,0,0,0,0,0,0,0,0,0,0,0,0,0,0,0,0,0,0,0,0,0,0,0,0,0,0,0,0,0,0,0,0,0,0
es106,0,0,0,0,0,0,0,0,0,0,0,0,0,0,0,0,0,0,0,0,0,0,0,0,0,0,0,0,0,0,0,0,0,0,0,0,0,0,0,0,0,0,0,0,0,0,0,0,0,0,0,0,0,0,0,0,0,0,0,0,0,0,0,0,0,0,0,0,0,0,0,0,0,0,0,0,0,0,0,0.01973684210526315,0.009868421052631575,0.01973684210526315,0.009868421052631575,0.01973684210526315,0.009868421052631575,0.01973684210526315,0.009868421052631575,0.01973684210526315,0.009868421052631575,0.01973684210526315,0.009868421052631575,0.0394736842105263,0.009868421052631575,0.01973684210526315,0.009868421052631575,0.01973684210526315,0.009868421052631575,0.009868421052631575,0,0.009868421052631575,0,0.009868421052631575,0,0.009868421052631575,0,0.009868421052631575,0,0.009868421052631575,0,0.009868421052631575,0,0.009868421052631575,0,0.009868421052631575,0,0,0,0,0,0,0,0,0,0,0,0,0,0,0,0,0,0,0,0,0,0,0,0,0,0,0,0,0,0,0,0,0,0,0,0,0,0,0,0,0,0,0,0,0,0,0,0,0,0,0,0,0,0,0,0,0,0,0,0,0
es107,0,0,0,0,0,0,0,0,0,0,0,0,0,0,0,0,0,0,0,0,0,0,0,0,0,0,0,0,0,0,0,0,0,0,0,0,0,0,0,0,0,0,0,0,0,0,0,0,0,0,0,0,0,0,0,0,0,0,0,0,0,0,0,0,0,0,0,0,0,0,0,0,0,0,0,0,0,0,0,0.009868421052631575,0.01973684210526315,0.009868421052631575,0.01973684210526315,0.009868421052631575,0.01973684210526315,0.009868421052631575,0.01973684210526315,0.009868421052631575,0.01973684210526315,0.009868421052631575,0.01973684210526315,0.009868421052631575,0.0394736842105263,0.009868421052631575,0.01973684210526315,0.009868421052631575,0.01973684210526315,0,0.009868421052631575,0,0.009868421052631575,0,0.009868421052631575,0,0.009868421052631575,0,0.009868421052631575,0,0.009868421052631575,0,0.009868421052631575,0,0.009868421052631575,0,0.009868421052631575,0,0,0,0,0,0,0,0,0,0,0,0,0,0,0,0,0,0,0,0,0,0,0,0,0,0,0,0,0,0,0,0,0,0,0,0,0,0,0,0,0,0,0,0,0,0,0,0,0,0,0,0,0,0,0,0,0,0,0,0
es108,0,0,0,0,0,0,0,0,0,0,0,0,0,0,0,0,0,0,0,0,0,0,0,0,0,0,0,0,0,0,0,0,0,0,0,0,0,0,0,0,0,0,0,0,0,0,0,0,0,0,0,0,0,0,0,0,0,0,0,0,0,0,0,0,0,0,0,0,0,0,0,0,0,0,0,0,0,0,0,0.01973684210526315,0.009868421052631575,0.01973684210526315,0.009868421052631575,0.01973684210526315,0.009868421052631575,0.01973684210526315,0.009868421052631575,0.01973684210526315,0.009868421052631575,0.01973684210526315,0.009868421052631575,0.01973684210526315,0.009868421052631575,0.0394736842105263,0.009868421052631575,0.01973684210526315,0.009868421052631575,0.009868421052631575,0,0.009868421052631575,0,0.009868421052631575,0,0.009868421052631575,0,0.009868421052631575,0,0.009868421052631575,0,0.009868421052631575,0,0.009868421052631575,0,0.009868421052631575,0,0,0,0,0,0,0,0,0,0,0,0,0,0,0,0,0,0,0,0,0,0,0,0,0,0,0,0,0,0,0,0,0,0,0,0,0,0,0,0,0,0,0,0,0,0,0,0,0,0,0,0,0,0,0,0,0,0,0,0,0
es109,0,0,0,0,0,0,0,0,0,0,0,0,0,0,0,0,0,0,0,0,0,0,0,0,0,0,0,0,0,0,0,0,0,0,0,0,0,0,0,0,0,0,0,0,0,0,0,0,0,0,0,0,0,0,0,0,0,0,0,0,0,0,0,0,0,0,0,0,0,0,0,0,0,0,0,0,0,0,0,0.009868421052631575,0.01973684210526315,0.009868421052631575,0.01973684210526315,0.009868421052631575,0.01973684210526315,0.009868421052631575,0.01973684210526315,0.009868421052631575,0.01973684210526315,0.009868421052631575,0.01973684210526315,0.009868421052631575,0.01973684210526315,0.009868421052631575,0.0394736842105263,0.009868421052631575,0.01973684210526315,0,0.009868421052631575,0,0.009868421052631575,0,0.009868421052631575,0,0.009868421052631575,0,0.009868421052631575,0,0.009868421052631575,0,0.009868421052631575,0,0.009868421052631575,0,0.009868421052631575,0,0,0,0,0,0,0,0,0,0,0,0,0,0,0,0,0,0,0,0,0,0,0,0,0,0,0,0,0,0,0,0,0,0,0,0,0,0,0,0,0,0,0,0,0,0,0,0,0,0,0,0,0,0,0,0,0,0,0,0
es110,0,0,0,0,0,0,0,0,0,0,0,0,0,0,0,0,0,0,0,0,0,0,0,0,0,0,0,0,0,0,0,0,0,0,0,0,0,0,0,0,0,0,0,0,0,0,0,0,0,0,0,0,0,0,0,0,0,0,0,0,0,0,0,0,0,0,0,0,0,0,0,0,0,0,0,0,0,0,0,0.01973684210526315,0.009868421052631575,0.01973684210526315,0.009868421052631575,0.01973684210526315,0.009868421052631575,0.01973684210526315,0.009868421052631575,0.01973684210526315,0.009868421052631575,0.01973684210526315,0.009868421052631575,0.01973684210526315,0.009868421052631575,0.01973684210526315,0.009868421052631575,0.0394736842105263,0.009868421052631575,0.009868421052631575,0,0.009868421052631575,0,0.009868421052631575,0,0.009868421052631575,0,0.009868421052631575,0,0.009868421052631575,0,0.009868421052631575,0,0.009868421052631575,0,0.009868421052631575,0,0,0,0,0,0,0,0,0,0,0,0,0,0,0,0,0,0,0,0,0,0,0,0,0,0,0,0,0,0,0,0,0,0,0,0,0,0,0,0,0,0,0,0,0,0,0,0,0,0,0,0,0,0,0,0,0,0,0,0,0
es111,0,0,0,0,0,0,0,0,0,0,0,0,0,0,0,0,0,0,0,0,0,0,0,0,0,0,0,0,0,0,0,0,0,0,0,0,0,0,0,0,0,0,0,0,0,0,0,0,0,0,0,0,0,0,0,0,0,0,0,0,0,0,0,0,0,0,0,0,0,0,0,0,0,0,0,0,0,0,0,0.009868421052631575,0.01973684210526315,0.009868421052631575,0.01973684210526315,0.009868421052631575,0.01973684210526315,0.009868421052631575,0.01973684210526315,0.009868421052631575,0.01973684210526315,0.009868421052631575,0.01973684210526315,0.009868421052631575,0.01973684210526315,0.009868421052631575,0.01973684210526315,0.009868421052631575,0.0394736842105263,0,0.009868421052631575,0,0.009868421052631575,0,0.009868421052631575,0,0.009868421052631575,0,0.009868421052631575,0,0.009868421052631575,0,0.009868421052631575,0,0.009868421052631575,0,0.009868421052631575,0,0,0,0,0,0,0,0,0,0,0,0,0,0,0,0,0,0,0,0,0,0,0,0,0,0,0,0,0,0,0,0,0,0,0,0,0,0,0,0,0,0,0,0,0,0,0,0,0,0,0,0,0,0,0,0,0,0,0,0
es112,0,0,0,0,0,0,0,0,0,0,0,0,0,0,0,0,0,0,0,0,0,0,0,0,0,0,0,0,0,0,0,0,0,0,0,0,0,0,0,0,0,0,0,0,0,0,0,0,0,0,0,0,0,0,0,0,0,0,0,0,0,0,0,0,0,0,0,0,0,0,0,0,0,0,0,0,0,0,0,0.009868421052631575,0,0.009868421052631575,0,0.009868421052631575,0,0.009868421052631575,0,0.009868421052631575,0,0.009868421052631575,0,0.009868421052631575,0,0.009868421052631575,0,0.009868421052631575,0,0.0394736842105263,0.009868421052631575,0.01973684210526315,0.009868421052631575,0.01973684210526315,0.009868421052631575,0.01973684210526315,0.009868421052631575,0.01973684210526315,0.009868421052631575,0.01973684210526315,0.009868421052631575,0.01973684210526315,0.009868421052631575,0.01973684210526315,0.009868421052631575,0.01973684210526315,0.009868421052631575,0,0,0,0,0,0,0,0,0,0,0,0,0,0,0,0,0,0,0,0,0,0,0,0,0,0,0,0,0,0,0,0,0,0,0,0,0,0,0,0,0,0,0,0,0,0,0,0,0,0,0,0,0,0,0,0,0,0,0,0
es113,0,0,0,0,0,0,0,0,0,0,0,0,0,0,0,0,0,0,0,0,0,0,0,0,0,0,0,0,0,0,0,0,0,0,0,0,0,0,0,0,0,0,0,0,0,0,0,0,0,0,0,0,0,0,0,0,0,0,0,0,0,0,0,0,0,0,0,0,0,0,0,0,0,0,0,0,0,0,0,0,0.009868421052631575,0,0.009868421052631575,0,0.009868421052631575,0,0.009868421052631575,0,0.009868421052631575,0,0.009868421052631575,0,0.009868421052631575,0,0.009868421052631575,0,0.009868421052631575,0.009868421052631575,0.0394736842105263,0.009868421052631575,0.01973684210526315,0.009868421052631575,0.01973684210526315,0.009868421052631575,0.01973684210526315,0.009868421052631575,0.01973684210526315,0.009868421052631575,0.01973684210526315,0.009868421052631575,0.01973684210526315,0.009868421052631575,0.01973684210526315,0.009868421052631575,0.01973684210526315,0,0,0,0,0,0,0,0,0,0,0,0,0,0,0,0,0,0,0,0,0,0,0,0,0,0,0,0,0,0,0,0,0,0,0,0,0,0,0,0,0,0,0,0,0,0,0,0,0,0,0,0,0,0,0,0,0,0,0,0
es114,0,0,0,0,0,0,0,0,0,0,0,0,0,0,0,0,0,0,0,0,0,0,0,0,0,0,0,0,0,0,0,0,0,0,0,0,0,0,0,0,0,0,0,0,0,0,0,0,0,0,0,0,0,0,0,0,0,0,0,0,0,0,0,0,0,0,0,0,0,0,0,0,0,0,0,0,0,0,0,0.009868421052631575,0,0.009868421052631575,0,0.009868421052631575,0,0.009868421052631575,0,0.009868421052631575,0,0.009868421052631575,0,0.009868421052631575,0,0.009868421052631575,0,0.009868421052631575,0,0.01973684210526315,0.009868421052631575,0.0394736842105263,0.009868421052631575,0.01973684210526315,0.009868421052631575,0.01973684210526315,0.009868421052631575,0.01973684210526315,0.009868421052631575,0.01973684210526315,0.009868421052631575,0.01973684210526315,0.009868421052631575,0.01973684210526315,0.009868421052631575,0.01973684210526315,0.009868421052631575,0,0,0,0,0,0,0,0,0,0,0,0,0,0,0,0,0,0,0,0,0,0,0,0,0,0,0,0,0,0,0,0,0,0,0,0,0,0,0,0,0,0,0,0,0,0,0,0,0,0,0,0,0,0,0,0,0,0,0,0
es115,0,0,0,0,0,0,0,0,0,0,0,0,0,0,0,0,0,0,0,0,0,0,0,0,0,0,0,0,0,0,0,0,0,0,0,0,0,0,0,0,0,0,0,0,0,0,0,0,0,0,0,0,0,0,0,0,0,0,0,0,0,0,0,0,0,0,0,0,0,0,0,0,0,0,0,0,0,0,0,0,0.009868421052631575,0,0.009868421052631575,0,0.009868421052631575,0,0.009868421052631575,0,0.009868421052631575,0,0.009868421052631575,0,0.009868421052631575,0,0.009868421052631575,0,0.009868421052631575,0.009868421052631575,0.01973684210526315,0.009868421052631575,0.0394736842105263,0.009868421052631575,0.01973684210526315,0.009868421052631575,0.01973684210526315,0.009868421052631575,0.01973684210526315,0.009868421052631575,0.01973684210526315,0.009868421052631575,0.01973684210526315,0.009868421052631575,0.01973684210526315,0.009868421052631575,0.01973684210526315,0,0,0,0,0,0,0,0,0,0,0,0,0,0,0,0,0,0,0,0,0,0,0,0,0,0,0,0,0,0,0,0,0,0,0,0,0,0,0,0,0,0,0,0,0,0,0,0,0,0,0,0,0,0,0,0,0,0,0,0
es116,0,0,0,0,0,0,0,0,0,0,0,0,0,0,0,0,0,0,0,0,0,0,0,0,0,0,0,0,0,0,0,0,0,0,0,0,0,0,0,0,0,0,0,0,0,0,0,0,0,0,0,0,0,0,0,0,0,0,0,0,0,0,0,0,0,0,0,0,0,0,0,0,0,0,0,0,0,0,0,0.009868421052631575,0,0.009868421052631575,0,0.009868421052631575,0,0.009868421052631575,0,0.009868421052631575,0,0.009868421052631575,0,0.009868421052631575,0,0.009868421052631575,0,0.009868421052631575,0,0.01973684210526315,0.009868421052631575,0.01973684210526315,0.009868421052631575,0.0394736842105263,0.009868421052631575,0.01973684210526315,0.009868421052631575,0.01973684210526315,0.009868421052631575,0.01973684210526315,0.009868421052631575,0.01973684210526315,0.009868421052631575,0.01973684210526315,0.009868421052631575,0.01973684210526315,0.009868421052631575,0,0,0,0,0,0,0,0,0,0,0,0,0,0,0,0,0,0,0,0,0,0,0,0,0,0,0,0,0,0,0,0,0,0,0,0,0,0,0,0,0,0,0,0,0,0,0,0,0,0,0,0,0,0,0,0,0,0,0,0
es117,0,0,0,0,0,0,0,0,0,0,0,0,0,0,0,0,0,0,0,0,0,0,0,0,0,0,0,0,0,0,0,0,0,0,0,0,0,0,0,0,0,0,0,0,0,0,0,0,0,0,0,0,0,0,0,0,0,0,0,0,0,0,0,0,0,0,0,0,0,0,0,0,0,0,0,0,0,0,0,0,0.009868421052631575,0,0.009868421052631575,0,0.009868421052631575,0,0.009868421052631575,0,0.009868421052631575,0,0.009868421052631575,0,0.009868421052631575,0,0.009868421052631575,0,0.009868421052631575,0.009868421052631575,0.01973684210526315,0.009868421052631575,0.01973684210526315,0.009868421052631575,0.0394736842105263,0.009868421052631575,0.01973684210526315,0.009868421052631575,0.01973684210526315,0.009868421052631575,0.01973684210526315,0.009868421052631575,0.01973684210526315,0.009868421052631575,0.01973684210526315,0.009868421052631575,0.01973684210526315,0,0,0,0,0,0,0,0,0,0,0,0,0,0,0,0,0,0,0,0,0,0,0,0,0,0,0,0,0,0,0,0,0,0,0,0,0,0,0,0,0,0,0,0,0,0,0,0,0,0,0,0,0,0,0,0,0,0,0,0
es118,0,0,0,0,0,0,0,0,0,0,0,0,0,0,0,0,0,0,0,0,0,0,0,0,0,0,0,0,0,0,0,0,0,0,0,0,0,0,0,0,0,0,0,0,0,0,0,0,0,0,0,0,0,0,0,0,0,0,0,0,0,0,0,0,0,0,0,0,0,0,0,0,0,0,0,0,0,0,0,0.009868421052631575,0,0.009868421052631575,0,0.009868421052631575,0,0.009868421052631575,0,0.009868421052631575,0,0.009868421052631575,0,0.009868421052631575,0,0.009868421052631575,0,0.009868421052631575,0,0.01973684210526315,0.009868421052631575,0.01973684210526315,0.009868421052631575,0.01973684210526315,0.009868421052631575,0.0394736842105263,0.009868421052631575,0.01973684210526315,0.009868421052631575,0.01973684210526315,0.009868421052631575,0.01973684210526315,0.009868421052631575,0.01973684210526315,0.009868421052631575,0.01973684210526315,0.009868421052631575,0,0,0,0,0,0,0,0,0,0,0,0,0,0,0,0,0,0,0,0,0,0,0,0,0,0,0,0,0,0,0,0,0,0,0,0,0,0,0,0,0,0,0,0,0,0,0,0,0,0,0,0,0,0,0,0,0,0,0,0
es119,0,0,0,0,0,0,0,0,0,0,0,0,0,0,0,0,0,0,0,0,0,0,0,0,0,0,0,0,0,0,0,0,0,0,0,0,0,0,0,0,0,0,0,0,0,0,0,0,0,0,0,0,0,0,0,0,0,0,0,0,0,0,0,0,0,0,0,0,0,0,0,0,0,0,0,0,0,0,0,0,0.009868421052631575,0,0.009868421052631575,0,0.009868421052631575,0,0.009868421052631575,0,0.009868421052631575,0,0.009868421052631575,0,0.009868421052631575,0,0.009868421052631575,0,0.009868421052631575,0.009868421052631575,0.01973684210526315,0.009868421052631575,0.01973684210526315,0.009868421052631575,0.01973684210526315,0.009868421052631575,0.0394736842105263,0.009868421052631575,0.01973684210526315,0.009868421052631575,0.01973684210526315,0.009868421052631575,0.01973684210526315,0.009868421052631575,0.01973684210526315,0.009868421052631575,0.01973684210526315,0,0,0,0,0,0,0,0,0,0,0,0,0,0,0,0,0,0,0,0,0,0,0,0,0,0,0,0,0,0,0,0,0,0,0,0,0,0,0,0,0,0,0,0,0,0,0,0,0,0,0,0,0,0,0,0,0,0,0,0
es120,0,0,0,0,0,0,0,0,0,0,0,0,0,0,0,0,0,0,0,0,0,0,0,0,0,0,0,0,0,0,0,0,0,0,0,0,0,0,0,0,0,0,0,0,0,0,0,0,0,0,0,0,0,0,0,0,0,0,0,0,0,0,0,0,0,0,0,0,0,0,0,0,0,0,0,0,0,0,0,0.009868421052631575,0,0.009868421052631575,0,0.009868421052631575,0,0.009868421052631575,0,0.009868421052631575,0,0.009868421052631575,0,0.009868421052631575,0,0.009868421052631575,0,0.009868421052631575,0,0.01973684210526315,0.009868421052631575,0.01973684210526315,0.009868421052631575,0.01973684210526315,0.009868421052631575,0.01973684210526315,0.009868421052631575,0.0394736842105263,0.009868421052631575,0.01973684210526315,0.009868421052631575,0.01973684210526315,0.009868421052631575,0.01973684210526315,0.009868421052631575,0.01973684210526315,0.009868421052631575,0,0,0,0,0,0,0,0,0,0,0,0,0,0,0,0,0,0,0,0,0,0,0,0,0,0,0,0,0,0,0,0,0,0,0,0,0,0,0,0,0,0,0,0,0,0,0,0,0,0,0,0,0,0,0,0,0,0,0,0
es121,0,0,0,0,0,0,0,0,0,0,0,0,0,0,0,0,0,0,0,0,0,0,0,0,0,0,0,0,0,0,0,0,0,0,0,0,0,0,0,0,0,0,0,0,0,0,0,0,0,0,0,0,0,0,0,0,0,0,0,0,0,0,0,0,0,0,0,0,0,0,0,0,0,0,0,0,0,0,0,0,0.009868421052631575,0,0.009868421052631575,0,0.009868421052631575,0,0.009868421052631575,0,0.009868421052631575,0,0.009868421052631575,0,0.009868421052631575,0,0.009868421052631575,0,0.009868421052631575,0.009868421052631575,0.01973684210526315,0.009868421052631575,0.01973684210526315,0.009868421052631575,0.01973684210526315,0.009868421052631575,0.01973684210526315,0.009868421052631575,0.0394736842105263,0.009868421052631575,0.01973684210526315,0.009868421052631575,0.01973684210526315,0.009868421052631575,0.01973684210526315,0.009868421052631575,0.01973684210526315,0,0,0,0,0,0,0,0,0,0,0,0,0,0,0,0,0,0,0,0,0,0,0,0,0,0,0,0,0,0,0,0,0,0,0,0,0,0,0,0,0,0,0,0,0,0,0,0,0,0,0,0,0,0,0,0,0,0,0,0
es122,0,0,0,0,0,0,0,0,0,0,0,0,0,0,0,0,0,0,0,0,0,0,0,0,0,0,0,0,0,0,0,0,0,0,0,0,0,0,0,0,0,0,0,0,0,0,0,0,0,0,0,0,0,0,0,0,0,0,0,0,0,0,0,0,0,0,0,0,0,0,0,0,0,0,0,0,0,0,0,0.009868421052631575,0,0.009868421052631575,0,0.009868421052631575,0,0.009868421052631575,0,0.009868421052631575,0,0.009868421052631575,0,0.009868421052631575,0,0.009868421052631575,0,0.009868421052631575,0,0.01973684210526315,0.009868421052631575,0.01973684210526315,0.009868421052631575,0.01973684210526315,0.009868421052631575,0.01973684210526315,0.009868421052631575,0.01973684210526315,0.009868421052631575,0.0394736842105263,0.009868421052631575,0.01973684210526315,0.009868421052631575,0.01973684210526315,0.009868421052631575,0.01973684210526315,0.009868421052631575,0,0,0,0,0,0,0,0,0,0,0,0,0,0,0,0,0,0,0,0,0,0,0,0,0,0,0,0,0,0,0,0,0,0,0,0,0,0,0,0,0,0,0,0,0,0,0,0,0,0,0,0,0,0,0,0,0,0,0,0
es123,0,0,0,0,0,0,0,0,0,0,0,0,0,0,0,0,0,0,0,0,0,0,0,0,0,0,0,0,0,0,0,0,0,0,0,0,0,0,0,0,0,0,0,0,0,0,0,0,0,0,0,0,0,0,0,0,0,0,0,0,0,0,0,0,0,0,0,0,0,0,0,0,0,0,0,0,0,0,0,0,0.009868421052631575,0,0.009868421052631575,0,0.009868421052631575,0,0.009868421052631575,0,0.009868421052631575,0,0.009868421052631575,0,0.009868421052631575,0,0.009868421052631575,0,0.009868421052631575,0.009868421052631575,0.01973684210526315,0.009868421052631575,0.01973684210526315,0.009868421052631575,0.01973684210526315,0.009868421052631575,0.01973684210526315,0.009868421052631575,0.01973684210526315,0.009868421052631575,0.0394736842105263,0.009868421052631575,0.01973684210526315,0.009868421052631575,0.01973684210526315,0.009868421052631575,0.01973684210526315,0,0,0,0,0,0,0,0,0,0,0,0,0,0,0,0,0,0,0,0,0,0,0,0,0,0,0,0,0,0,0,0,0,0,0,0,0,0,0,0,0,0,0,0,0,0,0,0,0,0,0,0,0,0,0,0,0,0,0,0
es124,0,0,0,0,0,0,0,0,0,0,0,0,0,0,0,0,0,0,0,0,0,0,0,0,0,0,0,0,0,0,0,0,0,0,0,0,0,0,0,0,0,0,0,0,0,0,0,0,0,0,0,0,0,0,0,0,0,0,0,0,0,0,0,0,0,0,0,0,0,0,0,0,0,0,0,0,0,0,0,0.009868421052631575,0,0.009868421052631575,0,0.009868421052631575,0,0.009868421052631575,0,0.009868421052631575,0,0.009868421052631575,0,0.009868421052631575,0,0.009868421052631575,0,0.009868421052631575,0,0.01973684210526315,0.009868421052631575,0.01973684210526315,0.009868421052631575,0.01973684210526315,0.009868421052631575,0.01973684210526315,0.009868421052631575,0.01973684210526315,0.009868421052631575,0.01973684210526315,0.009868421052631575,0.0394736842105263,0.009868421052631575,0.01973684210526315,0.009868421052631575,0.01973684210526315,0.009868421052631575,0,0,0,0,0,0,0,0,0,0,0,0,0,0,0,0,0,0,0,0,0,0,0,0,0,0,0,0,0,0,0,0,0,0,0,0,0,0,0,0,0,0,0,0,0,0,0,0,0,0,0,0,0,0,0,0,0,0,0,0
es125,0,0,0,0,0,0,0,0,0,0,0,0,0,0,0,0,0,0,0,0,0,0,0,0,0,0,0,0,0,0,0,0,0,0,0,0,0,0,0,0,0,0,0,0,0,0,0,0,0,0,0,0,0,0,0,0,0,0,0,0,0,0,0,0,0,0,0,0,0,0,0,0,0,0,0,0,0,0,0,0,0.009868421052631575,0,0.009868421052631575,0,0.009868421052631575,0,0.009868421052631575,0,0.009868421052631575,0,0.009868421052631575,0,0.009868421052631575,0,0.009868421052631575,0,0.009868421052631575,0.009868421052631575,0.01973684210526315,0.009868421052631575,0.01973684210526315,0.009868421052631575,0.01973684210526315,0.009868421052631575,0.01973684210526315,0.009868421052631575,0.01973684210526315,0.009868421052631575,0.01973684210526315,0.009868421052631575,0.0394736842105263,0.009868421052631575,0.01973684210526315,0.009868421052631575,0.01973684210526315,0,0,0,0,0,0,0,0,0,0,0,0,0,0,0,0,0,0,0,0,0,0,0,0,0,0,0,0,0,0,0,0,0,0,0,0,0,0,0,0,0,0,0,0,0,0,0,0,0,0,0,0,0,0,0,0,0,0,0,0
es126,0,0,0,0,0,0,0,0,0,0,0,0,0,0,0,0,0,0,0,0,0,0,0,0,0,0,0,0,0,0,0,0,0,0,0,0,0,0,0,0,0,0,0,0,0,0,0,0,0,0,0,0,0,0,0,0,0,0,0,0,0,0,0,0,0,0,0,0,0,0,0,0,0,0,0,0,0,0,0,0.009868421052631575,0,0.009868421052631575,0,0.009868421052631575,0,0.009868421052631575,0,0.009868421052631575,0,0.009868421052631575,0,0.009868421052631575,0,0.009868421052631575,0,0.009868421052631575,0,0.01973684210526315,0.009868421052631575,0.01973684210526315,0.009868421052631575,0.01973684210526315,0.009868421052631575,0.01973684210526315,0.009868421052631575,0.01973684210526315,0.009868421052631575,0.01973684210526315,0.009868421052631575,0.01973684210526315,0.009868421052631575,0.0394736842105263,0.009868421052631575,0.01973684210526315,0.009868421052631575,0,0,0,0,0,0,0,0,0,0,0,0,0,0,0,0,0,0,0,0,0,0,0,0,0,0,0,0,0,0,0,0,0,0,0,0,0,0,0,0,0,0,0,0,0,0,0,0,0,0,0,0,0,0,0,0,0,0,0,0
es127,0,0,0,0,0,0,0,0,0,0,0,0,0,0,0,0,0,0,0,0,0,0,0,0,0,0,0,0,0,0,0,0,0,0,0,0,0,0,0,0,0,0,0,0,0,0,0,0,0,0,0,0,0,0,0,0,0,0,0,0,0,0,0,0,0,0,0,0,0,0,0,0,0,0,0,0,0,0,0,0,0.009868421052631575,0,0.009868421052631575,0,0.009868421052631575,0,0.009868421052631575,0,0.009868421052631575,0,0.009868421052631575,0,0.009868421052631575,0,0.009868421052631575,0,0.009868421052631575,0.009868421052631575,0.01973684210526315,0.009868421052631575,0.01973684210526315,0.009868421052631575,0.01973684210526315,0.009868421052631575,0.01973684210526315,0.009868421052631575,0.01973684210526315,0.009868421052631575,0.01973684210526315,0.009868421052631575,0.01973684210526315,0.009868421052631575,0.0394736842105263,0.009868421052631575,0.01973684210526315,0,0,0,0,0,0,0,0,0,0,0,0,0,0,0,0,0,0,0,0,0,0,0,0,0,0,0,0,0,0,0,0,0,0,0,0,0,0,0,0,0,0,0,0,0,0,0,0,0,0,0,0,0,0,0,0,0,0,0,0
es128,0,0,0,0,0,0,0,0,0,0,0,0,0,0,0,0,0,0,0,0,0,0,0,0,0,0,0,0,0,0,0,0,0,0,0,0,0,0,0,0,0,0,0,0,0,0,0,0,0,0,0,0,0,0,0,0,0,0,0,0,0,0,0,0,0,0,0,0,0,0,0,0,0,0,0,0,0,0,0,0.009868421052631575,0,0.009868421052631575,0,0.009868421052631575,0,0.009868421052631575,0,0.009868421052631575,0,0.009868421052631575,0,0.009868421052631575,0,0.009868421052631575,0,0.009868421052631575,0,0.01973684210526315,0.009868421052631575,0.01973684210526315,0.009868421052631575,0.01973684210526315,0.009868421052631575,0.01973684210526315,0.009868421052631575,0.01973684210526315,0.009868421052631575,0.01973684210526315,0.009868421052631575,0.01973684210526315,0.009868421052631575,0.01973684210526315,0.009868421052631575,0.0394736842105263,0.009868421052631575,0,0,0,0,0,0,0,0,0,0,0,0,0,0,0,0,0,0,0,0,0,0,0,0,0,0,0,0,0,0,0,0,0,0,0,0,0,0,0,0,0,0,0,0,0,0,0,0,0,0,0,0,0,0,0,0,0,0,0,0
es129,0,0,0,0,0,0,0,0,0,0,0,0,0,0,0,0,0,0,0,0,0,0,0,0,0,0,0,0,0,0,0,0,0,0,0,0,0,0,0,0,0,0,0,0,0,0,0,0,0,0,0,0,0,0,0,0,0,0,0,0,0,0,0,0,0,0,0,0,0,0,0,0,0,0,0,0,0,0,0,0,0.009868421052631575,0,0.009868421052631575,0,0.009868421052631575,0,0.009868421052631575,0,0.009868421052631575,0,0.009868421052631575,0,0.009868421052631575,0,0.009868421052631575,0,0.009868421052631575,0.009868421052631575,0.01973684210526315,0.009868421052631575,0.01973684210526315,0.009868421052631575,0.01973684210526315,0.009868421052631575,0.01973684210526315,0.009868421052631575,0.01973684210526315,0.009868421052631575,0.01973684210526315,0.009868421052631575,0.01973684210526315,0.009868421052631575,0.01973684210526315,0.009868421052631575,0.0394736842105263,0,0,0,0,0,0,0,0,0,0,0,0,0,0,0,0,0,0,0,0,0,0,0,0,0,0,0,0,0,0,0,0,0,0,0,0,0,0,0,0,0,0,0,0,0,0,0,0,0,0,0,0,0,0,0,0,0,0,0,0
es130,0,0,0,0,0,0,0,0,0,0,0,0,0,0,0,0,0,0,0,0,0,0,0,0,0,0,0,0,0,0,0,0,0,0,0,0,0,0,0,0,0,0,0,0,0,0,0,0,0,0,0,0,0,0,0,0,0,0,0,0,0,0,0,0,0,0,0,0,0,0,0,0,0,0,0,0,0,0,0,0,0,0,0,0,0,0,0,0,0,0,0,0,0,0,0,0,0,0,0,0,0,0,0,0,0,0,0,0,0,0,0,0,0,0,0,0.0992063492063492,0,0.0496031746031746,0,0.0496031746031746,0,0.0496031746031746,0,0.0496031746031746,0,0.0496031746031746,0,0.03518684363304797,0,0.0496031746031746,0,0,0,0,0,0,0,0,0,0,0,0,0,0,0,0,0,0,0,0,0,0,0,0,0,0,0,0,0,0,0,0,0,0,0,0,0,0,0,0,0,0,0,0,0
es131,0,0,0,0,0,0,0,0,0,0,0,0,0,0,0,0,0,0,0,0,0,0,0,0,0,0,0,0,0,0,0,0,0,0,0,0,0,0,0,0,0,0,0,0,0,0,0,0,0,0,0,0,0,0,0,0,0,0,0,0,0,0,0,0,0,0,0,0,0,0,0,0,0,0,0,0,0,0,0,0,0,0,0,0,0,0,0,0,0,0,0,0,0,0,0,0,0,0,0,0,0,0,0,0,0,0,0,0,0,0,0,0,0,0,0,0,0.10476190476190478,0,0.05238095238095239,0,0.05238095238095239,0,0.05238095238095239,0,0.05238095238095239,0,0.05238095238095239,0,0.03973512197011938,0,0.04042512777524197,0,0,0,0,0,0,0,0,0,0,0,0,0,0,0,0,0,0,0,0,0,0,0,0,0,0,0,0,0,0,0,0,0,0,0,0,0,0,0,0,0,0,0,0
es132,0,0,0,0,0,0,0,0,0,0,0,0,0,0,0,0,0,0,0,0,0,0,0,0,0,0,0,0,0,0,0,0,0,0,0,0,0,0,0,0,0,0,0,0,0,0,0,0,0,0,0,0,0,0,0,0,0,0,0,0,0,0,0,0,0,0,0,0,0,0,0,0,0,0,0,0,0,0,0,0,0,0,0,0,0,0,0,0,0,0,0,0,0,0,0,0,0,0,0,0,0,0,0,0,0,0,0,0,0,0,0,0,0,0,0,0.0496031746031746,0,0.0992063492063492,0,0.0496031746031746,0,0.0496031746031746,0,0.0496031746031746,0,0.0496031746031746,0,0.03518684363304797,0,0.0496031746031746,0,0,0,0,0,0,0,0,0,0,0,0,0,0,0,0,0,0,0,0,0,0,0,0,0,0,0,0,0,0,0,0,0,0,0,0,0,0,0,0,0,0,0,0,0
es133,0,0,0,0,0,0,0,0,0,0,0,0,0,0,0,0,0,0,0,0,0,0,0,0,0,0,0,0,0,0,0,0,0,0,0,0,0,0,0,0,0,0,0,0,0,0,0,0,0,0,0,0,0,0,0,0,0,0,0,0,0,0,0,0,0,0,0,0,0,0,0,0,0,0,0,0,0,0,0,0,0,0,0,0,0,0,0,0,0,0,0,0,0,0,0,0,0,0,0,0,0,0,0,0,0,0,0,0,0,0,0,0,0,0,0,0,0.05238095238095239,0,0.10476190476190478,0,0.05238095238095239,0,0.05238095238095239,0,0.05238095238095239,0,0.05238095238095239,0,0.03973512197011938,0,0.04042512777524197,0,0,0,0,0,0,0,0,0,0,0,0,0,0,0,0,0,0,0,0,0,0,0,0,0,0,0,0,0,0,0,0,0,0,0,0,0,0,0,0,0,0,0,0
es134,0,0,0,0,0,0,0,0,0,0,0,0,0,0,0,0,0,0,0,0,0,0,0,0,0,0,0,0,0,0,0,0,0,0,0,0,0,0,0,0,0,0,0,0,0,0,0,0,0,0,0,0,0,0,0,0,0,0,0,0,0,0,0,0,0,0,0,0,0,0,0,0,0,0,0,0,0,0,0,0,0,0,0,0,0,0,0,0,0,0,0,0,0,0,0,0,0,0,0,0,0,0,0,0,0,0,0,0,0,0,0,0,0,0,0,0.0496031746031746,0,0.0496031746031746,0,0.0992063492063492,0,0.0496031746031746,0,0.0496031746031746,0,0.0496031746031746,0,0.03518684363304797,0,0.0496031746031746,0,0,0,0,0,0,0,0,0,0,0,0,0,0,0,0,0,0,0,0,0,0,0,0,0,0,0,0,0,0,0,0,0,0,0,0,0,0,0,0,0,0,0,0,0
es135,0,0,0,0,0,0,0,0,0,0,0,0,0,0,0,0,0,0,0,0,0,0,0,0,0,0,0,0,0,0,0,0,0,0,0,0,0,0,0,0,0,0,0,0,0,0,0,0,0,0,0,0,0,0,0,0,0,0,0,0,0,0,0,0,0,0,0,0,0,0,0,0,0,0,0,0,0,0,0,0,0,0,0,0,0,0,0,0,0,0,0,0,0,0,0,0,0,0,0,0,0,0,0,0,0,0,0,0,0,0,0,0,0,0,0,0,0.05238095238095239,0,0.05238095238095239,0,0.10476190476190478,0,0.05238095238095239,0,0.05238095238095239,0,0.05238095238095239,0,0.03973512197011938,0,0.04042512777524197,0,0,0,0,0,0,0,0,0,0,0,0,0,0,0,0,0,0,0,0,0,0,0,0,0,0,0,0,0,0,0,0,0,0,0,0,0,0,0,0,0,0,0,0
es136,0,0,0,0,0,0,0,0,0,0,0,0,0,0,0,0,0,0,0,0,0,0,0,0,0,0,0,0,0,0,0,0,0,0,0,0,0,0,0,0,0,0,0,0,0,0,0,0,0,0,0,0,0,0,0,0,0,0,0,0,0,0,0,0,0,0,0,0,0,0,0,0,0,0,0,0,0,0,0,0,0,0,0,0,0,0,0,0,0,0,0,0,0,0,0,0,0,0,0,0,0,0,0,0,0,0,0,0,0,0,0,0,0,0,0,0.0496031746031746,0,0.0496031746031746,0,0.0496031746031746,0,0.0992063492063492,0,0.0496031746031746,0,0.0496031746031746,0,0.03518684363304797,0,0.0496031746031746,0,0,0,0,0,0,0,0,0,0,0,0,0,0,0,0,0,0,0,0,0,0,0,0,0,0,0,0,0,0,0,0,0,0,0,0,0,0,0,0,0,0,0,0,0
es137,0,0,0,0,0,0,0,0,0,0,0,0,0,0,0,0,0,0,0,0,0,0,0,0,0,0,0,0,0,0,0,0,0,0,0,0,0,0,0,0,0,0,0,0,0,0,0,0,0,0,0,0,0,0,0,0,0,0,0,0,0,0,0,0,0,0,0,0,0,0,0,0,0,0,0,0,0,0,0,0,0,0,0,0,0,0,0,0,0,0,0,0,0,0,0,0,0,0,0,0,0,0,0,0,0,0,0,0,0,0,0,0,0,0,0,0,0.05238095238095239,0,0.05238095238095239,0,0.05238095238095239,0,0.10476190476190478,0,0.05238095238095239,0,0.05238095238095239,0,0.03973512197011938,0,0.04042512777524197,0,0,0,0,0,0,0,0,0,0,0,0,0,0,0,0,0,0,0,0,0,0,0,0,0,0,0,0,0,0,0,0,0,0,0,0,0,0,0,0,0,0,0,0
es138,0,0,0,0,0,0,0,0,0,0,0,0,0,0,0,0,0,0,0,0,0,0,0,0,0,0,0,0,0,0,0,0,0,0,0,0,0,0,0,0,0,0,0,0,0,0,0,0,0,0,0,0,0,0,0,0,0,0,0,0,0,0,0,0,0,0,0,0,0,0,0,0,0,0,0,0,0,0,0,0,0,0,0,0,0,0,0,0,0,0,0,0,0,0,0,0,0,0,0,0,0,0,0,0,0,0,0,0,0,0,0,0,0,0,0,0.0496031746031746,0,0.0496031746031746,0,0.0496031746031746,0,0.0496031746031746,0,0.0992063492063492,0,0.0496031746031746,0,0.03518684363304797,0,0.0496031746031746,0,0,0,0,0,0,0,0,0,0,0,0,0,0,0,0,0,0,0,0,0,0,0,0,0,0,0,0,0,0,0,0,0,0,0,0,0,0,0,0,0,0,0,0,0
es139,0,0,0,0,0,0,0,0,0,0,0,0,0,0,0,0,0,0,0,0,0,0,0,0,0,0,0,0,0,0,0,0,0,0,0,0,0,0,0,0,0,0,0,0,0,0,0,0,0,0,0,0,0,0,0,0,0,0,0,0,0,0,0,0,0,0,0,0,0,0,0,0,0,0,0,0,0,0,0,0,0,0,0,0,0,0,0,0,0,0,0,0,0,0,0,0,0,0,0,0,0,0,0,0,0,0,0,0,0,0,0,0,0,0,0,0,0.05238095238095239,0,0.05238095238095239,0,0.05238095238095239,0,0.05238095238095239,0,0.10476190476190478,0,0.05238095238095239,0,0.03973512197011938,0,0.04042512777524197,0,0,0,0,0,0,0,0,0,0,0,0,0,0,0,0,0,0,0,0,0,0,0,0,0,0,0,0,0,0,0,0,0,0,0,0,0,0,0,0,0,0,0,0
es140,0,0,0,0,0,0,0,0,0,0,0,0,0,0,0,0,0,0,0,0,0,0,0,0,0,0,0,0,0,0,0,0,0,0,0,0,0,0,0,0,0,0,0,0,0,0,0,0,0,0,0,0,0,0,0,0,0,0,0,0,0,0,0,0,0,0,0,0,0,0,0,0,0,0,0,0,0,0,0,0,0,0,0,0,0,0,0,0,0,0,0,0,0,0,0,0,0,0,0,0,0,0,0,0,0,0,0,0,0,0,0,0,0,0,0,0.0496031746031746,0,0.0496031746031746,0,0.0496031746031746,0,0.0496031746031746,0,0.0496031746031746,0,0.0992063492063492,0,0.03518684363304797,0,0.0496031746031746,0,0,0,0,0,0,0,0,0,0,0,0,0,0,0,0,0,0,0,0,0,0,0,0,0,0,0,0,0,0,0,0,0,0,0,0,0,0,0,0,0,0,0,0,0
es141,0,0,0,0,0,0,0,0,0,0,0,0,0,0,0,0,0,0,0,0,0,0,0,0,0,0,0,0,0,0,0,0,0,0,0,0,0,0,0,0,0,0,0,0,0,0,0,0,0,0,0,0,0,0,0,0,0,0,0,0,0,0,0,0,0,0,0,0,0,0,0,0,0,0,0,0,0,0,0,0,0,0,0,0,0,0,0,0,0,0,0,0,0,0,0,0,0,0,0,0,0,0,0,0,0,0,0,0,0,0,0,0,0,0,0,0,0.05238095238095239,0,0.05238095238095239,0,0.05238095238095239,0,0.05238095238095239,0,0.05238095238095239,0,0.10476190476190478,0,0.03973512197011938,0,0.04042512777524197,0,0,0,0,0,0,0,0,0,0,0,0,0,0,0,0,0,0,0,0,0,0,0,0,0,0,0,0,0,0,0,0,0,0,0,0,0,0,0,0,0,0,0,0
es160,0,0,0,0,0,0,0,0,0,0,0,0,0,0,0,0,0,0,0,0,0,0,0,0,0,0,0,0,0,0,0,0,0,0,0,0,0,0,0,0,0,0,0,0,0,0,0,0,0,0,0,0,0,0,0,0,0,0,0,0,0,0,0,0,0,0,0,0,0,0,0,0,0,0,0,0,0,0,0,0,0,0,0,0,0,0,0,0,0,0,0,0,0,0,0,0,0,0,0,0,0,0,0,0,0,0,0,0,0,0,0,0,0,0,0,0.03518684363304797,0,0.03518684363304797,0,0.03518684363304797,0,0.03518684363304797,0,0.03518684363304797,0,0.03518684363304797,0,0.05277777777777778,0,0.03518684363304797,0,0,0,0,0,0,0,0,0,0,0,0,0,0,0,0,0,0,0,0,0,0,0,0,0,0,0,0,0,0,0,0,0,0,0,0,0,0,0,0,0,0,0,0,0
es161,0,0,0,0,0,0,0,0,0,0,0,0,0,0,0,0,0,0,0,0,0,0,0,0,0,0,0,0,0,0,0,0,0,0,0,0,0,0,0,0,0,0,0,0,0,0,0,0,0,0,0,0,0,0,0,0,0,0,0,0,0,0,0,0,0,0,0,0,0,0,0,0,0,0,0,0,0,0,0,0,0,0,0,0,0,0,0,0,0,0,0,0,0,0,0,0,0,0,0,0,0,0,0,0,0,0,0,0,0,0,0,0,0,0,0,0,0.03973512197011938,0,0.03973512197011938,0,0.03973512197011938,0,0.03973512197011938,0,0.03973512197011938,0,0.03973512197011938,0,0.0627450980392157,0,0.031825547480913534,0,0,0,0,0,0,0,0,0,0,0,0,0,0,0,0,0,0,0,0,0,0,0,0,0,0,0,0,0,0,0,0,0,0,0,0,0,0,0,0,0,0,0,0
es162,0,0,0,0,0,0,0,0,0,0,0,0,0,0,0,0,0,0,0,0,0,0,0,0,0,0,0,0,0,0,0,0,0,0,0,0,0,0,0,0,0,0,0,0,0,0,0,0,0,0,0,0,0,0,0,0,0,0,0,0,0,0,0,0,0,0,0,0,0,0,0,0,0,0,0,0,0,0,0,0,0,0,0,0,0,0,0,0,0,0,0,0,0,0,0,0,0,0,0,0,0,0,0,0,0,0,0,0,0,0,0,0,0,0,0,0.0496031746031746,0,0.0496031746031746,0,0.0496031746031746,0,0.0496031746031746,0,0.0496031746031746,0,0.0496031746031746,0,0.03518684363304797,0,0.0992063492063492,0,0,0,0,0,0,0,0,0,0,0,0,0,0,0,0,0,0,0,0,0,0,0,0,0,0,0,0,0,0,0,0,0,0,0,0,0,0,0,0,0,0,0,0,0
es163,0,0,0,0,0,0,0,0,0,0,0,0,0,0,0,0,0,0,0,0,0,0,0,0,0,0,0,0,0,0,0,0,0,0,0,0,0,0,0,0,0,0,0,0,0,0,0,0,0,0,0,0,0,0,0,0,0,0,0,0,0,0,0,0,0,0,0,0,0,0,0,0,0,0,0,0,0,0,0,0,0,0,0,0,0,0,0,0,0,0,0,0,0,0,0,0,0,0,0,0,0,0,0,0,0,0,0,0,0,0,0,0,0,0,0,0,0.040425127775241966,0,0.040425127775241966,0,0.040425127775241966,0,0.040425127775241966,0,0.040425127775241966,0,0.040425127775241966,0,0.031825547480913534,0,0.06458333333333333,0,0,0,0,0,0,0,0,0,0,0,0,0,0,0,0,0,0,0,0,0,0,0,0,0,0,0,0,0,0,0,0,0,0,0,0,0,0,0,0,0,0,0,0
es164,0,0,0,0,0,0,0,0,0,0,0,0,0,0,0,0,0,0,0,0,0,0,0,0,0,0,0,0,0,0,0,0,0,0,0,0,0,0,0,0,0,0,0,0,0,0,0,0,0,0,0,0,0,0,0,0,0,0,0,0,0,0,0,0,0,0,0,0,0,0,0,0,0,0,0,0,0,0,0,0,0,0,0,0,0,0,0,0,0,0,0,0,0,0,0,0,0,0,0,0,0,0,0,0,0,0,0,0,0,0,0,0,0,0,0,0,0,0,0,0,0,0,0,0,0,0,0,0,0,0,0,0.11805555555555555,0,0.059027777777777776,0,0.059027777777777776,0,0.059027777777777776,0,0.059027777777777776,0,0.059027777777777776,0,0.059027777777777776,0,0.059027777777777776,0,0.059027777777777776,0,0.059027777777777776,0,0.059027777777777776,0,0.059027777777777776,0,0.059027777777777776,0,0.059027777777777776,0,0.059027777777777776,0,0.059027777777777776,0,0.059027777777777776,0,0.059027777777777776,0,0.059027777777777776,0,0.059027777777777776,0,0.059027777777777776,0,0.059027777777777776,0
es165,0,0,0,0,0,0,0,0,0,0,0,0,0,0,0,0,0,0,0,0,0,0,0,0,0,0,0,0,0,0,0,0,0,0,0,0,0,0,0,0,0,0,0,0,0,0,0,0,0,0,0,0,0,0,0,0,0,0,0,0,0,0,0,0,0,0,0,0,0,0,0,0,0,0,0,0,0,0,0,0,0,0,0,0,0,0,0,0,0,0,0,0,0,0,0,0,0,0,0,0,0,0,0,0,0,0,0,0,0,0,0,0,0,0,0,0,0,0,0,0,0,0,0,0,0,0,0,0,0,0,0,0,0.126984126984127,0,0.0634920634920635,0,0.0634920634920635,0,0.0634920634920635,0,0.0634920634920635,0,0.0634920634920635,0,0.0634920634920635,0,0.0634920634920635,0,0.0634920634920635,0,0.0634920634920635,0,0.0634920634920635,0,0.0634920634920635,0,0.0634920634920635,0,0.0634920634920635,0,0.0634920634920635,0,0.0634920634920635,0,0.0634920634920635,0,0.0634920634920635,0,0.0634920634920635,0,0.0634920634920635,0,0.0634920634920635,0,0.0634920634920635
es166,0,0,0,0,0,0,0,0,0,0,0,0,0,0,0,0,0,0,0,0,0,0,0,0,0,0,0,0,0,0,0,0,0,0,0,0,0,0,0,0,0,0,0,0,0,0,0,0,0,0,0,0,0,0,0,0,0,0,0,0,0,0,0,0,0,0,0,0,0,0,0,0,0,0,0,0,0,0,0,0,0,0,0,0,0,0,0,0,0,0,0,0,0,0,0,0,0,0,0,0,0,0,0,0,0,0,0,0,0,0,0,0,0,0,0,0,0,0,0,0,0,0,0,0,0,0,0,0,0,0,0,0.059027777777777776,0,0.11805555555555555,0,0.059027777777777776,0,0.059027777777777776,0,0.059027777777777776,0,0.059027777777777776,0,0.059027777777777776,0,0.059027777777777776,0,0.059027777777777776,0,0.059027777777777776,0,0.059027777777777776,0,0.059027777777777776,0,0.059027777777777776,0,0.059027777777777776,0,0.059027777777777776,0,0.059027777777777776,0,0.059027777777777776,0,0.059027777777777776,0,0.059027777777777776,0,0.059027777777777776,0,0.059027777777777776,0,0.059027777777777776,0
es167,0,0,0,0,0,0,0,0,0,0,0,0,0,0,0,0,0,0,0,0,0,0,0,0,0,0,0,0,0,0,0,0,0,0,0,0,0,0,0,0,0,0,0,0,0,0,0,0,0,0,0,0,0,0,0,0,0,0,0,0,0,0,0,0,0,0,0,0,0,0,0,0,0,0,0,0,0,0,0,0,0,0,0,0,0,0,0,0,0,0,0,0,0,0,0,0,0,0,0,0,0,0,0,0,0,0,0,0,0,0,0,0,0,0,0,0,0,0,0,0,0,0,0,0,0,0,0,0,0,0,0,0,0.0634920634920635,0,0.126984126984127,0,0.0634920634920635,0,0.0634920634920635,0,0.0634920634920635,0,0.0634920634920635,0,0.0634920634920635,0,0.0634920634920635,0,0.0634920634920635,0,0.0634920634920635,0,0.0634920634920635,0,0.0634920634920635,0,0.0634920634920635,0,0.0634920634920635,0,0.0634920634920635,0,0.0634920634920635,0,0.0634920634920635,0,0.0634920634920635,0,0.0634920634920635,0,0.0634920634920635,0,0.0634920634920635,0,0.0634920634920635
es168,0,0,0,0,0,0,0,0,0,0,0,0,0,0,0,0,0,0,0,0,0,0,0,0,0,0,0,0,0,0,0,0,0,0,0,0,0,0,0,0,0,0,0,0,0,0,0,0,0,0,0,0,0,0,0,0,0,0,0,0,0,0,0,0,0,0,0,0,0,0,0,0,0,0,0,0,0,0,0,0,0,0,0,0,0,0,0,0,0,0,0,0,0,0,0,0,0,0,0,0,0,0,0,0,0,0,0,0,0,0,0,0,0,0,0,0,0,0,0,0,0,0,0,0,0,0,0,0,0,0,0,0.059027777777777776,0,0.059027777777777776,0,0.11805555555555555,0,0.059027777777777776,0,0.059027777777777776,0,0.059027777777777776,0,0.059027777777777776,0,0.059027777777777776,0,0.059027777777777776,0,0.059027777777777776,0,0.059027777777777776,0,0.059027777777777776,0,0.059027777777777776,0,0.059027777777777776,0,0.059027777777777776,0,0.059027777777777776,0,0.059027777777777776,0,0.059027777777777776,0,0.059027777777777776,0,0.059027777777777776,0,0.059027777777777776,0,0.059027777777777776,0
es169,0,0,0,0,0,0,0,0,0,0,0,0,0,0,0,0,0,0,0,0,0,0,0,0,0,0,0,0,0,0,0,0,0,0,0,0,0,0,0,0,0,0,0,0,0,0,0,0,0,0,0,0,0,0,0,0,0,0,0,0,0,0,0,0,0,0,0,0,0,0,0,0,0,0,0,0,0,0,0,0,0,0,0,0,0,0,0,0,0,0,0,0,0,0,0,0,0,0,0,0,0,0,0,0,0,0,0,0,0,0,0,0,0,0,0,0,0,0,0,0,0,0,0,0,0,0,0,0,0,0,0,0,0.0634920634920635,0,0.0634920634920635,0,0.126984126984127,0,0.0634920634920635,0,0.0634920634920635,0,0.0634920634920635,0,0.0634920634920635,0,0.0634920634920635,0,0.0634920634920635,0,0.0634920634920635,0,0.0634920634920635,0,0.0634920634920635,0,0.0634920634920635,0,0.0634920634920635,0,0.0634920634920635,0,0.0634920634920635,0,0.0634920634920635,0,0.0634920634920635,0,0.0634920634920635,0,0.0634920634920635,0,0.0634920634920635,0,0.0634920634920635
es170,0,0,0,0,0,0,0,0,0,0,0,0,0,0,0,0,0,0,0,0,0,0,0,0,0,0,0,0,0,0,0,0,0,0,0,0,0,0,0,0,0,0,0,0,0,0,0,0,0,0,0,0,0,0,0,0,0,0,0,0,0,0,0,0,0,0,0,0,0,0,0,0,0,0,0,0,0,0,0,0,0,0,0,0,0,0,0,0,0,0,0,0,0,0,0,0,0,0,0,0,0,0,0,0,0,0,0,0,0,0,0,0,0,0,0,0,0,0,0,0,0,0,0,0,0,0,0,0,0,0,0,0.059027777777777776,0,0.059027777777777776,0,0.059027777777777776,0,0.11805555555555555,0,0.059027777777777776,0,0.059027777777777776,0,0.059027777777777776,0,0.059027777777777776,0,0.059027777777777776,0,0.059027777777777776,0,0.059027777777777776,0,0.059027777777777776,0,0.059027777777777776,0,0.059027777777777776,0,0.059027777777777776,0,0.059027777777777776,0,0.059027777777777776,0,0.059027777777777776,0,0.059027777777777776,0,0.059027777777777776,0,0.059027777777777776,0,0.059027777777777776,0
es171,0,0,0,0,0,0,0,0,0,0,0,0,0,0,0,0,0,0,0,0,0,0,0,0,0,0,0,0,0,0,0,0,0,0,0,0,0,0,0,0,0,0,0,0,0,0,0,0,0,0,0,0,0,0,0,0,0,0,0,0,0,0,0,0,0,0,0,0,0,0,0,0,0,0,0,0,0,0,0,0,0,0,0,0,0,0,0,0,0,0,0,0,0,0,0,0,0,0,0,0,0,0,0,0,0,0,0,0,0,0,0,0,0,0,0,0,0,0,0,0,0,0,0,0,0,0,0,0,0,0,0,0,0.0634920634920635,0,0.0634920634920635,0,0.0634920634920635,0,0.126984126984127,0,0.0634920634920635,0,0.0634920634920635,0,0.0634920634920635,0,0.0634920634920635,0,0.0634920634920635,0,0.0634920634920635,0,0.0634920634920635,0,0.0634920634920635,0,0.0634920634920635,0,0.0634920634920635,0,0.0634920634920635,0,0.0634920634920635,0,0.0634920634920635,0,0.0634920634920635,0,0.0634920634920635,0,0.0634920634920635,0,0.0634920634920635,0,0.0634920634920635
es172,0,0,0,0,0,0,0,0,0,0,0,0,0,0,0,0,0,0,0,0,0,0,0,0,0,0,0,0,0,0,0,0,0,0,0,0,0,0,0,0,0,0,0,0,0,0,0,0,0,0,0,0,0,0,0,0,0,0,0,0,0,0,0,0,0,0,0,0,0,0,0,0,0,0,0,0,0,0,0,0,0,0,0,0,0,0,0,0,0,0,0,0,0,0,0,0,0,0,0,0,0,0,0,0,0,0,0,0,0,0,0,0,0,0,0,0,0,0,0,0,0,0,0,0,0,0,0,0,0,0,0,0.059027777777777776,0,0.059027777777777776,0,0.059027777777777776,0,0.059027777777777776,0,0.11805555555555555,0,0.059027777777777776,0,0.059027777777777776,0,0.059027777777777776,0,0.059027777777777776,0,0.059027777777777776,0,0.059027777777777776,0,0.059027777777777776,0,0.059027777777777776,0,0.059027777777777776,0,0.059027777777777776,0,0.059027777777777776,0,0.059027777777777776,0,0.059027777777777776,0,0.059027777777777776,0,0.059027777777777776,0,0.059027777777777776,0,0.059027777777777776,0
es173,0,0,0,0,0,0,0,0,0,0,0,0,0,0,0,0,0,0,0,0,0,0,0,0,0,0,0,0,0,0,0,0,0,0,0,0,0,0,0,0,0,0,0,0,0,0,0,0,0,0,0,0,0,0,0,0,0,0,0,0,0,0,0,0,0,0,0,0,0,0,0,0,0,0,0,0,0,0,0,0,0,0,0,0,0,0,0,0,0,0,0,0,0,0,0,0,0,0,0,0,0,0,0,0,0,0,0,0,0,0,0,0,0,0,0,0,0,0,0,0,0,0,0,0,0,0,0,0,0,0,0,0,0.0634920634920635,0,0.0634920634920635,0,0.0634920634920635,0,0.0634920634920635,0,0.126984126984127,0,0.0634920634920635,0,0.0634920634920635,0,0.0634920634920635,0,0.0634920634920635,0,0.0634920634920635,0,0.0634920634920635,0,0.0634920634920635,0,0.0634920634920635,0,0.0634920634920635,0,0.0634920634920635,0,0.0634920634920635,0,0.0634920634920635,0,0.0634920634920635,0,0.0634920634920635,0,0.0634920634920635,0,0.0634920634920635,0,0.0634920634920635
es174,0,0,0,0,0,0,0,0,0,0,0,0,0,0,0,0,0,0,0,0,0,0,0,0,0,0,0,0,0,0,0,0,0,0,0,0,0,0,0,0,0,0,0,0,0,0,0,0,0,0,0,0,0,0,0,0,0,0,0,0,0,0,0,0,0,0,0,0,0,0,0,0,0,0,0,0,0,0,0,0,0,0,0,0,0,0,0,0,0,0,0,0,0,0,0,0,0,0,0,0,0,0,0,0,0,0,0,0,0,0,0,0,0,0,0,0,0,0,0,0,0,0,0,0,0,0,0,0,0,0,0,0.059027777777777776,0,0.059027777777777776,0,0.059027777777777776,0,0.059027777777777776,0,0.059027777777777776,0,0.11805555555555555,0,0.059027777777777776,0,0.059027777777777776,0,0.059027777777777776,0,0.059027777777777776,0,0.059027777777777776,0,0.059027777777777776,0,0.059027777777777776,0,0.059027777777777776,0,0.059027777777777776,0,0.059027777777777776,0,0.059027777777777776,0,0.059027777777777776,0,0.059027777777777776,0,0.059027777777777776,0,0.059027777777777776,0,0.059027777777777776,0
es175,0,0,0,0,0,0,0,0,0,0,0,0,0,0,0,0,0,0,0,0,0,0,0,0,0,0,0,0,0,0,0,0,0,0,0,0,0,0,0,0,0,0,0,0,0,0,0,0,0,0,0,0,0,0,0,0,0,0,0,0,0,0,0,0,0,0,0,0,0,0,0,0,0,0,0,0,0,0,0,0,0,0,0,0,0,0,0,0,0,0,0,0,0,0,0,0,0,0,0,0,0,0,0,0,0,0,0,0,0,0,0,0,0,0,0,0,0,0,0,0,0,0,0,0,0,0,0,0,0,0,0,0,0.0634920634920635,0,0.0634920634920635,0,0.0634920634920635,0,0.0634920634920635,0,0.0634920634920635,0,0.126984126984127,0,0.0634920634920635,0,0.0634920634920635,0,0.0634920634920635,0,0.0634920634920635,0,0.0634920634920635,0,0.0634920634920635,0,0.0634920634920635,0,0.0634920634920635,0,0.0634920634920635,0,0.0634920634920635,0,0.0634920634920635,0,0.0634920634920635,0,0.0634920634920635,0,0.0634920634920635,0,0.0634920634920635,0,0.0634920634920635
es176,0,0,0,0,0,0,0,0,0,0,0,0,0,0,0,0,0,0,0,0,0,0,0,0,0,0,0,0,0,0,0,0,0,0,0,0,0,0,0,0,0,0,0,0,0,0,0,0,0,0,0,0,0,0,0,0,0,0,0,0,0,0,0,0,0,0,0,0,0,0,0,0,0,0,0,0,0,0,0,0,0,0,0,0,0,0,0,0,0,0,0,0,0,0,0,0,0,0,0,0,0,0,0,0,0,0,0,0,0,0,0,0,0,0,0,0,0,0,0,0,0,0,0,0,0,0,0,0,0,0,0,0.059027777777777776,0,0.059027777777777776,0,0.059027777777777776,0,0.059027777777777776,0,0.059027777777777776,0,0.059027777777777776,0,0.11805555555555555,0,0.059027777777777776,0,0.059027777777777776,0,0.059027777777777776,0,0.059027777777777776,0,0.059027777777777776,0,0.059027777777777776,0,0.059027777777777776,0,0.059027777777777776,0,0.059027777777777776,0,0.059027777777777776,0,0.059027777777777776,0,0.059027777777777776,0,0.059027777777777776,0,0.059027777777777776,0,0.059027777777777776,0
es177,0,0,0,0,0,0,0,0,0,0,0,0,0,0,0,0,0,0,0,0,0,0,0,0,0,0,0,0,0,0,0,0,0,0,0,0,0,0,0,0,0,0,0,0,0,0,0,0,0,0,0,0,0,0,0,0,0,0,0,0,0,0,0,0,0,0,0,0,0,0,0,0,0,0,0,0,0,0,0,0,0,0,0,0,0,0,0,0,0,0,0,0,0,0,0,0,0,0,0,0,0,0,0,0,0,0,0,0,0,0,0,0,0,0,0,0,0,0,0,0,0,0,0,0,0,0,0,0,0,0,0,0,0.0634920634920635,0,0.0634920634920635,0,0.0634920634920635,0,0.0634920634920635,0,0.0634920634920635,0,0.0634920634920635,0,0.126984126984127,0,0.0634920634920635,0,0.0634920634920635,0,0.0634920634920635,0,0.0634920634920635,0,0.0634920634920635,0,0.0634920634920635,0,0.0634920634920635,0,0.0634920634920635,0,0.0634920634920635,0,0.0634920634920635,0,0.0634920634920635,0,0.0634920634920635,0,0.0634920634920635,0,0.0634920634920635,0,0.0634920634920635
es178,0,0,0,0,0,0,0,0,0,0,0,0,0,0,0,0,0,0,0,0,0,0,0,0,0,0,0,0,0,0,0,0,0,0,0,0,0,0,0,0,0,0,0,0,0,0,0,0,0,0,0,0,0,0,0,0,0,0,0,0,0,0,0,0,0,0,0,0,0,0,0,0,0,0,0,0,0,0,0,0,0,0,0,0,0,0,0,0,0,0,0,0,0,0,0,0,0,0,0,0,0,0,0,0,0,0,0,0,0,0,0,0,0,0,0,0,0,0,0,0,0,0,0,0,0,0,0,0,0,0,0,0.059027777777777776,0,0.059027777777777776,0,0.059027777777777776,0,0.059027777777777776,0,0.059027777777777776,0,0.059027777777777776,0,0.059027777777777776,0,0.11805555555555555,0,0.059027777777777776,0,0.059027777777777776,0,0.059027777777777776,0,0.059027777777777776,0,0.059027777777777776,0,0.059027777777777776,0,0.059027777777777776,0,0.059027777777777776,0,0.059027777777777776,0,0.059027777777777776,0,0.059027777777777776,0,0.059027777777777776,0,0.059027777777777776,0,0.059027777777777776,0
es179,0,0,0,0,0,0,0,0,0,0,0,0,0,0,0,0,0,0,0,0,0,0,0,0,0,0,0,0,0,0,0,0,0,0,0,0,0,0,0,0,0,0,0,0,0,0,0,0,0,0,0,0,0,0,0,0,0,0,0,0,0,0,0,0,0,0,0,0,0,0,0,0,0,0,0,0,0,0,0,0,0,0,0,0,0,0,0,0,0,0,0,0,0,0,0,0,0,0,0,0,0,0,0,0,0,0,0,0,0,0,0,0,0,0,0,0,0,0,0,0,0,0,0,0,0,0,0,0,0,0,0,0,0.0634920634920635,0,0.0634920634920635,0,0.0634920634920635,0,0.0634920634920635,0,0.0634920634920635,0,0.0634920634920635,0,0.0634920634920635,0,0.126984126984127,0,0.0634920634920635,0,0.0634920634920635,0,0.0634920634920635,0,0.0634920634920635,0,0.0634920634920635,0,0.0634920634920635,0,0.0634920634920635,0,0.0634920634920635,0,0.0634920634920635,0,0.0634920634920635,0,0.0634920634920635,0,0.0634920634920635,0,0.0634920634920635,0,0.0634920634920635
es180,0,0,0,0,0,0,0,0,0,0,0,0,0,0,0,0,0,0,0,0,0,0,0,0,0,0,0,0,0,0,0,0,0,0,0,0,0,0,0,0,0,0,0,0,0,0,0,0,0,0,0,0,0,0,0,0,0,0,0,0,0,0,0,0,0,0,0,0,0,0,0,0,0,0,0,0,0,0,0,0,0,0,0,0,0,0,0,0,0,0,0,0,0,0,0,0,0,0,0,0,0,0,0,0,0,0,0,0,0,0,0,0,0,0,0,0,0,0,0,0,0,0,0,0,0,0,0,0,0,0,0,0.059027777777777776,0,0.059027777777777776,0,0.059027777777777776,0,0.059027777777777776,0,0.059027777777777776,0,0.059027777777777776,0,0.059027777777777776,0,0.059027777777777776,0,0.11805555555555555,0,0.059027777777777776,0,0.059027777777777776,0,0.059027777777777776,0,0.059027777777777776,0,0.059027777777777776,0,0.059027777777777776,0,0.059027777777777776,0,0.059027777777777776,0,0.059027777777777776,0,0.059027777777777776,0,0.059027777777777776,0,0.059027777777777776,0,0.059027777777777776,0
es181,0,0,0,0,0,0,0,0,0,0,0,0,0,0,0,0,0,0,0,0,0,0,0,0,0,0,0,0,0,0,0,0,0,0,0,0,0,0,0,0,0,0,0,0,0,0,0,0,0,0,0,0,0,0,0,0,0,0,0,0,0,0,0,0,0,0,0,0,0,0,0,0,0,0,0,0,0,0,0,0,0,0,0,0,0,0,0,0,0,0,0,0,0,0,0,0,0,0,0,0,0,0,0,0,0,0,0,0,0,0,0,0,0,0,0,0,0,0,0,0,0,0,0,0,0,0,0,0,0,0,0,0,0.0634920634920635,0,0.0634920634920635,0,0.0634920634920635,0,0.0634920634920635,0,0.0634920634920635,0,0.0634920634920635,0,0.0634920634920635,0,0.0634920634920635,0,0.126984126984127,0,0.0634920634920635,0,0.0634920634920635,0,0.0634920634920635,0,0.0634920634920635,0,0.0634920634920635,0,0.0634920634920635,0,0.0634920634920635,0,0.0634920634920635,0,0.0634920634920635,0,0.0634920634920635,0,0.0634920634920635,0,0.0634920634920635,0,0.0634920634920635
es182,0,0,0,0,0,0,0,0,0,0,0,0,0,0,0,0,0,0,0,0,0,0,0,0,0,0,0,0,0,0,0,0,0,0,0,0,0,0,0,0,0,0,0,0,0,0,0,0,0,0,0,0,0,0,0,0,0,0,0,0,0,0,0,0,0,0,0,0,0,0,0,0,0,0,0,0,0,0,0,0,0,0,0,0,0,0,0,0,0,0,0,0,0,0,0,0,0,0,0,0,0,0,0,0,0,0,0,0,0,0,0,0,0,0,0,0,0,0,0,0,0,0,0,0,0,0,0,0,0,0,0,0.059027777777777776,0,0.059027777777777776,0,0.059027777777777776,0,0.059027777777777776,0,0.059027777777777776,0,0.059027777777777776,0,0.059027777777777776,0,0.059027777777777776,0,0.059027777777777776,0,0.11805555555555555,0,0.059027777777777776,0,0.059027777777777776,0,0.059027777777777776,0,0.059027777777777776,0,0.059027777777777776,0,0.059027777777777776,0,0.059027777777777776,0,0.059027777777777776,0,0.059027777777777776,0,0.059027777777777776,0,0.059027777777777776,0,0.059027777777777776,0
es183,0,0,0,0,0,0,0,0,0,0,0,0,0,0,0,0,0,0,0,0,0,0,0,0,0,0,0,0,0,0,0,0,0,0,0,0,0,0,0,0,0,0,0,0,0,0,0,0,0,0,0,0,0,0,0,0,0,0,0,0,0,0,0,0,0,0,0,0,0,0,0,0,0,0,0,0,0,0,0,0,0,0,0,0,0,0,0,0,0,0,0,0,0,0,0,0,0,0,0,0,0,0,0,0,0,0,0,0,0,0,0,0,0,0,0,0,0,0,0,0,0,0,0,0,0,0,0,0,0,0,0,0,0.0634920634920635,0,0.0634920634920635,0,0.0634920634920635,0,0.0634920634920635,0,0.0634920634920635,0,0.0634920634920635,0,0.0634920634920635,0,0.0634920634920635,0,0.0634920634920635,0,0.126984126984127,0,0.0634920634920635,0,0.0634920634920635,0,0.0634920634920635,0,0.0634920634920635,0,0.0634920634920635,0,0.0634920634920635,0,0.0634920634920635,0,0.0634920634920635,0,0.0634920634920635,0,0.0634920634920635,0,0.0634920634920635,0,0.0634920634920635
es184,0,0,0,0,0,0,0,0,0,0,0,0,0,0,0,0,0,0,0,0,0,0,0,0,0,0,0,0,0,0,0,0,0,0,0,0,0,0,0,0,0,0,0,0,0,0,0,0,0,0,0,0,0,0,0,0,0,0,0,0,0,0,0,0,0,0,0,0,0,0,0,0,0,0,0,0,0,0,0,0,0,0,0,0,0,0,0,0,0,0,0,0,0,0,0,0,0,0,0,0,0,0,0,0,0,0,0,0,0,0,0,0,0,0,0,0,0,0,0,0,0,0,0,0,0,0,0,0,0,0,0,0.059027777777777776,0,0.059027777777777776,0,0.059027777777777776,0,0.059027777777777776,0,0.059027777777777776,0,0.059027777777777776,0,0.059027777777777776,0,0.059027777777777776,0,0.059027777777777776,0,0.059027777777777776,0,0.11805555555555555,0,0.059027777777777776,0,0.059027777777777776,0,0.059027777777777776,0,0.059027777777777776,0,0.059027777777777776,0,0.059027777777777776,0,0.059027777777777776,0,0.059027777777777776,0,0.059027777777777776,0,0.059027777777777776,0,0.059027777777777776,0
es185,0,0,0,0,0,0,0,0,0,0,0,0,0,0,0,0,0,0,0,0,0,0,0,0,0,0,0,0,0,0,0,0,0,0,0,0,0,0,0,0,0,0,0,0,0,0,0,0,0,0,0,0,0,0,0,0,0,0,0,0,0,0,0,0,0,0,0,0,0,0,0,0,0,0,0,0,0,0,0,0,0,0,0,0,0,0,0,0,0,0,0,0,0,0,0,0,0,0,0,0,0,0,0,0,0,0,0,0,0,0,0,0,0,0,0,0,0,0,0,0,0,0,0,0,0,0,0,0,0,0,0,0,0.0634920634920635,0,0.0634920634920635,0,0.0634920634920635,0,0.0634920634920635,0,0.0634920634920635,0,0.0634920634920635,0,0.0634920634920635,0,0.0634920634920635,0,0.0634920634920635,0,0.0634920634920635,0,0.126984126984127,0,0.0634920634920635,0,0.0634920634920635,0,0.0634920634920635,0,0.0634920634920635,0,0.0634920634920635,0,0.0634920634920635,0,0.0634920634920635,0,0.0634920634920635,0,0.0634920634920635,0,0.0634920634920635,0,0.0634920634920635
es186,0,0,0,0,0,0,0,0,0,0,0,0,0,0,0,0,0,0,0,0,0,0,0,0,0,0,0,0,0,0,0,0,0,0,0,0,0,0,0,0,0,0,0,0,0,0,0,0,0,0,0,0,0,0,0,0,0,0,0,0,0,0,0,0,0,0,0,0,0,0,0,0,0,0,0,0,0,0,0,0,0,0,0,0,0,0,0,0,0,0,0,0,0,0,0,0,0,0,0,0,0,0,0,0,0,0,0,0,0,0,0,0,0,0,0,0,0,0,0,0,0,0,0,0,0,0,0,0,0,0,0,0.059027777777777776,0,0.059027777777777776,0,0.059027777777777776,0,0.059027777777777776,0,0.059027777777777776,0,0.059027777777777776,0,0.059027777777777776,0,0.059027777777777776,0,0.059027777777777776,0,0.059027777777777776,0,0.059027777777777776,0,0.11805555555555555,0,0.059027777777777776,0,0.059027777777777776,0,0.059027777777777776,0,0.059027777777777776,0,0.059027777777777776,0,0.059027777777777776,0,0.059027777777777776,0,0.059027777777777776,0,0.059027777777777776,0,0.059027777777777776,0
es187,0,0,0,0,0,0,0,0,0,0,0,0,0,0,0,0,0,0,0,0,0,0,0,0,0,0,0,0,0,0,0,0,0,0,0,0,0,0,0,0,0,0,0,0,0,0,0,0,0,0,0,0,0,0,0,0,0,0,0,0,0,0,0,0,0,0,0,0,0,0,0,0,0,0,0,0,0,0,0,0,0,0,0,0,0,0,0,0,0,0,0,0,0,0,0,0,0,0,0,0,0,0,0,0,0,0,0,0,0,0,0,0,0,0,0,0,0,0,0,0,0,0,0,0,0,0,0,0,0,0,0,0,0.0634920634920635,0,0.0634920634920635,0,0.0634920634920635,0,0.0634920634920635,0,0.0634920634920635,0,0.0634920634920635,0,0.0634920634920635,0,0.0634920634920635,0,0.0634920634920635,0,0.0634920634920635,0,0.0634920634920635,0,0.126984126984127,0,0.0634920634920635,0,0.0634920634920635,0,0.0634920634920635,0,0.0634920634920635,0,0.0634920634920635,0,0.0634920634920635,0,0.0634920634920635,0,0.0634920634920635,0,0.0634920634920635,0,0.0634920634920635
es188,0,0,0,0,0,0,0,0,0,0,0,0,0,0,0,0,0,0,0,0,0,0,0,0,0,0,0,0,0,0,0,0,0,0,0,0,0,0,0,0,0,0,0,0,0,0,0,0,0,0,0,0,0,0,0,0,0,0,0,0,0,0,0,0,0,0,0,0,0,0,0,0,0,0,0,0,0,0,0,0,0,0,0,0,0,0,0,0,0,0,0,0,0,0,0,0,0,0,0,0,0,0,0,0,0,0,0,0,0,0,0,0,0,0,0,0,0,0,0,0,0,0,0,0,0,0,0,0,0,0,0,0.059027777777777776,0,0.059027777777777776,0,0.059027777777777776,0,0.059027777777777776,0,0.059027777777777776,0,0.059027777777777776,0,0.059027777777777776,0,0.059027777777777776,0,0.059027777777777776,0,0.059027777777777776,0,0.059027777777777776,0,0.059027777777777776,0,0.11805555555555555,0,0.059027777777777776,0,0.059027777777777776,0,0.059027777777777776,0,0.059027777777777776,0,0.059027777777777776,0,0.059027777777777776,0,0.059027777777777776,0,0.059027777777777776,0,0.059027777777777776,0
es189,0,0,0,0,0,0,0,0,0,0,0,0,0,0,0,0,0,0,0,0,0,0,0,0,0,0,0,0,0,0,0,0,0,0,0,0,0,0,0,0,0,0,0,0,0,0,0,0,0,0,0,0,0,0,0,0,0,0,0,0,0,0,0,0,0,0,0,0,0,0,0,0,0,0,0,0,0,0,0,0,0,0,0,0,0,0,0,0,0,0,0,0,0,0,0,0,0,0,0,0,0,0,0,0,0,0,0,0,0,0,0,0,0,0,0,0,0,0,0,0,0,0,0,0,0,0,0,0,0,0,0,0,0.0634920634920635,0,0.0634920634920635,0,0.0634920634920635,0,0.0634920634920635,0,0.0634920634920635,0,0.0634920634920635,0,0.0634920634920635,0,0.0634920634920635,0,0.0634920634920635,0,0.0634920634920635,0,0.0634920634920635,0,0.0634920634920635,0,0.126984126984127,0,0.0634920634920635,0,0.0634920634920635,0,0.0634920634920635,0,0.0634920634920635,0,0.0634920634920635,0,0.0634920634920635,0,0.0634920634920635,0,0.0634920634920635,0,0.0634920634920635
es190,0,0,0,0,0,0,0,0,0,0,0,0,0,0,0,0,0,0,0,0,0,0,0,0,0,0,0,0,0,0,0,0,0,0,0,0,0,0,0,0,0,0,0,0,0,0,0,0,0,0,0,0,0,0,0,0,0,0,0,0,0,0,0,0,0,0,0,0,0,0,0,0,0,0,0,0,0,0,0,0,0,0,0,0,0,0,0,0,0,0,0,0,0,0,0,0,0,0,0,0,0,0,0,0,0,0,0,0,0,0,0,0,0,0,0,0,0,0,0,0,0,0,0,0,0,0,0,0,0,0,0,0.059027777777777776,0,0.059027777777777776,0,0.059027777777777776,0,0.059027777777777776,0,0.059027777777777776,0,0.059027777777777776,0,0.059027777777777776,0,0.059027777777777776,0,0.059027777777777776,0,0.059027777777777776,0,0.059027777777777776,0,0.059027777777777776,0,0.059027777777777776,0,0.11805555555555555,0,0.059027777777777776,0,0.059027777777777776,0,0.059027777777777776,0,0.059027777777777776,0,0.059027777777777776,0,0.059027777777777776,0,0.059027777777777776,0,0.059027777777777776,0
es191,0,0,0,0,0,0,0,0,0,0,0,0,0,0,0,0,0,0,0,0,0,0,0,0,0,0,0,0,0,0,0,0,0,0,0,0,0,0,0,0,0,0,0,0,0,0,0,0,0,0,0,0,0,0,0,0,0,0,0,0,0,0,0,0,0,0,0,0,0,0,0,0,0,0,0,0,0,0,0,0,0,0,0,0,0,0,0,0,0,0,0,0,0,0,0,0,0,0,0,0,0,0,0,0,0,0,0,0,0,0,0,0,0,0,0,0,0,0,0,0,0,0,0,0,0,0,0,0,0,0,0,0,0.0634920634920635,0,0.0634920634920635,0,0.0634920634920635,0,0.0634920634920635,0,0.0634920634920635,0,0.0634920634920635,0,0.0634920634920635,0,0.0634920634920635,0,0.0634920634920635,0,0.0634920634920635,0,0.0634920634920635,0,0.0634920634920635,0,0.0634920634920635,0,0.126984126984127,0,0.0634920634920635,0,0.0634920634920635,0,0.0634920634920635,0,0.0634920634920635,0,0.0634920634920635,0,0.0634920634920635,0,0.0634920634920635,0,0.0634920634920635
es192,0,0,0,0,0,0,0,0,0,0,0,0,0,0,0,0,0,0,0,0,0,0,0,0,0,0,0,0,0,0,0,0,0,0,0,0,0,0,0,0,0,0,0,0,0,0,0,0,0,0,0,0,0,0,0,0,0,0,0,0,0,0,0,0,0,0,0,0,0,0,0,0,0,0,0,0,0,0,0,0,0,0,0,0,0,0,0,0,0,0,0,0,0,0,0,0,0,0,0,0,0,0,0,0,0,0,0,0,0,0,0,0,0,0,0,0,0,0,0,0,0,0,0,0,0,0,0,0,0,0,0,0.059027777777777776,0,0.059027777777777776,0,0.059027777777777776,0,0.059027777777777776,0,0.059027777777777776,0,0.059027777777777776,0,0.059027777777777776,0,0.059027777777777776,0,0.059027777777777776,0,0.059027777777777776,0,0.059027777777777776,0,0.059027777777777776,0,0.059027777777777776,0,0.059027777777777776,0,0.11805555555555555,0,0.059027777777777776,0,0.059027777777777776,0,0.059027777777777776,0,0.059027777777777776,0,0.059027777777777776,0,0.059027777777777776,0,0.059027777777777776,0
es193,0,0,0,0,0,0,0,0,0,0,0,0,0,0,0,0,0,0,0,0,0,0,0,0,0,0,0,0,0,0,0,0,0,0,0,0,0,0,0,0,0,0,0,0,0,0,0,0,0,0,0,0,0,0,0,0,0,0,0,0,0,0,0,0,0,0,0,0,0,0,0,0,0,0,0,0,0,0,0,0,0,0,0,0,0,0,0,0,0,0,0,0,0,0,0,0,0,0,0,0,0,0,0,0,0,0,0,0,0,0,0,0,0,0,0,0,0,0,0,0,0,0,0,0,0,0,0,0,0,0,0,0,0.0634920634920635,0,0.0634920634920635,0,0.0634920634920635,0,0.0634920634920635,0,0.0634920634920635,0,0.0634920634920635,0,0.0634920634920635,0,0.0634920634920635,0,0.0634920634920635,0,0.0634920634920635,0,0.0634920634920635,0,0.0634920634920635,0,0.0634920634920635,0,0.0634920634920635,0,0.126984126984127,0,0.0634920634920635,0,0.0634920634920635,0,0.0634920634920635,0,0.0634920634920635,0,0.0634920634920635,0,0.0634920634920635,0,0.0634920634920635
es194,0,0,0,0,0,0,0,0,0,0,0,0,0,0,0,0,0,0,0,0,0,0,0,0,0,0,0,0,0,0,0,0,0,0,0,0,0,0,0,0,0,0,0,0,0,0,0,0,0,0,0,0,0,0,0,0,0,0,0,0,0,0,0,0,0,0,0,0,0,0,0,0,0,0,0,0,0,0,0,0,0,0,0,0,0,0,0,0,0,0,0,0,0,0,0,0,0,0,0,0,0,0,0,0,0,0,0,0,0,0,0,0,0,0,0,0,0,0,0,0,0,0,0,0,0,0,0,0,0,0,0,0.059027777777777776,0,0.059027777777777776,0,0.059027777777777776,0,0.059027777777777776,0,0.059027777777777776,0,0.059027777777777776,0,0.059027777777777776,0,0.059027777777777776,0,0.059027777777777776,0,0.059027777777777776,0,0.059027777777777776,0,0.059027777777777776,0,0.059027777777777776,0,0.059027777777777776,0,0.059027777777777776,0,0.11805555555555555,0,0.059027777777777776,0,0.059027777777777776,0,0.059027777777777776,0,0.059027777777777776,0,0.059027777777777776,0,0.059027777777777776,0
es195,0,0,0,0,0,0,0,0,0,0,0,0,0,0,0,0,0,0,0,0,0,0,0,0,0,0,0,0,0,0,0,0,0,0,0,0,0,0,0,0,0,0,0,0,0,0,0,0,0,0,0,0,0,0,0,0,0,0,0,0,0,0,0,0,0,0,0,0,0,0,0,0,0,0,0,0,0,0,0,0,0,0,0,0,0,0,0,0,0,0,0,0,0,0,0,0,0,0,0,0,0,0,0,0,0,0,0,0,0,0,0,0,0,0,0,0,0,0,0,0,0,0,0,0,0,0,0,0,0,0,0,0,0.0634920634920635,0,0.0634920634920635,0,0.0634920634920635,0,0.0634920634920635,0,0.0634920634920635,0,0.0634920634920635,0,0.0634920634920635,0,0.0634920634920635,0,0.0634920634920635,0,0.0634920634920635,0,0.0634920634920635,0,0.0634920634920635,0,0.0634920634920635,0,0.0634920634920635,0,0.0634920634920635,0,0.126984126984127,0,0.0634920634920635,0,0.0634920634920635,0,0.0634920634920635,0,0.0634920634920635,0,0.0634920634920635,0,0.0634920634920635
es196,0,0,0,0,0,0,0,0,0,0,0,0,0,0,0,0,0,0,0,0,0,0,0,0,0,0,0,0,0,0,0,0,0,0,0,0,0,0,0,0,0,0,0,0,0,0,0,0,0,0,0,0,0,0,0,0,0,0,0,0,0,0,0,0,0,0,0,0,0,0,0,0,0,0,0,0,0,0,0,0,0,0,0,0,0,0,0,0,0,0,0,0,0,0,0,0,0,0,0,0,0,0,0,0,0,0,0,0,0,0,0,0,0,0,0,0,0,0,0,0,0,0,0,0,0,0,0,0,0,0,0,0.059027777777777776,0,0.059027777777777776,0,0.059027777777777776,0,0.059027777777777776,0,0.059027777777777776,0,0.059027777777777776,0,0.059027777777777776,0,0.059027777777777776,0,0.059027777777777776,0,0.059027777777777776,0,0.059027777777777776,0,0.059027777777777776,0,0.059027777777777776,0,0.059027777777777776,0,0.059027777777777776,0,0.059027777777777776,0,0.11805555555555555,0,0.059027777777777776,0,0.059027777777777776,0,0.059027777777777776,0,0.059027777777777776,0,0.059027777777777776,0
es197,0,0,0,0,0,0,0,0,0,0,0,0,0,0,0,0,0,0,0,0,0,0,0,0,0,0,0,0,0,0,0,0,0,0,0,0,0,0,0,0,0,0,0,0,0,0,0,0,0,0,0,0,0,0,0,0,0,0,0,0,0,0,0,0,0,0,0,0,0,0,0,0,0,0,0,0,0,0,0,0,0,0,0,0,0,0,0,0,0,0,0,0,0,0,0,0,0,0,0,0,0,0,0,0,0,0,0,0,0,0,0,0,0,0,0,0,0,0,0,0,0,0,0,0,0,0,0,0,0,0,0,0,0.0634920634920635,0,0.0634920634920635,0,0.0634920634920635,0,0.0634920634920635,0,0.0634920634920635,0,0.0634920634920635,0,0.0634920634920635,0,0.0634920634920635,0,0.0634920634920635,0,0.0634920634920635,0,0.0634920634920635,0,0.0634920634920635,0,0.0634920634920635,0,0.0634920634920635,0,0.0634920634920635,0,0.0634920634920635,0,0.126984126984127,0,0.0634920634920635,0,0.0634920634920635,0,0.0634920634920635,0,0.0634920634920635,0,0.0634920634920635
es198,0,0,0,0,0,0,0,0,0,0,0,0,0,0,0,0,0,0,0,0,0,0,0,0,0,0,0,0,0,0,0,0,0,0,0,0,0,0,0,0,0,0,0,0,0,0,0,0,0,0,0,0,0,0,0,0,0,0,0,0,0,0,0,0,0,0,0,0,0,0,0,0,0,0,0,0,0,0,0,0,0,0,0,0,0,0,0,0,0,0,0,0,0,0,0,0,0,0,0,0,0,0,0,0,0,0,0,0,0,0,0,0,0,0,0,0,0,0,0,0,0,0,0,0,0,0,0,0,0,0,0,0.059027777777777776,0,0.059027777777777776,0,0.059027777777777776,0,0.059027777777777776,0,0.059027777777777776,0,0.059027777777777776,0,0.059027777777777776,0,0.059027777777777776,0,0.059027777777777776,0,0.059027777777777776,0,0.059027777777777776,0,0.059027777777777776,0,0.059027777777777776,0,0.059027777777777776,0,0.059027777777777776,0,0.059027777777777776,0,0.059027777777777776,0,0.11805555555555555,0,0.059027777777777776,0,0.059027777777777776,0,0.059027777777777776,0,0.059027777777777776,0
es199,0,0,0,0,0,0,0,0,0,0,0,0,0,0,0,0,0,0,0,0,0,0,0,0,0,0,0,0,0,0,0,0,0,0,0,0,0,0,0,0,0,0,0,0,0,0,0,0,0,0,0,0,0,0,0,0,0,0,0,0,0,0,0,0,0,0,0,0,0,0,0,0,0,0,0,0,0,0,0,0,0,0,0,0,0,0,0,0,0,0,0,0,0,0,0,0,0,0,0,0,0,0,0,0,0,0,0,0,0,0,0,0,0,0,0,0,0,0,0,0,0,0,0,0,0,0,0,0,0,0,0,0,0.0634920634920635,0,0.0634920634920635,0,0.0634920634920635,0,0.0634920634920635,0,0.0634920634920635,0,0.0634920634920635,0,0.0634920634920635,0,0.0634920634920635,0,0.0634920634920635,0,0.0634920634920635,0,0.0634920634920635,0,0.0634920634920635,0,0.0634920634920635,0,0.0634920634920635,0,0.0634920634920635,0,0.0634920634920635,0,0.0634920634920635,0,0.126984126984127,0,0.0634920634920635,0,0.0634920634920635,0,0.0634920634920635,0,0.0634920634920635
es200,0,0,0,0,0,0,0,0,0,0,0,0,0,0,0,0,0,0,0,0,0,0,0,0,0,0,0,0,0,0,0,0,0,0,0,0,0,0,0,0,0,0,0,0,0,0,0,0,0,0,0,0,0,0,0,0,0,0,0,0,0,0,0,0,0,0,0,0,0,0,0,0,0,0,0,0,0,0,0,0,0,0,0,0,0,0,0,0,0,0,0,0,0,0,0,0,0,0,0,0,0,0,0,0,0,0,0,0,0,0,0,0,0,0,0,0,0,0,0,0,0,0,0,0,0,0,0,0,0,0,0,0.059027777777777776,0,0.059027777777777776,0,0.059027777777777776,0,0.059027777777777776,0,0.059027777777777776,0,0.059027777777777776,0,0.059027777777777776,0,0.059027777777777776,0,0.059027777777777776,0,0.059027777777777776,0,0.059027777777777776,0,0.059027777777777776,0,0.059027777777777776,0,0.059027777777777776,0,0.059027777777777776,0,0.059027777777777776,0,0.059027777777777776,0,0.059027777777777776,0,0.11805555555555555,0,0.059027777777777776,0,0.059027777777777776,0,0.059027777777777776,0
es201,0,0,0,0,0,0,0,0,0,0,0,0,0,0,0,0,0,0,0,0,0,0,0,0,0,0,0,0,0,0,0,0,0,0,0,0,0,0,0,0,0,0,0,0,0,0,0,0,0,0,0,0,0,0,0,0,0,0,0,0,0,0,0,0,0,0,0,0,0,0,0,0,0,0,0,0,0,0,0,0,0,0,0,0,0,0,0,0,0,0,0,0,0,0,0,0,0,0,0,0,0,0,0,0,0,0,0,0,0,0,0,0,0,0,0,0,0,0,0,0,0,0,0,0,0,0,0,0,0,0,0,0,0.0634920634920635,0,0.0634920634920635,0,0.0634920634920635,0,0.0634920634920635,0,0.0634920634920635,0,0.0634920634920635,0,0.0634920634920635,0,0.0634920634920635,0,0.0634920634920635,0,0.0634920634920635,0,0.0634920634920635,0,0.0634920634920635,0,0.0634920634920635,0,0.0634920634920635,0,0.0634920634920635,0,0.0634920634920635,0,0.0634920634920635,0,0.0634920634920635,0,0.126984126984127,0,0.0634920634920635,0,0.0634920634920635,0,0.0634920634920635
es202,0,0,0,0,0,0,0,0,0,0,0,0,0,0,0,0,0,0,0,0,0,0,0,0,0,0,0,0,0,0,0,0,0,0,0,0,0,0,0,0,0,0,0,0,0,0,0,0,0,0,0,0,0,0,0,0,0,0,0,0,0,0,0,0,0,0,0,0,0,0,0,0,0,0,0,0,0,0,0,0,0,0,0,0,0,0,0,0,0,0,0,0,0,0,0,0,0,0,0,0,0,0,0,0,0,0,0,0,0,0,0,0,0,0,0,0,0,0,0,0,0,0,0,0,0,0,0,0,0,0,0,0.059027777777777776,0,0.059027777777777776,0,0.059027777777777776,0,0.059027777777777776,0,0.059027777777777776,0,0.059027777777777776,0,0.059027777777777776,0,0.059027777777777776,0,0.059027777777777776,0,0.059027777777777776,0,0.059027777777777776,0,0.059027777777777776,0,0.059027777777777776,0,0.059027777777777776,0,0.059027777777777776,0,0.059027777777777776,0,0.059027777777777776,0,0.059027777777777776,0,0.059027777777777776,0,0.11805555555555555,0,0.059027777777777776,0,0.059027777777777776,0
es203,0,0,0,0,0,0,0,0,0,0,0,0,0,0,0,0,0,0,0,0,0,0,0,0,0,0,0,0,0,0,0,0,0,0,0,0,0,0,0,0,0,0,0,0,0,0,0,0,0,0,0,0,0,0,0,0,0,0,0,0,0,0,0,0,0,0,0,0,0,0,0,0,0,0,0,0,0,0,0,0,0,0,0,0,0,0,0,0,0,0,0,0,0,0,0,0,0,0,0,0,0,0,0,0,0,0,0,0,0,0,0,0,0,0,0,0,0,0,0,0,0,0,0,0,0,0,0,0,0,0,0,0,0.0634920634920635,0,0.0634920634920635,0,0.0634920634920635,0,0.0634920634920635,0,0.0634920634920635,0,0.0634920634920635,0,0.0634920634920635,0,0.0634920634920635,0,0.0634920634920635,0,0.0634920634920635,0,0.0634920634920635,0,0.0634920634920635,0,0.0634920634920635,0,0.0634920634920635,0,0.0634920634920635,0,0.0634920634920635,0,0.0634920634920635,0,0.0634920634920635,0,0.0634920634920635,0,0.126984126984127,0,0.0634920634920635,0,0.0634920634920635
es204,0,0,0,0,0,0,0,0,0,0,0,0,0,0,0,0,0,0,0,0,0,0,0,0,0,0,0,0,0,0,0,0,0,0,0,0,0,0,0,0,0,0,0,0,0,0,0,0,0,0,0,0,0,0,0,0,0,0,0,0,0,0,0,0,0,0,0,0,0,0,0,0,0,0,0,0,0,0,0,0,0,0,0,0,0,0,0,0,0,0,0,0,0,0,0,0,0,0,0,0,0,0,0,0,0,0,0,0,0,0,0,0,0,0,0,0,0,0,0,0,0,0,0,0,0,0,0,0,0,0,0,0.059027777777777776,0,0.059027777777777776,0,0.059027777777777776,0,0.059027777777777776,0,0.059027777777777776,0,0.059027777777777776,0,0.059027777777777776,0,0.059027777777777776,0,0.059027777777777776,0,0.059027777777777776,0,0.059027777777777776,0,0.059027777777777776,0,0.059027777777777776,0,0.059027777777777776,0,0.059027777777777776,0,0.059027777777777776,0,0.059027777777777776,0,0.059027777777777776,0,0.059027777777777776,0,0.059027777777777776,0,0.11805555555555555,0,0.059027777777777776,0
es205,0,0,0,0,0,0,0,0,0,0,0,0,0,0,0,0,0,0,0,0,0,0,0,0,0,0,0,0,0,0,0,0,0,0,0,0,0,0,0,0,0,0,0,0,0,0,0,0,0,0,0,0,0,0,0,0,0,0,0,0,0,0,0,0,0,0,0,0,0,0,0,0,0,0,0,0,0,0,0,0,0,0,0,0,0,0,0,0,0,0,0,0,0,0,0,0,0,0,0,0,0,0,0,0,0,0,0,0,0,0,0,0,0,0,0,0,0,0,0,0,0,0,0,0,0,0,0,0,0,0,0,0,0.0634920634920635,0,0.0634920634920635,0,0.0634920634920635,0,0.0634920634920635,0,0.0634920634920635,0,0.0634920634920635,0,0.0634920634920635,0,0.0634920634920635,0,0.0634920634920635,0,0.0634920634920635,0,0.0634920634920635,0,0.0634920634920635,0,0.0634920634920635,0,0.0634920634920635,0,0.0634920634920635,0,0.0634920634920635,0,0.0634920634920635,0,0.0634920634920635,0,0.0634920634920635,0,0.0634920634920635,0,0.126984126984127,0,0.0634920634920635
es206,0,0,0,0,0,0,0,0,0,0,0,0,0,0,0,0,0,0,0,0,0,0,0,0,0,0,0,0,0,0,0,0,0,0,0,0,0,0,0,0,0,0,0,0,0,0,0,0,0,0,0,0,0,0,0,0,0,0,0,0,0,0,0,0,0,0,0,0,0,0,0,0,0,0,0,0,0,0,0,0,0,0,0,0,0,0,0,0,0,0,0,0,0,0,0,0,0,0,0,0,0,0,0,0,0,0,0,0,0,0,0,0,0,0,0,0,0,0,0,0,0,0,0,0,0,0,0,0,0,0,0,0.059027777777777776,0,0.059027777777777776,0,0.059027777777777776,0,0.059027777777777776,0,0.059027777777777776,0,0.059027777777777776,0,0.059027777777777776,0,0.059027777777777776,0,0.059027777777777776,0,0.059027777777777776,0,0.059027777777777776,0,0.059027777777777776,0,0.059027777777777776,0,0.059027777777777776,0,0.059027777777777776,0,0.059027777777777776,0,0.059027777777777776,0,0.059027777777777776,0,0.059027777777777776,0,0.059027777777777776,0,0.059027777777777776,0,0.11805555555555555,0
es207,0,0,0,0,0,0,0,0,0,0,0,0,0,0,0,0,0,0,0,0,0,0,0,0,0,0,0,0,0,0,0,0,0,0,0,0,0,0,0,0,0,0,0,0,0,0,0,0,0,0,0,0,0,0,0,0,0,0,0,0,0,0,0,0,0,0,0,0,0,0,0,0,0,0,0,0,0,0,0,0,0,0,0,0,0,0,0,0,0,0,0,0,0,0,0,0,0,0,0,0,0,0,0,0,0,0,0,0,0,0,0,0,0,0,0,0,0,0,0,0,0,0,0,0,0,0,0,0,0,0,0,0,0.0634920634920635,0,0.0634920634920635,0,0.0634920634920635,0,0.0634920634920635,0,0.0634920634920635,0,0.0634920634920635,0,0.0634920634920635,0,0.0634920634920635,0,0.0634920634920635,0,0.0634920634920635,0,0.0634920634920635,0,0.0634920634920635,0,0.0634920634920635,0,0.0634920634920635,0,0.0634920634920635,0,0.0634920634920635,0,0.0634920634920635,0,0.0634920634920635,0,0.0634920634920635,0,0.0634920634920635,0,0.0634920634920635,0,0.126984126984127
