study_id,ex_id,con_id,out_id,es_id,shared_control,id_notes,title,doi,publish_in,outcome_id_notes,sp_latin,sp_common,strain,dam_age,dam_age_notes,gest_stage_ex,gest_stage_ex_standardised,gest_stage_ex_notes,exposure_span_d,exposure_type,exposure_session_duration_h,ex_session_duration_notes,noise_type,noise_type_2,loudness_dB,frequency_Hz,control_conditions,control_loudness,control_notes,offspring_sex,offspring_age_d,offspring_age_notes,experimental_procedures,experimental_procedures_notes,outcome_type,assay_type,assay_type_notes,measurement_variable,data_type,data_units,measurement_timing,data_source,data_file,c_a_id,ex_a_id,comparison,comparison_structure,higher_better,effect_direction_label_raw,higher_better_notes,c_mean,c_sd,c_n,c_se,c_ci,ex_mean,ex_sd,ex_n,ex_se,ex_ci,stat_comment,general_comment,c_median,c_q1,c_q3,ex_median,ex_q1,ex_q3,checked_ML,checked_ML_comments,...72,corrections_notes_AL,c_mean_analysis,c_mean_method,c_sd_analysis,c_sd_method,c_se_analysis,c_se_method,ex_mean_analysis,ex_mean_method,ex_sd_analysis,ex_sd_method,ex_se_analysis,ex_se_method
uygur_2010_aphyhun,ex001,con001,out001,es001,Yes,One control and one treatment,Effects of chronic stress on cognitive functions and anxiety related behaviors in rats,10.1556/APhysiol.97.2010.3.6,Acta Physiologica Hungarica,Only one assay for anxiety,Rattus norvegicus,albino rat,Sprague-Dawley,,not reported,late,late,day 14-21,8,Intermitent,0.66,45 min,White noise,Audible,100,,unclear,,"They carried the cages to the other room too, but without any noise exposure",male,70,70 days of age,none,,anxiety,Defensive withdrawal test (DWT),Latency to exit the dark box with all four paws for the first time,Latency to exit the dark box,time,seconds,light_phase,Table II,uygur_2010_table2,CON_lat,PSN_lat,con_psn_lat,independent,no,Positive,Not specified,90.9,,9,58.69,,137,,10,66.9,,,,,,,,,,yes,,,,90.9,Extracted mean used unchanged,176.07,SD = SE * sqrt(n),58.69,Extracted SE used unchanged,137,Extracted mean used unchanged,211.5563754652646,SD = SE * sqrt(n),66.9,Extracted SE used unchanged
uygur_2010_aphyhun,ex001,con001,out002,es002,Yes,One control and one treatment,Effects of chronic stress on cognitive functions and anxiety related behaviors in rats,10.1556/APhysiol.97.2010.3.6,Acta Physiologica Hungarica,Only one assay for anxiety,Rattus norvegicus,albino rat,Sprague-Dawley,,not reported,late,late,day 14-21,8,Intermitent,0.66,45 min,White noise,Audible,100,,unclear,,"They carried the cages to the other room too, but without any noise exposure",male,70,70 days of age,none,,anxiety,Defensive withdrawal test (DWT),,Exits from dark box,count,count,light_phase,Table II,uygur_2010_table2,CON_ex,PSN_ex,con_psn_ex,independent,yes,Negative,Not specified,4.3,,9,0.82,,3.67,,10,0.73,,,,,,,,,,yes,,,,4.3,Extracted mean used unchanged,2.46,SD = SE * sqrt(n),0.82,Extracted SE used unchanged,3.67,Extracted mean used unchanged,2.308462691922917,SD = SE * sqrt(n),0.73,Extracted SE used unchanged
uygur_2010_aphyhun,ex001,con001,out003,es003,Yes,One control and one treatment,Effects of chronic stress on cognitive functions and anxiety related behaviors in rats,10.1556/APhysiol.97.2010.3.6,Acta Physiologica Hungarica,Only one assay for anxiety,Rattus norvegicus,albino rat,Sprague-Dawley,,not reported,late,late,day 14-21,8,Intermitent,0.66,45 min,White noise,Audible,100,,unclear,,"They carried the cages to the other room too, but without any noise exposure",male,70,70 days of age,none,,anxiety,Defensive withdrawal test (DWT),,Time in open field,time,seconds,light_phase,Table II,uygur_2010_table2,CON_oat,PSN_oat,con_psn_oat,independent,yes,Negative,Not specified,101.74,,9,25.25,,66.67,,10,16.87,,,,,,,,,,yes,,,,101.74,Extracted mean used unchanged,75.75,SD = SE * sqrt(n),25.25,Extracted SE used unchanged,66.67,Extracted mean used unchanged,53.34762412704057,SD = SE * sqrt(n),16.87,Extracted SE used unchanged
barzegar_2014_hippo,ex002,con002,out004,es004,Yes,They tested 1 h daily exposure duration,Effects of chronic stress on cognitive functions and anxiety related behaviors in rats,10.1002/hipo.22363,Hippocampus,Only one assay for anxiety,Rattus norvegicus,brown rat,Wistar rat,,not reported,late,late,at the third trimester,7,Intermitent,1,h,White noise,Audible,,,unclear,,Control pregnant animals was kept in the noise chamber for the same period of time without noise exposure,male,46,42-50 daysof age,none,"95 dBA, they report the loudness in A-weighted filter applied, it's a hearing-based assessment, so they filter out frequencies that humans can't hear. This is not comparable with the dB (flat) with no frequency weighting",anxiety,Elevated Plus Maze (EPM),"Evaluated spatial anxiety in rats. As a convention, an entry was defined as having all four paws in the arm.",Entries into open arms (OAE),percentage,percent,not_reported,Figure 2A,barzegar_2014_figure2,CON_oae,N1_oae,con_n1_oae,independent,yes,Negative,Not specified,32.07,10.96,10,3.47,,33.93,19.61,10,6.2,,,,,,,,,,yes,,,,32.07,Extracted mean used unchanged,10.96,Extracted SD used unchanged,3.47,Extracted SE used unchanged,33.93,Extracted mean used unchanged,19.61,Extracted SD used unchanged,6.2,Extracted SE used unchanged
barzegar_2014_hippo,ex002,con002,out005,es005,Yes,They tested 1 h daily exposure duration,"Prenatal Exposure to Noise Stress: Anxiety, Impaired Spatial Memory, and Deteriorated Hippocampal Plasticity in Postnatal Life",10.1002/hipo.22363,Hippocampus,Only one assay for anxiety,Rattus norvegicus,brown rat,Wistar rat,,not reported,late,late,at the third trimester,7,Intermitent,1,h,White noise,Audible,,,unclear,,Control pregnant animals was kept in the noise chamber for the same period of time without noise exposure,male,46,42-50 daysof age,none,"95 dBA, they report the loudness in A-weighted filter applied, it's a hearing-based assessment, so they filter out frequencies that humans can't hear. This is not comparable with the dB (flat) with no frequency weighting",anxiety,Elevated Plus Maze (EPM),Evaluated spatial anxiety in rats,Time in open arms (OAT),percentage,percent,not_reported,Figure 2B,barzegar_2014_figure2,CON_oat,N1_oat,con_n1_oat,independent,yes,Negative,Not specified,30.02,6.41,10,2.03,,30.78,4.33,10,1.37,,,,,,,,,,yes,,,,30.02,Extracted mean used unchanged,6.41,Extracted SD used unchanged,2.03,Extracted SE used unchanged,30.78,Extracted mean used unchanged,4.33,Extracted SD used unchanged,1.37,Extracted SE used unchanged
barzegar_2014_hippo,ex003,con002,out004,es006,Yes,They tested 2 h daily exposure duration,"Prenatal Exposure to Noise Stress: Anxiety, Impaired Spatial Memory, and Deteriorated Hippocampal Plasticity in Postnatal Life",10.1002/hipo.22363,Hippocampus,Only one assay for anxiety,Rattus norvegicus,brown rat,Wistar rat,,not reported,late,late,at the third trimester,7,Intermitent,2,h,White noise,Audible,,,unclear,,Control pregnant animals was kept in the noise chamber for the same period of time without noise exposure,male,46,42-50 daysof age,none,"95 dBA, they report the loudness in A-weighted filter applied, it's a hearing-based assessment, so they filter out frequencies that humans can't hear. This is not comparable with the dB (flat) with no frequency weighting",anxiety,Elevated Plus Maze (EPM),Evaluated spatial anxiety in rats,Entries into open arms (OAE),percentage,percent,not_reported,Figure 2A,barzegar_2014_figure2,CON_oae,N2_oae,con_n2_oae,independent,yes,Negative,Not specified,32.07,10.96,10,3.47,,14.27,8.43,10,8.43,,,,,,,,,,yes,,,,32.07,Extracted mean used unchanged,10.96,Extracted SD used unchanged,3.47,Extracted SE used unchanged,14.27,Extracted mean used unchanged,8.43,Extracted SD used unchanged,8.43,Extracted SE used unchanged
barzegar_2014_hippo,ex003,con002,out005,es007,Yes,They tested 2 h daily exposure duration,"Prenatal Exposure to Noise Stress: Anxiety, Impaired Spatial Memory, and Deteriorated Hippocampal Plasticity in Postnatal Life",10.1002/hipo.22363,Hippocampus,Only one assay for anxiety,Rattus norvegicus,brown rat,Wistar rat,,not reported,late,late,at the third trimester,7,Intermitent,2,h,White noise,Audible,,,unclear,,Control pregnant animals was kept in the noise chamber for the same period of time without noise exposure,male,46,42-50 daysof age,none,"95 dBA, they report the loudness in A-weighted filter applied, it's a hearing-based assessment, so they filter out frequencies that humans can't hear. This is not comparable with the dB (flat) with no frequency weighting",anxiety,Elevated Plus Maze (EPM),Evaluated spatial anxiety in rats,Time in open arms (OAT),percentage,percent,not_reported,Figure 2B,barzegar_2014_figure2,CON_oat,N2_oat,con_n2_oat,independent,yes,Negative,Not specified,30.02,6.41,10,2.03,,21.53,5.72,10,1.81,,,,,,,,,,yes,,,,30.02,Extracted mean used unchanged,6.41,Extracted SD used unchanged,2.03,Extracted SE used unchanged,21.53,Extracted mean used unchanged,5.72,Extracted SD used unchanged,1.81,Extracted SE used unchanged
barzegar_2014_hippo,ex004,con002,out004,es008,Yes,They tested 4 h daily exposure duration,"Prenatal Exposure to Noise Stress: Anxiety, Impaired Spatial Memory, and Deteriorated Hippocampal Plasticity in Postnatal Life",10.1002/hipo.22363,Hippocampus,Only one assay for anxiety,Rattus norvegicus,brown rat,Wistar rat,,not reported,late,late,at the third trimester,7,Intermitent,4,h,White noise,Audible,,,unclear,,Control pregnant animals was kept in the noise chamber for the same period of time without noise exposure,male,46,42-50 daysof age,none,"95 dBA, they report the loudness in A-weighted filter applied, it's a hearing-based assessment, so they filter out frequencies that humans can't hear. This is not comparable with the dB (flat) with no frequency weighting",anxiety,Elevated Plus Maze (EPM),Evaluated spatial anxiety in rats,Entries into open arms (OAE),percentage,percent,not_reported,Figure 2A,barzegar_2014_figure2,CON_oae,N4_oae,con_n4_oae,independent,yes,Negative,Not specified,32.07,10.96,10,3.47,,15.33,8.85,10,2.8,,,,,,,,,,yes,,,,32.07,Extracted mean used unchanged,10.96,Extracted SD used unchanged,3.47,Extracted SE used unchanged,15.33,Extracted mean used unchanged,8.85,Extracted SD used unchanged,2.8,Extracted SE used unchanged
barzegar_2014_hippo,ex004,con002,out005,es009,Yes,They tested 4 h daily exposure duration,"Prenatal Exposure to Noise Stress: Anxiety, Impaired Spatial Memory, and Deteriorated Hippocampal Plasticity in Postnatal Life",10.1002/hipo.22363,Hippocampus,Only one assay for anxiety,Rattus norvegicus,brown rat,Wistar rat,,not reported,late,late,at the third trimester,7,Intermitent,4,h,White noise,Audible,,,unclear,,Control pregnant animals was kept in the noise chamber for the same period of time without noise exposure,male,46,42-50 daysof age,none,"95 dBA, they report the loudness in A-weighted filter applied, it's a hearing-based assessment, so they filter out frequencies that humans can't hear. This is not comparable with the dB (flat) with no frequency weighting",anxiety,Elevated Plus Maze (EPM),Evaluated spatial anxiety in rats,Time in open arms (OAT),percentage,percent,not_reported,Figure 2B,barzegar_2014_figure2b,CON_oat,N4_oat,con_n4_oat,independent,yes,Negative,Not specified,30.02,6.41,10,2.03,,16.92,8.31,10,2.63,,,,,,,,,,yes,,,"Done! re-extracted, I swapped the selection in meta-digitise",30.02,Extracted mean used unchanged,6.41,Extracted SD used unchanged,2.03,Extracted SE used unchanged,16.92,Extracted mean used unchanged,8.31,Extracted SD used unchanged,2.63,Extracted SE used unchanged
hassanvand_2012_phyphar,ex005,con003,out006,es010,Yes,Only one experiment,"Alterations in dopamine related behavior of the offspring of pregnant Wistar
rats exposed to noise pollution stress",http://ppj.phypha.ir/article-1-805-en.html,Physiology and Pharmacology,Only one assay,Rattus norvegicus,brown rat,Wistar rat,,not reported 200g,"early, mid",early_mid,day 1-14,14,Intermitent,0.083,15 min,Traffic,Audible,125,,unclear,,"Environment without noise""ŸÖÿ≠€åÿ∑ ÿ®€å ÿ≥ÿ± Ÿà ÿµÿØÿß""",male,90,3 months,none,They used a car alarm,anxiety,Open Field Test (OFT),Locomotor and exploratory behaviour,Sniffing,count,count,not_reported,Figure 2,hassanvand_2012_phyphar_Figure2,Control_sniff,Expn_sniff,control_exp_sniff,independent,yes,Negative,Not specified,41.568,2.7625,6,1.1278,,35.5825,2.916,6,1.1904,,,"non-English language, ask native speaker",,,,,,,recheck,whiskers in the plot extracted as SD values but more likely they are SE values,"Done! re-extracted, I swapped the selection in meta-digitise","Done! re-extracted, I swapped the selection in meta-digitise",41.568,Extracted mean used unchanged,2.7625,Extracted SD used unchanged,1.1278,Extracted SE used unchanged,35.5825,Extracted mean used unchanged,2.916,Extracted SD used unchanged,1.1904,Extracted SE used unchanged
hassanvand_2012_phyphar,ex005,con003,out007,es011,Yes,Only one experiment,"Alterations in dopamine related behavior of the offspring of pregnant Wistar
rats exposed to noise pollution stress",http://ppj.phypha.ir/article-1-805-en.html,Physiology and Pharmacology,Only one assay,Rattus norvegicus,brown rat,Wistar rat,,not reported 200g,"early, mid",early_mid,day 1-14,14,Intermitent,0.083,15 min,Traffic,Audible,125,,unclear,,"Environment without noise""ŸÖÿ≠€åÿ∑ ÿ®€å ÿ≥ÿ± Ÿà ÿµÿØÿß""",male,90,3 months,none,They used a car alarm,anxiety,Open Field Test (OFT),Locomotor and exploratory behaviour,Rearing frequency,count,count,not_reported,Figure 2,hassanvand_2012_phyphar_Figure2,Control_rear,Exp_rear,control_exp_rear,independent,yes,Negative,Not specified,13.943,1.8417,6,0.7519,,20.6957,2.4556,6,1.0025,,,"non-English language, ask native speaker",,,,,,,recheck,whiskers in the plot extracted as SD values but more likely they are SE values,"Done! re-extracted, I swapped the selection in meta-digitise","Done! re-extracted, I swapped the selection in meta-digitise",13.943,Extracted mean used unchanged,1.8417,Extracted SD used unchanged,0.7519,Extracted SE used unchanged,20.6957,Extracted mean used unchanged,2.4556,Extracted SD used unchanged,1.0025,Extracted SE used unchanged
hassanvand_2012_phyphar,ex005,con003,out008,es012,Yes,Only one experiment,"Alterations in dopamine related behavior of the offspring of pregnant Wistar
rats exposed to noise pollution stress",http://ppj.phypha.ir/article-1-805-en.html,Physiology and Pharmacology,Only one assay,Rattus norvegicus,brown rat,Wistar rat,,not reported 200g,"early, mid",early_mid,day 1-14,14,Intermitent,0.083,15 min,Traffic,Audible,125,,unclear,,"Environment without noise""ŸÖÿ≠€åÿ∑ ÿ®€å ÿ≥ÿ± Ÿà ÿµÿØÿß""",male,90,3 months,none,They used a car alarm,anxiety,Open Field Test (OFT),Locomotor and exploratory behaviour,Sections crossed,count,count,not_reported,Figure 2,hassanvand_2012_phyphar_Figure2,Control_loco,Exp_loco,control_exp_loco,independent,yes,Negative,Not specified,24.686,4.4507,6,1.817,,28.5228,2.609,6,1.0651,,,"non-English language, ask native speaker",,,,,,,recheck,whiskers in the plot extracted as SD values but more likely they are SE values,"Done! re-extracted, I swapped the selection in meta-digitise","Done! re-extracted, I swapped the selection in meta-digitise",24.686,Extracted mean used unchanged,4.4507,Extracted SD used unchanged,1.817,Extracted SE used unchanged,28.5228,Extracted mean used unchanged,2.609,Extracted SD used unchanged,1.0651,Extracted SE used unchanged
arjunan_2023_stress,ex006,con004,out009,es013,Yes,"3 experimental groups: Early gestational, late gestational and full-term gestational","Impacts of Maternal Noise Exposure on Risk of Stillbirth
and Oxidative Stress-Induced Neurobehavioral Changes
in Offspring",10.3390/stresses3030037,Stresses,,Rattus norvegicus,albino rat,Wistar albino rat,,not reported 160-180g,"early, mid",early_mid,day 1-10,10,Intermitent,4,h,Ultrasound,Audible,100,"0-20,000",unclear,,,male,45,,none,,anxiety,Open Field Test (OFT),locomotion and emotional status,Time in central square,time,seconds,not_reported,Figure 3B,arjunan_2023_stress_fig3B_cen,Con_cen,Egs_cen,con_egs_cen,independent,yes,Negative,"reduced time spent in the central square indicated
the fear and anxiety-like behavior",225.39,25.92,6,10.58,,160.21,18.85,6,7.69,,,,,,,,,,recheck,"legend says ""The data represent the mean ¬± SD"", but the values look like SE","Done! re-extracted, I swapped the selection in meta-digitise","Done! re-extracted, I swapped the selection in meta-digitise",225.39,Extracted mean used unchanged,25.92,Extracted SD used unchanged,10.58,Extracted SE used unchanged,160.21,Extracted mean used unchanged,18.85,Extracted SD used unchanged,7.69,Extracted SE used unchanged
arjunan_2023_stress,ex006,con004,out010,es014,Yes,"3 experimental groups: Early gestational, late gestational and full-term gestational","Impacts of Maternal Noise Exposure on Risk of Stillbirth
and Oxidative Stress-Induced Neurobehavioral Changes
in Offspring",10.3390/stresses3030037,Stresses,,Rattus norvegicus,albino rat,Wistar albino rat,,not reported 160-180g,"early, mid",early_mid,day 1-10,10,Intermitent,4,h,Ultrasound,Audible,100,"0-20,000",unclear,,,male,45,,none,,anxiety,Open Field Test (OFT),locomotion and emotional status,Time in peripheral square,time,seconds,not_reported,Figure 3B,arjunan_2023_stress_fig3B_per,Con_per,Egs_per,con_egs_per,independent,no,Positive,"reduced time spent in the central square indicated
the fear and anxiety-like behavior",71.74,28.21,6,11.52,,132.86,19.48,6,7.95,,,,,,,,,,recheck,"legend says ""The data represent the mean ¬± SD"", but the values look like SE","Done! re-extracted, I swapped the selection in meta-digitise","Done! re-extracted, I swapped the selection in meta-digitise",71.74,Extracted mean used unchanged,28.21,Extracted SD used unchanged,11.52,Extracted SE used unchanged,132.86,Extracted mean used unchanged,19.48,Extracted SD used unchanged,7.95,Extracted SE used unchanged
arjunan_2023_stress,ex007,con004,out009,es015,Yes,"3 experimental groups: Early gestational, late gestational and full-term gestational","Impacts of Maternal Noise Exposure on Risk of Stillbirth
and Oxidative Stress-Induced Neurobehavioral Changes
in Offspring",10.3390/stresses3030037,Stresses,,Rattus norvegicus,albino rat,Wistar albino rat,,not reported 160-180g,late,late,day 11-21,11,Intermitent,4,h,Ultrasound,Audible,100,"0-20,000",unclear,,,male,45,,none,,anxiety,Open Field Test (OFT),locomotion and emotional status,Time in central square,time,seconds,not_reported,Figure 3B,arjunan_2023_stress_fig3B_cen,Con_cen,Lgs_cen,con_lgs_cen,independent,yes,Negative,"reduced time spent in the central square indicated
the fear and anxiety-like behavior",225.39,25.92,6,10.58,,124.08,11.78,6,4.81,,,,,,,,,,recheck,"legend says ""The data represent the mean ¬± SD"", but the values look like SE","Done! re-extracted, I swapped the selection in meta-digitise","Done! re-extracted, I swapped the selection in meta-digitise",225.39,Extracted mean used unchanged,25.92,Extracted SD used unchanged,10.58,Extracted SE used unchanged,124.08,Extracted mean used unchanged,11.78,Extracted SD used unchanged,4.81,Extracted SE used unchanged
arjunan_2023_stress,ex007,con004,out010,es016,Yes,"3 experimental groups: Early gestational, late gestational and full-term gestational","Impacts of Maternal Noise Exposure on Risk of Stillbirth
and Oxidative Stress-Induced Neurobehavioral Changes
in Offspring",10.3390/stresses3030037,Stresses,,Rattus norvegicus,albino rat,Wistar albino rat,,not reported 160-180g,late,late,day 11-21,11,Intermitent,4,h,Ultrasound,Audible,100,"0-20,000",unclear,,,male,45,,none,,anxiety,Open Field Test (OFT),locomotion and emotional status,Time in peripheral square,time,seconds,not_reported,Figure 3B,arjunan_2023_stress_fig3B_per,Con_per,Lgs_per,con_lgs_per,independent,no,Positive,"reduced time spent in the central square indicated
the fear and anxiety-like behavior",71.74,28.21,6,11.52,,170.48,10.75,6,4.39,,,,,,,,,,recheck,"legend says ""The data represent the mean ¬± SD"", but the values look like SE","Done! re-extracted, I swapped the selection in meta-digitise","Done! re-extracted, I swapped the selection in meta-digitise",71.74,Extracted mean used unchanged,28.21,Extracted SD used unchanged,11.52,Extracted SE used unchanged,170.48,Extracted mean used unchanged,10.75,Extracted SD used unchanged,4.39,Extracted SE used unchanged
arjunan_2023_stress,ex008,con004,out009,es017,Yes,"3 experimental groups: Early gestational, late gestational and full-term gestational","Impacts of Maternal Noise Exposure on Risk of Stillbirth
and Oxidative Stress-Induced Neurobehavioral Changes
in Offspring",10.3390/stresses3030037,Stresses,,Rattus norvegicus,albino rat,Wistar albino rat,,not reported 160-180g,"early, mid, late",full_gestation,day 1-21,21,Intermitent,4,h,Ultrasound,Audible,100,"0-20,000",unclear,,,male,45,,none,,anxiety,Open Field Test (OFT),locomotion and emotional status,Time in central square,time,seconds,not_reported,Figure 3B,arjunan_2023_stress_fig3B_cen,Con_cen,Fgs_cen,con_fgs_cen,independent,yes,Negative,"reduced time spent in the central square indicated
the fear and anxiety-like behavior",225.39,25.92,6,10.58,,93.46,11.78,6,4.81,,,,,,,,,,recheck,"legend says ""The data represent the mean ¬± SD"", but the values look like SE","Done! re-extracted, I swapped the selection in meta-digitise","Done! re-extracted, I swapped the selection in meta-digitise",225.39,Extracted mean used unchanged,25.92,Extracted SD used unchanged,10.58,Extracted SE used unchanged,93.46,Extracted mean used unchanged,11.78,Extracted SD used unchanged,4.81,Extracted SE used unchanged
arjunan_2023_stress,ex008,con004,out010,es018,Yes,"3 experimental groups: Early gestational, late gestational and full-term gestational","Impacts of Maternal Noise Exposure on Risk of Stillbirth
and Oxidative Stress-Induced Neurobehavioral Changes
in Offspring",10.3390/stresses3030037,Stresses,,Rattus norvegicus,albino rat,Wistar albino rat,,not reported 160-180g,"early, mid, late",full_gestation,day 1-21,21,Intermitent,4,h,Ultrasound,Audible,100,"0-20,000",unclear,,,male,45,,none,,anxiety,Open Field Test (OFT),locomotion and emotional status,Time in peripheral square,time,seconds,not_reported,Figure 3B,arjunan_2023_stress_fig3B_per,Con_per,Fgs_per,con_fgs_per,independent,no,Positive,"reduced time spent in the central square indicated
the fear and anxiety-like behavior",71.74,28.21,6,11.52,,202.72,12.09,6,4.94,,,,,,,,,,recheck,"legend says ""The data represent the mean ¬± SD"", but the values look like SE","Done! re-extracted, I swapped the selection in meta-digitise","Done! re-extracted, I swapped the selection in meta-digitise",71.74,Extracted mean used unchanged,28.21,Extracted SD used unchanged,11.52,Extracted SE used unchanged,202.72,Extracted mean used unchanged,12.09,Extracted SD used unchanged,4.94,Extracted SE used unchanged
hadizadeh_2018_irjbamedsci,ex009,con005,out011,es019,Yes,"one control, one treatment for females and males","Probiotic supplementation improves the cognitive function and
the anxiety-like behaviors in the stressed rats",10.22038/ijbms.2019.33956.8078,Iranian Journal of Basic Medical Sciences,,Rattus norvegicus,brown rat,Wistar rat,,not reported,late,late,third trimester,7,Intermitent,4,h,Traffic,Audible,95,,unclear,,"The control: kept in the noise chamber for the
same period of time without noise exposure",male,45,,The CON and ST groups received drinking water as vehicle,,anxiety,Elevated Plus Maze (EPM),,Entries into open arms (OAE),percentage,percent,not_reported,Figure 2A,hadizadeh_2018_irjbamedsci_fig2A,CON_en,ST_en,CON_ST_en,independent,yes,Negative,declined the anxiety-like behavior where the number of open arm entries increased,54.98,7.67,6,3.13,,19.51,3.07,6,1.25,,,,,,,,,,recheck,exp mean values look too low,"Done! re-extracted, I swapped the selection in meta-digitise","Done! re-extracted, I swapped the selection in meta-digitise",54.98,Extracted mean used unchanged,7.67,Extracted SD used unchanged,3.13,Extracted SE used unchanged,19.51,Extracted mean used unchanged,3.07,Extracted SD used unchanged,1.25,Extracted SE used unchanged
hadizadeh_2018_irjbamedsci,ex009,con005,out012,es020,Yes,"one control, one treatment for females and males","Probiotic supplementation improves the cognitive function and
the anxiety-like behaviors in the stressed rats",10.22038/ijbms.2019.33956.8078,Iranian Journal of Basic Medical Sciences,,Rattus norvegicus,brown rat,Wistar rat,,not reported,late,late,third trimester,7,Intermitent,4,h,Traffic,Audible,95,,unclear,,"The control: kept in the noise chamber for the
same period of time without noise exposure",male,45,,The CON and ST groups received drinking water as vehicle,,anxiety,Elevated Plus Maze (EPM),,Time in open arms (OAT),percentage,percent,not_reported,Figure 2B,hadizadeh_2018_irjbamedsci_fig2B,CON_ti,ST_ti,CON_ST_ti,independent,yes,Negative,,41.56,2.9,6,1.18,,17.52,4.35,6,1.78,,,,,,,,,,recheck,exp mean values look too low,"Done! re-extracted, I swapped the selection in meta-digitise",,41.56,Extracted mean used unchanged,2.9,Extracted SD used unchanged,1.18,Extracted SE used unchanged,17.52,Extracted mean used unchanged,4.35,Extracted SD used unchanged,1.78,Extracted SE used unchanged
abramova_2024_devneur,ex010,con006,out013,es021,No,"one control, one treatment for females and males",Ultrasound-Induced Prenatal Stress: New Possibilities for Modeling Mental Disorders,10.1159/000534687,Developmental Neuroscience,,Rattus norvegicus,brown rat,Wistar rat,16,3 months,"early, mid, late",full_gestation,"permanently during the
whole period of gestation (21 days)",21,Continuous,24,Expossed to continuous variable frequencies,Ultrasound,Ultrasound,50,"20,000-45,000",ambient_sound,,"No noise, standars housing conditions",female,70,,none,,anxiety,Elevated Plus Maze (EPM),They divided in two groups,Time in open arms (OAT),time,seconds,light_phase,Fig. 2. a,abramova_2024_devneur_fig2a,Con_f_oa,PS_f_oa,Con_PS_f_oa,independent,yes,Negative,,45.56,30.7,37,5.05,,27.88,17.52,49,2.5,,results presented as Med (Q1; Q3),,,,,,,,yes,minor edites to extracted text needed,,,45.56,Extracted mean used unchanged,30.7,Extracted SD used unchanged,5.05,Extracted SE used unchanged,27.88,Extracted mean used unchanged,17.52,Extracted SD used unchanged,2.5,Extracted SE used unchanged
abramova_2024_devneur,ex011,con007,out013,es022,No,"one control, one treatment for females and males",Ultrasound-Induced Prenatal Stress: New Possibilities for Modeling Mental Disorders,10.1159/000534687,Developmental Neuroscience,,Rattus norvegicus,brown rat,Wistar rat,16,3 months,"early, mid, late",full_gestation,"permanently during the
whole period of gestation (21 days)",21,Continuous,24,Expossed to continuous variable frequencies,Ultrasound,Ultrasound,50,"20,000-45,000",ambient_sound,,"No noise, standars housing conditions",male,70,,none,,anxiety,Elevated Plus Maze (EPM),They divided in two groups,Time in open arms (OAT),time,seconds,light_phase,Fig. 2. a,abramova_2024_devneur_fig2a,Con_m_oa,PS_m_oa,Con_PS_m_oa,independent,yes,Negative,,53.82,29.51,35,4.99,,38.35,24.99,44,3.77,,results presented as Med (Q1; Q3),,,,,,,,yes,minor edites to extracted text needed,,,53.82,Extracted mean used unchanged,29.51,Extracted SD used unchanged,4.99,Extracted SE used unchanged,38.35,Extracted mean used unchanged,24.99,Extracted SD used unchanged,3.77,Extracted SE used unchanged
abramova_2024_devneur,ex010,con006,out014,es023,No,"one control, one treatment for females and males",Ultrasound-Induced Prenatal Stress: New Possibilities for Modeling Mental Disorders,10.1159/000534687,Developmental Neuroscience,,Rattus norvegicus,brown rat,Wistar rat,16,3 months,"early, mid, late",full_gestation,"permanently during the
whole period of gestation (21 days)",21,Continuous,24,Expossed to continuous variable frequencies,Ultrasound,Ultrasound,50,"20,000-45,000",ambient_sound,,"No noise, standars housing conditions",female,70,,none,,anxiety,Elevated Plus Maze (EPM),They divided in two groups | Head-dipping,Head-dipping,count,count,light_phase,Fig. 2. b,abramova_2024_devneur_fig2b,Con_f_hd,PS_f_hd,Con_PS_f_hd,independent,yes,Negative,,10.2,5.76,37,0.95,,4.46,3.09,49,0.44,,results presented as Med (Q1; Q3),,,,,,,,yes,minor edites to extracted text needed,,,10.2,Extracted mean used unchanged,5.76,Extracted SD used unchanged,0.95,Extracted SE used unchanged,4.46,Extracted mean used unchanged,3.09,Extracted SD used unchanged,0.44,Extracted SE used unchanged
abramova_2024_devneur,ex011,con007,out014,es024,No,"one control, one treatment for females and males",Ultrasound-Induced Prenatal Stress: New Possibilities for Modeling Mental Disorders,10.1159/000534687,Developmental Neuroscience,,Rattus norvegicus,brown rat,Wistar rat,16,3 months,"early, mid, late",full_gestation,"permanently during the
whole period of gestation (21 days)",21,Continuous,24,Expossed to continuous variable frequencies,Ultrasound,Ultrasound,50,"20,000-45,000",ambient_sound,,"No noise, standars housing conditions",male,70,,none,,anxiety,Elevated Plus Maze (EPM),They divided in two groups | Head-dipping,Head-dipping,count,count,light_phase,Fig. 2. b,abramova_2024_devneur_fig2b,Con_m_hd,PS_m_hd,Con_PS_m_hd,independent,yes,Negative,,11.55,6.92,35,1.17,,8.55,5.26,44,0.79,,results presented as Med (Q1; Q3),,,,,,,,yes,minor edites to extracted text needed,,,11.55,Extracted mean used unchanged,6.92,Extracted SD used unchanged,1.17,Extracted SE used unchanged,8.55,Extracted mean used unchanged,5.26,Extracted SD used unchanged,0.79,Extracted SE used unchanged
abramova_2024_devneur,ex010,con006,out015,es025,No,"one control, one treatment for females and males",Ultrasound-Induced Prenatal Stress: New Possibilities for Modeling Mental Disorders,10.1159/000534687,Developmental Neuroscience,,Rattus norvegicus,brown rat,Wistar rat,16,3 months,"early, mid, late",full_gestation,"permanently during the
whole period of gestation (21 days)",21,Continuous,24,Expossed to continuous variable frequencies,Ultrasound,Ultrasound,50,"20,000-45,000",ambient_sound,,"No noise, standars housing conditions",female,70,,none,,anxiety,Elevated Plus Maze (EPM),They divided in two groups,Total freezing time,time,seconds,light_phase,Fig. 2. c,abramova_2024_devneur_fig2c,Con_f_fr,PS_f_fr,Con_PS_f_fr,independent,no,Positive,,2.59,3.45,37,0.57,,20.84,19.55,49,2.79,,results presented as Med (Q1; Q3),,,,,,,,yes,minor edites to extracted text needed,,,2.59,Extracted mean used unchanged,3.45,Extracted SD used unchanged,0.57,Extracted SE used unchanged,20.84,Extracted mean used unchanged,19.55,Extracted SD used unchanged,2.79,Extracted SE used unchanged
abramova_2024_devneur,ex011,con007,out015,es026,No,"one control, one treatment for females and males",Ultrasound-Induced Prenatal Stress: New Possibilities for Modeling Mental Disorders,10.1159/000534687,Developmental Neuroscience,,Rattus norvegicus,brown rat,Wistar rat,16,3 months,"early, mid, late",full_gestation,"permanently during the
whole period of gestation (21 days)",21,Continuous,24,Expossed to continuous variable frequencies,Ultrasound,Ultrasound,50,"20,000-45,000",ambient_sound,,"No noise, standars housing conditions",male,70,,none,,anxiety,Elevated Plus Maze (EPM),They divided in two groups,Total freezing time,time,seconds,light_phase,Fig. 2. c,abramova_2024_devneur_fig2c,Con_m_fr,PS_m_fr,Con_PS_m_fr,independent,no,Positive,,1.23,2.02,35,0.34,,3.27,3.72,44,0.56,,results presented as Med (Q1; Q3),,,,,,,,yes,minor edites to extracted text needed,,,1.23,Extracted mean used unchanged,2.02,Extracted SD used unchanged,0.34,Extracted SE used unchanged,3.27,Extracted mean used unchanged,3.72,Extracted SD used unchanged,0.56,Extracted SE used unchanged
abramova_2024_devneur,ex010,con006,out016,es027,No,"one control, one treatment for females and males",Ultrasound-Induced Prenatal Stress: New Possibilities for Modeling Mental Disorders,10.1159/000534687,Developmental Neuroscience,,Rattus norvegicus,brown rat,Wistar rat,16,3 months,"early, mid, late",full_gestation,"permanently during the
whole period of gestation (21 days)",21,Continuous,24,Expossed to continuous variable frequencies,Ultrasound,Ultrasound,50,"20,000-45,000",ambient_sound,,"No noise, standars housing conditions",female,70,,none,,anxiety,Elevated Plus Maze (EPM),They divided in two groups,Total grooming time,time,seconds,light_phase,Fig. 2. d,abramova_2024_devneur_fig2d,Con_f_gd,PS_f_gd,Con_PS_f_gd,independent,no,Positive,,22.57,14.12,37,2.32,,30.57,22.63,49,3.23,,results presented as Med (Q1; Q3),,,,,,,,yes,minor edites to extracted text needed,,,22.57,Extracted mean used unchanged,14.12,Extracted SD used unchanged,2.32,Extracted SE used unchanged,30.57,Extracted mean used unchanged,22.63,Extracted SD used unchanged,3.23,Extracted SE used unchanged
abramova_2024_devneur,ex011,con007,out016,es028,No,"one control, one treatment for females and males",Ultrasound-Induced Prenatal Stress: New Possibilities for Modeling Mental Disorders,10.1159/000534687,Developmental Neuroscience,,Rattus norvegicus,brown rat,Wistar rat,16,3 months,"early, mid, late",full_gestation,"permanently during the
whole period of gestation (21 days)",21,Continuous,24,Expossed to continuous variable frequencies,Ultrasound,Ultrasound,50,"20,000-45,000",ambient_sound,,"No noise, standars housing conditions",male,70,,none,,anxiety,Elevated Plus Maze (EPM),They divided in two groups,Total grooming time,time,seconds,light_phase,Fig. 2. d,abramova_2024_devneur_fig2d,Con_m_gd,PS_m_gd,Con_PS_m_gd,independent,no,Positive,,28.31,19.54,35,3.3,,48.4,27.76,44,4.19,,results presented as Med (Q1; Q3),,,,,,,,yes,minor edites to extracted text needed,,,28.31,Extracted mean used unchanged,19.54,Extracted SD used unchanged,3.3,Extracted SE used unchanged,48.4,Extracted mean used unchanged,27.76,Extracted SD used unchanged,4.19,Extracted SE used unchanged
abramova_2024_devneur,ex010,con006,out017,es029,No,"one control, one treatment for females and males",Ultrasound-Induced Prenatal Stress: New Possibilities for Modeling Mental Disorders,10.1159/000534687,Developmental Neuroscience,,Rattus norvegicus,brown rat,Wistar rat,16,3 months,"early, mid, late",full_gestation,"permanently during the
whole period of gestation (21 days)",21,Continuous,24,Expossed to continuous variable frequencies,Ultrasound,Ultrasound,50,"20,000-45,000",ambient_sound,,"No noise, standars housing conditions",female,70,,none,,anxiety,Elevated Plus Maze (EPM),They divided in two groups,Mean grooming duration,time,seconds,light_phase,Fig. 2. e,abramova_2024_devneur_fig2e,Con_f_mg,PS_f_mg,Con_PS_f_mg,independent,no,Positive,,6.97,3.61,37,0.59,,7.61,4.63,49,0.66,,results presented as Med (Q1; Q3),,,,,,,,yes,minor edites to extracted text needed,,,6.97,Extracted mean used unchanged,3.61,Extracted SD used unchanged,0.59,Extracted SE used unchanged,7.61,Extracted mean used unchanged,4.63,Extracted SD used unchanged,0.66,Extracted SE used unchanged
abramova_2024_devneur,ex011,con007,out017,es030,No,"one control, one treatment for females and males",Ultrasound-Induced Prenatal Stress: New Possibilities for Modeling Mental Disorders,10.1159/000534687,Developmental Neuroscience,,Rattus norvegicus,brown rat,Wistar rat,16,3 months,"early, mid, late",full_gestation,"permanently during the
whole period of gestation (21 days)",21,Continuous,24,Expossed to continuous variable frequencies,Ultrasound,Ultrasound,50,"20,000-45,000",ambient_sound,,"No noise, standars housing conditions",male,70,,none,,anxiety,Elevated Plus Maze (EPM),They divided in two groups,Mean grooming duration,time,seconds,light_phase,Fig. 2. e,abramova_2024_devneur_fig2e,Con_m_mg,PS_m_mg,Con_PS_m_mg,independent,no,Positive,,7.13,4.67,35,0.79,,12.15,7.17,44,1.08,,results presented as Med (Q1; Q3),,,,,,,,yes,minor edites to extracted text needed,,,7.13,Extracted mean used unchanged,4.67,Extracted SD used unchanged,0.79,Extracted SE used unchanged,12.15,Extracted mean used unchanged,7.17,Extracted SD used unchanged,1.08,Extracted SE used unchanged
abramova_2024_devneur,ex010,con006,out018,es031,No,"one control, one treatment for females and males",Ultrasound-Induced Prenatal Stress: New Possibilities for Modeling Mental Disorders,10.1159/000534687,Developmental Neuroscience,,Rattus norvegicus,brown rat,Wistar rat,16,3 months,"early, mid, late",full_gestation,"permanently during the
whole period of gestation (21 days)",21,Continuous,24,Expossed to continuous variable frequencies,Ultrasound,Ultrasound,50,"20,000-45,000",ambient_sound,,"No noise, standars housing conditions",female,74,,none,,anxiety,Open Field Test (OFT),They divided in two groups,Center entries (crossing),count,count,light_phase,Fig. 3. a,abramova_2024_devneur_fig3a,Con_f_ce,PS_f_ce,Con_PS_f_ce,independent,yes,Negative,,2.46,1.21,37,0.2,,2.2,1.91,49,0.27,,results presented as Med (Q1; Q3),,,,,,,,yes,minor edites to extracted text needed,,,2.46,Extracted mean used unchanged,1.21,Extracted SD used unchanged,0.2,Extracted SE used unchanged,2.2,Extracted mean used unchanged,1.91,Extracted SD used unchanged,0.27,Extracted SE used unchanged
abramova_2024_devneur,ex011,con007,out018,es032,No,"one control, one treatment for females and males",Ultrasound-Induced Prenatal Stress: New Possibilities for Modeling Mental Disorders,10.1159/000534687,Developmental Neuroscience,,Rattus norvegicus,brown rat,Wistar rat,16,3 months,"early, mid, late",full_gestation,"permanently during the
whole period of gestation (21 days)",21,Continuous,24,Expossed to continuous variable frequencies,Ultrasound,Ultrasound,50,"20,000-45,000",ambient_sound,,"No noise, standars housing conditions",male,74,,none,,anxiety,Open Field Test (OFT),They divided in two groups,Center entries (crossing),count,count,light_phase,Fig. 3. a,abramova_2024_devneur_fig3a,Con_m_ce,PS_m_ce,Con_PS_m_ce,independent,yes,Negative,,2.87,1.49,35,0.25,,1.48,1.35,44,0.2,,results presented as Med (Q1; Q3),,,,,,,,yes,minor edites to extracted text needed,,,2.87,Extracted mean used unchanged,1.49,Extracted SD used unchanged,0.25,Extracted SE used unchanged,1.48,Extracted mean used unchanged,1.35,Extracted SD used unchanged,0.2,Extracted SE used unchanged
abramova_2024_devneur,ex010,con006,out019,es033,No,"one control, one treatment for females and males",Ultrasound-Induced Prenatal Stress: New Possibilities for Modeling Mental Disorders,10.1159/000534687,Developmental Neuroscience,,Rattus norvegicus,brown rat,Wistar rat,16,3 months,"early, mid, late",full_gestation,"permanently during the
whole period of gestation (21 days)",21,Continuous,24,Expossed to continuous variable frequencies,Ultrasound,Ultrasound,50,"20,000-45,000",ambient_sound,,"No noise, standars housing conditions",female,74,,none,,anxiety,Open Field Test (OFT),They divided in two groups,Rearing frequency,count,count,light_phase,Fig. 3. c,abramova_2024_devneur_fig3b,Con_f_re,PS_f_re,Con_PS_f_re,independent,yes,Negative,,21.48,5.57,37,0.92,,23.44,10.99,49,1.57,,results presented as Med (Q1; Q3),,,,,,,,yes,minor edites to extracted text needed,,,21.48,Extracted mean used unchanged,5.57,Extracted SD used unchanged,0.92,Extracted SE used unchanged,23.44,Extracted mean used unchanged,10.99,Extracted SD used unchanged,1.57,Extracted SE used unchanged
abramova_2024_devneur,ex011,con007,out019,es034,No,"one control, one treatment for females and males",Ultrasound-Induced Prenatal Stress: New Possibilities for Modeling Mental Disorders,10.1159/000534687,Developmental Neuroscience,,Rattus norvegicus,brown rat,Wistar rat,16,3 months,"early, mid, late",full_gestation,"permanently during the
whole period of gestation (21 days)",21,Continuous,24,Expossed to continuous variable frequencies,Ultrasound,Ultrasound,50,"20,000-45,000",ambient_sound,,"No noise, standars housing conditions",male,74,,none,,anxiety,Open Field Test (OFT),They divided in two groups,Rearing frequency,count,count,light_phase,Fig. 3. c,abramova_2024_devneur_fig3b,Con_m_re,PS_m_re,Con_PS_m_re,independent,yes,Negative,,21.46,9.73,35,1.64,,15.37,8.01,44,1.21,,results presented as Med (Q1; Q3),,,,,,,,yes,minor edites to extracted text needed,,,21.46,Extracted mean used unchanged,9.73,Extracted SD used unchanged,1.64,Extracted SE used unchanged,15.37,Extracted mean used unchanged,8.01,Extracted SD used unchanged,1.21,Extracted SE used unchanged
abramova_2024_devneur,ex010,con006,out020,es035,No,"one control, one treatment for females and males",Ultrasound-Induced Prenatal Stress: New Possibilities for Modeling Mental Disorders,10.1159/000534687,Developmental Neuroscience,,Rattus norvegicus,brown rat,Wistar rat,16,3 months,"early, mid, late",full_gestation,"permanently during the
whole period of gestation (21 days)",21,Continuous,24,Expossed to continuous variable frequencies,Ultrasound,Ultrasound,50,"20,000-45,000",ambient_sound,,"No noise, standars housing conditions",female,74,,none,,anxiety,Open Field Test (OFT),They divided in two groups,Sections crossed,count,count,light_phase,Fig. 3. b,abramova_2024_devneur_fig3c,Con_f_cs,PS_f_cs,Con_PS_f_cs,independent,yes,Negative,,50.7,14.38,37,2.36,,44.22,17.61,49,2.52,,results presented as Med (Q1; Q3),,,,,,,,yes,minor edites to extracted text needed,,,50.7,Extracted mean used unchanged,14.38,Extracted SD used unchanged,2.36,Extracted SE used unchanged,44.22,Extracted mean used unchanged,17.61,Extracted SD used unchanged,2.52,Extracted SE used unchanged
abramova_2024_devneur,ex011,con007,out020,es036,No,"one control, one treatment for females and males",Ultrasound-Induced Prenatal Stress: New Possibilities for Modeling Mental Disorders,10.1159/000534687,Developmental Neuroscience,,Rattus norvegicus,brown rat,Wistar rat,16,3 months,"early, mid, late",full_gestation,"permanently during the
whole period of gestation (21 days)",21,Continuous,24,Expossed to continuous variable frequencies,Ultrasound,Ultrasound,50,"20,000-45,000",ambient_sound,,"No noise, standars housing conditions",male,74,,none,,anxiety,Open Field Test (OFT),They divided in two groups,Sections crossed,count,count,light_phase,Fig. 3. b,abramova_2024_devneur_fig3c,Con_m_cs,PS_m_cs,Con_PS_m_cs,independent,yes,Negative,,45.52,13.15,35,2.22,,32.55,13.67,44,2.06,,results presented as Med (Q1; Q3),,,,,,,,yes,minor edites to extracted text needed,,,45.52,Extracted mean used unchanged,13.15,Extracted SD used unchanged,2.22,Extracted SE used unchanged,32.55,Extracted mean used unchanged,13.67,Extracted SD used unchanged,2.06,Extracted SE used unchanged
abramova_2024_devneur,ex010,con006,out021,es037,No,"one control, one treatment for females and males",Ultrasound-Induced Prenatal Stress: New Possibilities for Modeling Mental Disorders,10.1159/000534687,Developmental Neuroscience,,Rattus norvegicus,brown rat,Wistar rat,16,3 months,"early, mid, late",full_gestation,"permanently during the
whole period of gestation (21 days)",21,Continuous,24,Expossed to continuous variable frequencies,Ultrasound,Ultrasound,50,"20,000-45,000",ambient_sound,,"No noise, standars housing conditions",female,74,,none,,anxiety,Open Field Test (OFT),They divided in two groups,Total freezing time,time,seconds,light_phase,Fig. 3. d,abramova_2024_devneur_fig3d,Con_f_fr,PS_f_fr,Con_PS_f_fr,independent,no,Positive,,10.51,10.74,37,1.76,,31.13,30.81,49,4.4,,results presented as Med (Q1; Q3),,,,,,,,yes,minor edites to extracted text needed,,,10.51,Extracted mean used unchanged,10.74,Extracted SD used unchanged,1.76,Extracted SE used unchanged,31.13,Extracted mean used unchanged,30.81,Extracted SD used unchanged,4.4,Extracted SE used unchanged
abramova_2024_devneur,ex011,con007,out021,es038,No,"one control, one treatment for females and males",Ultrasound-Induced Prenatal Stress: New Possibilities for Modeling Mental Disorders,10.1159/000534687,Developmental Neuroscience,,Rattus norvegicus,brown rat,Wistar rat,16,3 months,"early, mid, late",full_gestation,"permanently during the
whole period of gestation (21 days)",21,Continuous,24,Expossed to continuous variable frequencies,Ultrasound,Ultrasound,50,"20,000-45,000",ambient_sound,,"No noise, standars housing conditions",male,74,,none,,anxiety,Open Field Test (OFT),They divided in two groups,Total freezing time,time,seconds,light_phase,Fig. 3. d,abramova_2024_devneur_fig3d,Con_m_fr,PS_m_fr,Con_PS_m_fr,independent,no,Positive,,17.03,15.77,35,2.67,,51.69,49.02,44,7.39,,results presented as Med (Q1; Q3),,,,,,,,yes,minor edites to extracted text needed,,,17.03,Extracted mean used unchanged,15.77,Extracted SD used unchanged,2.67,Extracted SE used unchanged,51.69,Extracted mean used unchanged,49.02,Extracted SD used unchanged,7.39,Extracted SE used unchanged
abramova_2024_devneur,ex010,con006,out022,es039,No,"one control, one treatment for females and males",Ultrasound-Induced Prenatal Stress: New Possibilities for Modeling Mental Disorders,10.1159/000534687,Developmental Neuroscience,,Rattus norvegicus,brown rat,Wistar rat,16,3 months,"early, mid, late",full_gestation,"permanently during the
whole period of gestation (21 days)",21,Continuous,24,Expossed to continuous variable frequencies,Ultrasound,Ultrasound,50,"20,000-45,000",ambient_sound,,"No noise, standars housing conditions",female,74,,none,,anxiety,Open Field Test (OFT),They divided in two groups,Total grooming time,time,seconds,light_phase,Fig. 3. e,abramova_2024_devneur_fig3e,Con_f_grd,PS_f_grd,Con_PS_f_grd,independent,no,Positive,,25.07,13.32,37,2.19,,29.12,17.2,49,2.46,,results presented as Med (Q1; Q3),,,,,,,,yes,minor edites to extracted text needed,,,25.07,Extracted mean used unchanged,13.32,Extracted SD used unchanged,2.19,Extracted SE used unchanged,29.12,Extracted mean used unchanged,17.2,Extracted SD used unchanged,2.46,Extracted SE used unchanged
abramova_2024_devneur,ex011,con007,out022,es040,No,"one control, one treatment for females and males",Ultrasound-Induced Prenatal Stress: New Possibilities for Modeling Mental Disorders,10.1159/000534687,Developmental Neuroscience,,Rattus norvegicus,brown rat,Wistar rat,16,3 months,"early, mid, late",full_gestation,"permanently during the
whole period of gestation (21 days)",21,Continuous,24,Expossed to continuous variable frequencies,Ultrasound,Ultrasound,50,"20,000-45,000",ambient_sound,,"No noise, standars housing conditions",male,74,,none,,anxiety,Open Field Test (OFT),They divided in two groups,Total grooming time,time,seconds,light_phase,Fig. 3. e,abramova_2024_devneur_fig3e,Con_m_grd,PS_m_grd,Con_PS_m_grd,independent,no,Positive,,17.34,8.33,35,1.41,,40.38,25.3,44,3.81,,results presented as Med (Q1; Q3),,,,,,,,yes,minor edites to extracted text needed,,,17.34,Extracted mean used unchanged,8.33,Extracted SD used unchanged,1.41,Extracted SE used unchanged,40.38,Extracted mean used unchanged,25.3,Extracted SD used unchanged,3.81,Extracted SE used unchanged
abramova_2024_devneur,ex010,con006,out023,es041,No,"one control, one treatment for females and males",Ultrasound-Induced Prenatal Stress: New Possibilities for Modeling Mental Disorders,10.1159/000534687,Developmental Neuroscience,,Rattus norvegicus,brown rat,Wistar rat,16,3 months,"early, mid, late",full_gestation,"permanently during the
whole period of gestation (21 days)",21,Continuous,24,Expossed to continuous variable frequencies,Ultrasound,Ultrasound,50,"20,000-45,000",ambient_sound,,"No noise, standars housing conditions",female,74,,none,,anxiety,Open Field Test (OFT),They divided in two groups,Grooming frequency,count,count,light_phase,Fig. 3. f,abramova_2024_devneur_fig3f,Con_f_gf,PS_f_gf,Con_PS_f_gf,independent,no,Positive,,3.62,2.13,37,0.35,,4.49,2.18,49,0.31,,results presented as Med (Q1; Q3),,,,,,,,yes,minor edites to extracted text needed,,,3.62,Extracted mean used unchanged,2.13,Extracted SD used unchanged,0.35,Extracted SE used unchanged,4.49,Extracted mean used unchanged,2.18,Extracted SD used unchanged,0.31,Extracted SE used unchanged
abramova_2024_devneur,ex011,con007,out023,es042,No,"one control, one treatment for females and males",Ultrasound-Induced Prenatal Stress: New Possibilities for Modeling Mental Disorders,10.1159/000534687,Developmental Neuroscience,,Rattus norvegicus,brown rat,Wistar rat,16,3 months,"early, mid, late",full_gestation,"permanently during the
whole period of gestation (21 days)",21,Continuous,24,Expossed to continuous variable frequencies,Ultrasound,Ultrasound,50,"20,000-45,000",ambient_sound,,"No noise, standars housing conditions",male,74,,none,,anxiety,Open Field Test (OFT),They divided in two groups,Grooming frequency,count,count,light_phase,Fig. 3. f,abramova_2024_devneur_fig3f,Con_m_gf,PS_m_gf,Con_PS_m_gf,independent,no,Positive,,3.17,1.5,35,0.25,,4.46,2.78,44,0.42,,results presented as Med (Q1; Q3),,,,,,,,yes,minor edites to extracted text needed,,,3.17,Extracted mean used unchanged,1.5,Extracted SD used unchanged,0.25,Extracted SE used unchanged,4.46,Extracted mean used unchanged,2.78,Extracted SD used unchanged,0.42,Extracted SE used unchanged
abramova_2024_devneur,ex010,con006,out024,es043,No,"one control, one treatment for females and males",Ultrasound-Induced Prenatal Stress: New Possibilities for Modeling Mental Disorders,10.1159/000534687,Developmental Neuroscience,,Rattus norvegicus,brown rat,Wistar rat,16,3 months,"early, mid, late",full_gestation,"permanently during the
whole period of gestation (21 days)",21,Continuous,24,Expossed to continuous variable frequencies,Ultrasound,Ultrasound,50,"20,000-45,000",ambient_sound,,"No noise, standars housing conditions",female,95,,none,,depression,Forced Swimming Test (FST),,Total immobility time,time,seconds,light_phase,Fig.4. a,abramova_2024_devneur_fig4a,Con_f_ti,PS_f_ti,Con_PS_f_ti,independent,no,Positive,,49.76,27.37,14,7.32,,86.12,19.43,13,5.39,,,,,,,,,,yes,minor edites to extracted text needed,,,49.76,Extracted mean used unchanged,27.37,Extracted SD used unchanged,7.32,Extracted SE used unchanged,86.12,Extracted mean used unchanged,19.43,Extracted SD used unchanged,5.39,Extracted SE used unchanged
abramova_2024_devneur,ex011,con007,out024,es044,No,"one control, one treatment for females and males",Ultrasound-Induced Prenatal Stress: New Possibilities for Modeling Mental Disorders,10.1159/000534687,Developmental Neuroscience,,Rattus norvegicus,brown rat,Wistar rat,16,3 months,"early, mid, late",full_gestation,"permanently during the
whole period of gestation (21 days)",21,Continuous,24,Expossed to continuous variable frequencies,Ultrasound,Ultrasound,50,"20,000-45,000",ambient_sound,,"No noise, standars housing conditions",male,95,,none,,depression,Forced Swimming Test (FST),,Total immobility time,time,seconds,light_phase,Fig.4. a,abramova_2024_devneur_fig4a,Con_m_ti,PS_m_ti,Con_PS_m_ti,independent,no,Positive,,103.97,44.65,12,12.89,,128.29,46.06,14,12.31,,,,,,,,,,yes,minor edites to extracted text needed,,,103.97,Extracted mean used unchanged,44.65,Extracted SD used unchanged,12.89,Extracted SE used unchanged,128.29,Extracted mean used unchanged,46.06,Extracted SD used unchanged,12.31,Extracted SE used unchanged
abramova_2024_devneur,ex010,con006,out025,es045,No,"one control, one treatment for females and males",Ultrasound-Induced Prenatal Stress: New Possibilities for Modeling Mental Disorders,10.1159/000534687,Developmental Neuroscience,,Rattus norvegicus,brown rat,Wistar rat,16,3 months,"early, mid, late",full_gestation,"permanently during the
whole period of gestation (21 days)",21,Continuous,24,Expossed to continuous variable frequencies,Ultrasound,Ultrasound,50,"20,000-45,000",ambient_sound,,"No noise, standars housing conditions",female,80,,none,,depression,Sucrose Preference Test (SPT),,Sucrose preference index,index,percent,light_phase,author's email,,Con_f_su,PS_f_su,Con_PS_f_su,independent,yes,Negative,,52.8,,37,4.3,,59.8,,49,5.4,,"They reported significance in the paper, the author send me the stats output",,,,,,,,yes,checks and minor edites to extracted text needed,,,52.8,Extracted mean used unchanged,26.15587888028234,SD = SE * sqrt(n),4.3,Extracted SE used unchanged,59.8,Extracted mean used unchanged,37.800000000000004,SD = SE * sqrt(n),5.4,Extracted SE used unchanged
abramova_2024_devneur,ex011,con007,out025,es046,No,"one control, one treatment for females and males",Ultrasound-Induced Prenatal Stress: New Possibilities for Modeling Mental Disorders,10.1159/000534687,Developmental Neuroscience,,Rattus norvegicus,brown rat,Wistar rat,16,3 months,"early, mid, late",full_gestation,"permanently during the
whole period of gestation (21 days)",21,Continuous,24,Expossed to continuous variable frequencies,Ultrasound,Ultrasound,50,"20,000-45,000",ambient_sound,,"No noise, standars housing conditions",male,80,,none,,depression,Sucrose Preference Test (SPT),,Sucrose preference index,index,percent,light_phase,author's email,,Con_m_su,PS_m_su,Con_PS_m_su,independent,yes,Negative,,54.8,,35,5.2,,57.8,,44,4.3,,"They reported significance in the paper, the author send me the stats output",,,,,,,,yes,checks and minor edites to extracted text needed,,,54.8,Extracted mean used unchanged,30.763614872118005,SD = SE * sqrt(n),5.2,Extracted SE used unchanged,57.8,Extracted mean used unchanged,28.522973197056437,SD = SE * sqrt(n),4.3,Extracted SE used unchanged
oliveira_2015_jbehavbraisci,ex012,con008,out026,es047,Yes,"They used the elevated T Maze, where they measured anxiety in 3 days trials, and fear from anxiety in one trial",Intrauterine Exposure to Chronic 22 kHz Sound Affects Inhibitory Avoidance and Serotonergic Parameters in Forebrain Areas of Dams and Rat Offspring,10.4236/jbbs.2015.52003,Journal of Behavioral and Brain Science,,Rattus norvegicus,brown rat,Wistar rat,16,3 months,"early, mid, late",full_gestation,,19,Intermitent,1,h,Ultrasound,Ultrasound,65,"22,000",silence,,Control placed in an acoustical isolation box for the same period of time,male,60,,none,,anxiety,Elevated T Maze (ETM),Multiple time points,Avoidance latency,latency,seconds,light_phase,Figure 2. b,oliveira_2015_jbehavbraisci_fig2b,C_BL,IE_BL,C_IE_BL,dependent,no,Positive,,9.33,25.13,12,7.25,,6.22,14.36,12,4.15,,,,,,,,,,yes,,,,9.33,Extracted mean used unchanged,25.13,Extracted SD used unchanged,7.25,Extracted SE used unchanged,6.22,Extracted mean used unchanged,14.36,Extracted SD used unchanged,4.15,Extracted SE used unchanged
oliveira_2015_jbehavbraisci,ex012,con008,out026,es048,Yes,"They used the elevated T Maze, where they measured anxiety in 3 days trials, and fear from anxiety in one trial",Intrauterine Exposure to Chronic 22 kHz Sound Affects Inhibitory Avoidance and Serotonergic Parameters in Forebrain Areas of Dams and Rat Offspring,10.4236/jbbs.2015.52003,Journal of Behavioral and Brain Science,,Rattus norvegicus,brown rat,Wistar rat,16,3 months,"early, mid, late",full_gestation,,19,Intermitent,1,h,Ultrasound,Ultrasound,65,"22,000",silence,,Control placed in an acoustical isolation box for the same period of time,male,60,,none,,anxiety,Elevated T Maze (ETM),Multiple time points,Avoidance latency,latency,seconds,light_phase,Figure 2. b,oliveira_2015_jbehavbraisci_fig2b,C_A1,IE_A1,C_IE_A1,dependent,no,Positive,,56.48,118.46,12,34.2,,86.53,131.03,12,37.82,,,,,,,,,,yes,,,,56.48,Extracted mean used unchanged,118.46,Extracted SD used unchanged,34.2,Extracted SE used unchanged,86.53,Extracted mean used unchanged,131.03,Extracted SD used unchanged,37.82,Extracted SE used unchanged
oliveira_2015_jbehavbraisci,ex012,con008,out026,es049,Yes,"They used the elevated T Maze, where they measured anxiety in 3 days trials, and fear from anxiety in one trial",Intrauterine Exposure to Chronic 22 kHz Sound Affects Inhibitory Avoidance and Serotonergic Parameters in Forebrain Areas of Dams and Rat Offspring,10.4236/jbbs.2015.52003,Journal of Behavioral and Brain Science,,Rattus norvegicus,brown rat,Wistar rat,16,3 months,"early, mid, late",full_gestation,,19,Intermitent,1,h,Ultrasound,Ultrasound,65,"22,000",silence,,Control placed in an acoustical isolation box for the same period of time,male,60,,none,,anxiety,Elevated T Maze (ETM),Multiple time points,Avoidance latency,latency,seconds,light_phase,Figure 2. b,oliveira_2015_jbehavbraisci_fig2b,C_A2,IE_A2,C_IE_A2,dependent,no,Positive,,103.11,129.23,12,37.31,,136.27,147.18,12,42.49,,,,,,,,,,yes,,,,103.11,Extracted mean used unchanged,129.23,Extracted SD used unchanged,37.31,Extracted SE used unchanged,136.27,Extracted mean used unchanged,147.18,Extracted SD used unchanged,42.49,Extracted SE used unchanged
oliveira_2015_jbehavbraisci,ex012,con008,out027,es050,Yes,"They used the elevated T Maze, where they measured anxiety in 3 days trials, and fear from anxiety in one trial",Intrauterine Exposure to Chronic 22 kHz Sound Affects Inhibitory Avoidance and Serotonergic Parameters in Forebrain Areas of Dams and Rat Offspring,10.4236/jbbs.2015.52003,Journal of Behavioral and Brain Science,,Rattus norvegicus,brown rat,Wistar rat,16,3 months,"early, mid, late",full_gestation,,19,Intermitent,1,h,Ultrasound,Ultrasound,65,"22,000",silence,,Control placed in an acoustical isolation box for the same period of time,male,60,,none,,anxiety,Elevated T Maze (ETM),Multiple time points: escape latency (time in open arms),Escape latency,latency,seconds,light_phase,Figure 3. b,oliveira_2015_jbehavbraisci_fig3b,C_F1,IE_F1,C_IE_F1,dependent,yes,Negative,,5.34,3.86,12,1.11,,6.54,8.21,12,2.37,,,,,,,,,,yes,,,,5.34,Extracted mean used unchanged,3.86,Extracted SD used unchanged,1.11,Extracted SE used unchanged,6.54,Extracted mean used unchanged,8.21,Extracted SD used unchanged,2.37,Extracted SE used unchanged
oliveira_2015_jbehavbraisci,ex012,con008,out027,es051,Yes,"They used the elevated T Maze, where they measured anxiety in 3 days trials, and fear from anxiety in one trial",Intrauterine Exposure to Chronic 22 kHz Sound Affects Inhibitory Avoidance and Serotonergic Parameters in Forebrain Areas of Dams and Rat Offspring,10.4236/jbbs.2015.52003,Journal of Behavioral and Brain Science,,Rattus norvegicus,brown rat,Wistar rat,16,3 months,"early, mid, late",full_gestation,,19,Intermitent,1,h,Ultrasound,Ultrasound,65,"22,000",silence,,Control placed in an acoustical isolation box for the same period of time,male,60,,none,,anxiety,Elevated T Maze (ETM),Multiple time points: escape latency (time in open arms),Escape latency,latency,seconds,light_phase,Figure 3. b,oliveira_2015_jbehavbraisci_fig3b,C_F2,IE_F2,C_IE_F2,dependent,yes,Negative,,6.8,8.02,12,2.31,,6.6,4.06,12,1.17,,,,,,,,,,yes,,,,6.8,Extracted mean used unchanged,8.02,Extracted SD used unchanged,2.31,Extracted SE used unchanged,6.6,Extracted mean used unchanged,4.06,Extracted SD used unchanged,1.17,Extracted SE used unchanged
oliveira_2015_jbehavbraisci,ex012,con008,out027,es052,Yes,"They used the elevated T Maze, where they measured anxiety in 3 days trials, and fear from anxiety in one trial",Intrauterine Exposure to Chronic 22 kHz Sound Affects Inhibitory Avoidance and Serotonergic Parameters in Forebrain Areas of Dams and Rat Offspring,10.4236/jbbs.2015.52003,Journal of Behavioral and Brain Science,,Rattus norvegicus,brown rat,Wistar rat,16,3 months,"early, mid, late",full_gestation,,19,Intermitent,1,h,Ultrasound,Ultrasound,65,"22,000",silence,,Control placed in an acoustical isolation box for the same period of time,male,60,,none,,anxiety,Elevated T Maze (ETM),Multiple time points: escape latency (time in open arms),Escape latency,latency,seconds,light_phase,Figure 3. b,oliveira_2015_jbehavbraisci_fig3b,C_F3,IE_F3,C_IE_F3,dependent,yes,Negative,,6.46,7.72,12,2.23,,13.2,15.44,12,4.46,,,,,,,,,,yes,,,,6.46,Extracted mean used unchanged,7.72,Extracted SD used unchanged,2.23,Extracted SE used unchanged,13.2,Extracted mean used unchanged,15.44,Extracted SD used unchanged,4.46,Extracted SE used unchanged
pavlov_2023_molsci,ex013,con009,out028,es053,Yes,One control and one treatment,"Maternal Chronic Ultrasound Stress Provokes Immune
Activation and Behavioral Deficits in the Offspring: A Mouse
Model of Neurodevelopmental Pathology",10.3390/ijms241411712,International Journal of Molecular Sciences,,Mus musculus,albino house mouse,BALB/c mice,16,3 months,"early, mid, late",full_gestation,,21,Continuous,24,Varying frequencies. Mice in an accustically isolated room,Ultrasound,Ultrasound,50,"20,000-45,000",unclear,,,female,60,2 months,none,,depression,Sucrose Preference Test (SPT),,Sucrose preference index,index,percent,dark_phase,Figure 4A,pavlov_2023_molsci_Fig4A,NonSt_su,US_su,NonSt_US_su,independent,yes,Negative,higher anhedonia is better,71.6,9.72,10,3.07,,40.48,13.49,14,3.61,,,Visual estimations: you can't see the median in the violin plot,,,,,,,yes,,,,71.6,Extracted mean used unchanged,9.72,Extracted SD used unchanged,3.07,Extracted SE used unchanged,40.48,Extracted mean used unchanged,13.49,Extracted SD used unchanged,3.61,Extracted SE used unchanged
pavlov_2023_molsci,ex013,con009,out029,es054,Yes,One control and one treatment,"Maternal Chronic Ultrasound Stress Provokes Immune
Activation and Behavioral Deficits in the Offspring: A Mouse
Model of Neurodevelopmental Pathology",10.3390/ijms241411712,International Journal of Molecular Sciences,,Mus musculus,albino house mouse,BALB/c mice,16,3 months,"early, mid, late",full_gestation,,21,Continuous,24,Varying frequencies. Mice in an accustically isolated room,Ultrasound,Ultrasound,50,"20,000-45,000",unclear,,,female,60,2 months,none,,anxiety,Open Field Test (OFT),,Sections crossed,count,count,dark_phase,Figure 4C,pavlov_2023_molsci_Fig4C,NonSt_sq,US_sq,NonSt_US_sq,independent,yes,Negative,,10.55,6.17,10,1.95,,6.4,3.17,14,0.85,,,,,,,,,,yes,,,,10.55,Extracted mean used unchanged,6.17,Extracted SD used unchanged,1.95,Extracted SE used unchanged,6.4,Extracted mean used unchanged,3.17,Extracted SD used unchanged,0.85,Extracted SE used unchanged
pavlov_2023_molsci,ex013,con009,out030,es055,Yes,One control and one treatment,"Maternal Chronic Ultrasound Stress Provokes Immune
Activation and Behavioral Deficits in the Offspring: A Mouse
Model of Neurodevelopmental Pathology",10.3390/ijms241411712,International Journal of Molecular Sciences,,Mus musculus,albino house mouse,BALB/c mice,16,3 months,"early, mid, late",full_gestation,,21,Continuous,24,Varying frequencies. Mice in an accustically isolated room,Ultrasound,Ultrasound,50,"20,000-45,000",unclear,,,female,60,2 months,none,,anxiety,Open Field Test (OFT),,Time in central square,time,seconds,dark_phase,Figure 4D,pavlov_2023_molsci_Fig4D,NonSt_csq,US_csq,NonSt_US_csq,independent,yes,Negative,,71.66,17.5,10,5.53,,25.99,11.15,14,2.98,,,,,,,,,,yes,,,,71.66,Extracted mean used unchanged,17.5,Extracted SD used unchanged,5.53,Extracted SE used unchanged,25.99,Extracted mean used unchanged,11.15,Extracted SD used unchanged,2.98,Extracted SE used unchanged
pavlov_2023_molsci,ex013,con009,out031,es056,Yes,One control and one treatment,"Maternal Chronic Ultrasound Stress Provokes Immune
Activation and Behavioral Deficits in the Offspring: A Mouse
Model of Neurodevelopmental Pathology",10.3390/ijms241411712,International Journal of Molecular Sciences,,Mus musculus,albino house mouse,BALB/c mice,16,3 months,"early, mid, late",full_gestation,,21,Continuous,24,Varying frequencies. Mice in an accustically isolated room,Ultrasound,Ultrasound,50,"20,000-45,000",unclear,,,female,60,2 months,none,,anxiety,Elevated Plus Maze (EPM),,Time in open arms (OAT),time,seconds,dark_phase,Figure 4E,pavlov_2023_molsci_Fig4E,NonSt_oat,US_oat,NonSt_US_oat,independent,yes,Negative,,69.17,20.84,10,6.59,,25.42,9.56,14,2.55,,,,,,,,,,yes,,,,69.17,Extracted mean used unchanged,20.84,Extracted SD used unchanged,6.59,Extracted SE used unchanged,25.42,Extracted mean used unchanged,9.56,Extracted SD used unchanged,2.55,Extracted SE used unchanged
pavlov_2023_molsci,ex013,con009,out032,es057,Yes,One control and one treatment,"Maternal Chronic Ultrasound Stress Provokes Immune
Activation and Behavioral Deficits in the Offspring: A Mouse
Model of Neurodevelopmental Pathology",10.3390/ijms241411712,International Journal of Molecular Sciences,,Mus musculus,albino house mouse,BALB/c mice,16,3 months,"early, mid, late",full_gestation,,21,Continuous,24,Varying frequencies. Mice in an accustically isolated room,Ultrasound,Ultrasound,50,"20,000-45,000",unclear,,,female,60,2 months,none,,anxiety,Elevated Plus Maze (EPM),,Entries into open arms (OAE),count,count,dark_phase,Figure 4F,pavlov_2023_molsci_Fig4F,NonSt_oae,US_oae,NonSt_US_oae,independent,yes,Negative,,13.27,5.44,10,1.72,,8.68,4.23,14,1.13,,,,,,,,,,yes,,,,13.27,Extracted mean used unchanged,5.44,Extracted SD used unchanged,1.72,Extracted SE used unchanged,8.68,Extracted mean used unchanged,4.23,Extracted SD used unchanged,1.13,Extracted SE used unchanged
nishio_2006_intjdevlneur,ex014,con010,out033,es058,Yes,"one female, one male and one control group per sex",Effects of perinatal stress on the anxiety-related behavior of  the adolescence mouse,10.1016/j.ijdevneu.2006.02.003,International Journal of Developemental Neuroscience,,Mus musculus,albino house mouse,ddY mice,,not reported,"mid, late",mid_late,day 10 to 18,9,Intermitent,0.25,15 min,Other/Unclear,Unclear,90,,unclear,,No information,male,35,5 weeks,none,,anxiety,Elevated Plus Maze (EPM),"To balance for potential locomotion biases, the number of entries and time on the open-arms
was expressed as a percentage of the total number of entries to all arms, or of the
time spent in all arms, respectively ((open/[close + open]) 100). The absolute
number of closed-arm entries was measured to dissociate the effect of the
treatment on anxiety and general motor activity.",Time in open arms (OAT),percentage,percent,not_reported,Fig. 2a,nishio_2006_intjdevlneur_fig2a,pre_n_m_oat,pre_so_m_oat,pre_n_m_oat,independent,yes,Negative,,27.16,13.81,5,6.17,,24.15,7.94,5,3.55,,,,,,,,,,yes,,,,27.16,Extracted mean used unchanged,13.81,Extracted SD used unchanged,6.17,Extracted SE used unchanged,24.15,Extracted mean used unchanged,7.94,Extracted SD used unchanged,3.55,Extracted SE used unchanged
nishio_2006_intjdevlneur,ex015,con011,out033,es059,Yes,"one female, one male and one control group per sex",Effects of perinatal stress on the anxiety-related behavior of  the adolescence mouse,10.1016/j.ijdevneu.2006.02.003,International Journal of Developemental Neuroscience,,Mus musculus,albino house mouse,ddY mice,,not reported,"mid, late",mid_late,day 10 to 18,9,Intermitent,0.25,15 min,Other/Unclear,Unclear,90,,unclear,,No information,female,35,5 weeks,none,,anxiety,Elevated Plus Maze (EPM),"To balance for potential locomotion biases, the number of entries and time on the open-arms
was expressed as a percentage of the total number of entries to all arms, or of the
time spent in all arms, respectively ((open/[close + open]) 100). The absolute
number of closed-arm entries was measured to dissociate the effect of the
treatment on anxiety and general motor activity.",Time in open arms (OAT),percentage,percent,not_reported,Fig. 2a,nishio_2006_intjdevlneur_fig2a,pre_n_f_oat,pre_so_f_oat,pre_n_f_oat,independent,yes,Negative,,18.69,6.84,5,3.06,,29.23,13.81,5,6.17,,,,,,,,,,yes,,,,18.69,Extracted mean used unchanged,6.84,Extracted SD used unchanged,3.06,Extracted SE used unchanged,29.23,Extracted mean used unchanged,13.81,Extracted SD used unchanged,6.17,Extracted SE used unchanged
nishio_2006_intjdevlneur,ex014,con010,out034,es060,Yes,"one female, one male and one control group per sex",Effects of perinatal stress on the anxiety-related behavior of  the adolescence mouse,10.1016/j.ijdevneu.2006.02.003,International Journal of Developemental Neuroscience,,Mus musculus,albino house mouse,ddY mice,,not reported,"mid, late",mid_late,day 10 to 18,9,Intermitent,0.25,15 min,Other/Unclear,Unclear,90,,unclear,,No information,male,35,5 weeks,none,,anxiety,Elevated Plus Maze (EPM),,Entries into open arms (OAE),percentage,percent,not_reported,Fig. 2b,nishio_2006_intjdevlneur_fig2b,pre_n_m_oae,pre_so_m_oae,pre_n_m_oae,independent,yes,Negative,,39.61,9.64,5,4.31,,46.66,7.78,5,3.48,,,,,,,,,,yes,,,,39.61,Extracted mean used unchanged,9.64,Extracted SD used unchanged,4.31,Extracted SE used unchanged,46.66,Extracted mean used unchanged,7.78,Extracted SD used unchanged,3.48,Extracted SE used unchanged
nishio_2006_intjdevlneur,ex015,con011,out034,es061,Yes,"one female, one male and one control group per sex",Effects of perinatal stress on the anxiety-related behavior of  the adolescence mouse,10.1016/j.ijdevneu.2006.02.003,International Journal of Developemental Neuroscience,,Mus musculus,albino house mouse,ddY mice,,not reported,"mid, late",mid_late,day 10 to 18,9,Intermitent,0.25,15 min,Other/Unclear,Unclear,90,,unclear,,No information,female,35,5 weeks,none,,anxiety,Elevated Plus Maze (EPM),,Entries into open arms (OAE),percentage,percent,not_reported,Fig. 2b,nishio_2006_intjdevlneur_fig2b,pre_n_f_oae,pre_so_f_oae,pre_n_f_oae,independent,yes,Negative,,33.07,7.6,5,3.4,,42.1,14.82,5,6.63,,,,,,,,,,yes,,,,33.07,Extracted mean used unchanged,7.6,Extracted SD used unchanged,3.4,Extracted SE used unchanged,42.1,Extracted mean used unchanged,14.82,Extracted SD used unchanged,6.63,Extracted SE used unchanged
nishio_2006_intjdevlneur,ex014,con010,out035,es062,Yes,"one female, one male and one control group per sex",Effects of perinatal stress on the anxiety-related behavior of  the adolescence mouse,10.1016/j.ijdevneu.2006.02.003,International Journal of Developemental Neuroscience,,Mus musculus,albino house mouse,ddY mice,,not reported,"mid, late",mid_late,day 10 to 18,9,Intermitent,0.25,15 min,Other/Unclear,Unclear,90,,unclear,,No information,male,35,5 weeks,none,,anxiety,Elevated Plus Maze (EPM),,Entries to closed arms,count,count,not_reported,Fig. 2c,nishio_2006_intjdevlneur_fig2c,pre_n_m_cae,pre_so_m_cae,pre_n_m_cae,independent,yes,Negative,,3.97,1.71,5,0.76,,3.58,1.18,5,0.53,,,,,,,,,,yes,,,,3.97,Extracted mean used unchanged,1.71,Extracted SD used unchanged,0.76,Extracted SE used unchanged,3.58,Extracted mean used unchanged,1.18,Extracted SD used unchanged,0.53,Extracted SE used unchanged
nishio_2006_intjdevlneur,ex015,con011,out035,es063,Yes,"one female, one male and one control group per sex",Effects of perinatal stress on the anxiety-related behavior of  the adolescence mouse,10.1016/j.ijdevneu.2006.02.003,International Journal of Developemental Neuroscience,,Mus musculus,albino house mouse,ddY mice,,not reported,"mid, late",mid_late,day 10 to 18,9,Intermitent,0.25,15 min,Other/Unclear,Unclear,90,,unclear,,No information,female,35,5 weeks,none,,anxiety,Elevated Plus Maze (EPM),,Entries to closed arms,count,count,not_reported,Fig. 2c,nishio_2006_intjdevlneur_fig2c,pre_n_f_cae,pre_so_f_cae,pre_n_f_cae,independent,yes,Negative,,6.68,2.41,5,1.08,,4.55,1.15,5,0.51,,,,,,,,,,yes,,,,6.68,Extracted mean used unchanged,2.41,Extracted SD used unchanged,1.08,Extracted SE used unchanged,4.55,Extracted mean used unchanged,1.15,Extracted SD used unchanged,0.51,Extracted SE used unchanged
uygur_2011_ankarauniv,ex016,con012,out036,es064,Yes,One treatmentent group and one control,Investigation of the long term effects of chronic white noise stress on learning in radial arm maze and behaviors in forced swim test,10.1501/Vetfak_0000002481,Ankara Üniv Vet Fak Derg,,Rattus norvegicus,albino rat,Sprague-Dawley,,205±3 g body weight,"mid, late",mid_late,day 14 to 21,9,Intermitent,0.75,45 min,White noise,Audible,100,,unclear,,PC group remained undisturbed,male,70,,none,,depression,Forced Swimming Test (FST),"Placed individually into cylinder, swam 15 min first day, 5 mins second day",Total immobility time,time,seconds,light_phase,In paper: Table 2.,uygur_2011_ankarauniv.pdf,CON_in,PSN_in,CON_PSN_in1,independent,no,Positive,,45.87,,9,8.29,,26.79,,10,7.86,,,1st day,,,,,,,yes,,,,45.87,Extracted mean used unchanged,24.869999999999997,SD = SE * sqrt(n),8.29,Extracted SE used unchanged,26.79,Extracted mean used unchanged,24.855502408923464,SD = SE * sqrt(n),7.86,Extracted SE used unchanged
uygur_2011_ankarauniv,ex016,con012,out036,es065,Yes,One treatmentent group and one control,Investigation of the long term effects of chronic white noise stress on learning in radial arm maze and behaviors in forced swim test,10.1501/Vetfak_0000002481,Ankara Üniv Vet Fak Derg,,Rattus norvegicus,albino rat,Sprague-Dawley,,205±3 g body weight,"mid, late",mid_late,day 14 to 21,9,Intermitent,0.75,45 min,White noise,Audible,100,,unclear,,PC group remained undisturbed,male,70,,none,,depression,Forced Swimming Test (FST),"Placed individually into cylinder, swam 15 min first day, 5 mins second day",Total immobility time,time,seconds,light_phase,In paper: Table 2.,uygur_2011_ankarauniv.pdf,CON_in,PSN_in,CON_PSN_in2,independent,no,Positive,,79.05,,9,13.52,,48.87,,10,12.83,,,2nd day,,,,,,,yes,,,,79.05,Extracted mean used unchanged,40.56,SD = SE * sqrt(n),13.52,Extracted SE used unchanged,48.87,Extracted mean used unchanged,40.57202237996031,SD = SE * sqrt(n),12.83,Extracted SE used unchanged
uygur_2011_ankarauniv,ex016,con012,out037,es066,Yes,One treatmentent group and one control,Investigation of the long term effects of chronic white noise stress on learning in radial arm maze and behaviors in forced swim test,10.1501/Vetfak_0000002481,Ankara Üniv Vet Fak Derg,,Rattus norvegicus,albino rat,Sprague-Dawley,,205±3 g body weight,"mid, late",mid_late,day 14 to 21,9,Intermitent,0.75,45 min,White noise,Audible,100,,unclear,,PC group remained undisturbed,male,70,,none,,depression,Forced Swimming Test (FST),"Placed individually into cylinder, swam 15 min first day, 5 mins second day",Total swimming time,time,seconds,light_phase,In paper: Table 2.,uygur_2011_ankarauniv.pdf,CON_sw,PSN_sw,CON_PSN_sw1,independent,yes,Negative,,20.09,,9,6.28,,39.08,,10,5.96,,,1st day,,,,,,,yes,,,,20.09,Extracted mean used unchanged,18.84,SD = SE * sqrt(n),6.28,Extracted SE used unchanged,39.08,Extracted mean used unchanged,18.84717485460354,SD = SE * sqrt(n),5.96,Extracted SE used unchanged
uygur_2011_ankarauniv,ex016,con012,out037,es067,Yes,One treatmentent group and one control,Investigation of the long term effects of chronic white noise stress on learning in radial arm maze and behaviors in forced swim test,10.1501/Vetfak_0000002481,Ankara Üniv Vet Fak Derg,,Rattus norvegicus,albino rat,Sprague-Dawley,,205±3 g body weight,"mid, late",mid_late,day 14 to 21,9,Intermitent,0.75,45 min,White noise,Audible,100,,unclear,,PC group remained undisturbed,male,70,,none,,depression,Forced Swimming Test (FST),"Placed individually into cylinder, swam 15 min first day, 5 mins second day",Total swimming time,time,seconds,light_phase,In paper: Table 2.,uygur_2011_ankarauniv.pdf,CON_sw,PSN_sw,CON_PSN_sw2,independent,yes,Negative,,31.89,,9,13.15,,33.44,,10,12.48,,,2nd day,,,,,,,yes,,,,31.89,Extracted mean used unchanged,39.45,SD = SE * sqrt(n),13.15,Extracted SE used unchanged,33.44,Extracted mean used unchanged,39.46522519890138,SD = SE * sqrt(n),12.48,Extracted SE used unchanged
uygur_2011_ankarauniv,ex016,con012,out038,es068,Yes,One treatmentent group and one control,Investigation of the long term effects of chronic white noise stress on learning in radial arm maze and behaviors in forced swim test,10.1501/Vetfak_0000002481,Ankara Üniv Vet Fak Derg,,Rattus norvegicus,albino rat,Sprague-Dawley,,205±3 g body weight,"mid, late",mid_late,day 14 to 21,9,Intermitent,0.75,45 min,White noise,Audible,100,,unclear,,PC group remained undisturbed,male,70,,none,,depression,Forced Swimming Test (FST),"Placed individually into cylinder, swam 15 min first day, 5 mins second day",Total diving time,count,count,light_phase,In paper: Table 2.,uygur_2011_ankarauniv.pdf,CON_di,PSN_di,CON_PSN_di1,independent,yes,Negative,,5.44,,9,1.49,,6.2,,10,1.42,,,1st day,,,,,,,yes,,,,5.44,Extracted mean used unchanged,4.47,SD = SE * sqrt(n),1.49,Extracted SE used unchanged,6.2,Extracted mean used unchanged,4.490434277439099,SD = SE * sqrt(n),1.42,Extracted SE used unchanged
uygur_2011_ankarauniv,ex016,con012,out038,es069,Yes,One treatmentent group and one control,Investigation of the long term effects of chronic white noise stress on learning in radial arm maze and behaviors in forced swim test,10.1501/Vetfak_0000002481,Ankara Üniv Vet Fak Derg,,Rattus norvegicus,albino rat,Sprague-Dawley,,205±3 g body weight,"mid, late",mid_late,day 14 to 21,9,Intermitent,0.75,45 min,White noise,Audible,100,,unclear,,PC group remained undisturbed,male,70,,none,,depression,Forced Swimming Test (FST),"Placed individually into cylinder, swam 15 min first day, 5 mins second day",Total diving time,count,count,light_phase,In paper: Table 2.,uygur_2011_ankarauniv.pdf,CON_di,PSN_di,CON_PSN_di2,independent,yes,Negative,,2.56,,9,0.95,,1.7,,10,0.9,,,2nd day,,,,,,,yes,,,,2.56,Extracted mean used unchanged,2.8499999999999996,SD = SE * sqrt(n),0.95,Extracted SE used unchanged,1.7,Extracted mean used unchanged,2.8460498941515415,SD = SE * sqrt(n),0.9,Extracted SE used unchanged
uygur_2011_ankarauniv,ex016,con012,out039,es070,Yes,One treatmentent group and one control,Investigation of the long term effects of chronic white noise stress on learning in radial arm maze and behaviors in forced swim test,10.1501/Vetfak_0000002481,Ankara Üniv Vet Fak Derg,,Rattus norvegicus,albino rat,Sprague-Dawley,,205±3 g body weight,"mid, late",mid_late,day 14 to 21,9,Intermitent,0.75,45 min,White noise,Audible,100,,unclear,,PC group remained undisturbed,male,70,,none,,depression,Forced Swimming Test (FST),"Placed individually into cylinder, swam 15 min first day, 5 mins second day",Total jumping time,count,count,light_phase,In paper: Table 2.,uygur_2011_ankarauniv.pdf,CON_ju,PSN_ju,CON_PSN_ju1,independent,yes,Negative,,26.78,,9,4.89,,23,,10,4.64,,,1st day,,,,,,,yes,,,,26.78,Extracted mean used unchanged,14.669999999999998,SD = SE * sqrt(n),4.89,Extracted SE used unchanged,23,Extracted mean used unchanged,14.67296834318128,SD = SE * sqrt(n),4.64,Extracted SE used unchanged
uygur_2011_ankarauniv,ex016,con012,out039,es071,Yes,One treatmentent group and one control,Investigation of the long term effects of chronic white noise stress on learning in radial arm maze and behaviors in forced swim test,10.1501/Vetfak_0000002481,Ankara Üniv Vet Fak Derg,,Rattus norvegicus,albino rat,Sprague-Dawley,,205±3 g body weight,"mid, late",mid_late,day 14 to 21,9,Intermitent,0.75,45 min,White noise,Audible,100,,unclear,,PC group remained undisturbed,male,70,,none,,depression,Forced Swimming Test (FST),"Placed individually into cylinder, swam 15 min first day, 5 mins second day",Total jumping time,count,count,light_phase,In paper: Table 2.,uygur_2011_ankarauniv.pdf,CON_ju,PSN_ju,CON_PSN_ju2,independent,yes,Negative,,16,,9,3.93,,18.4,,10,3.73,,,2nd day,,,,,,,yes,,,,16,Extracted mean used unchanged,11.790000000000001,SD = SE * sqrt(n),3.93,Extracted SE used unchanged,18.4,Extracted mean used unchanged,11.795295672428056,SD = SE * sqrt(n),3.73,Extracted SE used unchanged
morra_1965_physiolrec,ex017,con013,out040,es072,Yes,One control and one treatment,PRENATAL SOUND STIMULATION ON POSTNATAL RAT OFFSPRING OPEN FIELD BEHAVIORS,10.1007/BF03393632,The psychological Record,,Rattus norvegicus,albino rat,Wistar rat,18,120-140 days,"mid, late",mid_late,day 12-20,9,Intermitent,0.005,"There was a noise of 3.25 sec. duration produced bya door buzzer. for eight consecutive days. Each animal received three trials, twice daily, with an interblock interval of approximately one hour.",Door bell,Audible,85,,unclear,,"Same manipulation with no door bell, but they don't mention anything about noise conditions",mixed,25,,none,,anxiety,Open Field Test (OFT),,Sections crossed,count,count,not_reported,Table 2 and text,,GIII_csq,GII_csq,GIII_GII_csq,independent,yes,Negative,,19.5,8.4,63,,,14.2,8.3,35,,,,No SE or CI,,,,,,,yes,,,,19.5,Extracted mean used unchanged,8.4,Extracted SD used unchanged,1.0583005244258363,SE = SD / sqrt(n),14.2,Extracted mean used unchanged,8.3,Extracted SD used unchanged,1.4029560628493376,SE = SD / sqrt(n)
morra_1965_physiolrec,ex017,con013,out041,es073,Yes,One control and one treatment,PRENATAL SOUND STIMULATION ON POSTNATAL RAT OFFSPRING OPEN FIELD BEHAVIORS,10.1007/BF03393632,The psychological Record,,Rattus norvegicus,albino rat,Wistar rat,18,120-140 days,"mid, late",mid_late,day 12-20,9,Intermitent,0.005,"There was a noise of 3.25 sec. duration produced bya door buzzer. for eight consecutive days. Each animal received three trials, twice daily, with an interblock interval of approximately one hour.",Door bell,Audible,85,,unclear,,"Same manipulation with no door bell, but they don't mention anything about noise conditions",mixed,25,,none,,anxiety,Open Field Test (OFT),,Initial latency to move,latency,seconds,not_reported,Table 2 and text,,GIII_il,GII_il,GIII_GII_il,independent,no,Positive,,13.1,7.9,63,,,18.8,8.2,35,,,,No SE or CI,,,,,,,yes,,,,13.1,Extracted mean used unchanged,7.9,Extracted SD used unchanged,0.995306445590965,SE = SD / sqrt(n),18.8,Extracted mean used unchanged,8.2,Extracted SD used unchanged,1.386052977754767,SE = SD / sqrt(n)
abramova_2021_front,ex018,con014,out042,es074,Yes,"One control female, one male and one experimental female and one male",The Behavior and Postnatal Development in Infant and Juvenile Rats After Ultrasound-Induced Chronic Prenatal Stress,10.3389/fphys.2021.659366,Frontiers in Physiology,,Rattus norvegicus,albino rat,Wistar rat,,not reported,"early, mid, late",full_gestation,3 weeks,21,Continuous,24,Expossed to continuous variable frequencies,Ultrasound,Ultrasound,50,"20,000-45,000",ambient_sound,,"""normal conditions without ultrasound""",female,20,,none,,anxiety,Open Field Test (OFT),Square arena on PND20,Sections crossed,count,count,light_phase,Figure 2a,OF-pups-abramova2015,C_f_sq,PS_f_sq,C_PS_f_sq,independent,yes,Negative,,29,15.7903,25,3.1581,,24.8421,12.6985,19,2.9132,,Extracted all from raw data,,,,,,,,yes,,,,29,Extracted mean used unchanged,15.7903,Extracted SD used unchanged,3.1581,Extracted SE used unchanged,24.8421,Extracted mean used unchanged,12.6985,Extracted SD used unchanged,2.9132,Extracted SE used unchanged
abramova_2021_front,ex019,con015,out042,es075,Yes,"One control female, one male and one experimental female and one male",The Behavior and Postnatal Development in Infant and Juvenile Rats After Ultrasound-Induced Chronic Prenatal Stress,10.3389/fphys.2021.659366,Frontiers in Physiology,,Rattus norvegicus,albino rat,Wistar rat,,not reported,"early, mid, late",full_gestation,3 weeks,21,Continuous,24,Expossed to continuous variable frequencies,Ultrasound,Ultrasound,50,"20,000-45,000",ambient_sound,,"""normal conditions without ultrasound""",male,20,,none,,anxiety,Open Field Test (OFT),,Sections crossed,count,count,light_phase,Figure 2a,OF-pups-abramova2016,C_m_sq,PS_m_sq,C_PS_m_sq,independent,yes,Negative,,33.7391,16.896,23,3.5231,,22.1667,14.5733,18,3.435,,Extracted all from raw data,,,,,,,,yes,,,,33.7391,Extracted mean used unchanged,16.896,Extracted SD used unchanged,3.5231,Extracted SE used unchanged,22.1667,Extracted mean used unchanged,14.5733,Extracted SD used unchanged,3.435,Extracted SE used unchanged
abramova_2021_front,ex018,con014,out043,es076,Yes,"One control female, one male and one experimental female and one male",The Behavior and Postnatal Development in Infant and Juvenile Rats After Ultrasound-Induced Chronic Prenatal Stress,10.3389/fphys.2021.659366,Frontiers in Physiology,,Rattus norvegicus,albino rat,Wistar rat,,not reported,"early, mid, late",full_gestation,3 weeks,21,Continuous,24,Expossed to continuous variable frequencies,Ultrasound,Ultrasound,50,"20,000-45,000",ambient_sound,,"""normal conditions without ultrasound""",female,20,,none,,anxiety,Open Field Test (OFT),,Rearing frequency,count,count,light_phase,Figure 2b,OF-pups-abramova2017,C_f_re,PS_f_re,C_PS_f_re,independent,yes,Negative,,8.92,6.9337,25,1.3867,,6.8947,4.4208,19,1.0142,,Extracted all from raw data,,,,,,,,yes,,,,8.92,Extracted mean used unchanged,6.9337,Extracted SD used unchanged,1.3867,Extracted SE used unchanged,6.8947,Extracted mean used unchanged,4.4208,Extracted SD used unchanged,1.0142,Extracted SE used unchanged
abramova_2021_front,ex019,con015,out043,es077,Yes,"One control female, one male and one experimental female and one male",The Behavior and Postnatal Development in Infant and Juvenile Rats After Ultrasound-Induced Chronic Prenatal Stress,10.3389/fphys.2021.659366,Frontiers in Physiology,,Rattus norvegicus,albino rat,Wistar rat,,not reported,"early, mid, late",full_gestation,3 weeks,21,Continuous,24,Expossed to continuous variable frequencies,Ultrasound,Ultrasound,50,"20,000-45,000",ambient_sound,,"""normal conditions without ultrasound""",male,20,,none,,anxiety,Open Field Test (OFT),,Rearing frequency,count,count,light_phase,Figure 2b,OF-pups-abramova2018,C_m_re,PS_m_re,C_PS_m_re,independent,yes,Negative,,10.1304,8.7558,23,1.8257,,4.3889,4.1747,18,0.984,,Extracted all from raw data,,,,,,,,yes,,,,10.1304,Extracted mean used unchanged,8.7558,Extracted SD used unchanged,1.8257,Extracted SE used unchanged,4.3889,Extracted mean used unchanged,4.1747,Extracted SD used unchanged,0.984,Extracted SE used unchanged
abramova_2021_front,ex018,con014,out044,es078,Yes,"One control female, one male and one experimental female and one male",The Behavior and Postnatal Development in Infant and Juvenile Rats After Ultrasound-Induced Chronic Prenatal Stress,10.3389/fphys.2021.659366,Frontiers in Physiology,,Rattus norvegicus,albino rat,Wistar rat,,not reported,"early, mid, late",full_gestation,3 weeks,21,Continuous,24,Expossed to continuous variable frequencies,Ultrasound,Ultrasound,50,"20,000-45,000",ambient_sound,,"""normal conditions without ultrasound""",female,20,,none,,anxiety,Open Field Test (OFT),,Center entries (crossing),count,count,light_phase,Raw data,OF-pups-abramova2019,C_f_cen,PS_f_cen,C_PS_f_cen,independent,yes,Negative,,1.16,1.4911,25,0.2982,,1.3158,2.029,19,0.4655,,Extracted all from raw data,,,,,,,,yes,,,,1.16,Extracted mean used unchanged,1.4911,Extracted SD used unchanged,0.2982,Extracted SE used unchanged,1.3158,Extracted mean used unchanged,2.029,Extracted SD used unchanged,0.4655,Extracted SE used unchanged
abramova_2021_front,ex019,con015,out044,es079,Yes,"One control female, one male and one experimental female and one male",The Behavior and Postnatal Development in Infant and Juvenile Rats After Ultrasound-Induced Chronic Prenatal Stress,10.3389/fphys.2021.659366,Frontiers in Physiology,,Rattus norvegicus,albino rat,Wistar rat,,not reported,"early, mid, late",full_gestation,3 weeks,21,Continuous,24,Expossed to continuous variable frequencies,Ultrasound,Ultrasound,50,"20,000-45,000",ambient_sound,,"""normal conditions without ultrasound""",male,20,,none,,anxiety,Open Field Test (OFT),,Center entries (crossing),count,count,light_phase,Raw data,OF-pups-abramova2020,C_m_cen,PS_m_cen,C_PS_m_cen,independent,yes,Negative,,2.2609,2.5265,23,0.5268,,0.8889,2.3235,18,0.5477,,Extracted all from raw data,,,,,,,,yes,,,,2.2609,Extracted mean used unchanged,2.5265,Extracted SD used unchanged,0.5268,Extracted SE used unchanged,0.8889,Extracted mean used unchanged,2.3235,Extracted SD used unchanged,0.5477,Extracted SE used unchanged
abramova_2021_front,ex018,con014,out045,es080,Yes,"One control female, one male and one experimental female and one male",The Behavior and Postnatal Development in Infant and Juvenile Rats After Ultrasound-Induced Chronic Prenatal Stress,10.3389/fphys.2021.659366,Frontiers in Physiology,,Rattus norvegicus,albino rat,Wistar rat,,not reported,"early, mid, late",full_gestation,3 weeks,21,Continuous,24,Expossed to continuous variable frequencies,Ultrasound,Ultrasound,50,"20,000-45,000",ambient_sound,,"""normal conditions without ultrasound""",female,20,,none,,anxiety,Open Field Test (OFT),,Time in central square,count,count,light_phase,Raw data,OF-pups-abramova2021,C_f_centt,PS_f_centt,C_PS_f_centt,independent,yes,Negative,,2.0964,3.3901,25,0.678,,2.9368,5.119,19,1.1744,,Extracted all from raw data,,,,,,,,yes,,,,2.0964,Extracted mean used unchanged,3.3901,Extracted SD used unchanged,0.678,Extracted SE used unchanged,2.9368,Extracted mean used unchanged,5.119,Extracted SD used unchanged,1.1744,Extracted SE used unchanged
abramova_2021_front,ex019,con015,out045,es081,Yes,"One control female, one male and one experimental female and one male",The Behavior and Postnatal Development in Infant and Juvenile Rats After Ultrasound-Induced Chronic Prenatal Stress,10.3389/fphys.2021.659366,Frontiers in Physiology,,Rattus norvegicus,albino rat,Wistar rat,,not reported,"early, mid, late",full_gestation,3 weeks,21,Continuous,24,Expossed to continuous variable frequencies,Ultrasound,Ultrasound,50,"20,000-45,000",ambient_sound,,"""normal conditions without ultrasound""",male,20,,none,,anxiety,Open Field Test (OFT),,Time in central square,count,count,light_phase,Raw data,OF-pups-abramova2022,C_m_centt,PS_m_centt,C_PS_m_centt,independent,yes,Negative,,5.177,6.8377,23,1.4258,,0.7739,2.1925,18,0.5168,,Extracted all from raw data,,,,,,,,yes,,,,5.177,Extracted mean used unchanged,6.8377,Extracted SD used unchanged,1.4258,Extracted SE used unchanged,0.7739,Extracted mean used unchanged,2.1925,Extracted SD used unchanged,0.5168,Extracted SE used unchanged
abramova_2021_front,ex018,con014,out046,es082,Yes,"One control female, one male and one experimental female and one male",The Behavior and Postnatal Development in Infant and Juvenile Rats After Ultrasound-Induced Chronic Prenatal Stress,10.3389/fphys.2021.659366,Frontiers in Physiology,,Rattus norvegicus,albino rat,Wistar rat,,not reported,"early, mid, late",full_gestation,3 weeks,21,Continuous,24,Expossed to continuous variable frequencies,Ultrasound,Ultrasound,50,"20,000-45,000",ambient_sound,,"""normal conditions without ultrasound""",female,20,,none,,anxiety,Open Field Test (OFT),,Grooming frequency,count,count,light_phase,Raw data,OF-pups-abramova2023,C_f_gfr,PS_f_gfr,C_PS_f_gfr,independent,no,Positive,,3.76,1.6653,25,0.3331,,2.7895,1.782,19,0.4088,,Extracted all from raw data,,,,,,,,yes,,,,3.76,Extracted mean used unchanged,1.6653,Extracted SD used unchanged,0.3331,Extracted SE used unchanged,2.7895,Extracted mean used unchanged,1.782,Extracted SD used unchanged,0.4088,Extracted SE used unchanged
abramova_2021_front,ex019,con015,out046,es083,Yes,"One control female, one male and one experimental female and one male",The Behavior and Postnatal Development in Infant and Juvenile Rats After Ultrasound-Induced Chronic Prenatal Stress,10.3389/fphys.2021.659366,Frontiers in Physiology,,Rattus norvegicus,albino rat,Wistar rat,,not reported,"early, mid, late",full_gestation,3 weeks,21,Continuous,24,Expossed to continuous variable frequencies,Ultrasound,Ultrasound,50,"20,000-45,000",ambient_sound,,"""normal conditions without ultrasound""",male,20,,none,,anxiety,Open Field Test (OFT),,Grooming frequency,count,count,light_phase,Raw data,OF-pups-abramova2024,C_m_gfr,PS_m_gfr,C_PS_m_gfr,independent,no,Positive,,2.6522,1.465,23,0.3055,,3,1.7489,18,0.4122,,Extracted all from raw data,,,,,,,,yes,,,,2.6522,Extracted mean used unchanged,1.465,Extracted SD used unchanged,0.3055,Extracted SE used unchanged,3,Extracted mean used unchanged,1.7489,Extracted SD used unchanged,0.4122,Extracted SE used unchanged
abramova_2021_front,ex018,con014,out047,es084,Yes,"One control female, one male and one experimental female and one male",The Behavior and Postnatal Development in Infant and Juvenile Rats After Ultrasound-Induced Chronic Prenatal Stress,10.3389/fphys.2021.659366,Frontiers in Physiology,,Rattus norvegicus,albino rat,Wistar rat,,not reported,"early, mid, late",full_gestation,3 weeks,21,Continuous,24,Expossed to continuous variable frequencies,Ultrasound,Ultrasound,50,"20,000-45,000",ambient_sound,,"""normal conditions without ultrasound""",female,20,,none,,anxiety,Open Field Test (OFT),,Total grooming time,time,seconds,light_phase,Raw data,OF-pups-abramova2025,C_f_gtt,PS_f_gtt,C_PS_f_gtt,independent,no,Positive,,34.048,25.0853,25,5.0171,,28.2516,24.6902,19,5.6643,,Extracted all from raw data,,,,,,,,yes,,,,34.048,Extracted mean used unchanged,25.0853,Extracted SD used unchanged,5.0171,Extracted SE used unchanged,28.2516,Extracted mean used unchanged,24.6902,Extracted SD used unchanged,5.6643,Extracted SE used unchanged
abramova_2021_front,ex019,con015,out047,es085,Yes,"One control female, one male and one experimental female and one male",The Behavior and Postnatal Development in Infant and Juvenile Rats After Ultrasound-Induced Chronic Prenatal Stress,10.3389/fphys.2021.659366,Frontiers in Physiology,,Rattus norvegicus,albino rat,Wistar rat,,not reported,"early, mid, late",full_gestation,3 weeks,21,Continuous,24,Expossed to continuous variable frequencies,Ultrasound,Ultrasound,50,"20,000-45,000",ambient_sound,,"""normal conditions without ultrasound""",male,20,,none,,anxiety,Open Field Test (OFT),,Total grooming time,time,seconds,light_phase,Raw data,OF-pups-abramova2026,C_m_gtt,PS_m_gtt,C_PS_m_gtt,independent,no,Positive,,16.3787,13.1338,23,2.7386,,24.2061,17.297,18,4.0769,,Extracted all from raw data,,,,,,,,yes,,,,16.3787,Extracted mean used unchanged,13.1338,Extracted SD used unchanged,2.7386,Extracted SE used unchanged,24.2061,Extracted mean used unchanged,17.297,Extracted SD used unchanged,4.0769,Extracted SE used unchanged
abramova_2021_front,ex018,con014,out048,es086,Yes,"One control female, one male and one experimental female and one male",The Behavior and Postnatal Development in Infant and Juvenile Rats After Ultrasound-Induced Chronic Prenatal Stress,10.3389/fphys.2021.659366,Frontiers in Physiology,,Rattus norvegicus,albino rat,Wistar rat,,not reported,"early, mid, late",full_gestation,3 weeks,21,Continuous,24,Expossed to continuous variable frequencies,Ultrasound,Ultrasound,50,"20,000-45,000",ambient_sound,,"""normal conditions without ultrasound""",female,20,,none,,anxiety,Open Field Test (OFT),,Total freezing time,time,seconds,light_phase,Figure 2c,OF-pups-abramova2027,C_f_frtt,PS_f_fr,C_PS_f_fr,independent,no,Positive,,36.678,36.638,25,7.3276,,62.3595,53.8477,19,12.3535,,Extracted all from raw data,,,,,,,,yes,,,,36.678,Extracted mean used unchanged,36.638,Extracted SD used unchanged,7.3276,Extracted SE used unchanged,62.3595,Extracted mean used unchanged,53.8477,Extracted SD used unchanged,12.3535,Extracted SE used unchanged
abramova_2021_front,ex019,con015,out048,es087,Yes,"One control female, one male and one experimental female and one male",The Behavior and Postnatal Development in Infant and Juvenile Rats After Ultrasound-Induced Chronic Prenatal Stress,10.3389/fphys.2021.659366,Frontiers in Physiology,,Rattus norvegicus,albino rat,Wistar rat,,not reported,"early, mid, late",full_gestation,3 weeks,21,Continuous,24,Expossed to continuous variable frequencies,Ultrasound,Ultrasound,50,"20,000-45,000",ambient_sound,,"""normal conditions without ultrasound""",male,20,,none,,anxiety,Open Field Test (OFT),,Total freezing time,time,seconds,light_phase,Figure 2c,OF-pups-abramova2028,C_m_ftt,PS_m_fr,C_PS_m_fr,independent,no,Positive,,39.257,41.7274,23,8.7008,,79.8783,55.483,18,13.0775,,Extracted all from raw data,,,,,,,,yes,,,I double checked MetaDigitise,39.257,Extracted mean used unchanged,41.7274,Extracted SD used unchanged,8.7008,Extracted SE used unchanged,79.8783,Extracted mean used unchanged,55.483,Extracted SD used unchanged,13.0775,Extracted SE used unchanged
badache_2017_stress,ex020,con016,out049,es088,Yes,One treatmentent group and one control,"Prenatal noise and restraint stress interact to alter exploratory behavior and balance in juvenile rats, and mixed stress reverses these effects",10.1080/10253890.2017.1307962,Stress,,Rattus norvegicus,albino rat,Wistar rat,13,90 days,"mid, late",mid_late,day 11-19,9,Intermitent,0.05,"3 mins per day.  HELLA twintone Horn, car horn",Traffic,Audible,110,500,unclear,,No information,male,45,,none,,anxiety,Open Field Test (OFT),,Time in corners,time,seconds,light_phase,Figure 5a,badache_2017_stress_5a,Cn_cor,Ns_cor,Cn_Ns_cor,independent,no,Positive,,216.89,47.03,16,11.76,,253.78,51.89,16,12.97,,,,,,,,,,yes,,I double checked MetaDigitise,I double checked MetaDigitise,216.89,Extracted mean used unchanged,47.03,Extracted SD used unchanged,11.76,Extracted SE used unchanged,253.78,Extracted mean used unchanged,51.89,Extracted SD used unchanged,12.97,Extracted SE used unchanged
badache_2017_stress,ex020,con016,out050,es089,Yes,One treatmentent group and one control,"Prenatal noise and restraint stress interact to alter exploratory behavior and balance in juvenile rats, and mixed stress reverses these effects",10.1080/10253890.2017.1307962,Stress,,Rattus norvegicus,albino rat,Wistar rat,13,90 days,"mid, late",mid_late,day 11-19,9,Intermitent,0.05,"3 mins per day.  HELLA twintone Horn, car horn",Traffic,Audible,110,500,unclear,,No information,male,45,,none,,anxiety,Open Field Test (OFT),,Sections crossed,count,count,light_phase,Figure 5b,badache_2017_stress_5b,Cn_sq,Ns_sq,Cn_Ns_sq,independent,yes,Negative,,70.44,16.15,16,4.04,,45.26,8.92,16,2.23,,,,,,,,,,yes,,I double checked MetaDigitise,I double checked MetaDigitise,70.44,Extracted mean used unchanged,16.15,Extracted SD used unchanged,4.04,Extracted SE used unchanged,45.26,Extracted mean used unchanged,8.92,Extracted SD used unchanged,2.23,Extracted SE used unchanged
badache_2017_stress,ex020,con016,out051,es090,Yes,One treatmentent group and one control,"Prenatal noise and restraint stress interact to alter exploratory behavior and balance in juvenile rats, and mixed stress reverses these effects",10.1080/10253890.2017.1307962,Stress,,Rattus norvegicus,albino rat,Wistar rat,13,90 days,"mid, late",mid_late,day 11-19,9,Intermitent,0.05,"3 mins per day.  HELLA twintone Horn, car horn",Traffic,Audible,110,500,unclear,,No information,male,45,,none,,anxiety,Open Field Test (OFT),,Time in central square,time,seconds,light_phase,Figure 5c,badache_2017_stress_5c,Cn_cen,Ns_cen,Cn_Ns_cen,independent,yes,Negative,,4.13,0.93,16,0.23,,0.18,0.26,16,0.07,,,,,,,,,,yes,,I double checked MetaDigitise,I double checked MetaDigitise,4.13,Extracted mean used unchanged,0.93,Extracted SD used unchanged,0.23,Extracted SE used unchanged,0.18,Extracted mean used unchanged,0.26,Extracted SD used unchanged,0.07,Extracted SE used unchanged
badache_2017_stress,ex020,con016,out052,es091,Yes,One treatmentent group and one control,"Prenatal noise and restraint stress interact to alter exploratory behavior and balance in juvenile rats, and mixed stress reverses these effects",10.1080/10253890.2017.1307962,Stress,,Rattus norvegicus,albino rat,Wistar rat,13,90 days,"mid, late",mid_late,day 11-19,9,Intermitent,0.05,"3 mins per day.  HELLA twintone Horn, car horn",Traffic,Audible,110,500,unclear,,No information,male,45,,none,,anxiety,Open Field Test (OFT),,Rearing time,time,seconds,light_phase,Figure 5d,badache_2017_stress_5d,Cn_re,Ns_re,Cn_Ns_re,independent,yes,Negative,,22,5.03,16,1.26,,8.54,1.93,16,0.48,,,,,,,,,,yes,,I double checked MetaDigitise,I double checked MetaDigitise,22,Extracted mean used unchanged,5.03,Extracted SD used unchanged,1.26,Extracted SE used unchanged,8.54,Extracted mean used unchanged,1.93,Extracted SD used unchanged,0.48,Extracted SE used unchanged
badache_2017_stress,ex020,con016,out053,es092,Yes,One treatmentent group and one control,"Prenatal noise and restraint stress interact to alter exploratory behavior and balance in juvenile rats, and mixed stress reverses these effects",10.1080/10253890.2017.1307962,Stress,,Rattus norvegicus,albino rat,Wistar rat,13,90 days,"mid, late",mid_late,day 11-19,9,Intermitent,0.05,"3 mins per day.  HELLA twintone Horn, car horn",Traffic,Audible,110,500,unclear,,No information,male,46,,none,,anxiety,Elevated Plus Maze (EPM),,Time in open arms (OAT),time,seconds,light_phase,Figure 6a,badache_2017_stress_6a,Cn_oat,Ns_oat,Cn_Ns_oat,independent,yes,Negative,,135.51,31.84,16,7.96,,67.96,14.69,16,3.67,,,,,,,,,,yes,,I double checked MetaDigitise,I double checked MetaDigitise,135.51,Extracted mean used unchanged,31.84,Extracted SD used unchanged,7.96,Extracted SE used unchanged,67.96,Extracted mean used unchanged,14.69,Extracted SD used unchanged,3.67,Extracted SE used unchanged
badache_2017_stress,ex020,con016,out054,es093,Yes,One treatmentent group and one control,"Prenatal noise and restraint stress interact to alter exploratory behavior and balance in juvenile rats, and mixed stress reverses these effects",10.1080/10253890.2017.1307962,Stress,,Rattus norvegicus,albino rat,Wistar rat,13,90 days,"mid, late",mid_late,day 11-19,9,Intermitent,0.05,"3 mins per day.  HELLA twintone Horn, car horn",Traffic,Audible,110,500,unclear,,No information,male,46,,Cross-Fostered,,anxiety,Elevated Plus Maze (EPM),,Rearing time,time,seconds,light_phase,Figure 6b,badache_2017_stress_6b,Cn_rt,Ns_rt,Cn_Ns_rt,independent,yes,Negative,,18.12,4.52,16,1.13,,7.77,2.05,16,0.51,,,,,,,,,,yes,,I double checked MetaDigitise,,18.12,Extracted mean used unchanged,4.52,Extracted SD used unchanged,1.13,Extracted SE used unchanged,7.77,Extracted mean used unchanged,2.05,Extracted SD used unchanged,0.51,Extracted SE used unchanged
whitlow_1978_thesis,ex021,con017,out055,es094,Yes,"They had two experimental groups, 65dB and 85dB, they did 3 trials, one per day of the OFT",THE EFFECT OF SOUND STIMULATION DURING GESTATION  ON THE BEHAVIOR OF RAT OFFSPRING,,Thesis,,Rattus norvegicus,hooded rat,Lister rat,,not reported,"mid, late",mid_late,day 12-19,8,Intermitent,0.005,18 seconds per day. It was a tone,White noise,Audible,85,2500,unclear,,"No noise, moved into experimental sound cage",mixed,25,,Cross-Fostered,,anxiety,Open Field Test (OFT),"Circular open-field, duration 3 minutes and repeated in 3 consecutive days",Sections crossed,count,count,not_reported,Figure 2,whitlow_1978_thesis_fig2,HNoN_1_sq,HN_1_sq,HNoN_HN_1_sq,dependent,yes,Negative,,65.63,8.1012,20,,,71.2285,8.4397,20,,,"Figure only showed mean, imputated sd=SQRT(mean) as are counts in a certain tine","The author stated ""hooded rat,"" we assumed ""lister rat"". ""Foster mothers with no noise exposure. We also used the HNoN control, which were manipulated the same way as the noise treatment, but no noise..."". In the pilot they used a ""2 . 5 KHz tone of 3 second duration at  an intensity of 85 dB (re 20 4 N/m~)."" so we assumed they used the same for the actual experiment",,,,,,,yes,adjust comments text,,,65.63,Extracted mean used unchanged,8.1012,Extracted SD used unchanged,1.8114833899321297,SE = SD / sqrt(n),71.2285,Extracted mean used unchanged,8.4397,Extracted SD used unchanged,1.8871742909704974,SE = SD / sqrt(n)
whitlow_1978_thesis,ex022,con017,out055,es095,Yes,"They had two experimental groups, 65dB and 85dB, they did 3 trials, one per day of the OFT",THE EFFECT OF SOUND STIMULATION DURING GESTATION  ON THE BEHAVIOR OF RAT OFFSPRING,,Thesis,,Rattus norvegicus,hooded rat,Lister rat,,not reported,"mid, late",mid_late,day 12-19,8,Intermitent,0.005,18 seconds per day. It was a tone,White noise,Audible,65,2500,unclear,,"No noise, moved into experimental sound cage",mixed,25,,Cross-Fostered,,anxiety,Open Field Test (OFT),"Circular open-field, duration 3 minutes and repeated in 3 consecutive days",Sections crossed,count,count,not_reported,Figure 2,whitlow_1978_thesis_fig2,HNoN_1_sq,HLN_1_sq,HNoN_HLN_1_sq,dependent,yes,Negative,,65.63,8.1012,20,,,60.8719,7.802,20,,,"Figure only showed mean, imputated sd=SQRT(mean) as are counts in a certain tine","The author stated ""hooded rat,"" we assumed ""lister rat"". ""Foster mothers with no noise exposure. We also used the HNoN control, which were manipulated the same way as the noise treatment, but no noise..."". In the pilot they used a ""2 . 5 KHz tone of 3 second duration at  an intensity of 85 dB (re 20 4 N/m~)."" so we assumed they used the same for the actual experiment",,,,,,,yes,adjust comments text,,,65.63,Extracted mean used unchanged,8.1012,Extracted SD used unchanged,1.8114833899321297,SE = SD / sqrt(n),60.8719,Extracted mean used unchanged,7.802,Extracted SD used unchanged,1.7445802360453357,SE = SD / sqrt(n)
whitlow_1978_thesis,ex021,con017,out055,es096,Yes,"They had two experimental groups, 65dB and 85dB, they did 3 trials, one per day of the OFT",THE EFFECT OF SOUND STIMULATION DURING GESTATION  ON THE BEHAVIOR OF RAT OFFSPRING,,Thesis,,Rattus norvegicus,hooded rat,Lister rat,,not reported,"mid, late",mid_late,day 12-19,8,Intermitent,0.005,18 seconds per day. It was a tone,White noise,Audible,85,2500,unclear,,"No noise, moved into experimental sound cage",mixed,26,,Cross-Fostered,,anxiety,Open Field Test (OFT),"Circular open-field, duration 3 minutes and repeated in 3 consecutive days",Sections crossed,count,count,not_reported,Figure 2,whitlow_1978_thesis_fig2,HNoN_2_sq,HN_2_sq,HNoN_HN_2_sq,dependent,yes,Negative,,39.74,6.304,20,,,42.8005,6.5422,20,,,"Figure only showed mean, imputated sd=SQRT(mean) as are counts in a certain tine","The author stated ""hooded rat,"" we assumed ""lister rat"". ""Foster mothers with no noise exposure. We also used the HNoN control, which were manipulated the same way as the noise treatment, but no noise..."". In the pilot they used a ""2 . 5 KHz tone of 3 second duration at  an intensity of 85 dB (re 20 4 N/m~)."" so we assumed they used the same for the actual experiment",,,,,,,yes,adjust comments text,,,39.74,Extracted mean used unchanged,6.304,Extracted SD used unchanged,1.4096172530158675,SE = SD / sqrt(n),42.8005,Extracted mean used unchanged,6.5422,Extracted SD used unchanged,1.4628803922399125,SE = SD / sqrt(n)
whitlow_1978_thesis,ex022,con017,out055,es097,Yes,"They had two experimental groups, 65dB and 85dB, they did 3 trials, one per day of the OFT",THE EFFECT OF SOUND STIMULATION DURING GESTATION  ON THE BEHAVIOR OF RAT OFFSPRING,,Thesis,,Rattus norvegicus,hooded rat,Lister rat,,not reported,"mid, late",mid_late,day 12-19,8,Intermitent,0.005,18 seconds per day. It was a tone,White noise,Audible,65,2500,unclear,,"No noise, moved into experimental sound cage",mixed,26,,Cross-Fostered,,anxiety,Open Field Test (OFT),"Circular open-field, duration 3 minutes and repeated in 3 consecutive days",Sections crossed,count,count,not_reported,Figure 2,whitlow_1978_thesis_fig2,HNoN_2_sq,HLN_2_sq,HNoN_HLN_2_sq,dependent,yes,Negative,,39.74,6.304,20,,,36.8824,6.0731,20,,,"Figure only showed mean, imputated sd=SQRT(mean) as are counts in a certain tine","The author stated ""hooded rat,"" we assumed ""lister rat"". ""Foster mothers with no noise exposure. We also used the HNoN control, which were manipulated the same way as the noise treatment, but no noise..."". In the pilot they used a ""2 . 5 KHz tone of 3 second duration at  an intensity of 85 dB (re 20 4 N/m~)."" so we assumed they used the same for the actual experiment",,,,,,,yes,adjust comments text,,,39.74,Extracted mean used unchanged,6.304,Extracted SD used unchanged,1.4096172530158675,SE = SD / sqrt(n),36.8824,Extracted mean used unchanged,6.0731,Extracted SD used unchanged,1.3579864434153972,SE = SD / sqrt(n)
whitlow_1978_thesis,ex021,con017,out055,es098,Yes,"They had two experimental groups, 65dB and 85dB, they did 3 trials, one per day of the OFT",THE EFFECT OF SOUND STIMULATION DURING GESTATION  ON THE BEHAVIOR OF RAT OFFSPRING,,Thesis,,Rattus norvegicus,hooded rat,Lister rat,,not reported,"mid, late",mid_late,day 12-19,8,Intermitent,0.005,18 seconds per day. It was a tone,White noise,Audible,85,2500,unclear,,"No noise, moved into experimental sound cage",mixed,27,,Cross-Fostered,,anxiety,Open Field Test (OFT),"Circular open-field, duration 3 minutes and repeated in 3 consecutive days",Sections crossed,count,count,not_reported,Figure 2,whitlow_1978_thesis_fig2,HNoN_3_sq,HN_3_sq,HNoN_HN_3_sq,dependent,yes,Negative,,17.33,4.1629,20,,,26.7371,5.1708,20,,,"Figure only showed mean, imputated sd=SQRT(mean) as are counts in a certain tine","The author stated ""hooded rat,"" we assumed ""lister rat"". ""Foster mothers with no noise exposure. We also used the HNoN control, which were manipulated the same way as the noise treatment, but no noise..."". In the pilot they used a ""2 . 5 KHz tone of 3 second duration at  an intensity of 85 dB (re 20 4 N/m~)."" so we assumed they used the same for the actual experiment",,,,,,,yes,adjust comments text,,,17.33,Extracted mean used unchanged,4.1629,Extracted SD used unchanged,0.9308527383533873,SE = SD / sqrt(n),26.7371,Extracted mean used unchanged,5.1708,Extracted SD used unchanged,1.156226029805591,SE = SD / sqrt(n)
whitlow_1978_thesis,ex022,con017,out055,es099,Yes,"They had two experimental groups, 65dB and 85dB, they did 3 trials, one per day of the OFT",THE EFFECT OF SOUND STIMULATION DURING GESTATION  ON THE BEHAVIOR OF RAT OFFSPRING,,Thesis,,Rattus norvegicus,hooded rat,Lister rat,,not reported,"mid, late",mid_late,day 12-19,8,Intermitent,0.005,18 seconds per day. It was a tone,White noise,Audible,65,2500,unclear,,"No noise, moved into experimental sound cage",mixed,27,,Cross-Fostered,,anxiety,Open Field Test (OFT),"Circular open-field, duration 3 minutes and repeated in 3 consecutive days",Sections crossed,count,count,not_reported,Figure 2,whitlow_1978_thesis_fig2,HNoN_3_sq,HLN_3_sq,HNoN_HLN_3_sq,dependent,yes,Negative,,17.33,4.1629,20,,,15.7464,3.9682,20,,,"Figure only showed mean, imputated sd=SQRT(mean) as are counts in a certain tine","The author stated ""hooded rat,"" we assumed ""lister rat"". ""Foster mothers with no noise exposure. We also used the HNoN control, which were manipulated the same way as the noise treatment, but no noise..."". In the pilot they used a ""2 . 5 KHz tone of 3 second duration at  an intensity of 85 dB (re 20 4 N/m~)."" so we assumed they used the same for the actual experiment",,,,,,,yes,adjust comments text,,,17.33,Extracted mean used unchanged,4.1629,Extracted SD used unchanged,0.9308527383533873,SE = SD / sqrt(n),15.7464,Extracted mean used unchanged,3.9682,Extracted SD used unchanged,0.8873164948314665,SE = SD / sqrt(n)
whitlow_1978_thesis,ex021,con017,out056,es100,Yes,"They had two experimental groups, 65dB and 85dB, they did 3 trials, one per day of the OFT",THE EFFECT OF SOUND STIMULATION DURING GESTATION  ON THE BEHAVIOR OF RAT OFFSPRING,,Thesis,,Rattus norvegicus,hooded rat,Lister rat,,not reported,"mid, late",mid_late,day 12-19,8,Intermitent,0.005,18 seconds per day. It was a tone,White noise,Audible,85,2500,unclear,,"No noise, moved into experimental sound cage",mixed,25,,Cross-Fostered,,anxiety,Open Field Test (OFT),"Circular open-field, duration 3 minutes and repeated in 3 consecutive days",Grooming frequency,count,count,not_reported,Figure 4,whitlow_1978_thesis_fig4,HNoN_1_gr,HN_1_gr,HNoN_HN_1_gr,dependent,no,Positive,,4.48,2.1166,20,,,3.6809,1.9186,20,,,"Figure only showed mean, imputated sd=SQRT(mean) as are counts in a certain tine","The author stated ""hooded rat,"" we assumed ""lister rat"". ""Foster mothers with no noise exposure. We also used the HNoN control, which were manipulated the same way as the noise treatment, but no noise..."". In the pilot they used a ""2 . 5 KHz tone of 3 second duration at  an intensity of 85 dB (re 20 4 N/m~)."" so we assumed they used the same for the actual experiment",,,,,,,yes,adjust comments text,,,4.48,Extracted mean used unchanged,2.1166,Extracted SD used unchanged,0.4732861481176055,SE = SD / sqrt(n),3.6809,Extracted mean used unchanged,1.9186,Extracted SD used unchanged,0.42901200216310964,SE = SD / sqrt(n)
whitlow_1978_thesis,ex022,con017,out056,es101,Yes,"They had two experimental groups, 65dB and 85dB, they did 3 trials, one per day of the OFT",THE EFFECT OF SOUND STIMULATION DURING GESTATION  ON THE BEHAVIOR OF RAT OFFSPRING,,Thesis,,Rattus norvegicus,hooded rat,Lister rat,,not reported,"mid, late",mid_late,day 12-19,8,Intermitent,0.005,18 seconds per day. It was a tone,White noise,Audible,65,2500,unclear,,"No noise, moved into experimental sound cage",mixed,25,,Cross-Fostered,,anxiety,Open Field Test (OFT),"Circular open-field, duration 3 minutes and repeated in 3 consecutive days",Grooming frequency,count,count,not_reported,Figure 4,whitlow_1978_thesis_fig4,HNoN_1_gr,HLN_1_gr,HNoN_HLN_1_gr,dependent,no,Positive,,4.48,2.1166,20,,,3.708,1.9256,20,,,"Figure only showed mean, imputated sd=SQRT(mean) as are counts in a certain tine","The author stated ""hooded rat,"" we assumed ""lister rat"". ""Foster mothers with no noise exposure. We also used the HNoN control, which were manipulated the same way as the noise treatment, but no noise..."". In the pilot they used a ""2 . 5 KHz tone of 3 second duration at  an intensity of 85 dB (re 20 4 N/m~)."" so we assumed they used the same for the actual experiment",,,,,,,yes,adjust comments text,,,4.48,Extracted mean used unchanged,2.1166,Extracted SD used unchanged,0.4732861481176055,SE = SD / sqrt(n),3.708,Extracted mean used unchanged,1.9256,Extracted SD used unchanged,0.4305772497473595,SE = SD / sqrt(n)
whitlow_1978_thesis,ex021,con017,out056,es102,Yes,"They had two experimental groups, 65dB and 85dB, they did 3 trials, one per day of the OFT",THE EFFECT OF SOUND STIMULATION DURING GESTATION  ON THE BEHAVIOR OF RAT OFFSPRING,,Thesis,,Rattus norvegicus,hooded rat,Lister rat,,not reported,"mid, late",mid_late,day 12-19,8,Intermitent,0.005,18 seconds per day. It was a tone,White noise,Audible,85,2500,unclear,,"No noise, moved into experimental sound cage",mixed,26,,Cross-Fostered,,anxiety,Open Field Test (OFT),"Circular open-field, duration 3 minutes and repeated in 3 consecutive days",Grooming frequency,count,count,not_reported,Figure 4,whitlow_1978_thesis_fig4,HNoN_2_gr,HN_2_gr,HNoN_HN_2_gr,dependent,no,Positive,,6.39,2.5278,20,,,5.6705,2.3813,20,,,"Figure only showed mean, imputated sd=SQRT(mean) as are counts in a certain tine","The author stated ""hooded rat,"" we assumed ""lister rat"". ""Foster mothers with no noise exposure. We also used the HNoN control, which were manipulated the same way as the noise treatment, but no noise..."". In the pilot they used a ""2 . 5 KHz tone of 3 second duration at  an intensity of 85 dB (re 20 4 N/m~)."" so we assumed they used the same for the actual experiment",,,,,,,yes,adjust comments text,,,6.39,Extracted mean used unchanged,2.5278,Extracted SD used unchanged,0.5652332633523969,SE = SD / sqrt(n),5.6705,Extracted mean used unchanged,2.3813,Extracted SD used unchanged,0.5324748674820249,SE = SD / sqrt(n)
whitlow_1978_thesis,ex022,con017,out056,es103,Yes,"They had two experimental groups, 65dB and 85dB, they did 3 trials, one per day of the OFT",THE EFFECT OF SOUND STIMULATION DURING GESTATION  ON THE BEHAVIOR OF RAT OFFSPRING,,Thesis,,Rattus norvegicus,hooded rat,Lister rat,,not reported,"mid, late",mid_late,day 12-19,8,Intermitent,0.005,18 seconds per day. It was a tone,White noise,Audible,65,2500,unclear,,"No noise, moved into experimental sound cage",mixed,26,,Cross-Fostered,,anxiety,Open Field Test (OFT),"Circular open-field, duration 3 minutes and repeated in 3 consecutive days",Grooming frequency,count,count,not_reported,Figure 4,whitlow_1978_thesis_fig4,HNoN_2_gr,HLN_2_gr,HNoN_HLN_2_gr,dependent,no,Positive,,6.39,2.5278,20,,,4.8023,2.1914,20,,,"Figure only showed mean, imputated sd=SQRT(mean) as are counts in a certain tine","The author stated ""hooded rat,"" we assumed ""lister rat"". ""Foster mothers with no noise exposure. We also used the HNoN control, which were manipulated the same way as the noise treatment, but no noise..."". In the pilot they used a ""2 . 5 KHz tone of 3 second duration at  an intensity of 85 dB (re 20 4 N/m~)."" so we assumed they used the same for the actual experiment",,,,,,,yes,adjust comments text,,,6.39,Extracted mean used unchanged,2.5278,Extracted SD used unchanged,0.5652332633523969,SE = SD / sqrt(n),4.8023,Extracted mean used unchanged,2.1914,Extracted SD used unchanged,0.49001193658930386,SE = SD / sqrt(n)
whitlow_1978_thesis,ex021,con017,out056,es104,Yes,"They had two experimental groups, 65dB and 85dB, they did 3 trials, one per day of the OFT",THE EFFECT OF SOUND STIMULATION DURING GESTATION  ON THE BEHAVIOR OF RAT OFFSPRING,,Thesis,,Rattus norvegicus,hooded rat,Lister rat,,not reported,"mid, late",mid_late,day 12-19,8,Intermitent,0.005,18 seconds per day. It was a tone,White noise,Audible,85,2500,unclear,,"No noise, moved into experimental sound cage",mixed,27,,Cross-Fostered,,anxiety,Open Field Test (OFT),"Circular open-field, duration 3 minutes and repeated in 3 consecutive days",Grooming frequency,count,count,not_reported,Figure 4,whitlow_1978_thesis_fig4,HNoN_3_gr,HN_3_gr,HNoN_HN_3_gr,dependent,no,Positive,,3.84,1.9596,20,,,3.6899,1.9209,20,,,"Figure only showed mean, imputated sd=SQRT(mean) as are counts in a certain tine","The author stated ""hooded rat,"" we assumed ""lister rat"". ""Foster mothers with no noise exposure. We also used the HNoN control, which were manipulated the same way as the noise treatment, but no noise..."". In the pilot they used a ""2 . 5 KHz tone of 3 second duration at  an intensity of 85 dB (re 20 4 N/m~)."" so we assumed they used the same for the actual experiment",,,,,,,yes,adjust comments text,,,3.84,Extracted mean used unchanged,1.9596,Extracted SD used unchanged,0.4381798808708588,SE = SD / sqrt(n),3.6899,Extracted mean used unchanged,1.9209,Extracted SD used unchanged,0.4295262977979346,SE = SD / sqrt(n)
whitlow_1978_thesis,ex022,con017,out056,es105,Yes,"They had two experimental groups, 65dB and 85dB, they did 3 trials, one per day of the OFT",THE EFFECT OF SOUND STIMULATION DURING GESTATION  ON THE BEHAVIOR OF RAT OFFSPRING,,Thesis,,Rattus norvegicus,hooded rat,Lister rat,,not reported,"mid, late",mid_late,day 12-19,8,Intermitent,0.005,18 seconds per day. It was a tone,White noise,Audible,65,2500,unclear,,"No noise, moved into experimental sound cage",mixed,27,,Cross-Fostered,,anxiety,Open Field Test (OFT),"Circular open-field, duration 3 minutes and repeated in 3 consecutive days",Grooming frequency,count,count,not_reported,Figure 4,whitlow_1978_thesis_fig4,HNoN_3_gr,HLN_3_gr,HNoN_HLN_3_gr,dependent,no,Positive,,3.84,1.9596,20,,,3.0749,1.7535,20,,,"Figure only showed mean, imputated sd=SQRT(mean) as are counts in a certain tine","The author stated ""hooded rat,"" we assumed ""lister rat"". ""Foster mothers with no noise exposure. We also used the HNoN control, which were manipulated the same way as the noise treatment, but no noise..."". In the pilot they used a ""2 . 5 KHz tone of 3 second duration at  an intensity of 85 dB (re 20 4 N/m~)."" so we assumed they used the same for the actual experiment",,,,,,,yes,adjust comments text,,,3.84,Extracted mean used unchanged,1.9596,Extracted SD used unchanged,0.4381798808708588,SE = SD / sqrt(n),3.0749,Extracted mean used unchanged,1.7535,Extracted SD used unchanged,0.3920945198545881,SE = SD / sqrt(n)
whitlow_1978_thesis,ex021,con017,out057,es106,Yes,"They had two experimental groups, 65dB and 85dB, they did 3 trials, one per day of the OFT",THE EFFECT OF SOUND STIMULATION DURING GESTATION  ON THE BEHAVIOR OF RAT OFFSPRING,,Thesis,,Rattus norvegicus,hooded rat,Lister rat,,not reported,"mid, late",mid_late,day 12-19,8,Intermitent,0.005,18 seconds per day. It was a tone,White noise,Audible,85,2500,unclear,,"No noise, moved into experimental sound cage",mixed,25,,Cross-Fostered,,anxiety,Open Field Test (OFT),"Circular open-field, duration 3 minutes and repeated in 3 consecutive days",Defecation amount,count,count,not_reported,Figure 5,whitlow_1978_thesis_fig5,HNoN_1_de,HN_1_de,HNoN_HN_1_de,dependent,no,Positive,,1.74,1.3191,20,,,2.3777,1.542,20,,,"Figure only showed mean, imputated sd=SQRT(mean) as are counts in a certain tine","The author stated ""hooded rat,"" we assumed ""lister rat"". ""Foster mothers with no noise exposure. We also used the HNoN control, which were manipulated the same way as the noise treatment, but no noise..."". In the pilot they used a ""2 . 5 KHz tone of 3 second duration at  an intensity of 85 dB (re 20 4 N/m~)."" so we assumed they used the same for the actual experiment",,,,,,,yes,adjust comments text,,,1.74,Extracted mean used unchanged,1.3191,Extracted SD used unchanged,0.29495972691199723,SE = SD / sqrt(n),2.3777,Extracted mean used unchanged,1.542,Extracted SD used unchanged,0.3448016821304676,SE = SD / sqrt(n)
whitlow_1978_thesis,ex022,con017,out057,es107,Yes,"They had two experimental groups, 65dB and 85dB, they did 3 trials, one per day of the OFT",THE EFFECT OF SOUND STIMULATION DURING GESTATION  ON THE BEHAVIOR OF RAT OFFSPRING,,Thesis,,Rattus norvegicus,hooded rat,Lister rat,,not reported,"mid, late",mid_late,day 12-19,8,Intermitent,0.005,18 seconds per day. It was a tone,White noise,Audible,65,2500,unclear,,"No noise, moved into experimental sound cage",mixed,25,,Cross-Fostered,,anxiety,Open Field Test (OFT),"Circular open-field, duration 3 minutes and repeated in 3 consecutive days",Defecation amount,count,count,not_reported,Figure 5,whitlow_1978_thesis_fig5,HNoN_1_de,HLN_1_de,HNoN_HLN_1_de,dependent,no,Positive,,1.74,1.3191,20,,,2.0226,1.4222,20,,,"Figure only showed mean, imputated sd=SQRT(mean) as are counts in a certain tine","The author stated ""hooded rat,"" we assumed ""lister rat"". ""Foster mothers with no noise exposure. We also used the HNoN control, which were manipulated the same way as the noise treatment, but no noise..."". In the pilot they used a ""2 . 5 KHz tone of 3 second duration at  an intensity of 85 dB (re 20 4 N/m~)."" so we assumed they used the same for the actual experiment",,,,,,,yes,adjust comments text,,,1.74,Extracted mean used unchanged,1.3191,Extracted SD used unchanged,0.29495972691199723,SE = SD / sqrt(n),2.0226,Extracted mean used unchanged,1.4222,Extracted SD used unchanged,0.31801358776002003,SE = SD / sqrt(n)
whitlow_1978_thesis,ex021,con017,out057,es108,Yes,"They had two experimental groups, 65dB and 85dB, they did 3 trials, one per day of the OFT",THE EFFECT OF SOUND STIMULATION DURING GESTATION  ON THE BEHAVIOR OF RAT OFFSPRING,,Thesis,,Rattus norvegicus,hooded rat,Lister rat,,not reported,"mid, late",mid_late,day 12-19,8,Intermitent,0.005,18 seconds per day. It was a tone,White noise,Audible,85,2500,unclear,,"No noise, moved into experimental sound cage",mixed,26,,Cross-Fostered,,anxiety,Open Field Test (OFT),"Circular open-field, duration 3 minutes and repeated in 3 consecutive days",Defecation amount,count,count,not_reported,Figure 5,whitlow_1978_thesis_fig5,HNoN_2_de,HN_2_de,HNoN_HN_2_de,dependent,no,Positive,,2.22,1.49,20,,,1.9827,1.4081,20,,,"Figure only showed mean, imputated sd=SQRT(mean) as are counts in a certain tine","The author stated ""hooded rat,"" we assumed ""lister rat"". ""Foster mothers with no noise exposure. We also used the HNoN control, which were manipulated the same way as the noise treatment, but no noise..."". In the pilot they used a ""2 . 5 KHz tone of 3 second duration at  an intensity of 85 dB (re 20 4 N/m~)."" so we assumed they used the same for the actual experiment",,,,,,,yes,adjust comments text,,,2.22,Extracted mean used unchanged,1.49,Extracted SD used unchanged,0.33317412864746865,SE = SD / sqrt(n),1.9827,Extracted mean used unchanged,1.4081,Extracted SD used unchanged,0.31486073191174535,SE = SD / sqrt(n)
whitlow_1978_thesis,ex022,con017,out057,es109,Yes,"They had two experimental groups, 65dB and 85dB, they did 3 trials, one per day of the OFT",THE EFFECT OF SOUND STIMULATION DURING GESTATION  ON THE BEHAVIOR OF RAT OFFSPRING,,Thesis,,Rattus norvegicus,hooded rat,Lister rat,,not reported,"mid, late",mid_late,day 12-19,8,Intermitent,0.005,18 seconds per day. It was a tone,White noise,Audible,65,2500,unclear,,"No noise, moved into experimental sound cage",mixed,26,,Cross-Fostered,,anxiety,Open Field Test (OFT),"Circular open-field, duration 3 minutes and repeated in 3 consecutive days",Defecation amount,count,count,not_reported,Figure 5,whitlow_1978_thesis_fig5,HNoN_2_de,HLN_2_de,HNoN_HLN_2_de,dependent,no,Positive,,2.22,1.49,20,,,1.8311,1.3532,20,,,"Figure only showed mean, imputated sd=SQRT(mean) as are counts in a certain tine","The author stated ""hooded rat,"" we assumed ""lister rat"". ""Foster mothers with no noise exposure. We also used the HNoN control, which were manipulated the same way as the noise treatment, but no noise..."". In the pilot they used a ""2 . 5 KHz tone of 3 second duration at  an intensity of 85 dB (re 20 4 N/m~)."" so we assumed they used the same for the actual experiment",,,,,,,yes,adjust comments text,,,2.22,Extracted mean used unchanged,1.49,Extracted SD used unchanged,0.33317412864746865,SE = SD / sqrt(n),1.8311,Extracted mean used unchanged,1.3532,Extracted SD used unchanged,0.30258471871527154,SE = SD / sqrt(n)
whitlow_1978_thesis,ex021,con017,out057,es110,Yes,"They had two experimental groups, 65dB and 85dB, they did 3 trials, one per day of the OFT",THE EFFECT OF SOUND STIMULATION DURING GESTATION  ON THE BEHAVIOR OF RAT OFFSPRING,,Thesis,,Rattus norvegicus,hooded rat,Lister rat,,not reported,"mid, late",mid_late,day 12-19,8,Intermitent,0.005,18 seconds per day. It was a tone,White noise,Audible,85,2500,unclear,,"No noise, moved into experimental sound cage",mixed,27,,Cross-Fostered,,anxiety,Open Field Test (OFT),"Circular open-field, duration 3 minutes and repeated in 3 consecutive days",Defecation amount,count,count,not_reported,Figure 5,whitlow_1978_thesis_fig5,HNoN_3_de,HN_3_de,HNoN_HN_3_de,dependent,no,Positive,,1.14,1.0677,20,,,2.5731,1.6041,20,,,"Figure only showed mean, imputated sd=SQRT(mean) as are counts in a certain tine","The author stated ""hooded rat,"" we assumed ""lister rat"". ""Foster mothers with no noise exposure. We also used the HNoN control, which were manipulated the same way as the noise treatment, but no noise..."". In the pilot they used a ""2 . 5 KHz tone of 3 second duration at  an intensity of 85 dB (re 20 4 N/m~)."" so we assumed they used the same for the actual experiment",,,,,,,yes,adjust comments text,,,1.14,Extracted mean used unchanged,1.0677,Extracted SD used unchanged,0.23874497795765257,SE = SD / sqrt(n),2.5731,Extracted mean used unchanged,1.6041,Extracted SD used unchanged,0.3586876642707413,SE = SD / sqrt(n)
whitlow_1978_thesis,ex022,con017,out057,es111,Yes,"They had two experimental groups, 65dB and 85dB, they did 3 trials, one per day of the OFT",THE EFFECT OF SOUND STIMULATION DURING GESTATION  ON THE BEHAVIOR OF RAT OFFSPRING,,Thesis,,Rattus norvegicus,hooded rat,Lister rat,,not reported,"mid, late",mid_late,day 12-19,8,Intermitent,0.005,18 seconds per day. It was a tone,White noise,Audible,65,2500,unclear,,"No noise, moved into experimental sound cage",mixed,26,,Cross-Fostered,,anxiety,Open Field Test (OFT),"Circular open-field, duration 3 minutes and repeated in 3 consecutive days",Defecation amount,count,count,not_reported,Figure 5,whitlow_1978_thesis_fig5,HNoN_3_de,HLN_3_de,HNoN_HLN_3_de,dependent,no,Positive,,1.14,1.0677,20,,,2.8604,1.6913,20,,,"Figure only showed mean, imputated sd=SQRT(mean) as are counts in a certain tine","The author stated ""hooded rat,"" we assumed ""lister rat"". ""Foster mothers with no noise exposure. We also used the HNoN control, which were manipulated the same way as the noise treatment, but no noise..."". In the pilot they used a ""2 . 5 KHz tone of 3 second duration at  an intensity of 85 dB (re 20 4 N/m~)."" so we assumed they used the same for the actual experiment",,,,,,,yes,adjust comments text,,,1.14,Extracted mean used unchanged,1.0677,Extracted SD used unchanged,0.23874497795765257,SE = SD / sqrt(n),2.8604,Extracted mean used unchanged,1.6913,Extracted SD used unchanged,0.37818617703453944,SE = SD / sqrt(n)
whitlow_1978_thesis,ex021,con018,out058,es112,Yes,"They had two experimental groups, 65dB and 85dB, they did 3 trials, one per day of the OFT",THE EFFECT OF SOUND STIMULATION DURING GESTATION  ON THE BEHAVIOR OF RAT OFFSPRING,,Thesis,,Rattus norvegicus,hooded rat,Lister rat,,not reported,"mid, late",mid_late,day 12-19,8,Intermitent,0.005,18 seconds per day. It was a tone,White noise,Audible,85,2500,unclear,,undisturbed controls,mixed,25,,Cross-Fostered,,anxiety,Open Field Test (OFT),"Circular open-field, duration 3 minutes and repeated in 3 consecutive days",Sections crossed,count,count,not_reported,Figure 2,whitlow_1978_thesis_fig2,C_1_sq,HN_1_sq,C_HN_1_sq,dependent,yes,Negative,,45.7671,6.7651,20,,,71.2285,8.4397,20,,,"Figure only showed mean, imputated sd=SQRT(mean) as are counts in a certain tine","The author stated ""hooded rat,"" we assumed ""lister rat"". ""Foster mothers with no noise exposure. We also used the HNoN control, which were manipulated the same way as the noise treatment, but no noise..."". In the pilot they used a ""2 . 5 KHz tone of 3 second duration at  an intensity of 85 dB (re 20 4 N/m~)."" so we assumed they used the same for the actual experiment",,,,,,,yes,adjust comments text,,,45.7671,Extracted mean used unchanged,6.7651,Extracted SD used unchanged,1.5127223474583826,SE = SD / sqrt(n),71.2285,Extracted mean used unchanged,8.4397,Extracted SD used unchanged,1.8871742909704974,SE = SD / sqrt(n)
whitlow_1978_thesis,ex022,con018,out058,es113,Yes,"They had two experimental groups, 65dB and 85dB, they did 3 trials, one per day of the OFT",THE EFFECT OF SOUND STIMULATION DURING GESTATION  ON THE BEHAVIOR OF RAT OFFSPRING,,Thesis,,Rattus norvegicus,hooded rat,Lister rat,,not reported,"mid, late",mid_late,day 12-19,8,Intermitent,0.005,18 seconds per day. It was a tone,White noise,Audible,65,2500,unclear,,undisturbed controls,mixed,25,,Cross-Fostered,,anxiety,Open Field Test (OFT),"Circular open-field, duration 3 minutes and repeated in 3 consecutive days",Sections crossed,count,count,not_reported,Figure 2,whitlow_1978_thesis_fig2,C_1_sq,HLN_1_sq,C_HLN_1_sq,dependent,yes,Negative,,45.7671,6.7651,20,,,60.8719,7.802,20,,,"Figure only showed mean, imputated sd=SQRT(mean) as are counts in a certain tine","The author stated ""hooded rat,"" we assumed ""lister rat"". ""Foster mothers with no noise exposure. We also used the HNoN control, which were manipulated the same way as the noise treatment, but no noise..."". In the pilot they used a ""2 . 5 KHz tone of 3 second duration at  an intensity of 85 dB (re 20 4 N/m~)."" so we assumed they used the same for the actual experiment",,,,,,,yes,adjust comments text,,,45.7671,Extracted mean used unchanged,6.7651,Extracted SD used unchanged,1.5127223474583826,SE = SD / sqrt(n),60.8719,Extracted mean used unchanged,7.802,Extracted SD used unchanged,1.7445802360453357,SE = SD / sqrt(n)
whitlow_1978_thesis,ex021,con018,out058,es114,Yes,"They had two experimental groups, 65dB and 85dB, they did 3 trials, one per day of the OFT",THE EFFECT OF SOUND STIMULATION DURING GESTATION  ON THE BEHAVIOR OF RAT OFFSPRING,,Thesis,,Rattus norvegicus,hooded rat,Lister rat,,not reported,"mid, late",mid_late,day 12-19,8,Intermitent,0.005,18 seconds per day. It was a tone,White noise,Audible,85,2500,unclear,,undisturbed controls,mixed,26,,Cross-Fostered,,anxiety,Open Field Test (OFT),"Circular open-field, duration 3 minutes and repeated in 3 consecutive days",Sections crossed,count,count,not_reported,Figure 2,whitlow_1978_thesis_fig2,C_2_sq,HN_2_sq,C_HN_2_sq,dependent,yes,Negative,,31.7366,5.6335,20,,,42.8005,6.5422,20,,,"Figure only showed mean, imputated sd=SQRT(mean) as are counts in a certain tine","The author stated ""hooded rat,"" we assumed ""lister rat"". ""Foster mothers with no noise exposure. We also used the HNoN control, which were manipulated the same way as the noise treatment, but no noise..."". In the pilot they used a ""2 . 5 KHz tone of 3 second duration at  an intensity of 85 dB (re 20 4 N/m~)."" so we assumed they used the same for the actual experiment",,,,,,,yes,adjust comments text,,,31.7366,Extracted mean used unchanged,5.6335,Extracted SD used unchanged,1.2596888951245064,SE = SD / sqrt(n),42.8005,Extracted mean used unchanged,6.5422,Extracted SD used unchanged,1.4628803922399125,SE = SD / sqrt(n)
whitlow_1978_thesis,ex022,con018,out058,es115,Yes,"They had two experimental groups, 65dB and 85dB, they did 3 trials, one per day of the OFT",THE EFFECT OF SOUND STIMULATION DURING GESTATION  ON THE BEHAVIOR OF RAT OFFSPRING,,Thesis,,Rattus norvegicus,hooded rat,Lister rat,,not reported,"mid, late",mid_late,day 12-19,8,Intermitent,0.005,18 seconds per day. It was a tone,White noise,Audible,65,2500,unclear,,undisturbed controls,mixed,26,,Cross-Fostered,,anxiety,Open Field Test (OFT),"Circular open-field, duration 3 minutes and repeated in 3 consecutive days",Sections crossed,count,count,not_reported,Figure 2,whitlow_1978_thesis_fig2,C_2_sq,HLN_2_sq,C_HLN_2_sq,dependent,yes,Negative,,31.7366,5.6335,20,,,36.8824,6.0731,20,,,"Figure only showed mean, imputated sd=SQRT(mean) as are counts in a certain tine","The author stated ""hooded rat,"" we assumed ""lister rat"". ""Foster mothers with no noise exposure. We also used the HNoN control, which were manipulated the same way as the noise treatment, but no noise..."". In the pilot they used a ""2 . 5 KHz tone of 3 second duration at  an intensity of 85 dB (re 20 4 N/m~)."" so we assumed they used the same for the actual experiment",,,,,,,yes,adjust comments text,,,31.7366,Extracted mean used unchanged,5.6335,Extracted SD used unchanged,1.2596888951245064,SE = SD / sqrt(n),36.8824,Extracted mean used unchanged,6.0731,Extracted SD used unchanged,1.3579864434153972,SE = SD / sqrt(n)
whitlow_1978_thesis,ex021,con018,out058,es116,Yes,"They had two experimental groups, 65dB and 85dB, they did 3 trials, one per day of the OFT",THE EFFECT OF SOUND STIMULATION DURING GESTATION  ON THE BEHAVIOR OF RAT OFFSPRING,,Thesis,,Rattus norvegicus,hooded rat,Lister rat,,not reported,"mid, late",mid_late,day 12-19,8,Intermitent,0.005,18 seconds per day. It was a tone,White noise,Audible,85,2500,unclear,,undisturbed controls,mixed,27,,Cross-Fostered,,anxiety,Open Field Test (OFT),"Circular open-field, duration 3 minutes and repeated in 3 consecutive days",Sections crossed,count,count,not_reported,Figure 2,whitlow_1978_thesis_fig2,C_3_sq,HN_3_sq,C_HN_3_sq,dependent,yes,Negative,,19.1201,4.3726,20,,,26.7371,5.1708,20,,,"Figure only showed mean, imputated sd=SQRT(mean) as are counts in a certain tine","The author stated ""hooded rat,"" we assumed ""lister rat"". ""Foster mothers with no noise exposure. We also used the HNoN control, which were manipulated the same way as the noise treatment, but no noise..."". In the pilot they used a ""2 . 5 KHz tone of 3 second duration at  an intensity of 85 dB (re 20 4 N/m~)."" so we assumed they used the same for the actual experiment",,,,,,,yes,adjust comments text,,,19.1201,Extracted mean used unchanged,4.3726,Extracted SD used unchanged,0.9777430838415581,SE = SD / sqrt(n),26.7371,Extracted mean used unchanged,5.1708,Extracted SD used unchanged,1.156226029805591,SE = SD / sqrt(n)
whitlow_1978_thesis,ex022,con018,out058,es117,Yes,"They had two experimental groups, 65dB and 85dB, they did 3 trials, one per day of the OFT",THE EFFECT OF SOUND STIMULATION DURING GESTATION  ON THE BEHAVIOR OF RAT OFFSPRING,,Thesis,,Rattus norvegicus,hooded rat,Lister rat,,not reported,"mid, late",mid_late,day 12-19,8,Intermitent,0.005,18 seconds per day. It was a tone,White noise,Audible,65,2500,unclear,,undisturbed controls,mixed,27,,Cross-Fostered,,anxiety,Open Field Test (OFT),"Circular open-field, duration 3 minutes and repeated in 3 consecutive days",Sections crossed,count,count,not_reported,Figure 2,whitlow_1978_thesis_fig2,C_3_sq,HLN_3_sq,C_HLN_3_sq,dependent,yes,Negative,,19.1201,4.3726,20,,,15.7464,3.9682,20,,,"Figure only showed mean, imputated sd=SQRT(mean) as are counts in a certain tine","The author stated ""hooded rat,"" we assumed ""lister rat"". ""Foster mothers with no noise exposure. We also used the HNoN control, which were manipulated the same way as the noise treatment, but no noise..."". In the pilot they used a ""2 . 5 KHz tone of 3 second duration at  an intensity of 85 dB (re 20 4 N/m~)."" so we assumed they used the same for the actual experiment",,,,,,,yes,adjust comments text,,,19.1201,Extracted mean used unchanged,4.3726,Extracted SD used unchanged,0.9777430838415581,SE = SD / sqrt(n),15.7464,Extracted mean used unchanged,3.9682,Extracted SD used unchanged,0.8873164948314665,SE = SD / sqrt(n)
whitlow_1978_thesis,ex021,con018,out059,es118,Yes,"They had two experimental groups, 65dB and 85dB, they did 3 trials, one per day of the OFT",THE EFFECT OF SOUND STIMULATION DURING GESTATION  ON THE BEHAVIOR OF RAT OFFSPRING,,Thesis,,Rattus norvegicus,hooded rat,Lister rat,,not reported,"mid, late",mid_late,day 12-19,8,Intermitent,0.005,18 seconds per day. It was a tone,White noise,Audible,85,2500,unclear,,undisturbed controls,mixed,25,,Cross-Fostered,,anxiety,Open Field Test (OFT),"Circular open-field, duration 3 minutes and repeated in 3 consecutive days",Grooming frequency,count,count,not_reported,Figure 4,whitlow_1978_thesis_fig4,C_1_gr,HN_1_gr,C_HN_1_gr,dependent,no,Positive,,4.0526,2.0131,20,,,3.6809,1.9186,20,,,"Figure only showed mean, imputated sd=SQRT(mean) as are counts in a certain tine","The author stated ""hooded rat,"" we assumed ""lister rat"". ""Foster mothers with no noise exposure. We also used the HNoN control, which were manipulated the same way as the noise treatment, but no noise..."". In the pilot they used a ""2 . 5 KHz tone of 3 second duration at  an intensity of 85 dB (re 20 4 N/m~)."" so we assumed they used the same for the actual experiment",,,,,,,yes,adjust comments text,,,4.0526,Extracted mean used unchanged,2.0131,Extracted SD used unchanged,0.45014284455048265,SE = SD / sqrt(n),3.6809,Extracted mean used unchanged,1.9186,Extracted SD used unchanged,0.42901200216310964,SE = SD / sqrt(n)
whitlow_1978_thesis,ex022,con018,out059,es119,Yes,"They had two experimental groups, 65dB and 85dB, they did 3 trials, one per day of the OFT",THE EFFECT OF SOUND STIMULATION DURING GESTATION  ON THE BEHAVIOR OF RAT OFFSPRING,,Thesis,,Rattus norvegicus,hooded rat,Lister rat,,not reported,"mid, late",mid_late,day 12-19,8,Intermitent,0.005,18 seconds per day. It was a tone,White noise,Audible,65,2500,unclear,,undisturbed controls,mixed,25,,Cross-Fostered,,anxiety,Open Field Test (OFT),"Circular open-field, duration 3 minutes and repeated in 3 consecutive days",Grooming frequency,count,count,not_reported,Figure 4,whitlow_1978_thesis_fig4,C_1_gr,HLN_1_gr,C_HLN_1_gr,dependent,no,Positive,,4.0526,2.0131,20,,,3.708,1.9256,20,,,"Figure only showed mean, imputated sd=SQRT(mean) as are counts in a certain tine","The author stated ""hooded rat,"" we assumed ""lister rat"". ""Foster mothers with no noise exposure. We also used the HNoN control, which were manipulated the same way as the noise treatment, but no noise..."". In the pilot they used a ""2 . 5 KHz tone of 3 second duration at  an intensity of 85 dB (re 20 4 N/m~)."" so we assumed they used the same for the actual experiment",,,,,,,yes,adjust comments text,,,4.0526,Extracted mean used unchanged,2.0131,Extracted SD used unchanged,0.45014284455048265,SE = SD / sqrt(n),3.708,Extracted mean used unchanged,1.9256,Extracted SD used unchanged,0.4305772497473595,SE = SD / sqrt(n)
whitlow_1978_thesis,ex021,con018,out059,es120,Yes,"They had two experimental groups, 65dB and 85dB, they did 3 trials, one per day of the OFT",THE EFFECT OF SOUND STIMULATION DURING GESTATION  ON THE BEHAVIOR OF RAT OFFSPRING,,Thesis,,Rattus norvegicus,hooded rat,Lister rat,,not reported,"mid, late",mid_late,day 12-19,8,Intermitent,0.005,18 seconds per day. It was a tone,White noise,Audible,85,2500,unclear,,undisturbed controls,mixed,26,,Cross-Fostered,,anxiety,Open Field Test (OFT),"Circular open-field, duration 3 minutes and repeated in 3 consecutive days",Grooming frequency,count,count,not_reported,Figure 4,whitlow_1978_thesis_fig4,C_2_gr,HN_2_gr,C_HN_2_gr,dependent,no,Positive,,3.5127,1.8742,20,,,5.6705,2.3813,20,,,"Figure only showed mean, imputated sd=SQRT(mean) as are counts in a certain tine","The author stated ""hooded rat,"" we assumed ""lister rat"". ""Foster mothers with no noise exposure. We also used the HNoN control, which were manipulated the same way as the noise treatment, but no noise..."". In the pilot they used a ""2 . 5 KHz tone of 3 second duration at  an intensity of 85 dB (re 20 4 N/m~)."" so we assumed they used the same for the actual experiment",,,,,,,yes,adjust comments text,,,3.5127,Extracted mean used unchanged,1.8742,Extracted SD used unchanged,0.4190838603430106,SE = SD / sqrt(n),5.6705,Extracted mean used unchanged,2.3813,Extracted SD used unchanged,0.5324748674820249,SE = SD / sqrt(n)
whitlow_1978_thesis,ex022,con018,out059,es121,Yes,"They had two experimental groups, 65dB and 85dB, they did 3 trials, one per day of the OFT",THE EFFECT OF SOUND STIMULATION DURING GESTATION  ON THE BEHAVIOR OF RAT OFFSPRING,,Thesis,,Rattus norvegicus,hooded rat,Lister rat,,not reported,"mid, late",mid_late,day 12-19,8,Intermitent,0.005,18 seconds per day. It was a tone,White noise,Audible,65,2500,unclear,,undisturbed controls,mixed,26,,Cross-Fostered,,anxiety,Open Field Test (OFT),"Circular open-field, duration 3 minutes and repeated in 3 consecutive days",Grooming frequency,count,count,not_reported,Figure 4,whitlow_1978_thesis_fig4,C_2_gr,HLN_2_gr,C_HLN_2_gr,dependent,no,Positive,,3.5127,1.8742,20,,,4.8023,2.1914,20,,,"Figure only showed mean, imputated sd=SQRT(mean) as are counts in a certain tine","The author stated ""hooded rat,"" we assumed ""lister rat"". ""Foster mothers with no noise exposure. We also used the HNoN control, which were manipulated the same way as the noise treatment, but no noise..."". In the pilot they used a ""2 . 5 KHz tone of 3 second duration at  an intensity of 85 dB (re 20 4 N/m~)."" so we assumed they used the same for the actual experiment",,,,,,,yes,adjust comments text,,,3.5127,Extracted mean used unchanged,1.8742,Extracted SD used unchanged,0.4190838603430106,SE = SD / sqrt(n),4.8023,Extracted mean used unchanged,2.1914,Extracted SD used unchanged,0.49001193658930386,SE = SD / sqrt(n)
whitlow_1978_thesis,ex021,con018,out059,es122,Yes,"They had two experimental groups, 65dB and 85dB, they did 3 trials, one per day of the OFT",THE EFFECT OF SOUND STIMULATION DURING GESTATION  ON THE BEHAVIOR OF RAT OFFSPRING,,Thesis,,Rattus norvegicus,hooded rat,Lister rat,,not reported,"mid, late",mid_late,day 12-19,8,Intermitent,0.005,18 seconds per day. It was a tone,White noise,Audible,85,2500,unclear,,undisturbed controls,mixed,27,,Cross-Fostered,,anxiety,Open Field Test (OFT),"Circular open-field, duration 3 minutes and repeated in 3 consecutive days",Grooming frequency,count,count,not_reported,Figure 4,whitlow_1978_thesis_fig4,C_3_gr,HN_3_gr,C_HN_3_gr,dependent,no,Positive,,3.8478,1.9616,20,,,3.6899,1.9209,20,,,"Figure only showed mean, imputated sd=SQRT(mean) as are counts in a certain tine","The author stated ""hooded rat,"" we assumed ""lister rat"". ""Foster mothers with no noise exposure. We also used the HNoN control, which were manipulated the same way as the noise treatment, but no noise..."". In the pilot they used a ""2 . 5 KHz tone of 3 second duration at  an intensity of 85 dB (re 20 4 N/m~)."" so we assumed they used the same for the actual experiment",,,,,,,yes,adjust comments text,,,3.8478,Extracted mean used unchanged,1.9616,Extracted SD used unchanged,0.4386270944663587,SE = SD / sqrt(n),3.6899,Extracted mean used unchanged,1.9209,Extracted SD used unchanged,0.4295262977979346,SE = SD / sqrt(n)
whitlow_1978_thesis,ex022,con018,out059,es123,Yes,"They had two experimental groups, 65dB and 85dB, they did 3 trials, one per day of the OFT",THE EFFECT OF SOUND STIMULATION DURING GESTATION  ON THE BEHAVIOR OF RAT OFFSPRING,,Thesis,,Rattus norvegicus,hooded rat,Lister rat,,not reported,"mid, late",mid_late,day 12-19,8,Intermitent,0.005,18 seconds per day. It was a tone,White noise,Audible,65,2500,unclear,,undisturbed controls,mixed,27,,Cross-Fostered,,anxiety,Open Field Test (OFT),"Circular open-field, duration 3 minutes and repeated in 3 consecutive days",Grooming frequency,count,count,not_reported,Figure 4,whitlow_1978_thesis_fig4,C_3_gr,HLN_3_gr,C_HLN_3_gr,dependent,no,Positive,,3.8478,1.9616,20,,,3.0749,1.7535,20,,,"Figure only showed mean, imputated sd=SQRT(mean) as are counts in a certain tine","The author stated ""hooded rat,"" we assumed ""lister rat"". ""Foster mothers with no noise exposure. We also used the HNoN control, which were manipulated the same way as the noise treatment, but no noise..."". In the pilot they used a ""2 . 5 KHz tone of 3 second duration at  an intensity of 85 dB (re 20 4 N/m~)."" so we assumed they used the same for the actual experiment",,,,,,,yes,adjust comments text,,,3.8478,Extracted mean used unchanged,1.9616,Extracted SD used unchanged,0.4386270944663587,SE = SD / sqrt(n),3.0749,Extracted mean used unchanged,1.7535,Extracted SD used unchanged,0.3920945198545881,SE = SD / sqrt(n)
whitlow_1978_thesis,ex021,con018,out060,es124,Yes,"They had two experimental groups, 65dB and 85dB, they did 3 trials, one per day of the OFT",THE EFFECT OF SOUND STIMULATION DURING GESTATION  ON THE BEHAVIOR OF RAT OFFSPRING,,Thesis,,Rattus norvegicus,hooded rat,Lister rat,,not reported,"mid, late",mid_late,day 12-19,8,Intermitent,0.005,18 seconds per day. It was a tone,White noise,Audible,85,2500,unclear,,undisturbed controls,mixed,25,,Cross-Fostered,,anxiety,Open Field Test (OFT),"Circular open-field, duration 3 minutes and repeated in 3 consecutive days",Defecation amount,count,count,not_reported,Figure 5,whitlow_1978_thesis_fig5,C_1_de,HN_1_de,C_HN_1_de,dependent,no,Positive,,2.3849,1.5443,20,,,2.3777,1.542,20,,,"Figure only showed mean, imputated sd=SQRT(mean) as are counts in a certain tine","The author stated ""hooded rat,"" we assumed ""lister rat"". ""Foster mothers with no noise exposure. We also used the HNoN control, which were manipulated the same way as the noise treatment, but no noise..."". In the pilot they used a ""2 . 5 KHz tone of 3 second duration at  an intensity of 85 dB (re 20 4 N/m~)."" so we assumed they used the same for the actual experiment",,,,,,,yes,adjust comments text,,,2.3849,Extracted mean used unchanged,1.5443,Extracted SD used unchanged,0.3453159777652925,SE = SD / sqrt(n),2.3777,Extracted mean used unchanged,1.542,Extracted SD used unchanged,0.3448016821304676,SE = SD / sqrt(n)
whitlow_1978_thesis,ex022,con018,out060,es125,Yes,"They had two experimental groups, 65dB and 85dB, they did 3 trials, one per day of the OFT",THE EFFECT OF SOUND STIMULATION DURING GESTATION  ON THE BEHAVIOR OF RAT OFFSPRING,,Thesis,,Rattus norvegicus,hooded rat,Lister rat,,not reported,"mid, late",mid_late,day 12-19,8,Intermitent,0.005,18 seconds per day. It was a tone,White noise,Audible,65,2500,unclear,,undisturbed controls,mixed,25,,Cross-Fostered,,anxiety,Open Field Test (OFT),"Circular open-field, duration 3 minutes and repeated in 3 consecutive days",Defecation amount,count,count,not_reported,Figure 5,whitlow_1978_thesis_fig5,C_1_de,HLN_1_de,C_HLN_1_de,dependent,no,Positive,,2.3849,1.5443,20,,,2.0226,1.4222,20,,,"Figure only showed mean, imputated sd=SQRT(mean) as are counts in a certain tine","The author stated ""hooded rat,"" we assumed ""lister rat"". ""Foster mothers with no noise exposure. We also used the HNoN control, which were manipulated the same way as the noise treatment, but no noise..."". In the pilot they used a ""2 . 5 KHz tone of 3 second duration at  an intensity of 85 dB (re 20 4 N/m~)."" so we assumed they used the same for the actual experiment",,,,,,,yes,adjust comments text,,,2.3849,Extracted mean used unchanged,1.5443,Extracted SD used unchanged,0.3453159777652925,SE = SD / sqrt(n),2.0226,Extracted mean used unchanged,1.4222,Extracted SD used unchanged,0.31801358776002003,SE = SD / sqrt(n)
whitlow_1978_thesis,ex021,con018,out060,es126,Yes,"They had two experimental groups, 65dB and 85dB, they did 3 trials, one per day of the OFT",THE EFFECT OF SOUND STIMULATION DURING GESTATION  ON THE BEHAVIOR OF RAT OFFSPRING,,Thesis,,Rattus norvegicus,hooded rat,Lister rat,,not reported,"mid, late",mid_late,day 12-19,8,Intermitent,0.005,18 seconds per day. It was a tone,White noise,Audible,85,2500,unclear,,undisturbed controls,mixed,26,,Cross-Fostered,,anxiety,Open Field Test (OFT),"Circular open-field, duration 3 minutes and repeated in 3 consecutive days",Defecation amount,count,count,not_reported,Figure 5,whitlow_1978_thesis_fig5,C_2_de,HN_2_de,C_HN_2_de,dependent,no,Positive,,1.5268,1.2357,20,,,1.9827,1.4081,20,,,"Figure only showed mean, imputated sd=SQRT(mean) as are counts in a certain tine","The author stated ""hooded rat,"" we assumed ""lister rat"". ""Foster mothers with no noise exposure. We also used the HNoN control, which were manipulated the same way as the noise treatment, but no noise..."". In the pilot they used a ""2 . 5 KHz tone of 3 second duration at  an intensity of 85 dB (re 20 4 N/m~)."" so we assumed they used the same for the actual experiment",,,,,,,yes,adjust comments text,,,1.5268,Extracted mean used unchanged,1.2357,Extracted SD used unchanged,0.276310919979649,SE = SD / sqrt(n),1.9827,Extracted mean used unchanged,1.4081,Extracted SD used unchanged,0.31486073191174535,SE = SD / sqrt(n)
whitlow_1978_thesis,ex022,con018,out060,es127,Yes,"They had two experimental groups, 65dB and 85dB, they did 3 trials, one per day of the OFT",THE EFFECT OF SOUND STIMULATION DURING GESTATION  ON THE BEHAVIOR OF RAT OFFSPRING,,Thesis,,Rattus norvegicus,hooded rat,Lister rat,,not reported,"mid, late",mid_late,day 12-19,8,Intermitent,0.005,18 seconds per day. It was a tone,White noise,Audible,65,2500,unclear,,undisturbed controls,mixed,26,,Cross-Fostered,,anxiety,Open Field Test (OFT),"Circular open-field, duration 3 minutes and repeated in 3 consecutive days",Defecation amount,count,count,not_reported,Figure 5,whitlow_1978_thesis_fig5,C_2_de,HLN_2_de,C_HLN_2_de,dependent,no,Positive,,1.5268,1.2357,20,,,1.8311,1.3532,20,,,"Figure only showed mean, imputated sd=SQRT(mean) as are counts in a certain tine","The author stated ""hooded rat,"" we assumed ""lister rat"". ""Foster mothers with no noise exposure. We also used the HNoN control, which were manipulated the same way as the noise treatment, but no noise..."". In the pilot they used a ""2 . 5 KHz tone of 3 second duration at  an intensity of 85 dB (re 20 4 N/m~)."" so we assumed they used the same for the actual experiment",,,,,,,yes,adjust comments text,,,1.5268,Extracted mean used unchanged,1.2357,Extracted SD used unchanged,0.276310919979649,SE = SD / sqrt(n),1.8311,Extracted mean used unchanged,1.3532,Extracted SD used unchanged,0.30258471871527154,SE = SD / sqrt(n)
whitlow_1978_thesis,ex021,con018,out060,es128,Yes,"They had two experimental groups, 65dB and 85dB, they did 3 trials, one per day of the OFT",THE EFFECT OF SOUND STIMULATION DURING GESTATION  ON THE BEHAVIOR OF RAT OFFSPRING,,Thesis,,Rattus norvegicus,hooded rat,Lister rat,,not reported,"mid, late",mid_late,day 12-19,8,Intermitent,0.005,18 seconds per day. It was a tone,White noise,Audible,85,2500,unclear,,undisturbed controls,mixed,27,,Cross-Fostered,,anxiety,Open Field Test (OFT),"Circular open-field, duration 3 minutes and repeated in 3 consecutive days",Defecation amount,count,count,not_reported,Figure 5,whitlow_1978_thesis_fig5,C_3_de,HN_3_de,C_HN_3_de,dependent,no,Positive,,2.775,1.6658,20,,,2.5731,1.6041,20,,,"Figure only showed mean, imputated sd=SQRT(mean) as are counts in a certain tine","The author stated ""hooded rat,"" we assumed ""lister rat"". ""Foster mothers with no noise exposure. We also used the HNoN control, which were manipulated the same way as the noise treatment, but no noise..."". In the pilot they used a ""2 . 5 KHz tone of 3 second duration at  an intensity of 85 dB (re 20 4 N/m~)."" so we assumed they used the same for the actual experiment",,,,,,,yes,adjust comments text,,,2.775,Extracted mean used unchanged,1.6658,Extracted SD used unchanged,0.37248420369191493,SE = SD / sqrt(n),2.5731,Extracted mean used unchanged,1.6041,Extracted SD used unchanged,0.3586876642707413,SE = SD / sqrt(n)
whitlow_1978_thesis,ex022,con018,out060,es129,Yes,"They had two experimental groups, 65dB and 85dB, they did 3 trials, one per day of the OFT",THE EFFECT OF SOUND STIMULATION DURING GESTATION  ON THE BEHAVIOR OF RAT OFFSPRING,,Thesis,,Rattus norvegicus,hooded rat,Lister rat,,not reported,"mid, late",mid_late,day 12-19,8,Intermitent,0.005,18 seconds per day. It was a tone,White noise,Audible,65,2500,unclear,,undisturbed controls,mixed,26,,Cross-Fostered,,anxiety,Open Field Test (OFT),"Circular open-field, duration 3 minutes and repeated in 3 consecutive days",Defecation amount,count,count,not_reported,Figure 5,whitlow_1978_thesis_fig5,C_3_de,HLN_3_de,C_HLN_3_de,dependent,no,Positive,,2.775,1.6658,20,,,2.8604,1.6913,20,,,"Figure only showed mean, imputated sd=SQRT(mean) as are counts in a certain tine","The author stated ""hooded rat,"" we assumed ""lister rat"". ""Foster mothers with no noise exposure. We also used the HNoN control, which were manipulated the same way as the noise treatment, but no noise..."". In the pilot they used a ""2 . 5 KHz tone of 3 second duration at  an intensity of 85 dB (re 20 4 N/m~)."" so we assumed they used the same for the actual experiment",,,,,,,yes,adjust comments text,,,2.775,Extracted mean used unchanged,1.6658,Extracted SD used unchanged,0.37248420369191493,SE = SD / sqrt(n),2.8604,Extracted mean used unchanged,1.6913,Extracted SD used unchanged,0.37818617703453944,SE = SD / sqrt(n)
abramova_2020_genpath,ex023,con019,out061,es130,No,"They had one level of exposure, and two experimental groups, female and males, and one control per group",Social and Cognitive Impairments in Rat Offspring after Ultrasound-Induced Prenatal Stress,10.1007/s10517-020-04790-0,General Pathology and Pathophysiology,Only one assay,Rattus norvegicus,albino lab rat,Sprague-Dawley,,not reported,"early, mid, late",full_gestation,all gestation,21,Continuous,24,Expossed to continuous variable frequencies,Ultrasound,Ultrasound,50,"20,000-45,000",ambient_sound,,"""under normal conditions without ultrasound""",male,90,3 months,none,The loudness was inferred using,anxiety,Open Field Test (OFT),,Sections crossed,count,count,light_phase,raw data,abramova_2020_genpath,KO-m-sq,US-m-g1-sq,KO_US_m_sq,independent,yes,Negative,,51.375,16.8263,8,18.1638,,56.2632,26.4614,19,6.0707,,Extracted all from raw data,Data  provided by Abramova on request,,,,,,,yes,adjust comments text,,,51.375,Extracted mean used unchanged,16.8263,Extracted SD used unchanged,18.1638,Extracted SE used unchanged,56.2632,Extracted mean used unchanged,26.4614,Extracted SD used unchanged,6.0707,Extracted SE used unchanged
abramova_2020_genpath,ex024,con020,out061,es131,No,"They had one level of exposure, and two experimental groups, female and males, and one control per group",Social and Cognitive Impairments in Rat Offspring after Ultrasound-Induced Prenatal Stress,10.1007/s10517-020-04790-0,General Pathology and Pathophysiology,Only one assay,Rattus norvegicus,albino lab rat,Sprague-Dawley,,not reported,"early, mid, late",full_gestation,all gestation,21,Continuous,24,Expossed to continuous variable frequencies,Ultrasound,Ultrasound,50,"20,000-45,000",ambient_sound,,"""under normal conditions without ultrasound""",female,90,3 months,none,,anxiety,Open Field Test (OFT),squares crossed,Sections crossed,count,count,light_phase,raw data,abramova_2020_genpath,CO-f-sq,US-f-g1-sq,CO_US_f_sq,independent,yes,Negative,,65.5,17.0042,8,23.1577,,59.625,19.4418,16,14.9063,,Extracted all from raw data,Data  provided by Abramova on request,,,,,,,yes,adjust comments text,,,65.5,Extracted mean used unchanged,17.0042,Extracted SD used unchanged,23.1577,Extracted SE used unchanged,59.625,Extracted mean used unchanged,19.4418,Extracted SD used unchanged,14.9063,Extracted SE used unchanged
abramova_2020_genpath,ex023,con019,out062,es132,No,"They had one level of exposure, and two experimental groups, female and males, and one control per group",Social and Cognitive Impairments in Rat Offspring after Ultrasound-Induced Prenatal Stress,10.1007/s10517-020-04790-0,General Pathology and Pathophysiology,Only one assay,Rattus norvegicus,albino lab rat,Sprague-Dawley,,not reported,"early, mid, late",full_gestation,all gestation,21,Continuous,24,Expossed to continuous variable frequencies,Ultrasound,Ultrasound,50,"20,000-45,000",ambient_sound,,"""under normal conditions without ultrasound""",male,90,3 months,none,,anxiety,Open Field Test (OFT),,Rearing frequency,count,count,light_phase,raw data,abramova_2020_genpath,KO-m-rea,US-m-g1-rea,KO_US_m_rea,independent,yes,Negative,,23.625,6.7387,8,8.3527,,23.5789,11.057,19,2.5367,,Extracted all from raw data,Data  provided by Abramova on request,,,,,,,yes,adjust comments text,,,23.625,Extracted mean used unchanged,6.7387,Extracted SD used unchanged,8.3527,Extracted SE used unchanged,23.5789,Extracted mean used unchanged,11.057,Extracted SD used unchanged,2.5367,Extracted SE used unchanged
abramova_2020_genpath,ex024,con020,out062,es133,No,"They had one level of exposure, and two experimental groups, female and males, and one control per group",Social and Cognitive Impairments in Rat Offspring after Ultrasound-Induced Prenatal Stress,10.1007/s10517-020-04790-0,General Pathology and Pathophysiology,Only one assay,Rattus norvegicus,albino lab rat,Sprague-Dawley,,not reported,"early, mid, late",full_gestation,all gestation,21,Continuous,24,Expossed to continuous variable frequencies,Ultrasound,Ultrasound,50,"20,000-45,000",ambient_sound,,"""under normal conditions without ultrasound""",female,90,3 months,none,,anxiety,Open Field Test (OFT),,Rearing frequency,count,count,light_phase,raw data,abramova_2020_genpath,CO-f-rea,US-f-g1-rea,CO_US_f_rea,independent,yes,Negative,,28.125,6.4683,8,9.9437,,28.1875,8.9086,16,7.0469,,Extracted all from raw data,Data  provided by Abramova on request,,,,,,,yes,adjust comments text,,,28.125,Extracted mean used unchanged,6.4683,Extracted SD used unchanged,9.9437,Extracted SE used unchanged,28.1875,Extracted mean used unchanged,8.9086,Extracted SD used unchanged,7.0469,Extracted SE used unchanged
abramova_2020_genpath,ex023,con019,out063,es134,No,"They had one level of exposure, and two experimental groups, female and males, and one control per group",Social and Cognitive Impairments in Rat Offspring after Ultrasound-Induced Prenatal Stress,10.1007/s10517-020-04790-0,General Pathology and Pathophysiology,Only one assay,Rattus norvegicus,albino lab rat,Sprague-Dawley,,not reported,"early, mid, late",full_gestation,all gestation,21,Continuous,24,Expossed to continuous variable frequencies,Ultrasound,Ultrasound,50,"20,000-45,000",ambient_sound,,"""under normal conditions without ultrasound""",male,90,3 months,none,,anxiety,Open Field Test (OFT),,Center entries (crossing),count,count,light_phase,raw data,abramova_2020_genpath,KO-m-cen,US-m-g1-cen,KO_US_m_cen,independent,yes,Negative,,1.875,2.997,8,0.6629,,1.8421,1.4245,19,0.3268,,Extracted all from raw data,Data  provided by Abramova on request,,,,,,,yes,adjust comments text,,,1.875,Extracted mean used unchanged,2.997,Extracted SD used unchanged,0.6629,Extracted SE used unchanged,1.8421,Extracted mean used unchanged,1.4245,Extracted SD used unchanged,0.3268,Extracted SE used unchanged
abramova_2020_genpath,ex024,con020,out063,es135,No,"They had one level of exposure, and two experimental groups, female and males, and one control per group",Social and Cognitive Impairments in Rat Offspring after Ultrasound-Induced Prenatal Stress,10.1007/s10517-020-04790-0,General Pathology and Pathophysiology,Only one assay,Rattus norvegicus,albino lab rat,Sprague-Dawley,,not reported,"early, mid, late",full_gestation,all gestation,21,Continuous,24,Expossed to continuous variable frequencies,Ultrasound,Ultrasound,50,"20,000-45,000",ambient_sound,,"""under normal conditions without ultrasound""",female,90,3 months,none,,anxiety,Open Field Test (OFT),,Center entries (crossing),count,count,light_phase,raw data,abramova_2020_genpath,CO-f-cen,US-f-g1-cen,CO_US_f_cen,independent,yes,Negative,,2.75,1.8323,8,0.9723,,1.25,0.9309,16,0.3125,,Extracted all from raw data,Data  provided by Abramova on request,,,,,,,yes,adjust comments text,,,2.75,Extracted mean used unchanged,1.8323,Extracted SD used unchanged,0.9723,Extracted SE used unchanged,1.25,Extracted mean used unchanged,0.9309,Extracted SD used unchanged,0.3125,Extracted SE used unchanged
abramova_2020_genpath,ex023,con019,out064,es136,No,"They had one level of exposure, and two experimental groups, female and males, and one control per group",Social and Cognitive Impairments in Rat Offspring after Ultrasound-Induced Prenatal Stress,10.1007/s10517-020-04790-0,General Pathology and Pathophysiology,Only one assay,Rattus norvegicus,albino lab rat,Sprague-Dawley,,not reported,"early, mid, late",full_gestation,all gestation,21,Continuous,24,Expossed to continuous variable frequencies,Ultrasound,Ultrasound,50,"20,000-45,000",ambient_sound,,"""under normal conditions without ultrasound""",male,90,3 months,none,,anxiety,Open Field Test (OFT),,Total grooming time,time,seconds,light_phase,raw data,abramova_2020_genpath,KO-m-grt,US-m-g1-grt,KO_US_m_grt,independent,no,Positive,,12.5038,11.0261,8,4.4207,,33.2405,19.9724,19,4.582,,Extracted all from raw data,Data  provided by Abramova on request,,,,,,,yes,adjust comments text,,,12.5038,Extracted mean used unchanged,11.0261,Extracted SD used unchanged,4.4207,Extracted SE used unchanged,33.2405,Extracted mean used unchanged,19.9724,Extracted SD used unchanged,4.582,Extracted SE used unchanged
abramova_2020_genpath,ex024,con020,out064,es137,No,"They had one level of exposure, and two experimental groups, female and males, and one control per group",Social and Cognitive Impairments in Rat Offspring after Ultrasound-Induced Prenatal Stress,10.1007/s10517-020-04790-0,General Pathology and Pathophysiology,Only one assay,Rattus norvegicus,albino lab rat,Sprague-Dawley,,not reported,"early, mid, late",full_gestation,all gestation,21,Continuous,24,Expossed to continuous variable frequencies,Ultrasound,Ultrasound,50,"20,000-45,000",ambient_sound,,"""under normal conditions without ultrasound""",female,90,3 months,none,,anxiety,Open Field Test (OFT),,Total grooming time,time,seconds,light_phase,raw data,abramova_2020_genpath,CO-f-grt,US-f-g1-grt,CO_US_f_grt,independent,no,Positive,,13.8713,13.5053,8,4.9042,,17.125,12.2961,16,4.2813,,Extracted all from raw data,Data  provided by Abramova on request,,,,,,,yes,adjust comments text,,,13.8713,Extracted mean used unchanged,13.5053,Extracted SD used unchanged,4.9042,Extracted SE used unchanged,17.125,Extracted mean used unchanged,12.2961,Extracted SD used unchanged,4.2813,Extracted SE used unchanged
abramova_2020_genpath,ex023,con019,out065,es138,No,"They had one level of exposure, and two experimental groups, female and males, and one control per group",Social and Cognitive Impairments in Rat Offspring after Ultrasound-Induced Prenatal Stress,10.1007/s10517-020-04790-0,General Pathology and Pathophysiology,Only one assay,Rattus norvegicus,albino lab rat,Sprague-Dawley,,not reported,"early, mid, late",full_gestation,all gestation,21,Continuous,24,Expossed to continuous variable frequencies,Ultrasound,Ultrasound,50,"20,000-45,000",ambient_sound,,"""under normal conditions without ultrasound""",male,90,3 months,none,,anxiety,Open Field Test (OFT),,Total freezing time,time,seconds,light_phase,raw data,abramova_2020_genpath,KO-m-fr,US-m-fr,KO_US_m_fr,independent,no,Positive,,9.4775,15.5527,8,3.3508,,33.2316,43.7813,19,10.0441,,Extracted all from raw data,Data  provided by Abramova on request,,,,,,,yes,adjust comments text,,,9.4775,Extracted mean used unchanged,15.5527,Extracted SD used unchanged,3.3508,Extracted SE used unchanged,33.2316,Extracted mean used unchanged,43.7813,Extracted SD used unchanged,10.0441,Extracted SE used unchanged
abramova_2020_genpath,ex024,con020,out065,es139,No,"They had one level of exposure, and two experimental groups, female and males, and one control per group",Social and Cognitive Impairments in Rat Offspring after Ultrasound-Induced Prenatal Stress,10.1007/s10517-020-04790-0,General Pathology and Pathophysiology,Only one assay,Rattus norvegicus,albino lab rat,Sprague-Dawley,,not reported,"early, mid, late",full_gestation,all gestation,21,Continuous,24,Expossed to continuous variable frequencies,Ultrasound,Ultrasound,50,"20,000-45,000",ambient_sound,,"""under normal conditions without ultrasound""",female,90,3 months,none,,anxiety,Open Field Test (OFT),,Total freezing time,time,seconds,light_phase,raw data,abramova_2020_genpath,CO-f-fr,US-f-g1-fr,CO_US_f_fr,independent,no,Positive,,8.2563,21.4515,8,2.919,,32.7925,28.6499,16,8.1981,,Extracted all from raw data,Data  provided by Abramova on request,,,,,,,yes,adjust comments text,,,8.2563,Extracted mean used unchanged,21.4515,Extracted SD used unchanged,2.919,Extracted SE used unchanged,32.7925,Extracted mean used unchanged,28.6499,Extracted SD used unchanged,8.1981,Extracted SE used unchanged
abramova_2020_genpath,ex023,con019,out066,es140,No,"They had one level of exposure, and two experimental groups, female and males, and one control per group",Social and Cognitive Impairments in Rat Offspring after Ultrasound-Induced Prenatal Stress,10.1007/s10517-020-04790-0,General Pathology and Pathophysiology,Only one assay,Rattus norvegicus,albino lab rat,Sprague-Dawley,,not reported,"early, mid, late",full_gestation,all gestation,21,Continuous,24,Expossed to continuous variable frequencies,Ultrasound,Ultrasound,50,"20,000-45,000",ambient_sound,,"""under normal conditions without ultrasound""",male,90,3 months,none,,anxiety,Open Field Test (OFT),,Grooming frequency,count,count,light_phase,raw data,abramova_2020_genpath,KO-m-grf,US-m-g1-grf,KO_US_m_grf,independent,no,Positive,,4.625,3.7009,8,1.6352,,4.2105,2.1751,19,0.499,,Extracted all from raw data,Data  provided by Abramova on request,,,,,,,yes,adjust comments text,,,4.625,Extracted mean used unchanged,3.7009,Extracted SD used unchanged,1.6352,Extracted SE used unchanged,4.2105,Extracted mean used unchanged,2.1751,Extracted SD used unchanged,0.499,Extracted SE used unchanged
abramova_2020_genpath,ex024,con020,out066,es141,No,"They had one level of exposure, and two experimental groups, female and males, and one control per group",Social and Cognitive Impairments in Rat Offspring after Ultrasound-Induced Prenatal Stress,10.1007/s10517-020-04790-0,General Pathology and Pathophysiology,Only one assay,Rattus norvegicus,albino lab rat,Sprague-Dawley,,not reported,"early, mid, late",full_gestation,all gestation,21,Continuous,24,Expossed to continuous variable frequencies,Ultrasound,Ultrasound,50,"20,000-45,000",ambient_sound,,"""under normal conditions without ultrasound""",female,90,3 months,none,,anxiety,Open Field Test (OFT),,Grooming frequency,count,count,light_phase,raw data,abramova_2020_genpath,CO-f-grf,US-f-g1-grf,KO_US_f_grf,independent,no,Positive,,2.875,1.8077,8,1.0165,,3,1.3663,16,0.75,,Extracted all from raw data,Data  provided by Abramova on request,,,,,,,yes,adjust comments text,,,2.875,Extracted mean used unchanged,1.8077,Extracted SD used unchanged,1.0165,Extracted SE used unchanged,3,Extracted mean used unchanged,1.3663,Extracted SD used unchanged,0.75,Extracted SE used unchanged
abramova_2020_genpath,ex023,con019,out067,es142,No,"They had one level of exposure, and two experimental groups, female and males, and one control per group",Social and Cognitive Impairments in Rat Offspring after Ultrasound-Induced Prenatal Stress,10.1007/s10517-020-04790-0,General Pathology and Pathophysiology,Only one assay,Rattus norvegicus,albino lab rat,Sprague-Dawley,,not reported,"early, mid, late",full_gestation,all gestation,21,Continuous,24,Expossed to continuous variable frequencies,Ultrasound,Ultrasound,50,"20,000-45,000",ambient_sound,,"""under normal conditions without ultrasound""",male,90,3 months,none,,anxiety,Elevated Plus Maze (EPM),,Total time in dark,time,seconds,light_phase,raw data,abramova_2020_genpath,KO-m-grf,US-m-g1,KO_US_m_d,independent,no,Positive,,282.218,17.0866,20,63.1059,,253.7111,39.4675,19,9.0545,,Extracted all from raw data,Data  provided by Abramova on request,,,,,,,yes,adjust comments text,,,282.218,Extracted mean used unchanged,17.0866,Extracted SD used unchanged,63.1059,Extracted SE used unchanged,253.7111,Extracted mean used unchanged,39.4675,Extracted SD used unchanged,9.0545,Extracted SE used unchanged
abramova_2020_genpath,ex024,con020,out067,es143,No,"They had one level of exposure, and two experimental groups, female and males, and one control per group",Social and Cognitive Impairments in Rat Offspring after Ultrasound-Induced Prenatal Stress,10.1007/s10517-020-04790-0,General Pathology and Pathophysiology,Only one assay,Rattus norvegicus,albino lab rat,Sprague-Dawley,,not reported,"early, mid, late",full_gestation,all gestation,21,Continuous,24,Expossed to continuous variable frequencies,Ultrasound,Ultrasound,50,"20,000-45,000",ambient_sound,,"""under normal conditions without ultrasound""",female,90,3 months,none,,anxiety,Elevated Plus Maze (EPM),,Total time in dark,time,seconds,light_phase,raw data,abramova_2020_genpath,CO-f-grf,US-f-g1,CO_US_f_d,independent,no,Positive,,270.4478,23.5988,18,63.7452,,242.4406,43.8737,16,10.9684,,Extracted all from raw data,Data  provided by Abramova on request,,,,,,,yes,adjust comments text,,,270.4478,Extracted mean used unchanged,23.5988,Extracted SD used unchanged,63.7452,Extracted SE used unchanged,242.4406,Extracted mean used unchanged,43.8737,Extracted SD used unchanged,10.9684,Extracted SE used unchanged
abramova_2020_genpath,ex023,con019,out068,es144,No,"They had one level of exposure, and two experimental groups, female and males, and one control per group",Social and Cognitive Impairments in Rat Offspring after Ultrasound-Induced Prenatal Stress,10.1007/s10517-020-04790-0,General Pathology and Pathophysiology,Only one assay,Rattus norvegicus,albino lab rat,Sprague-Dawley,,not reported,"early, mid, late",full_gestation,all gestation,21,Continuous,24,Expossed to continuous variable frequencies,Ultrasound,Ultrasound,50,"20,000-45,000",ambient_sound,,"""under normal conditions without ultrasound""",male,90,3 months,none,,anxiety,Elevated Plus Maze (EPM),,Total time in light,time,seconds,light_phase,raw data,abramova_2020_genpath,KO-m-d,US-m-g1,KO_US_m_li,independent,yes,Negative,,15.626,16.2996,20,3.4941,,42.7837,38.8467,19,8.912,,Extracted all from raw data,Data  provided by Abramova on request,,,,,,,yes,adjust comments text,,,15.626,Extracted mean used unchanged,16.2996,Extracted SD used unchanged,3.4941,Extracted SE used unchanged,42.7837,Extracted mean used unchanged,38.8467,Extracted SD used unchanged,8.912,Extracted SE used unchanged
abramova_2020_genpath,ex024,con020,out068,es145,No,"They had one level of exposure, and two experimental groups, female and males, and one control per group",Social and Cognitive Impairments in Rat Offspring after Ultrasound-Induced Prenatal Stress,10.1007/s10517-020-04790-0,General Pathology and Pathophysiology,Only one assay,Rattus norvegicus,albino lab rat,Sprague-Dawley,,not reported,"early, mid, late",full_gestation,all gestation,21,Continuous,24,Expossed to continuous variable frequencies,Ultrasound,Ultrasound,50,"20,000-45,000",ambient_sound,,"""under normal conditions without ultrasound""",female,90,3 months,none,,anxiety,Elevated Plus Maze (EPM),,Total time in light,time,seconds,light_phase,raw data,abramova_2020_genpath,KO-f-d,US-f-g1,CO_US_f_li,independent,yes,Negative,,26.8306,21.928,18,6.324,,49.9631,41.8416,16,10.4604,,Extracted all from raw data,Data  provided by Abramova on request,,,,,,,yes,adjust comments text,,,26.8306,Extracted mean used unchanged,21.928,Extracted SD used unchanged,6.324,Extracted SE used unchanged,49.9631,Extracted mean used unchanged,41.8416,Extracted SD used unchanged,10.4604,Extracted SE used unchanged
abramova_2020_genpath,ex023,con019,out069,es146,No,"They had one level of exposure, and two experimental groups, female and males, and one control per group",Social and Cognitive Impairments in Rat Offspring after Ultrasound-Induced Prenatal Stress,10.1007/s10517-020-04790-0,General Pathology and Pathophysiology,Only one assay,Rattus norvegicus,albino lab rat,Sprague-Dawley,,not reported,"early, mid, late",full_gestation,all gestation,21,Continuous,24,Expossed to continuous variable frequencies,Ultrasound,Ultrasound,50,"20,000-45,000",ambient_sound,,"""under normal conditions without ultrasound""",male,90,3 months,none,,anxiety,Elevated Plus Maze (EPM),,Center entries (crossing),count,count,light_phase,raw data,abramova_2020_genpath,KO-m-l,US-m-g1,KO_US_m_tr,independent,yes,Negative,,1.95,2.0894,20,0.436,,3.7895,3.1372,19,0.7197,,Extracted all from raw data,Data  provided by Abramova on request,,,,,,,yes,adjust comments text,,,1.95,Extracted mean used unchanged,2.0894,Extracted SD used unchanged,0.436,Extracted SE used unchanged,3.7895,Extracted mean used unchanged,3.1372,Extracted SD used unchanged,0.7197,Extracted SE used unchanged
abramova_2020_genpath,ex024,con020,out069,es147,No,"They had one level of exposure, and two experimental groups, female and males, and one control per group",Social and Cognitive Impairments in Rat Offspring after Ultrasound-Induced Prenatal Stress,10.1007/s10517-020-04790-0,General Pathology and Pathophysiology,Only one assay,Rattus norvegicus,albino lab rat,Sprague-Dawley,,not reported,"early, mid, late",full_gestation,all gestation,21,Continuous,24,Expossed to continuous variable frequencies,Ultrasound,Ultrasound,50,"20,000-45,000",ambient_sound,,"""under normal conditions without ultrasound""",female,90,3 months,none,,anxiety,Elevated Plus Maze (EPM),,Center entries (crossing),count,count,light_phase,raw data,abramova_2020_genpath,KO-f-l,US-f-g1,KO_US_f_tr,independent,yes,Negative,,4.3889,2.6153,18,1.0345,,4.6875,3.2397,16,0.8099,,Extracted all from raw data,Data  provided by Abramova on request,,,,,,,yes,adjust comments text,,,4.3889,Extracted mean used unchanged,2.6153,Extracted SD used unchanged,1.0345,Extracted SE used unchanged,4.6875,Extracted mean used unchanged,3.2397,Extracted SD used unchanged,0.8099,Extracted SE used unchanged
abramova_2020_genpath,ex023,con019,out070,es148,No,"They had one level of exposure, and two experimental groups, female and males, and one control per group",Social and Cognitive Impairments in Rat Offspring after Ultrasound-Induced Prenatal Stress,10.1007/s10517-020-04790-0,General Pathology and Pathophysiology,Only one assay,Rattus norvegicus,albino lab rat,Sprague-Dawley,,not reported,"early, mid, late",full_gestation,all gestation,21,Continuous,24,Expossed to continuous variable frequencies,Ultrasound,Ultrasound,50,"20,000-45,000",ambient_sound,,"""under normal conditions without ultrasound""",male,90,3 months,none,,anxiety,Elevated Plus Maze (EPM),,Head-out inspections,count,count,light_phase,raw data,abramova_2020_genpath,KO-m-tr,US-m-g1,KO_US_m_ho,independent,no,Positive,,2.9,1.2524,20,0.6485,,3.0526,2.1978,19,0.5042,,Extracted all from raw data,Data  provided by Abramova on request,,,,,,,yes,adjust comments text,,,2.9,Extracted mean used unchanged,1.2524,Extracted SD used unchanged,0.6485,Extracted SE used unchanged,3.0526,Extracted mean used unchanged,2.1978,Extracted SD used unchanged,0.5042,Extracted SE used unchanged
abramova_2020_genpath,ex024,con020,out070,es149,No,"They had one level of exposure, and two experimental groups, female and males, and one control per group",Social and Cognitive Impairments in Rat Offspring after Ultrasound-Induced Prenatal Stress,10.1007/s10517-020-04790-0,General Pathology and Pathophysiology,Only one assay,Rattus norvegicus,albino lab rat,Sprague-Dawley,,not reported,"early, mid, late",full_gestation,all gestation,21,Continuous,24,Expossed to continuous variable frequencies,Ultrasound,Ultrasound,50,"20,000-45,000",ambient_sound,,"""under normal conditions without ultrasound""",female,90,3 months,none,,anxiety,Elevated Plus Maze (EPM),,Head-out inspections,count,count,light_phase,raw data,abramova_2020_genpath,KO-f-tr,US-f-g1,KO_US_f_ho,independent,no,Positive,,3.7222,1.8726,18,0.8773,,3.25,1.9149,16,0.4787,,Extracted all from raw data,Data  provided by Abramova on request,,,,,,,yes,adjust comments text,,,3.7222,Extracted mean used unchanged,1.8726,Extracted SD used unchanged,0.8773,Extracted SE used unchanged,3.25,Extracted mean used unchanged,1.9149,Extracted SD used unchanged,0.4787,Extracted SE used unchanged
abramova_2020_genpath,ex023,con019,out071,es150,No,"They had one level of exposure, and two experimental groups, female and males, and one control per group",Social and Cognitive Impairments in Rat Offspring after Ultrasound-Induced Prenatal Stress,10.1007/s10517-020-04790-0,General Pathology and Pathophysiology,Only one assay,Rattus norvegicus,albino lab rat,Sprague-Dawley,,not reported,"early, mid, late",full_gestation,all gestation,21,Continuous,24,Expossed to continuous variable frequencies,Ultrasound,Ultrasound,50,"20,000-45,000",ambient_sound,,"""under normal conditions without ultrasound""",male,90,3 months,none,,anxiety,Elevated Plus Maze (EPM),,Overhangs,count,count,light_phase,raw data,abramova_2020_genpath,KO-m-hea,US-m-g1,KO_US_m_oh,independent,no,Positive,,2.95,3.0517,20,0.6596,,7.1053,5.4149,19,1.2423,,Extracted all from raw data,Data  provided by Abramova on request,,,,,,,yes,adjust comments text,,,2.95,Extracted mean used unchanged,3.0517,Extracted SD used unchanged,0.6596,Extracted SE used unchanged,7.1053,Extracted mean used unchanged,5.4149,Extracted SD used unchanged,1.2423,Extracted SE used unchanged
abramova_2020_genpath,ex024,con020,out071,es151,No,"They had one level of exposure, and two experimental groups, female and males, and one control per group",Social and Cognitive Impairments in Rat Offspring after Ultrasound-Induced Prenatal Stress,10.1007/s10517-020-04790-0,General Pathology and Pathophysiology,Only one assay,Rattus norvegicus,albino lab rat,Sprague-Dawley,,not reported,"early, mid, late",full_gestation,all gestation,21,Continuous,24,Expossed to continuous variable frequencies,Ultrasound,Ultrasound,50,"20,000-45,000",ambient_sound,,"""under normal conditions without ultrasound""",female,90,3 months,none,,anxiety,Elevated Plus Maze (EPM),,Overhangs,count,count,light_phase,raw data,abramova_2020_genpath,KO-f-hea,US-f-g1,KO_US_f_oh,independent,no,Positive,,5.7778,4.9415,18,1.3618,,8.625,6.8593,16,1.7148,,Extracted all from raw data,Data  provided by Abramova on request,,,,,,,yes,adjust comments text,,,5.7778,Extracted mean used unchanged,4.9415,Extracted SD used unchanged,1.3618,Extracted SE used unchanged,8.625,Extracted mean used unchanged,6.8593,Extracted SD used unchanged,1.7148,Extracted SE used unchanged
abramova_2020_genpath,ex023,con019,out072,es152,No,"They had one level of exposure, and two experimental groups, female and males, and one control per group",Social and Cognitive Impairments in Rat Offspring after Ultrasound-Induced Prenatal Stress,10.1007/s10517-020-04790-0,General Pathology and Pathophysiology,Only one assay,Rattus norvegicus,albino lab rat,Sprague-Dawley,,not reported,"early, mid, late",full_gestation,all gestation,21,Continuous,24,Expossed to continuous variable frequencies,Ultrasound,Ultrasound,50,"20,000-45,000",ambient_sound,,"""under normal conditions without ultrasound""",male,90,3 months,none,,anxiety,Elevated Plus Maze (EPM),,Total grooming time,time,seconds,light_phase,raw data,abramova_2020_genpath,KO-m-tgt,US-m-g1,KO_US_m_tgt,independent,no,Positive,,47.411,38.3449,20,10.6014,,22.8753,20.7601,19,4.7627,,Extracted all from raw data,Data  provided by Abramova on request,,,,,,,yes,adjust comments text,,,47.411,Extracted mean used unchanged,38.3449,Extracted SD used unchanged,10.6014,Extracted SE used unchanged,22.8753,Extracted mean used unchanged,20.7601,Extracted SD used unchanged,4.7627,Extracted SE used unchanged
abramova_2020_genpath,ex024,con020,out072,es153,No,"They had one level of exposure, and two experimental groups, female and males, and one control per group",Social and Cognitive Impairments in Rat Offspring after Ultrasound-Induced Prenatal Stress,10.1007/s10517-020-04790-0,General Pathology and Pathophysiology,Only one assay,Rattus norvegicus,albino lab rat,Sprague-Dawley,,not reported,"early, mid, late",full_gestation,all gestation,21,Continuous,24,Expossed to continuous variable frequencies,Ultrasound,Ultrasound,50,"20,000-45,000",ambient_sound,,"""under normal conditions without ultrasound""",female,90,3 months,none,,anxiety,Elevated Plus Maze (EPM),,Total grooming time,time,seconds,light_phase,raw data,abramova_2020_genpath,KO-f-tgt,US-f-g1,KO_US_f_tgt,independent,no,Positive,,46.7839,44.2145,18,11.0271,,30.5488,22.0721,16,5.518,,Extracted all from raw data,Data  provided by Abramova on request,,,,,,,yes,adjust comments text,,,46.7839,Extracted mean used unchanged,44.2145,Extracted SD used unchanged,11.0271,Extracted SE used unchanged,30.5488,Extracted mean used unchanged,22.0721,Extracted SD used unchanged,5.518,Extracted SE used unchanged
abramova_2020_genpath,ex023,con019,out073,es154,No,"They had one level of exposure, and two experimental groups, female and males, and one control per group",Social and Cognitive Impairments in Rat Offspring after Ultrasound-Induced Prenatal Stress,10.1007/s10517-020-04790-0,General Pathology and Pathophysiology,Only one assay,Rattus norvegicus,albino lab rat,Sprague-Dawley,,not reported,"early, mid, late",full_gestation,all gestation,21,Continuous,24,Expossed to continuous variable frequencies,Ultrasound,Ultrasound,50,"20,000-45,000",ambient_sound,,"""under normal conditions without ultrasound""",male,90,3 months,none,,anxiety,Elevated Plus Maze (EPM),,Rearing frequency,count,count,light_phase,raw data,abramova_2020_genpath,KO-m-rea,US-m-g1,KO_US_m_rf,independent,yes,Negative,,8.25,3.8645,20,1.8448,,12.4211,5.3678,19,1.2314,,Extracted all from raw data,Data  provided by Abramova on request,,,,,,,yes,adjust comments text,,,8.25,Extracted mean used unchanged,3.8645,Extracted SD used unchanged,1.8448,Extracted SE used unchanged,12.4211,Extracted mean used unchanged,5.3678,Extracted SD used unchanged,1.2314,Extracted SE used unchanged
abramova_2020_genpath,ex024,con020,out073,es155,No,"They had one level of exposure, and two experimental groups, female and males, and one control per group",Social and Cognitive Impairments in Rat Offspring after Ultrasound-Induced Prenatal Stress,10.1007/s10517-020-04790-0,General Pathology and Pathophysiology,Only one assay,Rattus norvegicus,albino lab rat,Sprague-Dawley,,not reported,"early, mid, late",full_gestation,all gestation,21,Continuous,24,Expossed to continuous variable frequencies,Ultrasound,Ultrasound,50,"20,000-45,000",ambient_sound,,"""under normal conditions without ultrasound""",female,90,3 months,none,,anxiety,Elevated Plus Maze (EPM),,Rearing frequency,count,count,light_phase,raw data,abramova_2020_genpath,KO-f-rea,US-f-g1,KO_US_f_rf,independent,yes,Negative,,11.7222,5.4966,18,2.763,,16.9375,6.678,16,1.6695,,Extracted all from raw data,Data  provided by Abramova on request,,,,,,,yes,adjust comments text,,,11.7222,Extracted mean used unchanged,5.4966,Extracted SD used unchanged,2.763,Extracted SE used unchanged,16.9375,Extracted mean used unchanged,6.678,Extracted SD used unchanged,1.6695,Extracted SE used unchanged
abramova_2020_genpath,ex023,con019,out074,es156,No,"They had one level of exposure, and two experimental groups, female and males, and one control per group",Social and Cognitive Impairments in Rat Offspring after Ultrasound-Induced Prenatal Stress,10.1007/s10517-020-04790-0,General Pathology and Pathophysiology,Only one assay,Rattus norvegicus,albino lab rat,Sprague-Dawley,,not reported,"early, mid, late",full_gestation,all gestation,21,Continuous,24,Expossed to continuous variable frequencies,Ultrasound,Ultrasound,50,"20,000-45,000",ambient_sound,,"""under normal conditions without ultrasound""",male,90,3 months,none,,anxiety,Elevated Plus Maze (EPM),,Total freezing time,time,seconds,light_phase,raw data,abramova_2020_genpath,KO-m-rea,US-m-g1,KO_US_m_tft,independent,no,Positive,,22.984,36.2606,20,5.1394,,6.5274,11.2848,19,2.5889,,Extracted all from raw data,Data  provided by Abramova on request,,,,,,,yes,adjust comments text,,,22.984,Extracted mean used unchanged,36.2606,Extracted SD used unchanged,5.1394,Extracted SE used unchanged,6.5274,Extracted mean used unchanged,11.2848,Extracted SD used unchanged,2.5889,Extracted SE used unchanged
abramova_2020_genpath,ex024,con020,out074,es157,No,"They had one level of exposure, and two experimental groups, female and males, and one control per group",Social and Cognitive Impairments in Rat Offspring after Ultrasound-Induced Prenatal Stress,10.1007/s10517-020-04790-0,General Pathology and Pathophysiology,Only one assay,Rattus norvegicus,albino lab rat,Sprague-Dawley,,not reported,"early, mid, late",full_gestation,all gestation,21,Continuous,24,Expossed to continuous variable frequencies,Ultrasound,Ultrasound,50,"20,000-45,000",ambient_sound,,"""under normal conditions without ultrasound""",female,90,3 months,none,,anxiety,Elevated Plus Maze (EPM),,Total freezing time,time,seconds,light_phase,raw data,abramova_2020_genpath,KO-f-rea,US-f-g1,KO_US_f_tft,independent,no,Positive,,11.1783,30.8267,18,2.6348,,11.8338,18.4115,16,4.6029,,Extracted all from raw data,Data  provided by Abramova on request,,,,,,,yes,adjust comments text,,,11.1783,Extracted mean used unchanged,30.8267,Extracted SD used unchanged,2.6348,Extracted SE used unchanged,11.8338,Extracted mean used unchanged,18.4115,Extracted SD used unchanged,4.6029,Extracted SE used unchanged
abramova_2020_genpath,ex023,con019,out075,es158,No,"They had one level of exposure, and two experimental groups, female and males, and one control per group",Social and Cognitive Impairments in Rat Offspring after Ultrasound-Induced Prenatal Stress,10.1007/s10517-020-04790-0,General Pathology and Pathophysiology,Only one assay,Rattus norvegicus,albino lab rat,Sprague-Dawley,,not reported,"early, mid, late",full_gestation,all gestation,21,Continuous,24,Expossed to continuous variable frequencies,Ultrasound,Ultrasound,50,"20,000-45,000",ambient_sound,,"""under normal conditions without ultrasound""",male,90,3 months,none,,anxiety,Elevated Plus Maze (EPM),,Grooming frequency,count,count,light_phase,raw data,abramova_2020_genpath,KO-m-rea,US-m-g1,KO_US_m_grf,independent,no,Positive,,3.8,2.3753,20,0.8497,,3.8421,2.5224,19,0.5787,,Extracted all from raw data,Data  provided by Abramova on request,,,,,,,yes,adjust comments text,,,3.8,Extracted mean used unchanged,2.3753,Extracted SD used unchanged,0.8497,Extracted SE used unchanged,3.8421,Extracted mean used unchanged,2.5224,Extracted SD used unchanged,0.5787,Extracted SE used unchanged
abramova_2020_genpath,ex024,con020,out075,es159,No,"They had one level of exposure, and two experimental groups, female and males, and one control per group",Social and Cognitive Impairments in Rat Offspring after Ultrasound-Induced Prenatal Stress,10.1007/s10517-020-04790-0,General Pathology and Pathophysiology,Only one assay,Rattus norvegicus,albino lab rat,Sprague-Dawley,,not reported,"early, mid, late",full_gestation,all gestation,21,Continuous,24,Expossed to continuous variable frequencies,Ultrasound,Ultrasound,50,"20,000-45,000",ambient_sound,,"""under normal conditions without ultrasound""",female,90,3 months,none,,anxiety,Elevated Plus Maze (EPM),,Grooming frequency,count,count,light_phase,raw data,abramova_2020_genpath,KO-f-rea,US-f-g1,KO_US_f_grf,independent,no,Positive,,4.3889,2.2528,18,1.0345,,3.5625,1.8608,16,0.4652,,Extracted all from raw data,Data  provided by Abramova on request,,,,,,,yes,adjust comments text,,,4.3889,Extracted mean used unchanged,2.2528,Extracted SD used unchanged,1.0345,Extracted SE used unchanged,3.5625,Extracted mean used unchanged,1.8608,Extracted SD used unchanged,0.4652,Extracted SE used unchanged
abramova_2020_genpath,ex023,con019,out076,es160,No,"They had one level of exposure, and two experimental groups, female and males, and one control per group",Social and Cognitive Impairments in Rat Offspring after Ultrasound-Induced Prenatal Stress,10.1007/s10517-020-04790-0,General Pathology and Pathophysiology,Only one assay,Rattus norvegicus,albino lab rat,Sprague-Dawley,,not reported,"early, mid, late",full_gestation,all gestation,21,Continuous,24,Expossed to continuous variable frequencies,Ultrasound,Ultrasound,50,"20,000-45,000",ambient_sound,,"""under normal conditions without ultrasound""",male,90,3 months,none,,depression,Forced Swimming Test (FST),,Total immobility time,time,seconds,light_phase,raw data,abramova_2020_genpath,con_m_inm,ex_m_inm,con_ex_m_inm,independent,no,Positive,,247.5357,63.8354,21,54.0167,,186.3768,71.3936,19,42.7578,,Extracted all from raw data,Data  provided by Abramova on request,,,,,,,yes,adjust comments text,,,247.5357,Extracted mean used unchanged,63.8354,Extracted SD used unchanged,54.0167,Extracted SE used unchanged,186.3768,Extracted mean used unchanged,71.3936,Extracted SD used unchanged,42.7578,Extracted SE used unchanged
abramova_2020_genpath,ex024,con020,out076,es161,No,"They had one level of exposure, and two experimental groups, female and males, and one control per group",Social and Cognitive Impairments in Rat Offspring after Ultrasound-Induced Prenatal Stress,10.1007/s10517-020-04790-0,General Pathology and Pathophysiology,Only one assay,Rattus norvegicus,albino lab rat,Sprague-Dawley,,not reported,"early, mid, late",full_gestation,all gestation,21,Continuous,24,Expossed to continuous variable frequencies,Ultrasound,Ultrasound,50,"20,000-45,000",ambient_sound,,"""under normal conditions without ultrasound""",female,90,3 months,none,,depression,Forced Swimming Test (FST),,Total immobility time,time,seconds,light_phase,raw data,abramova_2020_genpath,con_f_inm,ex_f_inm,con_ex_f_inm,independent,no,Positive,,179.33,56.2763,18,42.2685,,207.1638,75.8212,16,51.7909,,Extracted all from raw data,Data  provided by Abramova on request,,,,,,,yes,adjust comments text,,,179.33,Extracted mean used unchanged,56.2763,Extracted SD used unchanged,42.2685,Extracted SE used unchanged,207.1638,Extracted mean used unchanged,75.8212,Extracted SD used unchanged,51.7909,Extracted SE used unchanged
abramova_2020_genpath,ex023,con019,out077,es162,No,"They had one level of exposure, and two experimental groups, female and males, and one control per group",Social and Cognitive Impairments in Rat Offspring after Ultrasound-Induced Prenatal Stress,10.1007/s10517-020-04790-0,General Pathology and Pathophysiology,Only one assay,Rattus norvegicus,albino lab rat,Sprague-Dawley,,not reported,"early, mid, late",full_gestation,all gestation,21,Continuous,24,Expossed to continuous variable frequencies,Ultrasound,Ultrasound,50,"20,000-45,000",ambient_sound,,"""under normal conditions without ultrasound""",male,90,3 months,none,,depression,Sucrose Preference Test (SPT),,Sucrose preference index,index,percent,light_phase,raw data,abramova_2020_genpath,con_m_liq,ex_m_liq,con_ex_m_liq,independent,yes,Negative,,52.7727,34.0695,8,18.658,,58.4183,28.588,19,13.4021,,Extracted all from raw data,Data  provided by Abramova on request,,,,,,,yes,adjust comments text,,,52.7727,Extracted mean used unchanged,34.0695,Extracted SD used unchanged,18.658,Extracted SE used unchanged,58.4183,Extracted mean used unchanged,28.588,Extracted SD used unchanged,13.4021,Extracted SE used unchanged
abramova_2020_genpath,ex024,con020,out077,es163,No,"They had one level of exposure, and two experimental groups, female and males, and one control per group",Social and Cognitive Impairments in Rat Offspring after Ultrasound-Induced Prenatal Stress,10.1007/s10517-020-04790-0,General Pathology and Pathophysiology,Only one assay,Rattus norvegicus,albino lab rat,Sprague-Dawley,,not reported,"early, mid, late",full_gestation,all gestation,21,Continuous,24,Expossed to continuous variable frequencies,Ultrasound,Ultrasound,50,"20,000-45,000",ambient_sound,,"""under normal conditions without ultrasound""",female,90,3 months,none,,depression,Sucrose Preference Test (SPT),,Sucrose preference index,index,percent,light_phase,raw data,abramova_2020_genpath.xlsx,con_f_liq,ex_f_liq,con_ex_f_liq,independent,yes,Negative,,63.8303,26.4372,17,15.4811,,49.8194,33.9636,16,12.4549,,Extracted all from raw data,Data  provided by Abramova on request,,,,,,,yes,adjust comments text,,,63.8303,Extracted mean used unchanged,26.4372,Extracted SD used unchanged,15.4811,Extracted SE used unchanged,49.8194,Extracted mean used unchanged,33.9636,Extracted SD used unchanged,12.4549,Extracted SE used unchanged
abramova_2023_biopsy,ex025,con021,out078,es164,No,"They had one level of exposure, and two experimental groups, female and males, and one control per group",Blood BDNF and neuropeptide concentrations as potential biomarkers of behavioral impairments in rats with prenatal ultrasound stress experience,,Российский психиатрический журнал,,Rattus norvegicus,albino lab rat,Wistar rat,16 weeks,3 months,"Early, mid, late",full_gestation,all gestation,21,Continuous,24,Expossed to continuous variable frequencies,Ultrasound,Ultrasound,50,"20,000-45,000",ambient_sound,,"""all females with their pups were kept in individual cages under standard conditions without experimental intervention""",male,74,,none,,anxiety,Open Field Test (OFT),,Sections crossed,count,count,light_phase,paper Table 1,abramova_2023_biopsy_data.xlsx,KON_m_,PS_m_,KON_PS_m_,independent,yes,Negative,,51.7,8.1,9,2.7,,22.3,10.4355,10,3.3,,Mean¬±SEM,,,,,,,,yes,,,,51.7,Extracted mean used unchanged,8.1,Extracted SD used unchanged,2.7,Extracted SE used unchanged,22.3,Extracted mean used unchanged,10.4355,Extracted SD used unchanged,3.3,Extracted SE used unchanged
abramova_2023_biopsy,ex026,con022,out078,es165,No,"They had one level of exposure, and two experimental groups, female and males, and one control per group",Blood BDNF and neuropeptide concentrations as potential biomarkers of behavioral impairments in rats with prenatal ultrasound stress experience,,Российский психиатрический журнал,,Rattus norvegicus,albino lab rat,Wistar rat,16 weeks,3 months,"Early, mid, late",full_gestation,all gestation,21,Continuous,24,Expossed to continuous variable frequencies,Ultrasound,Ultrasound,50,"20,000-45,000",ambient_sound,,"""all females with their pups were kept in individual cages under standard conditions without experimental intervention""",female,74,,none,,anxiety,Open Field Test (OFT),,Sections crossed,count,count,light_phase,paper Table 1,abramova_2023_biopsy_data.xlsx,KON_f_,PS_f_,KON_PS_f_,independent,yes,Negative,,53.2,11.068,10,3.5,,31.1,14.425,8,5.1,,Mean¬±SEM,,,,,,,,yes,,,,53.2,Extracted mean used unchanged,11.068,Extracted SD used unchanged,3.5,Extracted SE used unchanged,31.1,Extracted mean used unchanged,14.425,Extracted SD used unchanged,5.1,Extracted SE used unchanged
abramova_2023_biopsy,ex025,con021,out079,es166,No,"They had one level of exposure, and two experimental groups, female and males, and one control per group",Blood BDNF and neuropeptide concentrations as potential biomarkers of behavioral impairments in rats with prenatal ultrasound stress experience,,Российский психиатрический журнал,,Rattus norvegicus,albino lab rat,Wistar rat,16 weeks,3 months,"Early, mid, late",full_gestation,all gestation,21,Continuous,24,Expossed to continuous variable frequencies,Ultrasound,Ultrasound,50,"20,000-45,000",ambient_sound,,"""all females with their pups were kept in individual cages under standard conditions without experimental intervention""",male,74,,none,,anxiety,Open Field Test (OFT),,Rearing frequency,count,count,light_phase,paper Table 1,abramova_2023_biopsy_data.xlsx,KON_m_,PS_m_,KON_PS_m_,independent,yes,Negative,,23.4,5.1,9,1.7,,8.4,3.7947,10,1.2,,Mean¬±SEM,,,,,,,,yes,,,,23.4,Extracted mean used unchanged,5.1,Extracted SD used unchanged,1.7,Extracted SE used unchanged,8.4,Extracted mean used unchanged,3.7947,Extracted SD used unchanged,1.2,Extracted SE used unchanged
abramova_2023_biopsy,ex026,con022,out079,es167,No,"They had one level of exposure, and two experimental groups, female and males, and one control per group",Blood BDNF and neuropeptide concentrations as potential biomarkers of behavioral impairments in rats with prenatal ultrasound stress experience,,Российский психиатрический журнал,,Rattus norvegicus,albino lab rat,Wistar rat,16 weeks,3 months,"Early, mid, late",full_gestation,all gestation,21,Continuous,24,Expossed to continuous variable frequencies,Ultrasound,Ultrasound,50,"20,000-45,000",ambient_sound,,"""all females with their pups were kept in individual cages under standard conditions without experimental intervention""",female,74,,none,,anxiety,Open Field Test (OFT),,Rearing frequency,count,count,light_phase,paper Table 1,abramova_2023_biopsy_data.xlsx,KON_f_,PS_f_,KON_PS_f_,independent,yes,Negative,,23.4,7.9057,10,2.5,,14.1,4.8083,8,1.7,,Mean¬±SEM,,,,,,,,yes,,,,23.4,Extracted mean used unchanged,7.9057,Extracted SD used unchanged,2.5,Extracted SE used unchanged,14.1,Extracted mean used unchanged,4.8083,Extracted SD used unchanged,1.7,Extracted SE used unchanged
abramova_2023_biopsy,ex025,con021,out080,es168,No,"They had one level of exposure, and two experimental groups, female and males, and one control per group",Blood BDNF and neuropeptide concentrations as potential biomarkers of behavioral impairments in rats with prenatal ultrasound stress experience,,Российский психиатрический журнал,,Rattus norvegicus,albino lab rat,Wistar rat,16 weeks,3 months,"Early, mid, late",full_gestation,all gestation,21,Continuous,24,Expossed to continuous variable frequencies,Ultrasound,Ultrasound,50,"20,000-45,000",ambient_sound,,"""all females with their pups were kept in individual cages under standard conditions without experimental intervention""",male,74,,none,,anxiety,Open Field Test (OFT),,Center entries (crossing),count,count,light_phase,paper Table 1,abramova_2023_biopsy_data.xlsx,KON_m_,PS_m_,KON_PS_m_,independent,yes,Negative,,,,9,,,,,10,,,estimated from Median(Q1;Q3),,2,1,3,0.5,0,1,yes,"adjust comments text, add Median(Q1, Q2) values",,,2,"Luo et al. (2018): Q1, median, Q3, and n",1.7493603130956201,"Wan et al. (2014): Q1, Q3, and n",0.5831201043652067,SE = SD / sqrt(n),0.5,"Luo et al. (2018): Q1, median, Q3, and n",0.8600034647511502,"Wan et al. (2014): Q1, Q3, and n",0.2719569744249966,SE = SD / sqrt(n)
abramova_2023_biopsy,ex026,con022,out080,es169,No,"They had one level of exposure, and two experimental groups, female and males, and one control per group",Blood BDNF and neuropeptide concentrations as potential biomarkers of behavioral impairments in rats with prenatal ultrasound stress experience,,Российский психиатрический журнал,,Rattus norvegicus,albino lab rat,Wistar rat,16 weeks,3 months,"Early, mid, late",full_gestation,all gestation,21,Continuous,24,Expossed to continuous variable frequencies,Ultrasound,Ultrasound,50,"20,000-45,000",ambient_sound,,"""all females with their pups were kept in individual cages under standard conditions without experimental intervention""",female,74,,none,,anxiety,Open Field Test (OFT),,Center entries (crossing),count,count,light_phase,paper Table 1,abramova_2023_biopsy_data.xlsx,KON_m_,PS_m_,KON_PS_m_,independent,yes,Negative,,,,10,,,,,8,,,estimated from Median(Q1;Q3),,2,1.2,3,0,0,0.5,yes,"adjust comments text, add Median(Q1, Q2) values",,,2.0739,"Luo et al. (2018): Q1, median, Q3, and n",1.5480062365520704,"Wan et al. (2014): Q1, Q3, and n",0.48952255396499395,SE = SD / sqrt(n),0.18718749999999998,"Luo et al. (2018): Q1, median, Q3, and n",0.446753844743742,"Wan et al. (2014): Q1, Q3, and n",0.157951336569731,SE = SD / sqrt(n)
abramova_2023_biopsy,ex025,con021,out081,es170,No,"They had one level of exposure, and two experimental groups, female and males, and one control per group",Blood BDNF and neuropeptide concentrations as potential biomarkers of behavioral impairments in rats with prenatal ultrasound stress experience,,Российский психиатрический журнал,,Rattus norvegicus,albino lab rat,Wistar rat,16 weeks,3 months,"Early, mid, late",full_gestation,all gestation,21,Continuous,24,Expossed to continuous variable frequencies,Ultrasound,Ultrasound,50,"20,000-45,000",ambient_sound,,"""all females with their pups were kept in individual cages under standard conditions without experimental intervention""",male,74,,none,,anxiety,Open Field Test (OFT),,Total freezing time,time,seconds,light_phase,paper Table 1,abramova_2023_biopsy_data.xlsx,KON_f_,PS_f_,KON_PS_f_,independent,no,Positive,,23.7,14.7,9,4.9,,80.1,61.3482,10,19.4,,Mean¬±SEM,,,,,,,,yes,,,,23.7,Extracted mean used unchanged,14.7,Extracted SD used unchanged,4.9,Extracted SE used unchanged,80.1,Extracted mean used unchanged,61.3482,Extracted SD used unchanged,19.4,Extracted SE used unchanged
abramova_2023_biopsy,ex026,con022,out081,es171,No,"They had one level of exposure, and two experimental groups, female and males, and one control per group",Blood BDNF and neuropeptide concentrations as potential biomarkers of behavioral impairments in rats with prenatal ultrasound stress experience,,Российский психиатрический журнал,,Rattus norvegicus,albino lab rat,Wistar rat,16 weeks,3 months,"Early, mid, late",full_gestation,all gestation,21,Continuous,24,Expossed to continuous variable frequencies,Ultrasound,Ultrasound,50,"20,000-45,000",ambient_sound,,"""all females with their pups were kept in individual cages under standard conditions without experimental intervention""",female,74,,none,,anxiety,Open Field Test (OFT),,Total freezing time,time,seconds,light_phase,paper Table 1,abramova_2023_biopsy_data.xlsx,KON_m_,PS_m_,KON_PS_m_,independent,no,Positive,,18.3,9.4868,10,3,,75.3,56.8514,8,20.1,,Mean¬±SEM,,,,,,,,yes,,,,18.3,Extracted mean used unchanged,9.4868,Extracted SD used unchanged,3,Extracted SE used unchanged,75.3,Extracted mean used unchanged,56.8514,Extracted SD used unchanged,20.1,Extracted SE used unchanged
abramova_2023_biopsy,ex025,con021,out082,es172,No,"They had one level of exposure, and two experimental groups, female and males, and one control per group",Blood BDNF and neuropeptide concentrations as potential biomarkers of behavioral impairments in rats with prenatal ultrasound stress experience,,Российский психиатрический журнал,,Rattus norvegicus,albino lab rat,Wistar rat,16 weeks,3 months,"Early, mid, late",full_gestation,all gestation,21,Continuous,24,Expossed to continuous variable frequencies,Ultrasound,Ultrasound,50,"20,000-45,000",ambient_sound,,"""all females with their pups were kept in individual cages under standard conditions without experimental intervention""",male,74,,none,,anxiety,Open Field Test (OFT),,Total grooming time,time,seconds,light_phase,paper Table 1,abramova_2023_biopsy_data.xlsx,KON_f_,PS_f_,KON_PS_f_,independent,no,Positive,,,,9,,,,,10,,,estimated from Median(Q1;Q3),,16.3,11.3,22.7,28.9,25.3,61.9,yes,"adjust comments text, add Median(Q1, Q2) values",,,16.820333333333334,"Luo et al. (2018): Q1, median, Q3, and n",9.971353784645034,"Wan et al. (2014): Q1, Q3, and n",3.323784594881678,SE = SD / sqrt(n),39.7633,"Luo et al. (2018): Q1, median, Q3, and n",31.47612680989209,"Wan et al. (2014): Q1, Q3, and n",9.953625263954875,SE = SD / sqrt(n)
abramova_2023_biopsy,ex026,con022,out082,es173,No,"They had one level of exposure, and two experimental groups, female and males, and one control per group",Blood BDNF and neuropeptide concentrations as potential biomarkers of behavioral impairments in rats with prenatal ultrasound stress experience,,Российский психиатрический журнал,,Rattus norvegicus,albino lab rat,Wistar rat,16 weeks,3 months,"Early, mid, late",full_gestation,all gestation,21,Continuous,24,Expossed to continuous variable frequencies,Ultrasound,Ultrasound,50,"20,000-45,000",ambient_sound,,"""all females with their pups were kept in individual cages under standard conditions without experimental intervention""",female,74,,none,,anxiety,Open Field Test (OFT),,Total grooming time,time,seconds,light_phase,paper Table 1,abramova_2023_biopsy_data.xlsx,KON_m_,PS_m_,KON_PS_m_,independent,no,Positive,,,,10,,,,,8,,,estimated from Median(Q1;Q3),,24.7,23.3,30.2,24.3,14.4,36.1,yes,"adjust comments text, add Median(Q1, Q2) values",,,26.214949999999998,"Luo et al. (2018): Q1, median, Q3, and n",5.934023906782935,"Wan et al. (2014): Q1, Q3, and n",1.8765031235324763,SE = SD / sqrt(n),25.0113125,"Luo et al. (2018): Q1, median, Q3, and n",19.389116861878406,"Wan et al. (2014): Q1, Q3, and n",6.8550880071263265,SE = SD / sqrt(n)
abramova_2023_biopsy,ex025,con021,out083,es174,No,"They had one level of exposure, and two experimental groups, female and males, and one control per group",Blood BDNF and neuropeptide concentrations as potential biomarkers of behavioral impairments in rats with prenatal ultrasound stress experience,,Российский психиатрический журнал,,Rattus norvegicus,albino lab rat,Wistar rat,16 weeks,3 months,"Early, mid, late",full_gestation,all gestation,21,Continuous,24,Expossed to continuous variable frequencies,Ultrasound,Ultrasound,50,"20,000-45,000",ambient_sound,,"""all females with their pups were kept in individual cages under standard conditions without experimental intervention""",male,74,,none,,anxiety,Open Field Test (OFT),,Grooming frequency,count,count,light_phase,paper Table 1,abramova_2023_biopsy_data.xlsx,KON_f_,PS_f_,KON_PS_f_,independent,no,Positive,,3.3,1.8,9,0.6,,3.3,1.5811,10,0.5,,Mean¬±SEM,,,,,,,,yes,,,,3.3,Extracted mean used unchanged,1.8,Extracted SD used unchanged,0.6,Extracted SE used unchanged,3.3,Extracted mean used unchanged,1.5811,Extracted SD used unchanged,0.5,Extracted SE used unchanged
abramova_2023_biopsy,ex026,con022,out083,es175,No,"They had one level of exposure, and two experimental groups, female and males, and one control per group",Blood BDNF and neuropeptide concentrations as potential biomarkers of behavioral impairments in rats with prenatal ultrasound stress experience,,Российский психиатрический журнал,,Rattus norvegicus,albino lab rat,Wistar rat,16 weeks,3 months,"Early, mid, late",full_gestation,all gestation,21,Continuous,24,Expossed to continuous variable frequencies,Ultrasound,Ultrasound,50,"20,000-45,000",ambient_sound,,"""all females with their pups were kept in individual cages under standard conditions without experimental intervention""",female,74,,none,,anxiety,Open Field Test (OFT),,Grooming frequency,count,count,light_phase,paper Table 1,abramova_2023_biopsy_data.xlsx,KON_m_,PS_m_,KON_PS_m_,independent,no,Positive,,4.8,1.8974,10,0.6,,2.9,1.6971,8,0.6,,Mean¬±SEM,,,,,,,,yes,,,,4.8,Extracted mean used unchanged,1.8974,Extracted SD used unchanged,0.6,Extracted SE used unchanged,2.9,Extracted mean used unchanged,1.6971,Extracted SD used unchanged,0.6,Extracted SE used unchanged
abramova_2023_biopsy,ex025,con021,out084,es176,No,"They had one level of exposure, and two experimental groups, female and males, and one control per group",Blood BDNF and neuropeptide concentrations as potential biomarkers of behavioral impairments in rats with prenatal ultrasound stress experience,,Российский психиатрический журнал,,Rattus norvegicus,albino lab rat,Wistar rat,16 weeks,3 months,"Early, mid, late",full_gestation,all gestation,21,Continuous,24,Expossed to continuous variable frequencies,Ultrasound,Ultrasound,50,"20,000-45,000",ambient_sound,,"""all females with their pups were kept in individual cages under standard conditions without experimental intervention""",male,74,,none,,anxiety,Open Field Test (OFT),,Mean grooming duration,percentage,percent,light_phase,paper Table 1,abramova_2023_biopsy_data.xlsx,KON_f_,PS_f_,KON_PS_f_,independent,no,Positive,,,,9,,,,,10,,,estimated from Median(Q1;Q3),,4.6,3.8,5.4,0.6,0,1.3,yes,"adjust comments text, add Median(Q1, Q2) values",,,4.6,"Luo et al. (2018): Q1, median, Q3, and n",1.3994882504764967,"Wan et al. (2014): Q1, Q3, and n",0.4664960834921656,SE = SD / sqrt(n),0.63695,"Luo et al. (2018): Q1, median, Q3, and n",1.1180045041764952,"Wan et al. (2014): Q1, Q3, and n",0.3535440667524956,SE = SD / sqrt(n)
abramova_2023_biopsy,ex026,con022,out084,es177,No,"They had one level of exposure, and two experimental groups, female and males, and one control per group",Blood BDNF and neuropeptide concentrations as potential biomarkers of behavioral impairments in rats with prenatal ultrasound stress experience,,Российский психиатрический журнал,,Rattus norvegicus,albino lab rat,Wistar rat,16 weeks,3 months,"Early, mid, late",full_gestation,all gestation,21,Continuous,24,Expossed to continuous variable frequencies,Ultrasound,Ultrasound,50,"20,000-45,000",ambient_sound,,"""all females with their pups were kept in individual cages under standard conditions without experimental intervention""",female,74,,none,,anxiety,Open Field Test (OFT),,Mean grooming duration,percentage,percent,light_phase,paper Table 1,abramova_2023_biopsy_data.xlsx,KON_m_,PS_m_,KON_PS_m_,independent,no,Positive,,,,10,,,,,8,,,estimated from Median(Q1;Q3),,6.5,4,8.1,0,0,0.3,yes,"adjust comments text, add Median(Q1, Q2) values",,,6.1674500000000005,"Luo et al. (2018): Q1, median, Q3, and n",3.5260142054797154,"Wan et al. (2014): Q1, Q3, and n",1.115023595142486,SE = SD / sqrt(n),0.11231249999999998,"Luo et al. (2018): Q1, median, Q3, and n",0.2680523068462452,"Wan et al. (2014): Q1, Q3, and n",0.0947708019418386,SE = SD / sqrt(n)
abramova_2023_biopsy,ex025,con021,out085,es178,No,"They had one level of exposure, and two experimental groups, female and males, and one control per group",Blood BDNF and neuropeptide concentrations as potential biomarkers of behavioral impairments in rats with prenatal ultrasound stress experience,,Российский психиатрический журнал,,Rattus norvegicus,albino lab rat,Wistar rat,16 weeks,3 months,"Early, mid, late",full_gestation,all gestation,21,Continuous,24,Expossed to continuous variable frequencies,Ultrasound,Ultrasound,50,"20,000-45,000",ambient_sound,,"""all females with their pups were kept in individual cages under standard conditions without experimental intervention""",male,70,,none,,anxiety,Elevated Plus Maze (EPM),,Total time in dark,time,seconds,light_phase,paper Table 1,abramova_2023_biopsy_data.xlsx,KON_f_,PS_f_,KON_PS_f_,independent,no,Positive,,264,21,9,7,,251,41.1096,10,13,,Mean¬±SEM,,,,,,,,yes,,,,264,Extracted mean used unchanged,21,Extracted SD used unchanged,7,Extracted SE used unchanged,251,Extracted mean used unchanged,41.1096,Extracted SD used unchanged,13,Extracted SE used unchanged
abramova_2023_biopsy,ex026,con022,out085,es179,No,"They had one level of exposure, and two experimental groups, female and males, and one control per group",Blood BDNF and neuropeptide concentrations as potential biomarkers of behavioral impairments in rats with prenatal ultrasound stress experience,,Российский психиатрический журнал,,Rattus norvegicus,albino lab rat,Wistar rat,16 weeks,3 months,"Early, mid, late",full_gestation,all gestation,21,Continuous,24,Expossed to continuous variable frequencies,Ultrasound,Ultrasound,50,"20,000-45,000",ambient_sound,,"""all females with their pups were kept in individual cages under standard conditions without experimental intervention""",female,70,,none,,anxiety,Elevated Plus Maze (EPM),,Total time in dark,time,seconds,light_phase,paper Table 1,abramova_2023_biopsy_data.xlsx,KON_m_,PS_m_,KON_PS_m_,independent,no,Positive,,269,15.8114,10,5,,266,31.1127,8,11,,Mean¬±SEM,,,,,,,,yes,,,,269,Extracted mean used unchanged,15.8114,Extracted SD used unchanged,5,Extracted SE used unchanged,266,Extracted mean used unchanged,31.1127,Extracted SD used unchanged,11,Extracted SE used unchanged
abramova_2023_biopsy,ex025,con021,out086,es180,No,"They had one level of exposure, and two experimental groups, female and males, and one control per group",Blood BDNF and neuropeptide concentrations as potential biomarkers of behavioral impairments in rats with prenatal ultrasound stress experience,,Российский психиатрический журнал,,Rattus norvegicus,albino lab rat,Wistar rat,16 weeks,3 months,"Early, mid, late",full_gestation,all gestation,21,Continuous,24,Expossed to continuous variable frequencies,Ultrasound,Ultrasound,50,"20,000-45,000",ambient_sound,,"""all females with their pups were kept in individual cages under standard conditions without experimental intervention""",male,70,,none,,anxiety,Elevated Plus Maze (EPM),,Total time in light,time,seconds,light_phase,paper Table 1,abramova_2023_biopsy_data.xlsx,KON_f_,PS_f_,KON_PS_f_,independent,yes,Negative,,,,9,,,,,10,,,estimated from Median(Q1;Q3),,27.1,19.4,51.5,41.9,2.2,62,yes,"adjust comments text, add Median(Q1, Q2) values",,,33.30683333333334,"Luo et al. (2018): Q1, median, Q3, and n",28.077233025184707,"Wan et al. (2014): Q1, Q3, and n",9.359077675061569,SE = SD / sqrt(n),34.6578,"Luo et al. (2018): Q1, median, Q3, and n",51.428207192118776,"Wan et al. (2014): Q1, Q3, and n",16.263027070614797,SE = SD / sqrt(n)
abramova_2023_biopsy,ex026,con022,out086,es181,No,"They had one level of exposure, and two experimental groups, female and males, and one control per group",Blood BDNF and neuropeptide concentrations as potential biomarkers of behavioral impairments in rats with prenatal ultrasound stress experience,,Российский психиатрический журнал,,Rattus norvegicus,albino lab rat,Wistar rat,16 weeks,3 months,"Early, mid, late",full_gestation,all gestation,21,Continuous,24,Expossed to continuous variable frequencies,Ultrasound,Ultrasound,50,"20,000-45,000",ambient_sound,,"""all females with their pups were kept in individual cages under standard conditions without experimental intervention""",female,70,,none,,anxiety,Elevated Plus Maze (EPM),,Total time in light,time,seconds,light_phase,paper Table 1,abramova_2023_biopsy_data.xlsx,KON_m_,PS_m_,KON_PS_m_,independent,yes,Negative,,,,10,,,,,8,,,estimated from Median(Q1;Q3),,19.6,17.7,40.5,26.1,19.4,51.5,yes,"adjust comments text, add Median(Q1, Q2) values",,,26.6205,"Luo et al. (2018): Q1, median, Q3, and n",19.608078996326224,"Wan et al. (2014): Q1, Q3, and n",6.200619016889923,SE = SD / sqrt(n),33.1008125,"Luo et al. (2018): Q1, median, Q3, and n",28.68159683254824,"Wan et al. (2014): Q1, Q3, and n",10.140475807776731,SE = SD / sqrt(n)
abramova_2023_biopsy,ex025,con021,out087,es182,No,"They had one level of exposure, and two experimental groups, female and males, and one control per group",Blood BDNF and neuropeptide concentrations as potential biomarkers of behavioral impairments in rats with prenatal ultrasound stress experience,,Российский психиатрический журнал,,Rattus norvegicus,albino lab rat,Wistar rat,16 weeks,3 months,"Early, mid, late",full_gestation,all gestation,21,Continuous,24,Expossed to continuous variable frequencies,Ultrasound,Ultrasound,50,"20,000-45,000",ambient_sound,,"""all females with their pups were kept in individual cages under standard conditions without experimental intervention""",male,70,,none,,anxiety,Elevated Plus Maze (EPM),,Center entries (crossing),count,count,light_phase,paper Table 1,abramova_2023_biopsy_data.xlsx,KON_f_,PS_f_,KON_PS_f_,independent,yes,Negative,,6.2,3,9,1,,2.9,2.5298,10,0.8,,Mean¬±SEM,,,,,,,,yes,,,,6.2,Extracted mean used unchanged,3,Extracted SD used unchanged,1,Extracted SE used unchanged,2.9,Extracted mean used unchanged,2.5298,Extracted SD used unchanged,0.8,Extracted SE used unchanged
abramova_2023_biopsy,ex026,con022,out087,es183,No,"They had one level of exposure, and two experimental groups, female and males, and one control per group",Blood BDNF and neuropeptide concentrations as potential biomarkers of behavioral impairments in rats with prenatal ultrasound stress experience,,Российский психиатрический журнал,,Rattus norvegicus,albino lab rat,Wistar rat,16 weeks,3 months,"Early, mid, late",full_gestation,all gestation,21,Continuous,24,Expossed to continuous variable frequencies,Ultrasound,Ultrasound,50,"20,000-45,000",ambient_sound,,"""all females with their pups were kept in individual cages under standard conditions without experimental intervention""",female,70,,none,,anxiety,Elevated Plus Maze (EPM),,Center entries (crossing),count,count,light_phase,paper Table 1,abramova_2023_biopsy_data.xlsx,KON_m_,PS_m_,KON_PS_m_,independent,yes,Negative,,4.7,1.9606,10,0.62,,2.9,1.9799,8,0.7,,Mean¬±SEM,,,,,,,,yes,,,,4.7,Extracted mean used unchanged,1.9606,Extracted SD used unchanged,0.62,Extracted SE used unchanged,2.9,Extracted mean used unchanged,1.9799,Extracted SD used unchanged,0.7,Extracted SE used unchanged
abramova_2023_biopsy,ex025,con021,out088,es184,No,"They had one level of exposure, and two experimental groups, female and males, and one control per group",Blood BDNF and neuropeptide concentrations as potential biomarkers of behavioral impairments in rats with prenatal ultrasound stress experience,,Российский психиатрический журнал,,Rattus norvegicus,albino lab rat,Wistar rat,16 weeks,3 months,"Early, mid, late",full_gestation,all gestation,21,Continuous,24,Expossed to continuous variable frequencies,Ultrasound,Ultrasound,50,"20,000-45,000",ambient_sound,,"""all females with their pups were kept in individual cages under standard conditions without experimental intervention""",male,70,,none,,anxiety,Elevated Plus Maze (EPM),,Head-out inspections,count,count,light_phase,paper Table 1,abramova_2023_biopsy_data.xlsx,KON_f_,PS_f_,KON_PS_f_,independent,no,Positive,,,,9,,,,,10,,,estimated from Median(Q1;Q3),,0,0,0,0,0,0.7,yes,"adjust comments text, add Median(Q1, Q2) values",,,0,"Luo et al. (2018): Q1, median, Q3, and n",0,"Wan et al. (2014): Q1, Q3, and n",0,SE = SD / sqrt(n),0.25865,"Luo et al. (2018): Q1, median, Q3, and n",0.6020024253258051,"Wan et al. (2014): Q1, Q3, and n",0.1903698820974976,SE = SD / sqrt(n)
abramova_2023_biopsy,ex026,con022,out088,es185,No,"They had one level of exposure, and two experimental groups, female and males, and one control per group",Blood BDNF and neuropeptide concentrations as potential biomarkers of behavioral impairments in rats with prenatal ultrasound stress experience,,Российский психиатрический журнал,,Rattus norvegicus,albino lab rat,Wistar rat,16 weeks,3 months,"Early, mid, late",full_gestation,all gestation,21,Continuous,24,Expossed to continuous variable frequencies,Ultrasound,Ultrasound,50,"20,000-45,000",ambient_sound,,"""all females with their pups were kept in individual cages under standard conditions without experimental intervention""",female,70,,none,,anxiety,Elevated Plus Maze (EPM),,Head-out inspections,count,count,light_phase,paper Table 1,abramova_2023_biopsy_data.xlsx,KON_m_,PS_m_,KON_PS_m_,independent,no,Positive,,,,10,,,,,8,,,estimated from Median(Q1;Q3),,2,1.2,2,1,0,1,yes,"adjust comments text, add Median(Q1, Q2) values",,,1.7044000000000001,"Luo et al. (2018): Q1, median, Q3, and n",0.6880027718009202,"Wan et al. (2014): Q1, Q3, and n",0.2175655795399973,SE = SD / sqrt(n),0.6256250000000001,"Luo et al. (2018): Q1, median, Q3, and n",0.893507689487484,"Wan et al. (2014): Q1, Q3, and n",0.315902673139462,SE = SD / sqrt(n)
abramova_2023_biopsy,ex025,con021,out089,es186,No,"They had one level of exposure, and two experimental groups, female and males, and one control per group",Blood BDNF and neuropeptide concentrations as potential biomarkers of behavioral impairments in rats with prenatal ultrasound stress experience,,Российский психиатрический журнал,,Rattus norvegicus,albino lab rat,Wistar rat,16 weeks,3 months,"Early, mid, late",full_gestation,all gestation,21,Continuous,24,Expossed to continuous variable frequencies,Ultrasound,Ultrasound,50,"20,000-45,000",ambient_sound,,"""all females with their pups were kept in individual cages under standard conditions without experimental intervention""",male,70,,none,,anxiety,Elevated Plus Maze (EPM),,Overhangs,count,count,light_phase,paper Table 1,abramova_2023_biopsy_data.xlsx,KON_f_,PS_f_,KON_PS_f_,independent,no,Positive,,6.7,4.5,9,1.5,,9.8,7.2732,10,2.3,,Mean¬±SEM,,,,,,,,yes,,,,6.7,Extracted mean used unchanged,4.5,Extracted SD used unchanged,1.5,Extracted SE used unchanged,9.8,Extracted mean used unchanged,7.2732,Extracted SD used unchanged,2.3,Extracted SE used unchanged
abramova_2023_biopsy,ex026,con022,out089,es187,No,"They had one level of exposure, and two experimental groups, female and males, and one control per group",Blood BDNF and neuropeptide concentrations as potential biomarkers of behavioral impairments in rats with prenatal ultrasound stress experience,,Российский психиатрический журнал,,Rattus norvegicus,albino lab rat,Wistar rat,16 weeks,3 months,"Early, mid, late",full_gestation,all gestation,21,Continuous,24,Expossed to continuous variable frequencies,Ultrasound,Ultrasound,50,"20,000-45,000",ambient_sound,,"""all females with their pups were kept in individual cages under standard conditions without experimental intervention""",female,70,,none,,anxiety,Elevated Plus Maze (EPM),,Overhangs,count,count,light_phase,paper Table 1,abramova_2023_biopsy_data.xlsx,KON_m_,PS_m_,KON_PS_m_,independent,no,Positive,,7.8,3.7947,10,1.2,,8.1,4.8083,8,1.7,,Mean¬±SEM,,,,,,,,yes,,,,7.8,Extracted mean used unchanged,3.7947,Extracted SD used unchanged,1.2,Extracted SE used unchanged,8.1,Extracted mean used unchanged,4.8083,Extracted SD used unchanged,1.7,Extracted SE used unchanged
abramova_2023_biopsy,ex025,con021,out090,es188,No,"They had one level of exposure, and two experimental groups, female and males, and one control per group",Blood BDNF and neuropeptide concentrations as potential biomarkers of behavioral impairments in rats with prenatal ultrasound stress experience,,Российский психиатрический журнал,,Rattus norvegicus,albino lab rat,Wistar rat,16 weeks,3 months,"Early, mid, late",full_gestation,all gestation,21,Continuous,24,Expossed to continuous variable frequencies,Ultrasound,Ultrasound,50,"20,000-45,000",ambient_sound,,"""all females with their pups were kept in individual cages under standard conditions without experimental intervention""",male,70,,none,,anxiety,Elevated Plus Maze (EPM),,Rearing frequency,count,count,light_phase,paper Table 1,abramova_2023_biopsy_data.xlsx,KON_f_,PS_f_,KON_PS_f_,independent,yes,Negative,,14.9,5.4,9,1.8,,8,4.111,10,1.3,,Mean¬±SEM,,,,,,,,yes,,,,14.9,Extracted mean used unchanged,5.4,Extracted SD used unchanged,1.8,Extracted SE used unchanged,8,Extracted mean used unchanged,4.111,Extracted SD used unchanged,1.3,Extracted SE used unchanged
abramova_2023_biopsy,ex026,con022,out090,es189,No,"They had one level of exposure, and two experimental groups, female and males, and one control per group",Blood BDNF and neuropeptide concentrations as potential biomarkers of behavioral impairments in rats with prenatal ultrasound stress experience,,Российский психиатрический журнал,,Rattus norvegicus,albino lab rat,Wistar rat,16 weeks,3 months,"Early, mid, late",full_gestation,all gestation,21,Continuous,24,Expossed to continuous variable frequencies,Ultrasound,Ultrasound,50,"20,000-45,000",ambient_sound,,"""all females with their pups were kept in individual cages under standard conditions without experimental intervention""",female,70,,none,,anxiety,Elevated Plus Maze (EPM),,Rearing frequency,count,count,light_phase,paper Table 1,abramova_2023_biopsy_data.xlsx,KON_m_,PS_m_,KON_PS_m_,independent,yes,Negative,,15.8,4.111,10,1.3,,15.2,3.9598,8,1.4,,Mean¬±SEM,,,,,,,,yes,,,,15.8,Extracted mean used unchanged,4.111,Extracted SD used unchanged,1.3,Extracted SE used unchanged,15.2,Extracted mean used unchanged,3.9598,Extracted SD used unchanged,1.4,Extracted SE used unchanged
abramova_2023_biopsy,ex025,con021,out091,es190,No,"They had one level of exposure, and two experimental groups, female and males, and one control per group",Blood BDNF and neuropeptide concentrations as potential biomarkers of behavioral impairments in rats with prenatal ultrasound stress experience,,Российский психиатрический журнал,,Rattus norvegicus,albino lab rat,Wistar rat,16 weeks,3 months,"Early, mid, late",full_gestation,all gestation,21,Continuous,24,Expossed to continuous variable frequencies,Ultrasound,Ultrasound,50,"20,000-45,000",ambient_sound,,"""all females with their pups were kept in individual cages under standard conditions without experimental intervention""",male,70,,none,,anxiety,Elevated Plus Maze (EPM),,Total freezing time,time,seconds,light_phase,paper Table 1,abramova_2023_biopsy_data.xlsx,KON_f_,PS_f_,KON_PS_f_,independent,no,Positive,,,,9,,,,,10,,,estimated from Median(Q1;Q3),,0,0,0,1.1,0,2.3,yes,"adjust comments text, add Median(Q1, Q2) values",,,0,"Luo et al. (2018): Q1, median, Q3, and n",0,"Wan et al. (2014): Q1, Q3, and n",0,SE = SD / sqrt(n),1.13695,"Luo et al. (2018): Q1, median, Q3, and n",1.978007968927645,"Wan et al. (2014): Q1, Q3, and n",0.6255010411774922,SE = SD / sqrt(n)
abramova_2023_biopsy,ex026,con022,out091,es191,No,"They had one level of exposure, and two experimental groups, female and males, and one control per group",Blood BDNF and neuropeptide concentrations as potential biomarkers of behavioral impairments in rats with prenatal ultrasound stress experience,,Российский психиатрический журнал,,Rattus norvegicus,albino lab rat,Wistar rat,16 weeks,3 months,"Early, mid, late",full_gestation,all gestation,21,Continuous,24,Expossed to continuous variable frequencies,Ultrasound,Ultrasound,50,"20,000-45,000",ambient_sound,,"""all females with their pups were kept in individual cages under standard conditions without experimental intervention""",female,70,,none,,anxiety,Elevated Plus Maze (EPM),,Total freezing time,time,seconds,light_phase,paper Table 1,abramova_2023_biopsy_data.xlsx,KON_m_,PS_m_,KON_PS_m_,independent,no,Positive,,,,10,,,,,8,,,estimated from Median(Q1;Q3),,3.8,0,11.6,7.3,2.9,21.3,yes,"adjust comments text, add Median(Q1, Q2) values",,,5.2780000000000005,"Luo et al. (2018): Q1, median, Q3, and n",9.976040191113341,"Wan et al. (2014): Q1, Q3, and n",3.1547009033299607,SE = SD / sqrt(n),10.893999999999998,"Luo et al. (2018): Q1, median, Q3, and n",16.440541486569707,"Wan et al. (2014): Q1, Q3, and n",5.8126091857661,SE = SD / sqrt(n)
abramova_2023_biopsy,ex025,con021,out092,es192,No,"They had one level of exposure, and two experimental groups, female and males, and one control per group",Blood BDNF and neuropeptide concentrations as potential biomarkers of behavioral impairments in rats with prenatal ultrasound stress experience,,Российский психиатрический журнал,,Rattus norvegicus,albino lab rat,Wistar rat,16 weeks,3 months,"Early, mid, late",full_gestation,all gestation,21,Continuous,24,Expossed to continuous variable frequencies,Ultrasound,Ultrasound,50,"20,000-45,000",ambient_sound,,"""all females with their pups were kept in individual cages under standard conditions without experimental intervention""",male,70,,none,,anxiety,Elevated Plus Maze (EPM),,Total grooming time,time,seconds,light_phase,paper Table 1,abramova_2023_biopsy_data.xlsx,KON_f_,PS_f_,KON_PS_f_,independent,no,Positive,,24.9,20.7,9,6.9,,46.8,20.871,10,6.6,,Mean¬±SEM,,,,,,,,yes,,,,24.9,Extracted mean used unchanged,20.7,Extracted SD used unchanged,6.9,Extracted SE used unchanged,46.8,Extracted mean used unchanged,20.871,Extracted SD used unchanged,6.6,Extracted SE used unchanged
abramova_2023_biopsy,ex026,con022,out092,es193,No,"They had one level of exposure, and two experimental groups, female and males, and one control per group",Blood BDNF and neuropeptide concentrations as potential biomarkers of behavioral impairments in rats with prenatal ultrasound stress experience,,Российский психиатрический журнал,,Rattus norvegicus,albino lab rat,Wistar rat,16 weeks,3 months,"Early, mid, late",full_gestation,all gestation,21,Continuous,24,Expossed to continuous variable frequencies,Ultrasound,Ultrasound,50,"20,000-45,000",ambient_sound,,"""all females with their pups were kept in individual cages under standard conditions without experimental intervention""",female,70,,none,,anxiety,Elevated Plus Maze (EPM),,Total grooming time,time,seconds,light_phase,paper Table 1,abramova_2023_biopsy_data.xlsx,KON_m_,PS_m_,KON_PS_m_,independent,no,Positive,,24,14.8627,10,4.7,,29.7,28.5671,8,10.1,,Mean¬±SEM,,,,,,,,yes,,,,24,Extracted mean used unchanged,14.8627,Extracted SD used unchanged,4.7,Extracted SE used unchanged,29.7,Extracted mean used unchanged,28.5671,Extracted SD used unchanged,10.1,Extracted SE used unchanged
abramova_2023_biopsy,ex025,con021,out093,es194,No,"They had one level of exposure, and two experimental groups, female and males, and one control per group",Blood BDNF and neuropeptide concentrations as potential biomarkers of behavioral impairments in rats with prenatal ultrasound stress experience,,Российский психиатрический журнал,,Rattus norvegicus,albino lab rat,Wistar rat,16 weeks,3 months,"Early, mid, late",full_gestation,all gestation,21,Continuous,24,Expossed to continuous variable frequencies,Ultrasound,Ultrasound,50,"20,000-45,000",ambient_sound,,"""all females with their pups were kept in individual cages under standard conditions without experimental intervention""",male,70,,none,,anxiety,Elevated Plus Maze (EPM),,Grooming frequency,count,count,light_phase,paper Table 1,abramova_2023_biopsy_data.xlsx,KON_f_,PS_f_,KON_PS_f_,independent,no,Positive,,,,9,,,,,10,,,estimated from Median(Q1;Q3),,3,2,4,2,1.2,4.5,yes,"adjust comments text, add Median(Q1, Q2) values",,,3,"Luo et al. (2018): Q1, median, Q3, and n",1.7493603130956201,"Wan et al. (2014): Q1, Q3, and n",0.5831201043652067,SE = SD / sqrt(n),2.6281499999999998,"Luo et al. (2018): Q1, median, Q3, and n",2.8380114336787954,"Wan et al. (2014): Q1, Q3, and n",0.8974580156024888,SE = SD / sqrt(n)
abramova_2023_biopsy,ex026,con022,out093,es195,No,"They had one level of exposure, and two experimental groups, female and males, and one control per group",Blood BDNF and neuropeptide concentrations as potential biomarkers of behavioral impairments in rats with prenatal ultrasound stress experience,,Российский психиатрический журнал,,Rattus norvegicus,albino lab rat,Wistar rat,16 weeks,3 months,"Early, mid, late",full_gestation,all gestation,21,Continuous,24,Expossed to continuous variable frequencies,Ultrasound,Ultrasound,50,"20,000-45,000",ambient_sound,,"""all females with their pups were kept in individual cages under standard conditions without experimental intervention""",female,70,,none,,anxiety,Elevated Plus Maze (EPM),,Grooming frequency,count,count,light_phase,paper Table 1,abramova_2023_biopsy_data.xlsx,KON_m_,PS_m_,KON_PS_m_,independent,no,Positive,,,,10,,,,,8,,,estimated from Median(Q1;Q3),,4,2.2,4,2.5,0.7,5.7,yes,"adjust comments text, add Median(Q1, Q2) values",,,3.3349,"Luo et al. (2018): Q1, median, Q3, and n",1.5480062365520701,"Wan et al. (2014): Q1, Q3, and n",0.4895225539649939,SE = SD / sqrt(n),3.024125,"Luo et al. (2018): Q1, median, Q3, and n",4.467538447437421,"Wan et al. (2014): Q1, Q3, and n",1.5795133656973102,SE = SD / sqrt(n)
abramova_2023_biopsy,ex025,con021,out094,es196,No,"They had one level of exposure, and two experimental groups, female and males, and one control per group",Blood BDNF and neuropeptide concentrations as potential biomarkers of behavioral impairments in rats with prenatal ultrasound stress experience,,Российский психиатрический журнал,,Rattus norvegicus,albino lab rat,Wistar rat,16 weeks,3 months,"Early, mid, late",full_gestation,all gestation,21,Continuous,24,Expossed to continuous variable frequencies,Ultrasound,Ultrasound,50,"20,000-45,000",ambient_sound,,"""all females with their pups were kept in individual cages under standard conditions without experimental intervention""",male,70,,none,,anxiety,Elevated Plus Maze (EPM),,Mean grooming duration,percentage,percent,light_phase,paper Table 1,abramova_2023_biopsy_data.xlsx,KON_f_,PS_f_,KON_PS_f_,independent,no,Positive,,6.8,5.4,9,1.8,,20.9,15.1789,10,4.8,,Mean¬±SEM,,,,,,,,yes,,,,6.8,Extracted mean used unchanged,5.4,Extracted SD used unchanged,1.8,Extracted SE used unchanged,20.9,Extracted mean used unchanged,15.1789,Extracted SD used unchanged,4.8,Extracted SE used unchanged
abramova_2023_biopsy,ex026,con022,out094,es197,No,"They had one level of exposure, and two experimental groups, female and males, and one control per group",Blood BDNF and neuropeptide concentrations as potential biomarkers of behavioral impairments in rats with prenatal ultrasound stress experience,,Российский психиатрический журнал,,Rattus norvegicus,albino lab rat,Wistar rat,16 weeks,3 months,"Early, mid, late",full_gestation,all gestation,21,Continuous,24,Expossed to continuous variable frequencies,Ultrasound,Ultrasound,50,"20,000-45,000",ambient_sound,,"""all females with their pups were kept in individual cages under standard conditions without experimental intervention""",female,70,,none,,anxiety,Elevated Plus Maze (EPM),,Mean grooming duration,percentage,percent,light_phase,paper Table 1,abramova_2023_biopsy_data.xlsx,KON_m_,PS_m_,KON_PS_m_,independent,no,Positive,,6.4,2.846,10,0.9,,8.8,8.2024,8,2.9,,Mean¬±SEM,,,,,,,,yes,,,,6.4,Extracted mean used unchanged,2.846,Extracted SD used unchanged,0.9,Extracted SE used unchanged,8.8,Extracted mean used unchanged,8.2024,Extracted SD used unchanged,2.9,Extracted SE used unchanged
abramova_2023_biopsy,ex025,con021,out095,es198,No,"They had one level of exposure, and two experimental groups, female and males, and one control per group",Blood BDNF and neuropeptide concentrations as potential biomarkers of behavioral impairments in rats with prenatal ultrasound stress experience,,Российский психиатрический журнал,,Rattus norvegicus,albino lab rat,Wistar rat,16 weeks,3 months,"Early, mid, late",full_gestation,all gestation,21,Continuous,24,Expossed to continuous variable frequencies,Ultrasound,Ultrasound,50,"20,000-45,000",ambient_sound,,"""all females with their pups were kept in individual cages under standard conditions without experimental intervention""",male,80,,none,,depression,Sucrose Preference Test (SPT),,Sucrose preference index,index,percent,light_phase,paper Table 1,abramova_2023_biopsy_data.xlsx,KON_f_,PS_f_,KON_PS_f_,independent,yes,Negative,,63.5,17.4,9,5.8,,60.3,13.914,10,4.4,,Mean¬±SEM,,,,,,,,yes,,,,63.5,Extracted mean used unchanged,17.4,Extracted SD used unchanged,5.8,Extracted SE used unchanged,60.3,Extracted mean used unchanged,13.914,Extracted SD used unchanged,4.4,Extracted SE used unchanged
abramova_2023_biopsy,ex026,con022,out095,es199,No,"They had one level of exposure, and two experimental groups, female and males, and one control per group",Blood BDNF and neuropeptide concentrations as potential biomarkers of behavioral impairments in rats with prenatal ultrasound stress experience,,Российский психиатрический журнал,,Rattus norvegicus,albino lab rat,Wistar rat,16 weeks,3 months,"Early, mid, late",full_gestation,all gestation,21,Continuous,24,Expossed to continuous variable frequencies,Ultrasound,Ultrasound,50,"20,000-45,000",ambient_sound,,"""all females with their pups were kept in individual cages under standard conditions without experimental intervention""",female,80,,none,,depression,Sucrose Preference Test (SPT),,Sucrose preference index,index,percent,light_phase,paper Table 1,abramova_2023_biopsy_data.xlsx,KON_m_,PS_m_,KON_PS_m_,independent,yes,Negative,,62.3,21.1873,10,6.7,,83.4,11.3137,8,4,,Mean¬±SEM,,,,,,,,yes,,,,62.3,Extracted mean used unchanged,21.1873,Extracted SD used unchanged,6.7,Extracted SE used unchanged,83.4,Extracted mean used unchanged,11.3137,Extracted SD used unchanged,4,Extracted SE used unchanged
abramova_2023_biopsy,ex025,con021,out096,es200,No,"They had one level of exposure, and two experimental groups, female and males, and one control per group",Blood BDNF and neuropeptide concentrations as potential biomarkers of behavioral impairments in rats with prenatal ultrasound stress experience,,Российский психиатрический журнал,,Rattus norvegicus,albino lab rat,Wistar rat,16 weeks,3 months,"Early, mid, late",full_gestation,all gestation,21,Continuous,24,Expossed to continuous variable frequencies,Ultrasound,Ultrasound,50,"20,000-45,000",ambient_sound,,"""all females with their pups were kept in individual cages under standard conditions without experimental intervention""",male,95,,none,,depression,Forced Swimming Test (FST),,Total immobility time,time,seconds,light_phase,paper Table 1,abramova_2023_biopsy_data.xlsx,KON_f_,PS_f_,KON_PS_f_,independent,no,Positive,,,,9,,,,,10,,,estimated from Median(Q1;Q3),,110,81,143,140,102,164,yes,"adjust comments text, add Median(Q1, Q2) values",,,111.48666666666666,"Luo et al. (2018): Q1, median, Q3, and n",54.23016970596423,"Wan et al. (2014): Q1, Q3, and n",18.07672323532141,SE = SD / sqrt(n),134.827,"Luo et al. (2018): Q1, median, Q3, and n",53.32021481457131,"Wan et al. (2014): Q1, Q3, and n",16.86133241434979,SE = SD / sqrt(n)
abramova_2023_biopsy,ex026,con022,out096,es201,No,"They had one level of exposure, and two experimental groups, female and males, and one control per group",Blood BDNF and neuropeptide concentrations as potential biomarkers of behavioral impairments in rats with prenatal ultrasound stress experience,,Российский психиатрический журнал,,Rattus norvegicus,albino lab rat,Wistar rat,16 weeks,3 months,"Early, mid, late",full_gestation,all gestation,21,Continuous,24,Expossed to continuous variable frequencies,Ultrasound,Ultrasound,50,"20,000-45,000",ambient_sound,,"""all females with their pups were kept in individual cages under standard conditions without experimental intervention""",female,95,,none,,depression,Forced Swimming Test (FST),,Total immobility time,time,seconds,light_phase,paper Table 1,abramova_2023_biopsy_data.xlsx,KON_m_,PS_m_,KON_PS_m_,independent,no,Positive,,,,10,,,,,8,,,estimated from Median(Q1;Q3),,64,45,83,100,87,109,yes,"adjust comments text, add Median(Q1, Q2) values",,,64,"Luo et al. (2018): Q1, median, Q3, and n",32.68013166054371,"Wan et al. (2014): Q1, Q3, and n",10.334365028149872,SE = SD / sqrt(n),98.5025,"Luo et al. (2018): Q1, median, Q3, and n",19.65716916872465,"Wan et al. (2014): Q1, Q3, and n",6.949858809068164,SE = SD / sqrt(n)
abramova_2023_biopsy,ex025,con021,out097,es202,No,"They had one level of exposure, and two experimental groups, female and males, and one control per group",Blood BDNF and neuropeptide concentrations as potential biomarkers of behavioral impairments in rats with prenatal ultrasound stress experience,,Российский психиатрический журнал,,Rattus norvegicus,albino lab rat,Wistar rat,16 weeks,3 months,"Early, mid, late",full_gestation,all gestation,21,Continuous,24,Expossed to continuous variable frequencies,Ultrasound,Ultrasound,50,"20,000-45,000",ambient_sound,,"""all females with their pups were kept in individual cages under standard conditions without experimental intervention""",male,95,,none,,depression,Forced Swimming Test (FST),,Total passive swimming,time,seconds,light_phase,paper Table 1,abramova_2023_biopsy_data.xlsx,KON_f_,PS_f_,KON_PS_f_,independent,no,Positive,,202,39,9,13,,201,34.7851,10,11,,Mean¬±SEM,,,,,,,,yes,,,,202,Extracted mean used unchanged,39,Extracted SD used unchanged,13,Extracted SE used unchanged,201,Extracted mean used unchanged,34.7851,Extracted SD used unchanged,11,Extracted SE used unchanged
abramova_2023_biopsy,ex026,con022,out097,es203,No,"They had one level of exposure, and two experimental groups, female and males, and one control per group",Blood BDNF and neuropeptide concentrations as potential biomarkers of behavioral impairments in rats with prenatal ultrasound stress experience,,Российский психиатрический журнал,,Rattus norvegicus,albino lab rat,Wistar rat,16 weeks,3 months,"Early, mid, late",full_gestation,all gestation,21,Continuous,24,Expossed to continuous variable frequencies,Ultrasound,Ultrasound,50,"20,000-45,000",ambient_sound,,"""all females with their pups were kept in individual cages under standard conditions without experimental intervention""",female,95,,none,,depression,Forced Swimming Test (FST),,Total passive swimming,time,seconds,light_phase,paper Table 1,abramova_2023_biopsy_data.xlsx,KON_m_,PS_m_,KON_PS_m_,independent,no,Positive,,223,82.2192,10,26,,228,22.6274,8,8,,Mean¬±SEM,,,,,,,,yes,,,,223,Extracted mean used unchanged,82.2192,Extracted SD used unchanged,26,Extracted SE used unchanged,228,Extracted mean used unchanged,22.6274,Extracted SD used unchanged,8,Extracted SE used unchanged
abramova_2023_biopsy,ex025,con021,out098,es204,No,"They had one level of exposure, and two experimental groups, female and males, and one control per group",Blood BDNF and neuropeptide concentrations as potential biomarkers of behavioral impairments in rats with prenatal ultrasound stress experience,,Российский психиатрический журнал,,Rattus norvegicus,albino lab rat,Wistar rat,16 weeks,3 months,"Early, mid, late",full_gestation,all gestation,21,Continuous,24,Expossed to continuous variable frequencies,Ultrasound,Ultrasound,50,"20,000-45,000",ambient_sound,,"""all females with their pups were kept in individual cages under standard conditions without experimental intervention""",male,95,,none,,depression,Forced Swimming Test (FST),,Total active swimming,time,seconds,light_phase,paper Table 1,abramova_2023_biopsy_data.xlsx,KON_f_,PS_f_,KON_PS_f_,independent,yes,Negative,,43,21,9,7,,22,15.8114,10,5,,Mean¬±SEM,,,,,,,,yes,,,,43,Extracted mean used unchanged,21,Extracted SD used unchanged,7,Extracted SE used unchanged,22,Extracted mean used unchanged,15.8114,Extracted SD used unchanged,5,Extracted SE used unchanged
abramova_2023_biopsy,ex026,con022,out098,es205,No,"They had one level of exposure, and two experimental groups, female and males, and one control per group",Blood BDNF and neuropeptide concentrations as potential biomarkers of behavioral impairments in rats with prenatal ultrasound stress experience,,Российский психиатрический журнал,,Rattus norvegicus,albino lab rat,Wistar rat,16 weeks,3 months,"Early, mid, late",full_gestation,all gestation,21,Continuous,24,Expossed to continuous variable frequencies,Ultrasound,Ultrasound,50,"20,000-45,000",ambient_sound,,"""all females with their pups were kept in individual cages under standard conditions without experimental intervention""",female,95,,none,,depression,Forced Swimming Test (FST),,Total active swimming,time,seconds,light_phase,paper Table 1,abramova_2023_biopsy_data.xlsx,KON_m_,PS_m_,KON_PS_m_,independent,yes,Negative,,47,25.2982,10,8,,36,19.799,8,7,,Mean¬±SEM,,,,,,,,yes,,,,47,Extracted mean used unchanged,25.2982,Extracted SD used unchanged,8,Extracted SE used unchanged,36,Extracted mean used unchanged,19.799,Extracted SD used unchanged,7,Extracted SE used unchanged
abramova_2023_biopsy,ex025,con021,out099,es206,No,"They had one level of exposure, and two experimental groups, female and males, and one control per group",Blood BDNF and neuropeptide concentrations as potential biomarkers of behavioral impairments in rats with prenatal ultrasound stress experience,,Российский психиатрический журнал,,Rattus norvegicus,albino lab rat,Wistar rat,16 weeks,3 months,"Early, mid, late",full_gestation,all gestation,21,Continuous,24,Expossed to continuous variable frequencies,Ultrasound,Ultrasound,50,"20,000-45,000",ambient_sound,,"""all females with their pups were kept in individual cages under standard conditions without experimental intervention""",male,95,,none,,depression,Forced Swimming Test (FST),,Number of dives,count,count,light_phase,paper Table 1,abramova_2023_biopsy_data.xlsx,KON_f_,PS_f_,KON_PS_f_,independent,yes,Negative,,,,9,,,,,10,,,estimated from Median(Q1;Q3),,1,0,4,3,1,4.7,yes,"adjust comments text, add Median(Q1, Q2) values",,,1.7433333333333332,"Luo et al. (2018): Q1, median, Q3, and n",3.4987206261912402,"Wan et al. (2014): Q1, Q3, and n",1.1662402087304133,SE = SD / sqrt(n),2.88915,"Luo et al. (2018): Q1, median, Q3, and n",3.182012819579256,"Wan et al. (2014): Q1, Q3, and n",1.0062408053724876,SE = SD / sqrt(n)
abramova_2023_biopsy,ex026,con022,out099,es207,No,"They had one level of exposure, and two experimental groups, female and males, and one control per group",Blood BDNF and neuropeptide concentrations as potential biomarkers of behavioral impairments in rats with prenatal ultrasound stress experience,,Российский психиатрический журнал,,Rattus norvegicus,albino lab rat,Wistar rat,16 weeks,3 months,"Early, mid, late",full_gestation,all gestation,21,Continuous,24,Expossed to continuous variable frequencies,Ultrasound,Ultrasound,50,"20,000-45,000",ambient_sound,,"""all females with their pups were kept in individual cages under standard conditions without experimental intervention""",female,95,,none,,depression,Forced Swimming Test (FST),,Number of dives,count,count,light_phase,paper Table 1,abramova_2023_biopsy_data.xlsx,KON_m_,PS_m_,KON_PS_m_,independent,yes,Negative,,,,10,,,,,8,,,estimated from Median(Q1;Q3),,0,0,1,1,0,2,yes,"adjust comments text, add Median(Q1, Q2) values",,,0.3695,"Luo et al. (2018): Q1, median, Q3, and n",0.8600034647511502,"Wan et al. (2014): Q1, Q3, and n",0.2719569744249966,SE = SD / sqrt(n),1,"Luo et al. (2018): Q1, median, Q3, and n",1.787015378974968,"Wan et al. (2014): Q1, Q3, and n",0.631805346278924,SE = SD / sqrt(n)
