es_id,es001,es002,es003,es010,es011,es012,es013,es014,es015,es016,es017,es018,es021,es022,es023,es024,es025,es026,es027,es028,es029,es030,es031,es032,es033,es034,es035,es036,es037,es038,es039,es040,es041,es042,es043,es044,es045,es046,es047,es048,es049,es050,es051,es052,es053,es054,es055,es056,es057,es062,es063,es064,es065,es066,es067,es068,es069,es070,es071,es072,es073,es074,es075,es076,es077,es078,es079,es082,es083,es084,es085,es086,es087,es088,es089,es090,es091,es092,es093,es094,es095,es096,es097,es098,es099,es100,es101,es102,es103,es104,es105,es106,es107,es108,es109,es110,es111,es112,es113,es114,es115,es116,es117,es118,es119,es120,es121,es122,es123,es124,es125,es126,es127,es128,es129,es130,es131,es132,es133,es134,es135,es136,es137,es138,es139,es140,es141,es160,es161,es162,es163,es164,es165,es166,es167,es168,es169,es170,es171,es172,es173,es174,es175,es176,es177,es178,es179,es180,es181,es182,es183,es184,es185,es186,es187,es188,es189,es190,es191,es192,es193,es194,es195,es196,es197,es198,es199,es200,es201,es202,es203,es204,es205,es206,es207
es001,0.7733829364532603,0.19366579175243787,0.21705764404641853,0,0,0,0,0,0,0,0,0,0,0,0,0,0,0,0,0,0,0,0,0,0,0,0,0,0,0,0,0,0,0,0,0,0,0,0,0,0,0,0,0,0,0,0,0,0,0,0,0,0,0,0,0,0,0,0,0,0,0,0,0,0,0,0,0,0,0,0,0,0,0,0,0,0,0,0,0,0,0,0,0,0,0,0,0,0,0,0,0,0,0,0,0,0,0,0,0,0,0,0,0,0,0,0,0,0,0,0,0,0,0,0,0,0,0,0,0,0,0,0,0,0,0,0,0,0,0,0,0,0,0,0,0,0,0,0,0,0,0,0,0,0,0,0,0,0,0,0,0,0,0,0,0,0,0,0,0,0,0,0,0,0,0,0,0,0,0,0,0,0,0,0
es002,0.19366579175243787,0.19398637920357242,0.10870847676818114,0,0,0,0,0,0,0,0,0,0,0,0,0,0,0,0,0,0,0,0,0,0,0,0,0,0,0,0,0,0,0,0,0,0,0,0,0,0,0,0,0,0,0,0,0,0,0,0,0,0,0,0,0,0,0,0,0,0,0,0,0,0,0,0,0,0,0,0,0,0,0,0,0,0,0,0,0,0,0,0,0,0,0,0,0,0,0,0,0,0,0,0,0,0,0,0,0,0,0,0,0,0,0,0,0,0,0,0,0,0,0,0,0,0,0,0,0,0,0,0,0,0,0,0,0,0,0,0,0,0,0,0,0,0,0,0,0,0,0,0,0,0,0,0,0,0,0,0,0,0,0,0,0,0,0,0,0,0,0,0,0,0,0,0,0,0,0,0,0,0,0,0
es003,0.21705764404641853,0.10870847676818114,0.24367758127711983,0,0,0,0,0,0,0,0,0,0,0,0,0,0,0,0,0,0,0,0,0,0,0,0,0,0,0,0,0,0,0,0,0,0,0,0,0,0,0,0,0,0,0,0,0,0,0,0,0,0,0,0,0,0,0,0,0,0,0,0,0,0,0,0,0,0,0,0,0,0,0,0,0,0,0,0,0,0,0,0,0,0,0,0,0,0,0,0,0,0,0,0,0,0,0,0,0,0,0,0,0,0,0,0,0,0,0,0,0,0,0,0,0,0,0,0,0,0,0,0,0,0,0,0,0,0,0,0,0,0,0,0,0,0,0,0,0,0,0,0,0,0,0,0,0,0,0,0,0,0,0,0,0,0,0,0,0,0,0,0,0,0,0,0,0,0,0,0,0,0,0,0
es010,0,0,0,0.20185540828836418,0.10177387324250331,0.10215934796733256,0,0,0,0,0,0,0,0,0,0,0,0,0,0,0,0,0,0,0,0,0,0,0,0,0,0,0,0,0,0,0,0,0,0,0,0,0,0,0,0,0,0,0,0,0,0,0,0,0,0,0,0,0,0,0,0,0,0,0,0,0,0,0,0,0,0,0,0,0,0,0,0,0,0,0,0,0,0,0,0,0,0,0,0,0,0,0,0,0,0,0,0,0,0,0,0,0,0,0,0,0,0,0,0,0,0,0,0,0,0,0,0,0,0,0,0,0,0,0,0,0,0,0,0,0,0,0,0,0,0,0,0,0,0,0,0,0,0,0,0,0,0,0,0,0,0,0,0,0,0,0,0,0,0,0,0,0,0,0,0,0,0,0,0,0,0,0,0,0
es011,0,0,0,0.10177387324250331,0.20525427309798183,0.10301584306040543,0,0,0,0,0,0,0,0,0,0,0,0,0,0,0,0,0,0,0,0,0,0,0,0,0,0,0,0,0,0,0,0,0,0,0,0,0,0,0,0,0,0,0,0,0,0,0,0,0,0,0,0,0,0,0,0,0,0,0,0,0,0,0,0,0,0,0,0,0,0,0,0,0,0,0,0,0,0,0,0,0,0,0,0,0,0,0,0,0,0,0,0,0,0,0,0,0,0,0,0,0,0,0,0,0,0,0,0,0,0,0,0,0,0,0,0,0,0,0,0,0,0,0,0,0,0,0,0,0,0,0,0,0,0,0,0,0,0,0,0,0,0,0,0,0,0,0,0,0,0,0,0,0,0,0,0,0,0,0,0,0,0,0,0,0,0,0,0,0
es012,0,0,0,0.10215934796733256,0.10301584306040543,0.20681204364267,0,0,0,0,0,0,0,0,0,0,0,0,0,0,0,0,0,0,0,0,0,0,0,0,0,0,0,0,0,0,0,0,0,0,0,0,0,0,0,0,0,0,0,0,0,0,0,0,0,0,0,0,0,0,0,0,0,0,0,0,0,0,0,0,0,0,0,0,0,0,0,0,0,0,0,0,0,0,0,0,0,0,0,0,0,0,0,0,0,0,0,0,0,0,0,0,0,0,0,0,0,0,0,0,0,0,0,0,0,0,0,0,0,0,0,0,0,0,0,0,0,0,0,0,0,0,0,0,0,0,0,0,0,0,0,0,0,0,0,0,0,0,0,0,0,0,0,0,0,0,0,0,0,0,0,0,0,0,0,0,0,0,0,0,0,0,0,0,0
es013,0,0,0,0,0,0,0.20451142923227444,0.10828840051545137,0.051027131918713546,0.05379840331297321,0.051170411947731996,0.05379009856163343,0,0,0,0,0,0,0,0,0,0,0,0,0,0,0,0,0,0,0,0,0,0,0,0,0,0,0,0,0,0,0,0,0,0,0,0,0,0,0,0,0,0,0,0,0,0,0,0,0,0,0,0,0,0,0,0,0,0,0,0,0,0,0,0,0,0,0,0,0,0,0,0,0,0,0,0,0,0,0,0,0,0,0,0,0,0,0,0,0,0,0,0,0,0,0,0,0,0,0,0,0,0,0,0,0,0,0,0,0,0,0,0,0,0,0,0,0,0,0,0,0,0,0,0,0,0,0,0,0,0,0,0,0,0,0,0,0,0,0,0,0,0,0,0,0,0,0,0,0,0,0,0,0,0,0,0,0,0,0,0,0,0,0
es014,0,0,0,0,0,0,0.10828840051545137,0.22935398241976085,0.05403753246565655,0.05697229799739383,0.054189265454139976,0.05696350329831378,0,0,0,0,0,0,0,0,0,0,0,0,0,0,0,0,0,0,0,0,0,0,0,0,0,0,0,0,0,0,0,0,0,0,0,0,0,0,0,0,0,0,0,0,0,0,0,0,0,0,0,0,0,0,0,0,0,0,0,0,0,0,0,0,0,0,0,0,0,0,0,0,0,0,0,0,0,0,0,0,0,0,0,0,0,0,0,0,0,0,0,0,0,0,0,0,0,0,0,0,0,0,0,0,0,0,0,0,0,0,0,0,0,0,0,0,0,0,0,0,0,0,0,0,0,0,0,0,0,0,0,0,0,0,0,0,0,0,0,0,0,0,0,0,0,0,0,0,0,0,0,0,0,0,0,0,0,0,0,0,0,0,0
es015,0,0,0,0,0,0,0.051027131918713546,0.05403753246565655,0.20370641986116544,0.10738483352925557,0.05106960272281498,0.05368412837421834,0,0,0,0,0,0,0,0,0,0,0,0,0,0,0,0,0,0,0,0,0,0,0,0,0,0,0,0,0,0,0,0,0,0,0,0,0,0,0,0,0,0,0,0,0,0,0,0,0,0,0,0,0,0,0,0,0,0,0,0,0,0,0,0,0,0,0,0,0,0,0,0,0,0,0,0,0,0,0,0,0,0,0,0,0,0,0,0,0,0,0,0,0,0,0,0,0,0,0,0,0,0,0,0,0,0,0,0,0,0,0,0,0,0,0,0,0,0,0,0,0,0,0,0,0,0,0,0,0,0,0,0,0,0,0,0,0,0,0,0,0,0,0,0,0,0,0,0,0,0,0,0,0,0,0,0,0,0,0,0,0,0,0
es016,0,0,0,0,0,0,0.05379840331297321,0.05697229799739383,0.10738483352925557,0.226433756579005,0.05384318069634085,0.05659970061383062,0,0,0,0,0,0,0,0,0,0,0,0,0,0,0,0,0,0,0,0,0,0,0,0,0,0,0,0,0,0,0,0,0,0,0,0,0,0,0,0,0,0,0,0,0,0,0,0,0,0,0,0,0,0,0,0,0,0,0,0,0,0,0,0,0,0,0,0,0,0,0,0,0,0,0,0,0,0,0,0,0,0,0,0,0,0,0,0,0,0,0,0,0,0,0,0,0,0,0,0,0,0,0,0,0,0,0,0,0,0,0,0,0,0,0,0,0,0,0,0,0,0,0,0,0,0,0,0,0,0,0,0,0,0,0,0,0,0,0,0,0,0,0,0,0,0,0,0,0,0,0,0,0,0,0,0,0,0,0,0,0,0,0
es017,0,0,0,0,0,0,0.051170411947731996,0.054189265454139976,0.05106960272281498,0.05384318069634085,0.20485200802556422,0.10766973806561286,0,0,0,0,0,0,0,0,0,0,0,0,0,0,0,0,0,0,0,0,0,0,0,0,0,0,0,0,0,0,0,0,0,0,0,0,0,0,0,0,0,0,0,0,0,0,0,0,0,0,0,0,0,0,0,0,0,0,0,0,0,0,0,0,0,0,0,0,0,0,0,0,0,0,0,0,0,0,0,0,0,0,0,0,0,0,0,0,0,0,0,0,0,0,0,0,0,0,0,0,0,0,0,0,0,0,0,0,0,0,0,0,0,0,0,0,0,0,0,0,0,0,0,0,0,0,0,0,0,0,0,0,0,0,0,0,0,0,0,0,0,0,0,0,0,0,0,0,0,0,0,0,0,0,0,0,0,0,0,0,0,0,0
es018,0,0,0,0,0,0,0.05379009856163343,0.05696350329831378,0.05368412837421834,0.05659970061383062,0.10766973806561286,0.22636385372743778,0,0,0,0,0,0,0,0,0,0,0,0,0,0,0,0,0,0,0,0,0,0,0,0,0,0,0,0,0,0,0,0,0,0,0,0,0,0,0,0,0,0,0,0,0,0,0,0,0,0,0,0,0,0,0,0,0,0,0,0,0,0,0,0,0,0,0,0,0,0,0,0,0,0,0,0,0,0,0,0,0,0,0,0,0,0,0,0,0,0,0,0,0,0,0,0,0,0,0,0,0,0,0,0,0,0,0,0,0,0,0,0,0,0,0,0,0,0,0,0,0,0,0,0,0,0,0,0,0,0,0,0,0,0,0,0,0,0,0,0,0,0,0,0,0,0,0,0,0,0,0,0,0,0,0,0,0,0,0,0,0,0,0
es021,0,0,0,0,0,0,0,0,0,0,0,0,0.04463643729248609,0,0.021833938118534717,0,0.031729840828264536,0,0.02267308634920744,0,0.02089098634297984,0,0.022712331802871792,0,0.018481641058916868,0,0.018210100871847636,0,0.02844731216148701,0,0.02087629448253967,0,0.02072028303289111,0,0.034202211393418405,0,0.020886219185072677,0,0,0,0,0,0,0,0,0,0,0,0,0,0,0,0,0,0,0,0,0,0,0,0,0,0,0,0,0,0,0,0,0,0,0,0,0,0,0,0,0,0,0,0,0,0,0,0,0,0,0,0,0,0,0,0,0,0,0,0,0,0,0,0,0,0,0,0,0,0,0,0,0,0,0,0,0,0,0,0,0,0,0,0,0,0,0,0,0,0,0,0,0,0,0,0,0,0,0,0,0,0,0,0,0,0,0,0,0,0,0,0,0,0,0,0,0,0,0,0,0,0,0,0,0,0,0,0,0,0,0,0,0,0,0,0,0,0
es022,0,0,0,0,0,0,0,0,0,0,0,0,0,0.04457407215073096,0,0.022440883483790437,0,0.03846978896581364,0,0.02298789682211402,0,0.022764781050599786,0,0.024289707642404998,0,0.020680585522418256,0,0.019096871272836033,0,0.028182276761371763,0,0.021595095269311932,0,0.02152064343755131,0,0.034764488832464684,0,0.021341598506411843,0,0,0,0,0,0,0,0,0,0,0,0,0,0,0,0,0,0,0,0,0,0,0,0,0,0,0,0,0,0,0,0,0,0,0,0,0,0,0,0,0,0,0,0,0,0,0,0,0,0,0,0,0,0,0,0,0,0,0,0,0,0,0,0,0,0,0,0,0,0,0,0,0,0,0,0,0,0,0,0,0,0,0,0,0,0,0,0,0,0,0,0,0,0,0,0,0,0,0,0,0,0,0,0,0,0,0,0,0,0,0,0,0,0,0,0,0,0,0,0,0,0,0,0,0,0,0,0,0,0,0,0,0,0,0,0,0
es023,0,0,0,0,0,0,0,0,0,0,0,0,0.021833938118534717,0,0.04272033187955638,0,0.031041338564532117,0,0.022181105586942654,0,0.020437675169230365,0,0.022219499457901772,0,0.01808060999874151,0,0.01781496193179048,0,0.027830037119790627,0,0.02042330210582502,0,0.020270675931155696,0,0.03346006143759364,0,0.020433011453348908,0,0,0,0,0,0,0,0,0,0,0,0,0,0,0,0,0,0,0,0,0,0,0,0,0,0,0,0,0,0,0,0,0,0,0,0,0,0,0,0,0,0,0,0,0,0,0,0,0,0,0,0,0,0,0,0,0,0,0,0,0,0,0,0,0,0,0,0,0,0,0,0,0,0,0,0,0,0,0,0,0,0,0,0,0,0,0,0,0,0,0,0,0,0,0,0,0,0,0,0,0,0,0,0,0,0,0,0,0,0,0,0,0,0,0,0,0,0,0,0,0,0,0,0,0,0,0,0,0,0,0,0,0,0,0,0,0,0
es024,0,0,0,0,0,0,0,0,0,0,0,0,0,0.022440883483790437,0,0.045191585801729356,0,0.0387353459162772,0,0.023146582272223357,0,0.022921926332554413,0,0.024457379492513157,0,0.02082334360279178,0,0.019228696973858622,0,0.028376819015828125,0,0.021744166210402475,0,0.021669200437652567,0,0.03500446809637428,0,0.021488919559366323,0,0,0,0,0,0,0,0,0,0,0,0,0,0,0,0,0,0,0,0,0,0,0,0,0,0,0,0,0,0,0,0,0,0,0,0,0,0,0,0,0,0,0,0,0,0,0,0,0,0,0,0,0,0,0,0,0,0,0,0,0,0,0,0,0,0,0,0,0,0,0,0,0,0,0,0,0,0,0,0,0,0,0,0,0,0,0,0,0,0,0,0,0,0,0,0,0,0,0,0,0,0,0,0,0,0,0,0,0,0,0,0,0,0,0,0,0,0,0,0,0,0,0,0,0,0,0,0,0,0,0,0,0,0,0,0,0
es025,0,0,0,0,0,0,0,0,0,0,0,0,0.031729840828264536,0,0.031041338564532114,0,0.09022071294713123,0,0.032234356708704094,0,0.029700742783957925,0,0.032290152021840005,0,0.026275373422030072,0,0.025889324380628,0,0.04044358114700526,0,0.0296798553466303,0,0.02945805366329707,0,0.04862532896058462,0,0.029693965309285992,0,0,0,0,0,0,0,0,0,0,0,0,0,0,0,0,0,0,0,0,0,0,0,0,0,0,0,0,0,0,0,0,0,0,0,0,0,0,0,0,0,0,0,0,0,0,0,0,0,0,0,0,0,0,0,0,0,0,0,0,0,0,0,0,0,0,0,0,0,0,0,0,0,0,0,0,0,0,0,0,0,0,0,0,0,0,0,0,0,0,0,0,0,0,0,0,0,0,0,0,0,0,0,0,0,0,0,0,0,0,0,0,0,0,0,0,0,0,0,0,0,0,0,0,0,0,0,0,0,0,0,0,0,0,0,0,0,0
es026,0,0,0,0,0,0,0,0,0,0,0,0,0,0.03846978896581364,0,0.0387353459162772,0,0.13280587495526525,0,0.03967954897744841,0,0.039294427482778935,0,0.04192661257803917,0,0.03569688486376466,0,0.03296322603369159,0,0.04864559988685469,0,0.03727542571824222,0,0.037146913957133015,0,0.06000719630761264,0,0.036837863408955944,0,0,0,0,0,0,0,0,0,0,0,0,0,0,0,0,0,0,0,0,0,0,0,0,0,0,0,0,0,0,0,0,0,0,0,0,0,0,0,0,0,0,0,0,0,0,0,0,0,0,0,0,0,0,0,0,0,0,0,0,0,0,0,0,0,0,0,0,0,0,0,0,0,0,0,0,0,0,0,0,0,0,0,0,0,0,0,0,0,0,0,0,0,0,0,0,0,0,0,0,0,0,0,0,0,0,0,0,0,0,0,0,0,0,0,0,0,0,0,0,0,0,0,0,0,0,0,0,0,0,0,0,0,0,0,0,0
es027,0,0,0,0,0,0,0,0,0,0,0,0,0.02267308634920744,0,0.022181105586942654,0,0.032234356708704094,0,0.04606719315254606,0,0.02122316053903476,0,0.023073466046764815,0,0.01877550579846203,0,0.01849964802476211,0,0.02889963465560135,0,0.021208235072729835,0,0.021049742984924145,0,0.03474603885500338,0,0.021218317581602416,0,0,0,0,0,0,0,0,0,0,0,0,0,0,0,0,0,0,0,0,0,0,0,0,0,0,0,0,0,0,0,0,0,0,0,0,0,0,0,0,0,0,0,0,0,0,0,0,0,0,0,0,0,0,0,0,0,0,0,0,0,0,0,0,0,0,0,0,0,0,0,0,0,0,0,0,0,0,0,0,0,0,0,0,0,0,0,0,0,0,0,0,0,0,0,0,0,0,0,0,0,0,0,0,0,0,0,0,0,0,0,0,0,0,0,0,0,0,0,0,0,0,0,0,0,0,0,0,0,0,0,0,0,0,0,0,0,0
es028,0,0,0,0,0,0,0,0,0,0,0,0,0,0.02298789682211402,0,0.023146582272223357,0,0.039679548977448416,0,0.0474215950938639,0,0.023480665450514485,0,0.02505354643097215,0,0.021330928195325755,0,0.019697410860764215,0,0.02906852522748706,0,0.022274196543495498,0,0.02219740342390153,0,0.035857728217058474,0,0.022012728064215368,0,0,0,0,0,0,0,0,0,0,0,0,0,0,0,0,0,0,0,0,0,0,0,0,0,0,0,0,0,0,0,0,0,0,0,0,0,0,0,0,0,0,0,0,0,0,0,0,0,0,0,0,0,0,0,0,0,0,0,0,0,0,0,0,0,0,0,0,0,0,0,0,0,0,0,0,0,0,0,0,0,0,0,0,0,0,0,0,0,0,0,0,0,0,0,0,0,0,0,0,0,0,0,0,0,0,0,0,0,0,0,0,0,0,0,0,0,0,0,0,0,0,0,0,0,0,0,0,0,0,0,0,0,0,0,0,0
es029,0,0,0,0,0,0,0,0,0,0,0,0,0.02089098634297984,0,0.020437675169230365,0,0.029700742783957925,0,0.02122316053903476,0,0.039110048817093866,0,0.021259896277201033,0,0.017299754836064486,0,0.017045579427643686,0,0.026628129210489206,0,0.01954127208087807,0,0.01939523743915252,0,0.03201500722101278,0,0.019550562106590313,0,0,0,0,0,0,0,0,0,0,0,0,0,0,0,0,0,0,0,0,0,0,0,0,0,0,0,0,0,0,0,0,0,0,0,0,0,0,0,0,0,0,0,0,0,0,0,0,0,0,0,0,0,0,0,0,0,0,0,0,0,0,0,0,0,0,0,0,0,0,0,0,0,0,0,0,0,0,0,0,0,0,0,0,0,0,0,0,0,0,0,0,0,0,0,0,0,0,0,0,0,0,0,0,0,0,0,0,0,0,0,0,0,0,0,0,0,0,0,0,0,0,0,0,0,0,0,0,0,0,0,0,0,0,0,0,0,0
es030,0,0,0,0,0,0,0,0,0,0,0,0,0,0.022764781050599786,0,0.022921926332554413,0,0.03929442748277894,0,0.023480665450514485,0,0.046505533937244145,0,0.02481038189163349,0,0.021123894618559545,0,0.019506231865354575,0,0.02878639213444687,0,0.022058007799256794,0,0.021981960017796967,0,0.03550970052414659,0,0.021799077078951862,0,0,0,0,0,0,0,0,0,0,0,0,0,0,0,0,0,0,0,0,0,0,0,0,0,0,0,0,0,0,0,0,0,0,0,0,0,0,0,0,0,0,0,0,0,0,0,0,0,0,0,0,0,0,0,0,0,0,0,0,0,0,0,0,0,0,0,0,0,0,0,0,0,0,0,0,0,0,0,0,0,0,0,0,0,0,0,0,0,0,0,0,0,0,0,0,0,0,0,0,0,0,0,0,0,0,0,0,0,0,0,0,0,0,0,0,0,0,0,0,0,0,0,0,0,0,0,0,0,0,0,0,0,0,0,0,0
es031,0,0,0,0,0,0,0,0,0,0,0,0,0.022712331802871792,0,0.022219499457901772,0,0.03229015202184001,0,0.023073466046764815,0,0.02125989627720103,0,0.046226809056786194,0,0.01880800482534745,0,0.018531669562023532,0,0.02894965780883795,0,0.02124494497600591,0,0.02108617854999181,0,0.034806181706175096,0,0.021255044936963695,0,0,0,0,0,0,0,0,0,0,0,0,0,0,0,0,0,0,0,0,0,0,0,0,0,0,0,0,0,0,0,0,0,0,0,0,0,0,0,0,0,0,0,0,0,0,0,0,0,0,0,0,0,0,0,0,0,0,0,0,0,0,0,0,0,0,0,0,0,0,0,0,0,0,0,0,0,0,0,0,0,0,0,0,0,0,0,0,0,0,0,0,0,0,0,0,0,0,0,0,0,0,0,0,0,0,0,0,0,0,0,0,0,0,0,0,0,0,0,0,0,0,0,0,0,0,0,0,0,0,0,0,0,0,0,0,0,0
es032,0,0,0,0,0,0,0,0,0,0,0,0,0,0.024289707642404998,0,0.024457379492513157,0,0.04192661257803917,0,0.02505354643097215,0,0.02481038189163349,0,0.052944671095645685,0,0.02253890443370924,0,0.020812880570267714,0,0.030714683680514426,0,0.023535590323796263,0,0.023454448389050354,0,0.037888361073349815,0,0.02325931481375008,0,0,0,0,0,0,0,0,0,0,0,0,0,0,0,0,0,0,0,0,0,0,0,0,0,0,0,0,0,0,0,0,0,0,0,0,0,0,0,0,0,0,0,0,0,0,0,0,0,0,0,0,0,0,0,0,0,0,0,0,0,0,0,0,0,0,0,0,0,0,0,0,0,0,0,0,0,0,0,0,0,0,0,0,0,0,0,0,0,0,0,0,0,0,0,0,0,0,0,0,0,0,0,0,0,0,0,0,0,0,0,0,0,0,0,0,0,0,0,0,0,0,0,0,0,0,0,0,0,0,0,0,0,0,0,0,0
es033,0,0,0,0,0,0,0,0,0,0,0,0,0.018481641058916868,0,0.01808060999874151,0,0.026275373422030072,0,0.018775505798462027,0,0.017299754836064482,0,0.018808004825347446,0,0.030609168378959346,0,0.015079722682832076,0,0.023557122581916563,0,0.017287588556333704,0,0.017158396004760084,0,0.028322735089825954,0,0.01729580716879283,0,0,0,0,0,0,0,0,0,0,0,0,0,0,0,0,0,0,0,0,0,0,0,0,0,0,0,0,0,0,0,0,0,0,0,0,0,0,0,0,0,0,0,0,0,0,0,0,0,0,0,0,0,0,0,0,0,0,0,0,0,0,0,0,0,0,0,0,0,0,0,0,0,0,0,0,0,0,0,0,0,0,0,0,0,0,0,0,0,0,0,0,0,0,0,0,0,0,0,0,0,0,0,0,0,0,0,0,0,0,0,0,0,0,0,0,0,0,0,0,0,0,0,0,0,0,0,0,0,0,0,0,0,0,0,0,0,0
es034,0,0,0,0,0,0,0,0,0,0,0,0,0,0.020680585522418256,0,0.02082334360279178,0,0.03569688486376467,0,0.021330928195325755,0,0.021123894618559548,0,0.022538904433709244,0,0.038379855993753265,0,0.01772036794094082,0,0.026150896997211043,0,0.02003851984048317,0,0.01996943450007184,0,0.03225866292905663,0,0.019803295135543325,0,0,0,0,0,0,0,0,0,0,0,0,0,0,0,0,0,0,0,0,0,0,0,0,0,0,0,0,0,0,0,0,0,0,0,0,0,0,0,0,0,0,0,0,0,0,0,0,0,0,0,0,0,0,0,0,0,0,0,0,0,0,0,0,0,0,0,0,0,0,0,0,0,0,0,0,0,0,0,0,0,0,0,0,0,0,0,0,0,0,0,0,0,0,0,0,0,0,0,0,0,0,0,0,0,0,0,0,0,0,0,0,0,0,0,0,0,0,0,0,0,0,0,0,0,0,0,0,0,0,0,0,0,0,0,0,0
es035,0,0,0,0,0,0,0,0,0,0,0,0,0.018210100871847636,0,0.017814961931790475,0,0.025889324380628,0,0.01849964802476211,0,0.017045579427643683,0,0.018531669562023532,0,0.015079722682832076,0,0.029716329875519646,0,0.02321101124622323,0,0.017033591900106147,0,0.016906297500840023,0,0.027906605333810966,0,0.01704168976119057,0,0,0,0,0,0,0,0,0,0,0,0,0,0,0,0,0,0,0,0,0,0,0,0,0,0,0,0,0,0,0,0,0,0,0,0,0,0,0,0,0,0,0,0,0,0,0,0,0,0,0,0,0,0,0,0,0,0,0,0,0,0,0,0,0,0,0,0,0,0,0,0,0,0,0,0,0,0,0,0,0,0,0,0,0,0,0,0,0,0,0,0,0,0,0,0,0,0,0,0,0,0,0,0,0,0,0,0,0,0,0,0,0,0,0,0,0,0,0,0,0,0,0,0,0,0,0,0,0,0,0,0,0,0,0,0,0,0
es036,0,0,0,0,0,0,0,0,0,0,0,0,0,0.019096871272836033,0,0.01922869697385862,0,0.03296322603369159,0,0.019697410860764215,0,0.01950623186535457,0,0.020812880570267714,0,0.01772036794094082,0,0.032726692879038614,0,0.024148267614742897,0,0.01850397482590863,0,0.018440180024197377,0,0.02978830230518379,0,0.018286763572119055,0,0,0,0,0,0,0,0,0,0,0,0,0,0,0,0,0,0,0,0,0,0,0,0,0,0,0,0,0,0,0,0,0,0,0,0,0,0,0,0,0,0,0,0,0,0,0,0,0,0,0,0,0,0,0,0,0,0,0,0,0,0,0,0,0,0,0,0,0,0,0,0,0,0,0,0,0,0,0,0,0,0,0,0,0,0,0,0,0,0,0,0,0,0,0,0,0,0,0,0,0,0,0,0,0,0,0,0,0,0,0,0,0,0,0,0,0,0,0,0,0,0,0,0,0,0,0,0,0,0,0,0,0,0,0,0,0
es037,0,0,0,0,0,0,0,0,0,0,0,0,0.02844731216148701,0,0.027830037119790627,0,0.04044358114700526,0,0.028899634655601348,0,0.026628129210489203,0,0.02894965780883795,0,0.023557122581916563,0,0.02321101124622323,0,0.07251918999810607,0,0.026609402628999922,0,0.026410546865497226,0,0.04359492124097122,0,0.026622052881940868,0,0,0,0,0,0,0,0,0,0,0,0,0,0,0,0,0,0,0,0,0,0,0,0,0,0,0,0,0,0,0,0,0,0,0,0,0,0,0,0,0,0,0,0,0,0,0,0,0,0,0,0,0,0,0,0,0,0,0,0,0,0,0,0,0,0,0,0,0,0,0,0,0,0,0,0,0,0,0,0,0,0,0,0,0,0,0,0,0,0,0,0,0,0,0,0,0,0,0,0,0,0,0,0,0,0,0,0,0,0,0,0,0,0,0,0,0,0,0,0,0,0,0,0,0,0,0,0,0,0,0,0,0,0,0,0,0,0
es038,0,0,0,0,0,0,0,0,0,0,0,0,0,0.02818227676137176,0,0.02837681901582812,0,0.0486455998868547,0,0.02906852522748706,0,0.028786392134446868,0,0.030714683680514426,0,0.02615089699721104,0,0.0241482676147429,0,0.07127378631853631,0,0.027307307688196426,0,0.02721316227913559,0,0.04396019472625504,0,0.02698675739582001,0,0,0,0,0,0,0,0,0,0,0,0,0,0,0,0,0,0,0,0,0,0,0,0,0,0,0,0,0,0,0,0,0,0,0,0,0,0,0,0,0,0,0,0,0,0,0,0,0,0,0,0,0,0,0,0,0,0,0,0,0,0,0,0,0,0,0,0,0,0,0,0,0,0,0,0,0,0,0,0,0,0,0,0,0,0,0,0,0,0,0,0,0,0,0,0,0,0,0,0,0,0,0,0,0,0,0,0,0,0,0,0,0,0,0,0,0,0,0,0,0,0,0,0,0,0,0,0,0,0,0,0,0,0,0,0,0
es039,0,0,0,0,0,0,0,0,0,0,0,0,0.02087629448253967,0,0.02042330210582502,0,0.029679855346630302,0,0.021208235072729835,0,0.01954127208087807,0,0.02124494497600591,0,0.017287588556333704,0,0.01703359190010615,0,0.026609402628999922,0,0.0390550588494284,0,0.01938159748376785,0,0.03199249224683397,0,0.019536812917093888,0,0,0,0,0,0,0,0,0,0,0,0,0,0,0,0,0,0,0,0,0,0,0,0,0,0,0,0,0,0,0,0,0,0,0,0,0,0,0,0,0,0,0,0,0,0,0,0,0,0,0,0,0,0,0,0,0,0,0,0,0,0,0,0,0,0,0,0,0,0,0,0,0,0,0,0,0,0,0,0,0,0,0,0,0,0,0,0,0,0,0,0,0,0,0,0,0,0,0,0,0,0,0,0,0,0,0,0,0,0,0,0,0,0,0,0,0,0,0,0,0,0,0,0,0,0,0,0,0,0,0,0,0,0,0,0,0,0
es040,0,0,0,0,0,0,0,0,0,0,0,0,0,0.021595095269311936,0,0.021744166210402475,0,0.03727542571824222,0,0.022274196543495498,0,0.022058007799256794,0,0.023535590323796263,0,0.02003851984048317,0,0.018503974825908633,0,0.02730730768819643,0,0.04184927400069379,0,0.020852496658562168,0,0.03368516323962087,0,0.020679010496814625,0,0,0,0,0,0,0,0,0,0,0,0,0,0,0,0,0,0,0,0,0,0,0,0,0,0,0,0,0,0,0,0,0,0,0,0,0,0,0,0,0,0,0,0,0,0,0,0,0,0,0,0,0,0,0,0,0,0,0,0,0,0,0,0,0,0,0,0,0,0,0,0,0,0,0,0,0,0,0,0,0,0,0,0,0,0,0,0,0,0,0,0,0,0,0,0,0,0,0,0,0,0,0,0,0,0,0,0,0,0,0,0,0,0,0,0,0,0,0,0,0,0,0,0,0,0,0,0,0,0,0,0,0,0,0,0,0
es041,0,0,0,0,0,0,0,0,0,0,0,0,0.02072028303289111,0,0.020270675931155696,0,0.029458053663297075,0,0.021049742984924145,0,0.01939523743915252,0,0.021086178549991813,0,0.017158396004760088,0,0.016906297500840026,0,0.026410546865497226,0,0.01938159748376785,0,0.03847351222498993,0,0.03175340790658032,0,0.019390811599318946,0,0,0,0,0,0,0,0,0,0,0,0,0,0,0,0,0,0,0,0,0,0,0,0,0,0,0,0,0,0,0,0,0,0,0,0,0,0,0,0,0,0,0,0,0,0,0,0,0,0,0,0,0,0,0,0,0,0,0,0,0,0,0,0,0,0,0,0,0,0,0,0,0,0,0,0,0,0,0,0,0,0,0,0,0,0,0,0,0,0,0,0,0,0,0,0,0,0,0,0,0,0,0,0,0,0,0,0,0,0,0,0,0,0,0,0,0,0,0,0,0,0,0,0,0,0,0,0,0,0,0,0,0,0,0,0,0,0
es042,0,0,0,0,0,0,0,0,0,0,0,0,0,0.02152064343755131,0,0.021669200437652567,0,0.03714691395713302,0,0.02219740342390153,0,0.021981960017796967,0,0.023454448389050354,0,0.019969434500071836,0,0.01844018002419738,0,0.02721316227913559,0,0.020852496658562168,0,0.041561210059523394,0,0.03356902936407788,0,0.0206077169835754,0,0,0,0,0,0,0,0,0,0,0,0,0,0,0,0,0,0,0,0,0,0,0,0,0,0,0,0,0,0,0,0,0,0,0,0,0,0,0,0,0,0,0,0,0,0,0,0,0,0,0,0,0,0,0,0,0,0,0,0,0,0,0,0,0,0,0,0,0,0,0,0,0,0,0,0,0,0,0,0,0,0,0,0,0,0,0,0,0,0,0,0,0,0,0,0,0,0,0,0,0,0,0,0,0,0,0,0,0,0,0,0,0,0,0,0,0,0,0,0,0,0,0,0,0,0,0,0,0,0,0,0,0,0,0,0,0
es043,0,0,0,0,0,0,0,0,0,0,0,0,0.034202211393418405,0,0.03346006143759364,0,0.048625328960584614,0,0.03474603885500339,0,0.03201500722101278,0,0.034806181706175096,0,0.028322735089825954,0,0.027906605333810966,0,0.04359492124097122,0,0.03199249224683397,0,0.031753407906580315,0,0.10565406903150028,0,0.032007701649494236,0,0,0,0,0,0,0,0,0,0,0,0,0,0,0,0,0,0,0,0,0,0,0,0,0,0,0,0,0,0,0,0,0,0,0,0,0,0,0,0,0,0,0,0,0,0,0,0,0,0,0,0,0,0,0,0,0,0,0,0,0,0,0,0,0,0,0,0,0,0,0,0,0,0,0,0,0,0,0,0,0,0,0,0,0,0,0,0,0,0,0,0,0,0,0,0,0,0,0,0,0,0,0,0,0,0,0,0,0,0,0,0,0,0,0,0,0,0,0,0,0,0,0,0,0,0,0,0,0,0,0,0,0,0,0,0,0,0
es044,0,0,0,0,0,0,0,0,0,0,0,0,0,0.03476448883246468,0,0.035004468096374274,0,0.060007196307612636,0,0.035857728217058474,0,0.03550970052414659,0,0.03788836107334981,0,0.032258662929056624,0,0.029788302305183787,0,0.043960194726255036,0,0.03368516323962087,0,0.03356902936407787,0,0.10849242413582298,0,0.03328974568148953,0,0,0,0,0,0,0,0,0,0,0,0,0,0,0,0,0,0,0,0,0,0,0,0,0,0,0,0,0,0,0,0,0,0,0,0,0,0,0,0,0,0,0,0,0,0,0,0,0,0,0,0,0,0,0,0,0,0,0,0,0,0,0,0,0,0,0,0,0,0,0,0,0,0,0,0,0,0,0,0,0,0,0,0,0,0,0,0,0,0,0,0,0,0,0,0,0,0,0,0,0,0,0,0,0,0,0,0,0,0,0,0,0,0,0,0,0,0,0,0,0,0,0,0,0,0,0,0,0,0,0,0,0,0,0,0,0
es045,0,0,0,0,0,0,0,0,0,0,0,0,0.020886219185072677,0,0.020433011453348908,0,0.029693965309285995,0,0.021218317581602416,0,0.019550562106590313,0,0.021255044936963695,0,0.01729580716879283,0,0.017041689761190575,0,0.026622052881940868,0,0.019536812917093888,0,0.019390811599318946,0,0.032007701649494236,0,0.03909220164579144,0,0,0,0,0,0,0,0,0,0,0,0,0,0,0,0,0,0,0,0,0,0,0,0,0,0,0,0,0,0,0,0,0,0,0,0,0,0,0,0,0,0,0,0,0,0,0,0,0,0,0,0,0,0,0,0,0,0,0,0,0,0,0,0,0,0,0,0,0,0,0,0,0,0,0,0,0,0,0,0,0,0,0,0,0,0,0,0,0,0,0,0,0,0,0,0,0,0,0,0,0,0,0,0,0,0,0,0,0,0,0,0,0,0,0,0,0,0,0,0,0,0,0,0,0,0,0,0,0,0,0,0,0,0,0,0,0,0
es046,0,0,0,0,0,0,0,0,0,0,0,0,0,0.021341598506411843,0,0.021488919559366323,0,0.03683786340895595,0,0.022012728064215368,0,0.021799077078951866,0,0.02325931481375008,0,0.019803295135543325,0,0.018286763572119055,0,0.026986757395820012,0,0.020679010496814625,0,0.0206077169835754,0,0.03328974568148953,0,0.040872534622252245,0,0,0,0,0,0,0,0,0,0,0,0,0,0,0,0,0,0,0,0,0,0,0,0,0,0,0,0,0,0,0,0,0,0,0,0,0,0,0,0,0,0,0,0,0,0,0,0,0,0,0,0,0,0,0,0,0,0,0,0,0,0,0,0,0,0,0,0,0,0,0,0,0,0,0,0,0,0,0,0,0,0,0,0,0,0,0,0,0,0,0,0,0,0,0,0,0,0,0,0,0,0,0,0,0,0,0,0,0,0,0,0,0,0,0,0,0,0,0,0,0,0,0,0,0,0,0,0,0,0,0,0,0,0,0,0,0
es047,0,0,0,0,0,0,0,0,0,0,0,0,0,0,0,0,0,0,0,0,0,0,0,0,0,0,0,0,0,0,0,0,0,0,0,0,0,0,0.5987153267423323,0.2325112879668418,0.1657238323879501,0.15830620119414757,0.15240166595533297,0.16627990178550014,0,0,0,0,0,0,0,0,0,0,0,0,0,0,0,0,0,0,0,0,0,0,0,0,0,0,0,0,0,0,0,0,0,0,0,0,0,0,0,0,0,0,0,0,0,0,0,0,0,0,0,0,0,0,0,0,0,0,0,0,0,0,0,0,0,0,0,0,0,0,0,0,0,0,0,0,0,0,0,0,0,0,0,0,0,0,0,0,0,0,0,0,0,0,0,0,0,0,0,0,0,0,0,0,0,0,0,0,0,0,0,0,0,0,0,0,0,0,0,0,0,0,0,0,0,0,0,0,0,0,0
es048,0,0,0,0,0,0,0,0,0,0,0,0,0,0,0,0,0,0,0,0,0,0,0,0,0,0,0,0,0,0,0,0,0,0,0,0,0,0,0.2325112879668418,0.36118333115775375,0.1287178062568841,0.122956527380266,0.11837047109641469,0.12914970571242934,0,0,0,0,0,0,0,0,0,0,0,0,0,0,0,0,0,0,0,0,0,0,0,0,0,0,0,0,0,0,0,0,0,0,0,0,0,0,0,0,0,0,0,0,0,0,0,0,0,0,0,0,0,0,0,0,0,0,0,0,0,0,0,0,0,0,0,0,0,0,0,0,0,0,0,0,0,0,0,0,0,0,0,0,0,0,0,0,0,0,0,0,0,0,0,0,0,0,0,0,0,0,0,0,0,0,0,0,0,0,0,0,0,0,0,0,0,0,0,0,0,0,0,0,0,0,0,0,0,0,0
es049,0,0,0,0,0,0,0,0,0,0,0,0,0,0,0,0,0,0,0,0,0,0,0,0,0,0,0,0,0,0,0,0,0,0,0,0,0,0,0.1657238323879501,0.1287178062568841,0.18348879605795804,0.087638011525176,0.08436927206072874,0.09205223698856292,0,0,0,0,0,0,0,0,0,0,0,0,0,0,0,0,0,0,0,0,0,0,0,0,0,0,0,0,0,0,0,0,0,0,0,0,0,0,0,0,0,0,0,0,0,0,0,0,0,0,0,0,0,0,0,0,0,0,0,0,0,0,0,0,0,0,0,0,0,0,0,0,0,0,0,0,0,0,0,0,0,0,0,0,0,0,0,0,0,0,0,0,0,0,0,0,0,0,0,0,0,0,0,0,0,0,0,0,0,0,0,0,0,0,0,0,0,0,0,0,0,0,0,0,0,0,0,0,0,0,0
es050,0,0,0,0,0,0,0,0,0,0,0,0,0,0,0,0,0,0,0,0,0,0,0,0,0,0,0,0,0,0,0,0,0,0,0,0,0,0,0.15830620119414757,0.122956527380266,0.087638011525176,0.16743084545959727,0.08059298873914186,0.08793207192414872,0,0,0,0,0,0,0,0,0,0,0,0,0,0,0,0,0,0,0,0,0,0,0,0,0,0,0,0,0,0,0,0,0,0,0,0,0,0,0,0,0,0,0,0,0,0,0,0,0,0,0,0,0,0,0,0,0,0,0,0,0,0,0,0,0,0,0,0,0,0,0,0,0,0,0,0,0,0,0,0,0,0,0,0,0,0,0,0,0,0,0,0,0,0,0,0,0,0,0,0,0,0,0,0,0,0,0,0,0,0,0,0,0,0,0,0,0,0,0,0,0,0,0,0,0,0,0,0,0,0,0
es051,0,0,0,0,0,0,0,0,0,0,0,0,0,0,0,0,0,0,0,0,0,0,0,0,0,0,0,0,0,0,0,0,0,0,0,0,0,0,0.15240166595533297,0.11837047109641469,0.08436927206072874,0.08059298873914186,0.15517403178794342,0.08465236453819884,0,0,0,0,0,0,0,0,0,0,0,0,0,0,0,0,0,0,0,0,0,0,0,0,0,0,0,0,0,0,0,0,0,0,0,0,0,0,0,0,0,0,0,0,0,0,0,0,0,0,0,0,0,0,0,0,0,0,0,0,0,0,0,0,0,0,0,0,0,0,0,0,0,0,0,0,0,0,0,0,0,0,0,0,0,0,0,0,0,0,0,0,0,0,0,0,0,0,0,0,0,0,0,0,0,0,0,0,0,0,0,0,0,0,0,0,0,0,0,0,0,0,0,0,0,0,0,0,0,0,0
es052,0,0,0,0,0,0,0,0,0,0,0,0,0,0,0,0,0,0,0,0,0,0,0,0,0,0,0,0,0,0,0,0,0,0,0,0,0,0,0.16627990178550014,0.12914970571242934,0.09205223698856292,0.08793207192414872,0.08465236453819884,0.1847222177406847,0,0,0,0,0,0,0,0,0,0,0,0,0,0,0,0,0,0,0,0,0,0,0,0,0,0,0,0,0,0,0,0,0,0,0,0,0,0,0,0,0,0,0,0,0,0,0,0,0,0,0,0,0,0,0,0,0,0,0,0,0,0,0,0,0,0,0,0,0,0,0,0,0,0,0,0,0,0,0,0,0,0,0,0,0,0,0,0,0,0,0,0,0,0,0,0,0,0,0,0,0,0,0,0,0,0,0,0,0,0,0,0,0,0,0,0,0,0,0,0,0,0,0,0,0,0,0,0,0,0,0
es053,0,0,0,0,0,0,0,0,0,0,0,0,0,0,0,0,0,0,0,0,0,0,0,0,0,0,0,0,0,0,0,0,0,0,0,0,0,0,0,0,0,0,0,0,0.10379260124710528,0.06149625433486732,0.054179752928583326,0.054196461663744366,0.05758311440790718,0,0,0,0,0,0,0,0,0,0,0,0,0,0,0,0,0,0,0,0,0,0,0,0,0,0,0,0,0,0,0,0,0,0,0,0,0,0,0,0,0,0,0,0,0,0,0,0,0,0,0,0,0,0,0,0,0,0,0,0,0,0,0,0,0,0,0,0,0,0,0,0,0,0,0,0,0,0,0,0,0,0,0,0,0,0,0,0,0,0,0,0,0,0,0,0,0,0,0,0,0,0,0,0,0,0,0,0,0,0,0,0,0,0,0,0,0,0,0,0,0,0,0,0,0,0
es054,0,0,0,0,0,0,0,0,0,0,0,0,0,0,0,0,0,0,0,0,0,0,0,0,0,0,0,0,0,0,0,0,0,0,0,0,0,0,0,0,0,0,0,0,0.06149625433486733,0.14574408008968404,0.0642021073923004,0.06422190696596425,0.06823503422159743,0,0,0,0,0,0,0,0,0,0,0,0,0,0,0,0,0,0,0,0,0,0,0,0,0,0,0,0,0,0,0,0,0,0,0,0,0,0,0,0,0,0,0,0,0,0,0,0,0,0,0,0,0,0,0,0,0,0,0,0,0,0,0,0,0,0,0,0,0,0,0,0,0,0,0,0,0,0,0,0,0,0,0,0,0,0,0,0,0,0,0,0,0,0,0,0,0,0,0,0,0,0,0,0,0,0,0,0,0,0,0,0,0,0,0,0,0,0,0,0,0,0,0,0,0,0
es055,0,0,0,0,0,0,0,0,0,0,0,0,0,0,0,0,0,0,0,0,0,0,0,0,0,0,0,0,0,0,0,0,0,0,0,0,0,0,0,0,0,0,0,0,0.054179752928583326,0.0642021073923004,0.11312735559690777,0.05658112172281646,0.06011678817165723,0,0,0,0,0,0,0,0,0,0,0,0,0,0,0,0,0,0,0,0,0,0,0,0,0,0,0,0,0,0,0,0,0,0,0,0,0,0,0,0,0,0,0,0,0,0,0,0,0,0,0,0,0,0,0,0,0,0,0,0,0,0,0,0,0,0,0,0,0,0,0,0,0,0,0,0,0,0,0,0,0,0,0,0,0,0,0,0,0,0,0,0,0,0,0,0,0,0,0,0,0,0,0,0,0,0,0,0,0,0,0,0,0,0,0,0,0,0,0,0,0,0,0,0,0,0
es056,0,0,0,0,0,0,0,0,0,0,0,0,0,0,0,0,0,0,0,0,0,0,0,0,0,0,0,0,0,0,0,0,0,0,0,0,0,0,0,0,0,0,0,0,0.054196461663744366,0.06422190696596425,0.05658112172281646,0.113197142053577,0.06013532785554277,0,0,0,0,0,0,0,0,0,0,0,0,0,0,0,0,0,0,0,0,0,0,0,0,0,0,0,0,0,0,0,0,0,0,0,0,0,0,0,0,0,0,0,0,0,0,0,0,0,0,0,0,0,0,0,0,0,0,0,0,0,0,0,0,0,0,0,0,0,0,0,0,0,0,0,0,0,0,0,0,0,0,0,0,0,0,0,0,0,0,0,0,0,0,0,0,0,0,0,0,0,0,0,0,0,0,0,0,0,0,0,0,0,0,0,0,0,0,0,0,0,0,0,0,0,0
es057,0,0,0,0,0,0,0,0,0,0,0,0,0,0,0,0,0,0,0,0,0,0,0,0,0,0,0,0,0,0,0,0,0,0,0,0,0,0,0,0,0,0,0,0,0.05758311440790717,0.06823503422159742,0.06011678817165723,0.06013532785554277,0.12778618225474342,0,0,0,0,0,0,0,0,0,0,0,0,0,0,0,0,0,0,0,0,0,0,0,0,0,0,0,0,0,0,0,0,0,0,0,0,0,0,0,0,0,0,0,0,0,0,0,0,0,0,0,0,0,0,0,0,0,0,0,0,0,0,0,0,0,0,0,0,0,0,0,0,0,0,0,0,0,0,0,0,0,0,0,0,0,0,0,0,0,0,0,0,0,0,0,0,0,0,0,0,0,0,0,0,0,0,0,0,0,0,0,0,0,0,0,0,0,0,0,0,0,0,0,0,0,0
es062,0,0,0,0,0,0,0,0,0,0,0,0,0,0,0,0,0,0,0,0,0,0,0,0,0,0,0,0,0,0,0,0,0,0,0,0,0,0,0,0,0,0,0,0,0,0,0,0,0,0.30883415951125437,0,0,0,0,0,0,0,0,0,0,0,0,0,0,0,0,0,0,0,0,0,0,0,0,0,0,0,0,0,0,0,0,0,0,0,0,0,0,0,0,0,0,0,0,0,0,0,0,0,0,0,0,0,0,0,0,0,0,0,0,0,0,0,0,0,0,0,0,0,0,0,0,0,0,0,0,0,0,0,0,0,0,0,0,0,0,0,0,0,0,0,0,0,0,0,0,0,0,0,0,0,0,0,0,0,0,0,0,0,0,0,0,0,0,0,0,0,0,0,0,0,0,0,0,0
es063,0,0,0,0,0,0,0,0,0,0,0,0,0,0,0,0,0,0,0,0,0,0,0,0,0,0,0,0,0,0,0,0,0,0,0,0,0,0,0,0,0,0,0,0,0,0,0,0,0,0,0.28880845175737624,0,0,0,0,0,0,0,0,0,0,0,0,0,0,0,0,0,0,0,0,0,0,0,0,0,0,0,0,0,0,0,0,0,0,0,0,0,0,0,0,0,0,0,0,0,0,0,0,0,0,0,0,0,0,0,0,0,0,0,0,0,0,0,0,0,0,0,0,0,0,0,0,0,0,0,0,0,0,0,0,0,0,0,0,0,0,0,0,0,0,0,0,0,0,0,0,0,0,0,0,0,0,0,0,0,0,0,0,0,0,0,0,0,0,0,0,0,0,0,0,0,0,0,0
es064,0,0,0,0,0,0,0,0,0,0,0,0,0,0,0,0,0,0,0,0,0,0,0,0,0,0,0,0,0,0,0,0,0,0,0,0,0,0,0,0,0,0,0,0,0,0,0,0,0,0,0,0.23679770382369209,0.11314036874079937,0.1189553025869133,0.1590607967468748,0.12056239085236588,0.17813880694609271,0.10663962241018328,0.1139876352656604,0,0,0,0,0,0,0,0,0,0,0,0,0,0,0,0,0,0,0,0,0,0,0,0,0,0,0,0,0,0,0,0,0,0,0,0,0,0,0,0,0,0,0,0,0,0,0,0,0,0,0,0,0,0,0,0,0,0,0,0,0,0,0,0,0,0,0,0,0,0,0,0,0,0,0,0,0,0,0,0,0,0,0,0,0,0,0,0,0,0,0,0,0,0,0,0,0,0,0,0,0,0,0,0,0,0,0,0,0,0,0,0,0,0,0,0
es065,0,0,0,0,0,0,0,0,0,0,0,0,0,0,0,0,0,0,0,0,0,0,0,0,0,0,0,0,0,0,0,0,0,0,0,0,0,0,0,0,0,0,0,0,0,0,0,0,0,0,0,0.11314036874079937,0.21623086427113083,0.11367210560772482,0.1519963826131172,0.11520781778749913,0.17022707551195845,0.10190340537128634,0.10892506876207497,0,0,0,0,0,0,0,0,0,0,0,0,0,0,0,0,0,0,0,0,0,0,0,0,0,0,0,0,0,0,0,0,0,0,0,0,0,0,0,0,0,0,0,0,0,0,0,0,0,0,0,0,0,0,0,0,0,0,0,0,0,0,0,0,0,0,0,0,0,0,0,0,0,0,0,0,0,0,0,0,0,0,0,0,0,0,0,0,0,0,0,0,0,0,0,0,0,0,0,0,0,0,0,0,0,0,0,0,0,0,0,0,0,0,0,0
es066,0,0,0,0,0,0,0,0,0,0,0,0,0,0,0,0,0,0,0,0,0,0,0,0,0,0,0,0,0,0,0,0,0,0,0,0,0,0,0,0,0,0,0,0,0,0,0,0,0,0,0,0.1189553025869133,0.11367210560772482,0.23902873693538457,0.15980835034471233,0.12112900972319303,0.17897602333611845,0.1071408070831837,0.11452335411401647,0,0,0,0,0,0,0,0,0,0,0,0,0,0,0,0,0,0,0,0,0,0,0,0,0,0,0,0,0,0,0,0,0,0,0,0,0,0,0,0,0,0,0,0,0,0,0,0,0,0,0,0,0,0,0,0,0,0,0,0,0,0,0,0,0,0,0,0,0,0,0,0,0,0,0,0,0,0,0,0,0,0,0,0,0,0,0,0,0,0,0,0,0,0,0,0,0,0,0,0,0,0,0,0,0,0,0,0,0,0,0,0,0,0,0,0
es067,0,0,0,0,0,0,0,0,0,0,0,0,0,0,0,0,0,0,0,0,0,0,0,0,0,0,0,0,0,0,0,0,0,0,0,0,0,0,0,0,0,0,0,0,0,0,0,0,0,0,0,0.1590607967468748,0.1519963826131172,0.15980835034471233,0.42737470259573124,0.16196736401602532,0.23931735913689428,0.14326307249988238,0.15313462750591136,0,0,0,0,0,0,0,0,0,0,0,0,0,0,0,0,0,0,0,0,0,0,0,0,0,0,0,0,0,0,0,0,0,0,0,0,0,0,0,0,0,0,0,0,0,0,0,0,0,0,0,0,0,0,0,0,0,0,0,0,0,0,0,0,0,0,0,0,0,0,0,0,0,0,0,0,0,0,0,0,0,0,0,0,0,0,0,0,0,0,0,0,0,0,0,0,0,0,0,0,0,0,0,0,0,0,0,0,0,0,0,0,0,0,0,0
es068,0,0,0,0,0,0,0,0,0,0,0,0,0,0,0,0,0,0,0,0,0,0,0,0,0,0,0,0,0,0,0,0,0,0,0,0,0,0,0,0,0,0,0,0,0,0,0,0,0,0,0,0.12056239085236588,0.11520781778749913,0.12112900972319303,0.16196736401602532,0.24553092962186654,0.18139399261235722,0.10858828130307985,0.11607056667633528,0,0,0,0,0,0,0,0,0,0,0,0,0,0,0,0,0,0,0,0,0,0,0,0,0,0,0,0,0,0,0,0,0,0,0,0,0,0,0,0,0,0,0,0,0,0,0,0,0,0,0,0,0,0,0,0,0,0,0,0,0,0,0,0,0,0,0,0,0,0,0,0,0,0,0,0,0,0,0,0,0,0,0,0,0,0,0,0,0,0,0,0,0,0,0,0,0,0,0,0,0,0,0,0,0,0,0,0,0,0,0,0,0,0,0,0
es069,0,0,0,0,0,0,0,0,0,0,0,0,0,0,0,0,0,0,0,0,0,0,0,0,0,0,0,0,0,0,0,0,0,0,0,0,0,0,0,0,0,0,0,0,0,0,0,0,0,0,0,0.17813880694609271,0.17022707551195845,0.17897602333611845,0.23931735913689428,0.18139399261235722,0.5360429434536146,0.16044627800509279,0.17150184334515062,0,0,0,0,0,0,0,0,0,0,0,0,0,0,0,0,0,0,0,0,0,0,0,0,0,0,0,0,0,0,0,0,0,0,0,0,0,0,0,0,0,0,0,0,0,0,0,0,0,0,0,0,0,0,0,0,0,0,0,0,0,0,0,0,0,0,0,0,0,0,0,0,0,0,0,0,0,0,0,0,0,0,0,0,0,0,0,0,0,0,0,0,0,0,0,0,0,0,0,0,0,0,0,0,0,0,0,0,0,0,0,0,0,0,0,0
es070,0,0,0,0,0,0,0,0,0,0,0,0,0,0,0,0,0,0,0,0,0,0,0,0,0,0,0,0,0,0,0,0,0,0,0,0,0,0,0,0,0,0,0,0,0,0,0,0,0,0,0,0.10663962241018328,0.10190340537128634,0.1071408070831837,0.14326307249988238,0.10858828130307985,0.16044627800509279,0.19209661046803903,0.10266652241873236,0,0,0,0,0,0,0,0,0,0,0,0,0,0,0,0,0,0,0,0,0,0,0,0,0,0,0,0,0,0,0,0,0,0,0,0,0,0,0,0,0,0,0,0,0,0,0,0,0,0,0,0,0,0,0,0,0,0,0,0,0,0,0,0,0,0,0,0,0,0,0,0,0,0,0,0,0,0,0,0,0,0,0,0,0,0,0,0,0,0,0,0,0,0,0,0,0,0,0,0,0,0,0,0,0,0,0,0,0,0,0,0,0,0,0,0
es071,0,0,0,0,0,0,0,0,0,0,0,0,0,0,0,0,0,0,0,0,0,0,0,0,0,0,0,0,0,0,0,0,0,0,0,0,0,0,0,0,0,0,0,0,0,0,0,0,0,0,0,0.1139876352656604,0.10892506876207497,0.11452335411401647,0.15313462750591136,0.11607056667633528,0.17150184334515062,0.10266652241873236,0.2194815369177956,0,0,0,0,0,0,0,0,0,0,0,0,0,0,0,0,0,0,0,0,0,0,0,0,0,0,0,0,0,0,0,0,0,0,0,0,0,0,0,0,0,0,0,0,0,0,0,0,0,0,0,0,0,0,0,0,0,0,0,0,0,0,0,0,0,0,0,0,0,0,0,0,0,0,0,0,0,0,0,0,0,0,0,0,0,0,0,0,0,0,0,0,0,0,0,0,0,0,0,0,0,0,0,0,0,0,0,0,0,0,0,0,0,0,0,0
es072,0,0,0,0,0,0,0,0,0,0,0,0,0,0,0,0,0,0,0,0,0,0,0,0,0,0,0,0,0,0,0,0,0,0,0,0,0,0,0,0,0,0,0,0,0,0,0,0,0,0,0,0,0,0,0,0,0,0,0,0.03547721433239632,0.017359898148605685,0,0,0,0,0,0,0,0,0,0,0,0,0,0,0,0,0,0,0,0,0,0,0,0,0,0,0,0,0,0,0,0,0,0,0,0,0,0,0,0,0,0,0,0,0,0,0,0,0,0,0,0,0,0,0,0,0,0,0,0,0,0,0,0,0,0,0,0,0,0,0,0,0,0,0,0,0,0,0,0,0,0,0,0,0,0,0,0,0,0,0,0,0,0,0,0,0,0,0,0,0,0,0,0,0,0,0,0,0,0,0,0,0,0
es073,0,0,0,0,0,0,0,0,0,0,0,0,0,0,0,0,0,0,0,0,0,0,0,0,0,0,0,0,0,0,0,0,0,0,0,0,0,0,0,0,0,0,0,0,0,0,0,0,0,0,0,0,0,0,0,0,0,0,0,0.017359898148605685,0.03397854869961063,0,0,0,0,0,0,0,0,0,0,0,0,0,0,0,0,0,0,0,0,0,0,0,0,0,0,0,0,0,0,0,0,0,0,0,0,0,0,0,0,0,0,0,0,0,0,0,0,0,0,0,0,0,0,0,0,0,0,0,0,0,0,0,0,0,0,0,0,0,0,0,0,0,0,0,0,0,0,0,0,0,0,0,0,0,0,0,0,0,0,0,0,0,0,0,0,0,0,0,0,0,0,0,0,0,0,0,0,0,0,0,0,0,0
es074,0,0,0,0,0,0,0,0,0,0,0,0,0,0,0,0,0,0,0,0,0,0,0,0,0,0,0,0,0,0,0,0,0,0,0,0,0,0,0,0,0,0,0,0,0,0,0,0,0,0,0,0,0,0,0,0,0,0,0,0,0,0.07422229842547048,0,0.04185671158459836,0,0.06671308778457449,0,0.03802830223756899,0,0.045285824005575286,0,0.04869097173176396,0,0,0,0,0,0,0,0,0,0,0,0,0,0,0,0,0,0,0,0,0,0,0,0,0,0,0,0,0,0,0,0,0,0,0,0,0,0,0,0,0,0,0,0,0,0,0,0,0,0,0,0,0,0,0,0,0,0,0,0,0,0,0,0,0,0,0,0,0,0,0,0,0,0,0,0,0,0,0,0,0,0,0,0,0,0,0,0,0,0,0,0,0,0,0,0,0,0,0,0,0,0,0
es075,0,0,0,0,0,0,0,0,0,0,0,0,0,0,0,0,0,0,0,0,0,0,0,0,0,0,0,0,0,0,0,0,0,0,0,0,0,0,0,0,0,0,0,0,0,0,0,0,0,0,0,0,0,0,0,0,0,0,0,0,0,0,0.08705542677827317,0,0.05418109057881006,0,0.10284735524944132,0,0.04282961971962158,0,0.04858587763293198,0,0.052793816713601276,0,0,0,0,0,0,0,0,0,0,0,0,0,0,0,0,0,0,0,0,0,0,0,0,0,0,0,0,0,0,0,0,0,0,0,0,0,0,0,0,0,0,0,0,0,0,0,0,0,0,0,0,0,0,0,0,0,0,0,0,0,0,0,0,0,0,0,0,0,0,0,0,0,0,0,0,0,0,0,0,0,0,0,0,0,0,0,0,0,0,0,0,0,0,0,0,0,0,0,0,0,0
es076,0,0,0,0,0,0,0,0,0,0,0,0,0,0,0,0,0,0,0,0,0,0,0,0,0,0,0,0,0,0,0,0,0,0,0,0,0,0,0,0,0,0,0,0,0,0,0,0,0,0,0,0,0,0,0,0,0,0,0,0,0,0.04185671158459836,0,0.09441821888259021,0,0.07524397744488807,0,0.042891144914036575,0,0.05107671722603975,0,0.05491729584733234,0,0,0,0,0,0,0,0,0,0,0,0,0,0,0,0,0,0,0,0,0,0,0,0,0,0,0,0,0,0,0,0,0,0,0,0,0,0,0,0,0,0,0,0,0,0,0,0,0,0,0,0,0,0,0,0,0,0,0,0,0,0,0,0,0,0,0,0,0,0,0,0,0,0,0,0,0,0,0,0,0,0,0,0,0,0,0,0,0,0,0,0,0,0,0,0,0,0,0,0,0,0,0
es077,0,0,0,0,0,0,0,0,0,0,0,0,0,0,0,0,0,0,0,0,0,0,0,0,0,0,0,0,0,0,0,0,0,0,0,0,0,0,0,0,0,0,0,0,0,0,0,0,0,0,0,0,0,0,0,0,0,0,0,0,0,0,0.05418109057881005,0,0.13488374866215086,0,0.1280191729977656,0,0.05331213897544082,0,0.060477236958141195,0,0.06571506616459703,0,0,0,0,0,0,0,0,0,0,0,0,0,0,0,0,0,0,0,0,0,0,0,0,0,0,0,0,0,0,0,0,0,0,0,0,0,0,0,0,0,0,0,0,0,0,0,0,0,0,0,0,0,0,0,0,0,0,0,0,0,0,0,0,0,0,0,0,0,0,0,0,0,0,0,0,0,0,0,0,0,0,0,0,0,0,0,0,0,0,0,0,0,0,0,0,0,0,0,0,0,0
es078,0,0,0,0,0,0,0,0,0,0,0,0,0,0,0,0,0,0,0,0,0,0,0,0,0,0,0,0,0,0,0,0,0,0,0,0,0,0,0,0,0,0,0,0,0,0,0,0,0,0,0,0,0,0,0,0,0,0,0,0,0,0.06671308778457449,0,0.07524397744488807,0,0.23985439288013424,0,0.06836181361375536,0,0.08140834267789206,0,0.0875296276285266,0,0,0,0,0,0,0,0,0,0,0,0,0,0,0,0,0,0,0,0,0,0,0,0,0,0,0,0,0,0,0,0,0,0,0,0,0,0,0,0,0,0,0,0,0,0,0,0,0,0,0,0,0,0,0,0,0,0,0,0,0,0,0,0,0,0,0,0,0,0,0,0,0,0,0,0,0,0,0,0,0,0,0,0,0,0,0,0,0,0,0,0,0,0,0,0,0,0,0,0,0,0,0
es079,0,0,0,0,0,0,0,0,0,0,0,0,0,0,0,0,0,0,0,0,0,0,0,0,0,0,0,0,0,0,0,0,0,0,0,0,0,0,0,0,0,0,0,0,0,0,0,0,0,0,0,0,0,0,0,0,0,0,0,0,0,0,0.10284735524944132,0,0.1280191729977656,0,0.4860158119146539,0,0.10119789833944624,0,0.11479879433012317,0,0.12474131994888478,0,0,0,0,0,0,0,0,0,0,0,0,0,0,0,0,0,0,0,0,0,0,0,0,0,0,0,0,0,0,0,0,0,0,0,0,0,0,0,0,0,0,0,0,0,0,0,0,0,0,0,0,0,0,0,0,0,0,0,0,0,0,0,0,0,0,0,0,0,0,0,0,0,0,0,0,0,0,0,0,0,0,0,0,0,0,0,0,0,0,0,0,0,0,0,0,0,0,0,0,0,0
es082,0,0,0,0,0,0,0,0,0,0,0,0,0,0,0,0,0,0,0,0,0,0,0,0,0,0,0,0,0,0,0,0,0,0,0,0,0,0,0,0,0,0,0,0,0,0,0,0,0,0,0,0,0,0,0,0,0,0,0,0,0,0.03802830223756899,0,0.042891144914036575,0,0.06836181361375536,0,0.07793624297550053,0,0.04640500331825874,0,0.04989430477192099,0,0,0,0,0,0,0,0,0,0,0,0,0,0,0,0,0,0,0,0,0,0,0,0,0,0,0,0,0,0,0,0,0,0,0,0,0,0,0,0,0,0,0,0,0,0,0,0,0,0,0,0,0,0,0,0,0,0,0,0,0,0,0,0,0,0,0,0,0,0,0,0,0,0,0,0,0,0,0,0,0,0,0,0,0,0,0,0,0,0,0,0,0,0,0,0,0,0,0,0,0,0,0
es083,0,0,0,0,0,0,0,0,0,0,0,0,0,0,0,0,0,0,0,0,0,0,0,0,0,0,0,0,0,0,0,0,0,0,0,0,0,0,0,0,0,0,0,0,0,0,0,0,0,0,0,0,0,0,0,0,0,0,0,0,0,0,0.04282961971962158,0,0.05331213897544082,0,0.10119789833944624,0,0.0842854440309383,0,0.04780666156660294,0,0.05194711408744176,0,0,0,0,0,0,0,0,0,0,0,0,0,0,0,0,0,0,0,0,0,0,0,0,0,0,0,0,0,0,0,0,0,0,0,0,0,0,0,0,0,0,0,0,0,0,0,0,0,0,0,0,0,0,0,0,0,0,0,0,0,0,0,0,0,0,0,0,0,0,0,0,0,0,0,0,0,0,0,0,0,0,0,0,0,0,0,0,0,0,0,0,0,0,0,0,0,0,0,0,0,0
es084,0,0,0,0,0,0,0,0,0,0,0,0,0,0,0,0,0,0,0,0,0,0,0,0,0,0,0,0,0,0,0,0,0,0,0,0,0,0,0,0,0,0,0,0,0,0,0,0,0,0,0,0,0,0,0,0,0,0,0,0,0,0.045285824005575286,0,0.05107671722603975,0,0.08140834267789206,0,0.04640500331825874,0,0.11052235780185295,0,0.05941639704729009,0,0,0,0,0,0,0,0,0,0,0,0,0,0,0,0,0,0,0,0,0,0,0,0,0,0,0,0,0,0,0,0,0,0,0,0,0,0,0,0,0,0,0,0,0,0,0,0,0,0,0,0,0,0,0,0,0,0,0,0,0,0,0,0,0,0,0,0,0,0,0,0,0,0,0,0,0,0,0,0,0,0,0,0,0,0,0,0,0,0,0,0,0,0,0,0,0,0,0,0,0,0,0
es085,0,0,0,0,0,0,0,0,0,0,0,0,0,0,0,0,0,0,0,0,0,0,0,0,0,0,0,0,0,0,0,0,0,0,0,0,0,0,0,0,0,0,0,0,0,0,0,0,0,0,0,0,0,0,0,0,0,0,0,0,0,0,0.04858587763293198,0,0.060477236958141195,0,0.11479879433012317,0,0.04780666156660294,0,0.10846365781995718,0,0.05892875409491733,0,0,0,0,0,0,0,0,0,0,0,0,0,0,0,0,0,0,0,0,0,0,0,0,0,0,0,0,0,0,0,0,0,0,0,0,0,0,0,0,0,0,0,0,0,0,0,0,0,0,0,0,0,0,0,0,0,0,0,0,0,0,0,0,0,0,0,0,0,0,0,0,0,0,0,0,0,0,0,0,0,0,0,0,0,0,0,0,0,0,0,0,0,0,0,0,0,0,0,0,0,0
es086,0,0,0,0,0,0,0,0,0,0,0,0,0,0,0,0,0,0,0,0,0,0,0,0,0,0,0,0,0,0,0,0,0,0,0,0,0,0,0,0,0,0,0,0,0,0,0,0,0,0,0,0,0,0,0,0,0,0,0,0,0,0.04869097173176396,0,0.05491729584733234,0,0.0875296276285266,0,0.04989430477192099,0,0.05941639704729009,0,0.12776811165793045,0,0,0,0,0,0,0,0,0,0,0,0,0,0,0,0,0,0,0,0,0,0,0,0,0,0,0,0,0,0,0,0,0,0,0,0,0,0,0,0,0,0,0,0,0,0,0,0,0,0,0,0,0,0,0,0,0,0,0,0,0,0,0,0,0,0,0,0,0,0,0,0,0,0,0,0,0,0,0,0,0,0,0,0,0,0,0,0,0,0,0,0,0,0,0,0,0,0,0,0,0,0,0
es087,0,0,0,0,0,0,0,0,0,0,0,0,0,0,0,0,0,0,0,0,0,0,0,0,0,0,0,0,0,0,0,0,0,0,0,0,0,0,0,0,0,0,0,0,0,0,0,0,0,0,0,0,0,0,0,0,0,0,0,0,0,0,0.052793816713601276,0,0.06571506616459703,0,0.12474131994888478,0,0.05194711408744176,0,0.05892875409491733,0,0.12806494374156288,0,0,0,0,0,0,0,0,0,0,0,0,0,0,0,0,0,0,0,0,0,0,0,0,0,0,0,0,0,0,0,0,0,0,0,0,0,0,0,0,0,0,0,0,0,0,0,0,0,0,0,0,0,0,0,0,0,0,0,0,0,0,0,0,0,0,0,0,0,0,0,0,0,0,0,0,0,0,0,0,0,0,0,0,0,0,0,0,0,0,0,0,0,0,0,0,0,0,0,0,0,0
es088,0,0,0,0,0,0,0,0,0,0,0,0,0,0,0,0,0,0,0,0,0,0,0,0,0,0,0,0,0,0,0,0,0,0,0,0,0,0,0,0,0,0,0,0,0,0,0,0,0,0,0,0,0,0,0,0,0,0,0,0,0,0,0,0,0,0,0,0,0,0,0,0,0,0.07221829619316329,0.03614946954141923,0.06012649221471646,0.03633535203249313,0.03631334831843278,0.036774998667562335,0,0,0,0,0,0,0,0,0,0,0,0,0,0,0,0,0,0,0,0,0,0,0,0,0,0,0,0,0,0,0,0,0,0,0,0,0,0,0,0,0,0,0,0,0,0,0,0,0,0,0,0,0,0,0,0,0,0,0,0,0,0,0,0,0,0,0,0,0,0,0,0,0,0,0,0,0,0,0,0,0,0,0,0,0,0,0,0,0,0,0,0,0,0,0,0
es089,0,0,0,0,0,0,0,0,0,0,0,0,0,0,0,0,0,0,0,0,0,0,0,0,0,0,0,0,0,0,0,0,0,0,0,0,0,0,0,0,0,0,0,0,0,0,0,0,0,0,0,0,0,0,0,0,0,0,0,0,0,0,0,0,0,0,0,0,0,0,0,0,0,0.03614946954141923,0.07237967202276403,0.0601936327363546,0.03637592606898698,0.036353897784379016,0.03681606363747551,0,0,0,0,0,0,0,0,0,0,0,0,0,0,0,0,0,0,0,0,0,0,0,0,0,0,0,0,0,0,0,0,0,0,0,0,0,0,0,0,0,0,0,0,0,0,0,0,0,0,0,0,0,0,0,0,0,0,0,0,0,0,0,0,0,0,0,0,0,0,0,0,0,0,0,0,0,0,0,0,0,0,0,0,0,0,0,0,0,0,0,0,0,0,0,0
es090,0,0,0,0,0,0,0,0,0,0,0,0,0,0,0,0,0,0,0,0,0,0,0,0,0,0,0,0,0,0,0,0,0,0,0,0,0,0,0,0,0,0,0,0,0,0,0,0,0,0,0,0,0,0,0,0,0,0,0,0,0,0,0,0,0,0,0,0,0,0,0,0,0,0.06012649221471646,0.0601936327363546,0.2002370732412045,0.06050315159075994,0.06046651250587747,0.061235221201209084,0,0,0,0,0,0,0,0,0,0,0,0,0,0,0,0,0,0,0,0,0,0,0,0,0,0,0,0,0,0,0,0,0,0,0,0,0,0,0,0,0,0,0,0,0,0,0,0,0,0,0,0,0,0,0,0,0,0,0,0,0,0,0,0,0,0,0,0,0,0,0,0,0,0,0,0,0,0,0,0,0,0,0,0,0,0,0,0,0,0,0,0,0,0,0,0
es091,0,0,0,0,0,0,0,0,0,0,0,0,0,0,0,0,0,0,0,0,0,0,0,0,0,0,0,0,0,0,0,0,0,0,0,0,0,0,0,0,0,0,0,0,0,0,0,0,0,0,0,0,0,0,0,0,0,0,0,0,0,0,0,0,0,0,0,0,0,0,0,0,0,0.03633535203249313,0.03637592606898698,0.060503151590759946,0.07312594602309036,0.036540831456328575,0.037005373790771894,0,0,0,0,0,0,0,0,0,0,0,0,0,0,0,0,0,0,0,0,0,0,0,0,0,0,0,0,0,0,0,0,0,0,0,0,0,0,0,0,0,0,0,0,0,0,0,0,0,0,0,0,0,0,0,0,0,0,0,0,0,0,0,0,0,0,0,0,0,0,0,0,0,0,0,0,0,0,0,0,0,0,0,0,0,0,0,0,0,0,0,0,0,0,0,0
es092,0,0,0,0,0,0,0,0,0,0,0,0,0,0,0,0,0,0,0,0,0,0,0,0,0,0,0,0,0,0,0,0,0,0,0,0,0,0,0,0,0,0,0,0,0,0,0,0,0,0,0,0,0,0,0,0,0,0,0,0,0,0,0,0,0,0,0,0,0,0,0,0,0,0.03631334831843278,0.036353897784379016,0.06046651250587747,0.036540831456328575,0.07303740661888719,0.03698296432951608,0,0,0,0,0,0,0,0,0,0,0,0,0,0,0,0,0,0,0,0,0,0,0,0,0,0,0,0,0,0,0,0,0,0,0,0,0,0,0,0,0,0,0,0,0,0,0,0,0,0,0,0,0,0,0,0,0,0,0,0,0,0,0,0,0,0,0,0,0,0,0,0,0,0,0,0,0,0,0,0,0,0,0,0,0,0,0,0,0,0,0,0,0,0,0,0
es093,0,0,0,0,0,0,0,0,0,0,0,0,0,0,0,0,0,0,0,0,0,0,0,0,0,0,0,0,0,0,0,0,0,0,0,0,0,0,0,0,0,0,0,0,0,0,0,0,0,0,0,0,0,0,0,0,0,0,0,0,0,0,0,0,0,0,0,0,0,0,0,0,0,0.036774998667562335,0.03681606363747551,0.061235221201209084,0.037005373790771894,0.03698296432951608,0.07490625496796141,0,0,0,0,0,0,0,0,0,0,0,0,0,0,0,0,0,0,0,0,0,0,0,0,0,0,0,0,0,0,0,0,0,0,0,0,0,0,0,0,0,0,0,0,0,0,0,0,0,0,0,0,0,0,0,0,0,0,0,0,0,0,0,0,0,0,0,0,0,0,0,0,0,0,0,0,0,0,0,0,0,0,0,0,0,0,0,0,0,0,0,0,0,0,0,0
es094,0,0,0,0,0,0,0,0,0,0,0,0,0,0,0,0,0,0,0,0,0,0,0,0,0,0,0,0,0,0,0,0,0,0,0,0,0,0,0,0,0,0,0,0,0,0,0,0,0,0,0,0,0,0,0,0,0,0,0,0,0,0,0,0,0,0,0,0,0,0,0,0,0,0,0,0,0,0,0,0.04020620011349124,0.01005900453463493,0.020223121281386414,0.010123209780013805,0.02052367107136008,0.010335199082932936,0.022841439512548162,0.011414713346852753,0.021921690673664,0.01106061290410544,0.023029101746786663,0.011670840639207999,0.025493104255218862,0.012905377164077319,0.025240764265393668,0.012731495481160643,0.027193811681566447,0.013555556039141051,0.010074799204479649,0,0.01013303365336715,0,0.010242383070449066,0,0.011480411527597063,0,0.011356345387734883,0,0.011513148059017729,0,0.012327057298591602,0,0.01313951472637958,0,0.012094609290097091,0,0,0,0,0,0,0,0,0,0,0,0,0,0,0,0,0,0,0,0,0,0,0,0,0,0,0,0,0,0,0,0,0,0,0,0,0,0,0,0,0,0,0,0,0,0,0,0,0,0,0,0,0,0,0,0,0,0,0,0,0
es095,0,0,0,0,0,0,0,0,0,0,0,0,0,0,0,0,0,0,0,0,0,0,0,0,0,0,0,0,0,0,0,0,0,0,0,0,0,0,0,0,0,0,0,0,0,0,0,0,0,0,0,0,0,0,0,0,0,0,0,0,0,0,0,0,0,0,0,0,0,0,0,0,0,0,0,0,0,0,0,0.01005900453463493,0.04026585827745659,0.010119059652477766,0.020261434862241665,0.010269445995464416,0.02068572790228792,0.011429189676505363,0.02284635762513085,0.010968974201531563,0.02213763151835982,0.01152309038136463,0.02335899211194587,0.012756005321632988,0.02582989629424207,0.012629741755578176,0.025481875017521242,0.013606989680534252,0.0271312184254813,0,0.010088241713600243,0,0.010150800266079812,0,0.01032765050081169,0,0.011483201832971243,0,0.011433578332148033,0,0.011678248757525884,0,0.012530845478636239,0,0.013237187736475859,0,0.012000524305034031,0,0,0,0,0,0,0,0,0,0,0,0,0,0,0,0,0,0,0,0,0,0,0,0,0,0,0,0,0,0,0,0,0,0,0,0,0,0,0,0,0,0,0,0,0,0,0,0,0,0,0,0,0,0,0,0,0,0,0,0
es096,0,0,0,0,0,0,0,0,0,0,0,0,0,0,0,0,0,0,0,0,0,0,0,0,0,0,0,0,0,0,0,0,0,0,0,0,0,0,0,0,0,0,0,0,0,0,0,0,0,0,0,0,0,0,0,0,0,0,0,0,0,0,0,0,0,0,0,0,0,0,0,0,0,0,0,0,0,0,0,0.020223121281386414,0.010119059652477766,0.040687718133744465,0.01018364822143146,0.02064620322456811,0.010396903160778572,0.022977809402521164,0.01148286243186679,0.02205256940149319,0.011126647908770456,0.023166592033669022,0.011740518876999749,0.02564530533783647,0.012982425936023521,0.02539145880650677,0.012807506130008051,0.02735616647119888,0.013636486563881622,0.010134948620993445,0,0.010193530746102627,0,0.010303533010303388,0,0.011548952849434642,0,0.011424145999433198,0,0.011581884827258127,0,0.01240065333646725,0,0.013217961366161221,0,0.012166817547254039,0,0,0,0,0,0,0,0,0,0,0,0,0,0,0,0,0,0,0,0,0,0,0,0,0,0,0,0,0,0,0,0,0,0,0,0,0,0,0,0,0,0,0,0,0,0,0,0,0,0,0,0,0,0,0,0,0,0,0,0,0
es097,0,0,0,0,0,0,0,0,0,0,0,0,0,0,0,0,0,0,0,0,0,0,0,0,0,0,0,0,0,0,0,0,0,0,0,0,0,0,0,0,0,0,0,0,0,0,0,0,0,0,0,0,0,0,0,0,0,0,0,0,0,0,0,0,0,0,0,0,0,0,0,0,0,0,0,0,0,0,0,0.010123209780013805,0.020261434862241665,0.01018364822143146,0.04078152164030246,0.010334994459805357,0.020817762064439256,0.011502140625591335,0.022992182790263684,0.011038987658403858,0.022278932982023488,0.011596640685762154,0.023508089352650623,0.012837425152880673,0.025994764977218848,0.012710355663812999,0.0256445223284535,0.013693841228149964,0.027304393269019542,0,0.010152633575879744,0,0.010215591431013834,0,0.010393570476521884,0,0.011556497534238944,0,0.011506557293420643,0,0.01175278941654346,0,0.012610828145508532,0,0.013321678889036761,0,0.01207712200464008,0,0,0,0,0,0,0,0,0,0,0,0,0,0,0,0,0,0,0,0,0,0,0,0,0,0,0,0,0,0,0,0,0,0,0,0,0,0,0,0,0,0,0,0,0,0,0,0,0,0,0,0,0,0,0,0,0,0,0,0
es098,0,0,0,0,0,0,0,0,0,0,0,0,0,0,0,0,0,0,0,0,0,0,0,0,0,0,0,0,0,0,0,0,0,0,0,0,0,0,0,0,0,0,0,0,0,0,0,0,0,0,0,0,0,0,0,0,0,0,0,0,0,0,0,0,0,0,0,0,0,0,0,0,0,0,0,0,0,0,0,0.02052367107136008,0.010269445995464416,0.02064620322456811,0.010334994459805357,0.04190608145573462,0.010551418728275298,0.023319298517573795,0.011653517191049319,0.022380307885072323,0.011292008717597226,0.023510886777949346,0.011915002846786942,0.026026437954599815,0.013175366745413409,0.0257688188344291,0.012997847335200907,0.02776272537835289,0.013839147820555467,0.010285571100928682,0,0.010345023855509585,0,0.010456660939426954,0,0.011720589824015224,0,0.011593928133109981,0,0.011754011226734133,0,0.012584948020950098,0,0.013414402630454892,0,0.012347637036372212,0,0,0,0,0,0,0,0,0,0,0,0,0,0,0,0,0,0,0,0,0,0,0,0,0,0,0,0,0,0,0,0,0,0,0,0,0,0,0,0,0,0,0,0,0,0,0,0,0,0,0,0,0,0,0,0,0,0,0,0,0
es099,0,0,0,0,0,0,0,0,0,0,0,0,0,0,0,0,0,0,0,0,0,0,0,0,0,0,0,0,0,0,0,0,0,0,0,0,0,0,0,0,0,0,0,0,0,0,0,0,0,0,0,0,0,0,0,0,0,0,0,0,0,0,0,0,0,0,0,0,0,0,0,0,0,0,0,0,0,0,0,0.010335199082932936,0.02068572790228792,0.010396903160778572,0.020817762064439256,0.010551418728275298,0.04250741021328815,0.01174300600586933,0.023473660197945206,0.011270154190510905,0.022745474284167164,0.011839484984023353,0.024000370317198833,0.013106252616558107,0.026539119211381502,0.012976522175776982,0.02618154216013139,0.01398060283038131,0.027876172321465633,0,0.01036523904008669,0,0.010429515290484059,0,0.010611221380537402,0,0.011798501198067655,0,0.011747515162776185,0,0.011998903612525777,0,0.012874910459902265,0,0.013600647070351638,0,0.01233002802265895,0,0,0,0,0,0,0,0,0,0,0,0,0,0,0,0,0,0,0,0,0,0,0,0,0,0,0,0,0,0,0,0,0,0,0,0,0,0,0,0,0,0,0,0,0,0,0,0,0,0,0,0,0,0,0,0,0,0,0,0
es100,0,0,0,0,0,0,0,0,0,0,0,0,0,0,0,0,0,0,0,0,0,0,0,0,0,0,0,0,0,0,0,0,0,0,0,0,0,0,0,0,0,0,0,0,0,0,0,0,0,0,0,0,0,0,0,0,0,0,0,0,0,0,0,0,0,0,0,0,0,0,0,0,0,0,0,0,0,0,0,0.022841439512548162,0.011429189676505363,0.022977809402521164,0.011502140625591335,0.023319298517573795,0.01174300600586933,0.05190556257817846,0.012969566073354222,0.024907749059691377,0.012567231914863811,0.026166005894252057,0.013260581689817913,0.028965641975068145,0.014663280342226595,0.02867892954773507,0.014465713403223642,0.03089801089815992,0.015402023193089618,0.011447135813910063,0,0.011513302655743202,0,0.011637547080183146,0,0.013044213317675728,0,0.012903247535223365,0,0.013081409048691596,0,0.014006184760494936,0,0.014929310902281836,0,0.013742073896456429,0,0,0,0,0,0,0,0,0,0,0,0,0,0,0,0,0,0,0,0,0,0,0,0,0,0,0,0,0,0,0,0,0,0,0,0,0,0,0,0,0,0,0,0,0,0,0,0,0,0,0,0,0,0,0,0,0,0,0,0,0
es101,0,0,0,0,0,0,0,0,0,0,0,0,0,0,0,0,0,0,0,0,0,0,0,0,0,0,0,0,0,0,0,0,0,0,0,0,0,0,0,0,0,0,0,0,0,0,0,0,0,0,0,0,0,0,0,0,0,0,0,0,0,0,0,0,0,0,0,0,0,0,0,0,0,0,0,0,0,0,0,0.011414713346852753,0.02284635762513085,0.01148286243186679,0.022992182790263684,0.011653517191049319,0.023473660197945206,0.012969566073354222,0.05185098036542776,0.012447324761450662,0.025121245058619613,0.013076122306164874,0.026507215312527314,0.014475204151267764,0.029311137196779087,0.014331923331808489,0.028916211128429507,0.015440880475010046,0.03078784585605701,0,0.01144789098543623,0,0.0115188809071019,0,0.011719566246077269,0,0.01303085775298122,0,0.012974546212886582,0,0.013252192252365385,0,0.014219698245471537,0,0.015021238235859923,0,0.01361790269427235,0,0,0,0,0,0,0,0,0,0,0,0,0,0,0,0,0,0,0,0,0,0,0,0,0,0,0,0,0,0,0,0,0,0,0,0,0,0,0,0,0,0,0,0,0,0,0,0,0,0,0,0,0,0,0,0,0,0,0,0
es102,0,0,0,0,0,0,0,0,0,0,0,0,0,0,0,0,0,0,0,0,0,0,0,0,0,0,0,0,0,0,0,0,0,0,0,0,0,0,0,0,0,0,0,0,0,0,0,0,0,0,0,0,0,0,0,0,0,0,0,0,0,0,0,0,0,0,0,0,0,0,0,0,0,0,0,0,0,0,0,0.021921690673664,0.010968974201531563,0.02205256940149319,0.011038987658403858,0.022380307885072323,0.011270154190510905,0.024907749059691377,0.012447324761450662,0.04780959360847975,0.012061191262069835,0.025112387818812743,0.01272662214644332,0.027799291861299365,0.01407283878701783,0.02752412439031584,0.013883227211889821,0.0296538507115044,0.014781834919030581,0.010986197707640134,0,0.011049700230706706,0,0.011168941745191974,0,0.012518966209388237,0,0.012383676650392006,0,0.012554664191963404,0,0.013442202260023137,0,0.014328157180767435,0,0.01318872626251319,0,0,0,0,0,0,0,0,0,0,0,0,0,0,0,0,0,0,0,0,0,0,0,0,0,0,0,0,0,0,0,0,0,0,0,0,0,0,0,0,0,0,0,0,0,0,0,0,0,0,0,0,0,0,0,0,0,0,0,0,0
es103,0,0,0,0,0,0,0,0,0,0,0,0,0,0,0,0,0,0,0,0,0,0,0,0,0,0,0,0,0,0,0,0,0,0,0,0,0,0,0,0,0,0,0,0,0,0,0,0,0,0,0,0,0,0,0,0,0,0,0,0,0,0,0,0,0,0,0,0,0,0,0,0,0,0,0,0,0,0,0,0.01106061290410544,0.02213763151835982,0.011126647908770456,0.022278932982023488,0.011292008717597226,0.022745474284167164,0.012567231914863811,0.025121245058619613,0.012061191262069835,0.0486838974960634,0.012670482623648656,0.025684924257732476,0.01402616298456734,0.028401864546347758,0.013887326937400284,0.028019189639407638,0.014961882672220988,0.029832763628620116,0,0.011092761325734033,0,0.011161549040307105,0,0.011356008838156323,0,0.012626622240489781,0,0.012572057563472065,0,0.012841090632785167,0,0.013778583230888805,0,0.014555258324818405,0,0.01319545622305534,0,0,0,0,0,0,0,0,0,0,0,0,0,0,0,0,0,0,0,0,0,0,0,0,0,0,0,0,0,0,0,0,0,0,0,0,0,0,0,0,0,0,0,0,0,0,0,0,0,0,0,0,0,0,0,0,0,0,0,0
es104,0,0,0,0,0,0,0,0,0,0,0,0,0,0,0,0,0,0,0,0,0,0,0,0,0,0,0,0,0,0,0,0,0,0,0,0,0,0,0,0,0,0,0,0,0,0,0,0,0,0,0,0,0,0,0,0,0,0,0,0,0,0,0,0,0,0,0,0,0,0,0,0,0,0,0,0,0,0,0,0.023029101746786663,0.01152309038136463,0.023166592033669022,0.011596640685762154,0.023510886777949346,0.011839484984023353,0.026166005894252057,0.013076122306164874,0.025112387818812743,0.012670482623648656,0.05276196464891955,0.01336952886829352,0.02920361984359117,0.014783751906585577,0.028914551825023678,0.014584561783843937,0.031151864853182717,0.015528564170623916,0.011541183961851432,0,0.011607894421671698,0,0.011733159621806153,0,0.01315138284233436,0,0.01300925890373025,0,0.01318888416853755,0,0.01412125771480098,0,0.015051968138399738,0,0.013854976950971137,0,0,0,0,0,0,0,0,0,0,0,0,0,0,0,0,0,0,0,0,0,0,0,0,0,0,0,0,0,0,0,0,0,0,0,0,0,0,0,0,0,0,0,0,0,0,0,0,0,0,0,0,0,0,0,0,0,0,0,0,0
es105,0,0,0,0,0,0,0,0,0,0,0,0,0,0,0,0,0,0,0,0,0,0,0,0,0,0,0,0,0,0,0,0,0,0,0,0,0,0,0,0,0,0,0,0,0,0,0,0,0,0,0,0,0,0,0,0,0,0,0,0,0,0,0,0,0,0,0,0,0,0,0,0,0,0,0,0,0,0,0,0.011670840639207999,0.02335899211194587,0.011740518876999749,0.023508089352650623,0.011915002846786942,0.024000370317198833,0.013260581689817913,0.026507215312527314,0.01272662214644332,0.025684924257732476,0.01336952886829352,0.05420398678464877,0.014800003796505973,0.029968830647148045,0.014653507992384409,0.029565043090866768,0.01578734830012943,0.031478674206883425,0,0.01170476272913939,0,0.011777345547259682,0,0.011982533933392284,0,0.013323248653385012,0,0.013265673575446316,0,0.013549549532940929,0,0.014538764760683278,0,0.01535828998304503,0,0.013923465912432608,0,0,0,0,0,0,0,0,0,0,0,0,0,0,0,0,0,0,0,0,0,0,0,0,0,0,0,0,0,0,0,0,0,0,0,0,0,0,0,0,0,0,0,0,0,0,0,0,0,0,0,0,0,0,0,0,0,0,0,0
es106,0,0,0,0,0,0,0,0,0,0,0,0,0,0,0,0,0,0,0,0,0,0,0,0,0,0,0,0,0,0,0,0,0,0,0,0,0,0,0,0,0,0,0,0,0,0,0,0,0,0,0,0,0,0,0,0,0,0,0,0,0,0,0,0,0,0,0,0,0,0,0,0,0,0,0,0,0,0,0,0.025493104255218862,0.012756005321632988,0.02564530533783647,0.012837425152880673,0.026026437954599815,0.013106252616558107,0.028965641975068145,0.014475204151267764,0.027799291861299365,0.01402616298456734,0.02920361984359117,0.014800003796505973,0.06465653185160204,0.016365541860114657,0.03200826902730198,0.016145039357607326,0.03448496372888218,0.017190045434178045,0.01277603482772367,0,0.012849882984104713,0,0.012988550954818079,0,0.014558517200815607,0,0.014401186688152323,0,0.014600030987550269,0,0.01563216399391116,0,0.01666245593152582,0,0.015337392476197894,0,0,0,0,0,0,0,0,0,0,0,0,0,0,0,0,0,0,0,0,0,0,0,0,0,0,0,0,0,0,0,0,0,0,0,0,0,0,0,0,0,0,0,0,0,0,0,0,0,0,0,0,0,0,0,0,0,0,0,0,0
es107,0,0,0,0,0,0,0,0,0,0,0,0,0,0,0,0,0,0,0,0,0,0,0,0,0,0,0,0,0,0,0,0,0,0,0,0,0,0,0,0,0,0,0,0,0,0,0,0,0,0,0,0,0,0,0,0,0,0,0,0,0,0,0,0,0,0,0,0,0,0,0,0,0,0,0,0,0,0,0,0.012905377164077319,0.02582989629424207,0.012982425936023521,0.025994764977218848,0.013175366745413409,0.026539119211381502,0.014663280342226595,0.029311137196779087,0.01407283878701783,0.028401864546347758,0.014783751906585577,0.029968830647148045,0.016365541860114657,0.06627784143817268,0.016203549792568796,0.032692420688020495,0.017457327242508855,0.03480847488399186,0,0.012942887518154783,0,0.013023148115692816,0,0.013250041241440205,0,0.014732576190363184,0,0.014668910845336211,0,0.014982815080046948,0,0.016076669070956208,0,0.01698288332038413,0,0.015396284174034497,0,0,0,0,0,0,0,0,0,0,0,0,0,0,0,0,0,0,0,0,0,0,0,0,0,0,0,0,0,0,0,0,0,0,0,0,0,0,0,0,0,0,0,0,0,0,0,0,0,0,0,0,0,0,0,0,0,0,0,0
es108,0,0,0,0,0,0,0,0,0,0,0,0,0,0,0,0,0,0,0,0,0,0,0,0,0,0,0,0,0,0,0,0,0,0,0,0,0,0,0,0,0,0,0,0,0,0,0,0,0,0,0,0,0,0,0,0,0,0,0,0,0,0,0,0,0,0,0,0,0,0,0,0,0,0,0,0,0,0,0,0.025240764265393668,0.012629741755578176,0.02539145880650677,0.012710355663812999,0.0257688188344291,0.012976522175776982,0.02867892954773507,0.014331923331808489,0.02752412439031584,0.013887326937400284,0.028914551825023678,0.014653507992384409,0.03200826902730198,0.016203549792568796,0.063382879148273,0.015985229903786417,0.034143619053500524,0.017019892131287632,0.01264957300235479,0,0.01272269018290632,0,0.012859985567763976,0,0.014414411718582243,0,0.014258638520382007,0,0.01445551458680273,0,0.015477431166410883,0,0.016497524900838837,0,0.015185577404065337,0,0,0,0,0,0,0,0,0,0,0,0,0,0,0,0,0,0,0,0,0,0,0,0,0,0,0,0,0,0,0,0,0,0,0,0,0,0,0,0,0,0,0,0,0,0,0,0,0,0,0,0,0,0,0,0,0,0,0,0,0
es109,0,0,0,0,0,0,0,0,0,0,0,0,0,0,0,0,0,0,0,0,0,0,0,0,0,0,0,0,0,0,0,0,0,0,0,0,0,0,0,0,0,0,0,0,0,0,0,0,0,0,0,0,0,0,0,0,0,0,0,0,0,0,0,0,0,0,0,0,0,0,0,0,0,0,0,0,0,0,0,0.012731495481160643,0.025481875017521242,0.012807506130008051,0.0256445223284535,0.012997847335200907,0.02618154216013139,0.014465713403223642,0.028916211128429507,0.013883227211889821,0.028019189639407638,0.014584561783843937,0.029565043090866768,0.016145039357607326,0.032692420688020495,0.015985229903786417,0.06450387322523385,0.017222114477971912,0.03433947997468856,0,0.012768500436332608,0,0.01284767963597003,0,0.013071515698134886,0,0.01453407558793142,0,0.014471268043276803,0,0.014780942862921849,0,0.015860058720230965,0,0.016754063015872164,0,0.015188841046351534,0,0,0,0,0,0,0,0,0,0,0,0,0,0,0,0,0,0,0,0,0,0,0,0,0,0,0,0,0,0,0,0,0,0,0,0,0,0,0,0,0,0,0,0,0,0,0,0,0,0,0,0,0,0,0,0,0,0,0,0
es110,0,0,0,0,0,0,0,0,0,0,0,0,0,0,0,0,0,0,0,0,0,0,0,0,0,0,0,0,0,0,0,0,0,0,0,0,0,0,0,0,0,0,0,0,0,0,0,0,0,0,0,0,0,0,0,0,0,0,0,0,0,0,0,0,0,0,0,0,0,0,0,0,0,0,0,0,0,0,0,0.027193811681566447,0.013606989680534252,0.02735616647119888,0.013693841228149964,0.02776272537835289,0.01398060283038131,0.03089801089815992,0.015440880475010046,0.0296538507115044,0.014961882672220988,0.031151864853182717,0.01578734830012943,0.03448496372888218,0.017457327242508855,0.034143619053500524,0.017222114477971912,0.07357108024982031,0.018336835469494127,0.013628355404035472,0,0.013707130151808522,0,0.013855049002494284,0,0.01552975154215587,0,0.015361925125635653,0,0.015574034815285309,0,0.016675023942553366,0,0.01777404917886972,0,0.016360587494895443,0,0,0,0,0,0,0,0,0,0,0,0,0,0,0,0,0,0,0,0,0,0,0,0,0,0,0,0,0,0,0,0,0,0,0,0,0,0,0,0,0,0,0,0,0,0,0,0,0,0,0,0,0,0,0,0,0,0,0,0,0
es111,0,0,0,0,0,0,0,0,0,0,0,0,0,0,0,0,0,0,0,0,0,0,0,0,0,0,0,0,0,0,0,0,0,0,0,0,0,0,0,0,0,0,0,0,0,0,0,0,0,0,0,0,0,0,0,0,0,0,0,0,0,0,0,0,0,0,0,0,0,0,0,0,0,0,0,0,0,0,0,0.013555556039141051,0.0271312184254813,0.013636486563881622,0.027304393269019542,0.013839147820555467,0.027876172321465633,0.015402023193089618,0.03078784585605701,0.014781834919030581,0.029832763628620116,0.015528564170623916,0.031478674206883425,0.017190045434178045,0.03480847488399186,0.017019892131287632,0.03433947997468856,0.018336835469494127,0.0731242839210303,0,0.01359495618221943,0,0.013679260345811812,0,0.013917584452256826,0,0.015474810198130436,0,0.015407937363552098,0,0.015737656238905037,0,0.016886619100190674,0,0.017838488842965957,0,0.01617195609723094,0,0,0,0,0,0,0,0,0,0,0,0,0,0,0,0,0,0,0,0,0,0,0,0,0,0,0,0,0,0,0,0,0,0,0,0,0,0,0,0,0,0,0,0,0,0,0,0,0,0,0,0,0,0,0,0,0,0,0,0
es112,0,0,0,0,0,0,0,0,0,0,0,0,0,0,0,0,0,0,0,0,0,0,0,0,0,0,0,0,0,0,0,0,0,0,0,0,0,0,0,0,0,0,0,0,0,0,0,0,0,0,0,0,0,0,0,0,0,0,0,0,0,0,0,0,0,0,0,0,0,0,0,0,0,0,0,0,0,0,0,0.010074799204479649,0,0.010134948620993445,0,0.010285571100928682,0,0.011447135813910063,0,0.010986197707640134,0,0.011541183961851432,0,0.01277603482772367,0,0.01264957300235479,0,0.013628355404035472,0,0.04039240862317641,0.01010408229172419,0.02031294260123886,0.010166739073772997,0.02053214728452004,0.010343866999111329,0.023013931303898186,0.01150123278037638,0.022765225095669986,0.011451531360628953,0.023079555805548855,0.01169658596801769,0.024711139419266375,0.012550521438273076,0.026339812693347862,0.013257972796195268,0.02424516810052391,0.01201936755326092,0,0,0,0,0,0,0,0,0,0,0,0,0,0,0,0,0,0,0,0,0,0,0,0,0,0,0,0,0,0,0,0,0,0,0,0,0,0,0,0,0,0,0,0,0,0,0,0,0,0,0,0,0,0,0,0,0,0,0,0
es113,0,0,0,0,0,0,0,0,0,0,0,0,0,0,0,0,0,0,0,0,0,0,0,0,0,0,0,0,0,0,0,0,0,0,0,0,0,0,0,0,0,0,0,0,0,0,0,0,0,0,0,0,0,0,0,0,0,0,0,0,0,0,0,0,0,0,0,0,0,0,0,0,0,0,0,0,0,0,0,0,0.010088241713600243,0,0.010152633575879744,0,0.01036523904008669,0,0.01144789098543623,0,0.011092761325734033,0,0.01170476272913939,0,0.012942887518154783,0,0.012768500436332608,0,0.01359495618221943,0.01010408229172419,0.04044026387645746,0.01016248600298733,0.020345519713513317,0.01027215325156698,0.020699985355902166,0.01151378012239907,0.023016087711594396,0.011389353375886183,0.02291662600534588,0.011546611804768774,0.023407025464733652,0.012362886726753567,0.02511590781315234,0.013177705617163034,0.026531648439966336,0.012129763092355809,0.024052970940276194,0,0,0,0,0,0,0,0,0,0,0,0,0,0,0,0,0,0,0,0,0,0,0,0,0,0,0,0,0,0,0,0,0,0,0,0,0,0,0,0,0,0,0,0,0,0,0,0,0,0,0,0,0,0,0,0,0,0,0,0
es114,0,0,0,0,0,0,0,0,0,0,0,0,0,0,0,0,0,0,0,0,0,0,0,0,0,0,0,0,0,0,0,0,0,0,0,0,0,0,0,0,0,0,0,0,0,0,0,0,0,0,0,0,0,0,0,0,0,0,0,0,0,0,0,0,0,0,0,0,0,0,0,0,0,0,0,0,0,0,0,0.01013303365336715,0,0.010193530746102627,0,0.010345023855509585,0,0.011513302655743202,0,0.011049700230706706,0,0.011607894421671698,0,0.012849882984104713,0,0.01272269018290632,0,0.013707130151808522,0,0.02031294260123886,0.01016248600298733,0.04086071132529328,0.010225504954355605,0.020650827394894784,0.010403656716189862,0.023146956645546824,0.011567712314002648,0.02289681286336036,0.011517723609642476,0.023212960470557646,0.01176419468397204,0.024853974979187347,0.01262306608004456,0.02649206232580854,0.013334606654943402,0.024385310248656356,0.01208884201436276,0,0,0,0,0,0,0,0,0,0,0,0,0,0,0,0,0,0,0,0,0,0,0,0,0,0,0,0,0,0,0,0,0,0,0,0,0,0,0,0,0,0,0,0,0,0,0,0,0,0,0,0,0,0,0,0,0,0,0,0
es115,0,0,0,0,0,0,0,0,0,0,0,0,0,0,0,0,0,0,0,0,0,0,0,0,0,0,0,0,0,0,0,0,0,0,0,0,0,0,0,0,0,0,0,0,0,0,0,0,0,0,0,0,0,0,0,0,0,0,0,0,0,0,0,0,0,0,0,0,0,0,0,0,0,0,0,0,0,0,0,0,0.010150800266079812,0,0.010215591431013834,0,0.010429515290484059,0,0.0115188809071019,0,0.011161549040307105,0,0.011777345547259682,0,0.013023148115692816,0,0.01284767963597003,0,0.013679260345811812,0.010166739073772997,0.020345519713513317,0.010225504954355605,0.040943370070731594,0.010335852264389008,0.020828348767185995,0.01158517863152225,0.023158813587109358,0.01145998029791098,0.023058735105356578,0.011618213907598651,0.023552175598175844,0.012439550660871239,0.025271654957363103,0.013259422353519604,0.026696174783448327,0.012204981395259367,0.024202126669051832,0,0,0,0,0,0,0,0,0,0,0,0,0,0,0,0,0,0,0,0,0,0,0,0,0,0,0,0,0,0,0,0,0,0,0,0,0,0,0,0,0,0,0,0,0,0,0,0,0,0,0,0,0,0,0,0,0,0,0,0
es116,0,0,0,0,0,0,0,0,0,0,0,0,0,0,0,0,0,0,0,0,0,0,0,0,0,0,0,0,0,0,0,0,0,0,0,0,0,0,0,0,0,0,0,0,0,0,0,0,0,0,0,0,0,0,0,0,0,0,0,0,0,0,0,0,0,0,0,0,0,0,0,0,0,0,0,0,0,0,0,0.010242383070449066,0,0.010303533010303388,0,0.010456660939426954,0,0.011637547080183146,0,0.011168941745191974,0,0.011733159621806153,0,0.012988550954818079,0,0.012859985567763976,0,0.013855049002494284,0,0.02053214728452004,0.01027215325156698,0.020650827394894784,0.010335852264389008,0.04174735664278611,0.010515926529589492,0.02339674425141053,0.011692543893742555,0.023143901072606582,0.011642015742276074,0.023463460348780944,0.011891146579636873,0.02512218366861961,0.012759286383347382,0.02677794823833211,0.013478505463001753,0.02464846139887149,0.01221929730274786,0,0,0,0,0,0,0,0,0,0,0,0,0,0,0,0,0,0,0,0,0,0,0,0,0,0,0,0,0,0,0,0,0,0,0,0,0,0,0,0,0,0,0,0,0,0,0,0,0,0,0,0,0,0,0,0,0,0,0,0
es117,0,0,0,0,0,0,0,0,0,0,0,0,0,0,0,0,0,0,0,0,0,0,0,0,0,0,0,0,0,0,0,0,0,0,0,0,0,0,0,0,0,0,0,0,0,0,0,0,0,0,0,0,0,0,0,0,0,0,0,0,0,0,0,0,0,0,0,0,0,0,0,0,0,0,0,0,0,0,0,0,0.01032765050081169,0,0.010393570476521884,0,0.010611221380537402,0,0.011719566246077269,0,0.011356008838156323,0,0.011982533933392284,0,0.013250041241440205,0,0.013071515698134886,0,0.013917584452256826,0.010343866999111329,0.020699985355902166,0.010403656716189862,0.020828348767185995,0.010515926529589492,0.0423824527993757,0.011787019028997304,0.023562293264734205,0.011659639453108894,0.023460471186168792,0.011820629855392438,0.023962508544722174,0.012656276179713878,0.025711945180214538,0.013490431918692996,0.027161283410663917,0.012417620179204565,0.02462378325476312,0,0,0,0,0,0,0,0,0,0,0,0,0,0,0,0,0,0,0,0,0,0,0,0,0,0,0,0,0,0,0,0,0,0,0,0,0,0,0,0,0,0,0,0,0,0,0,0,0,0,0,0,0,0,0,0,0,0,0,0
es118,0,0,0,0,0,0,0,0,0,0,0,0,0,0,0,0,0,0,0,0,0,0,0,0,0,0,0,0,0,0,0,0,0,0,0,0,0,0,0,0,0,0,0,0,0,0,0,0,0,0,0,0,0,0,0,0,0,0,0,0,0,0,0,0,0,0,0,0,0,0,0,0,0,0,0,0,0,0,0,0.011480411527597063,0,0.011548952849434642,0,0.011720589824015224,0,0.013044213317675728,0,0.012518966209388237,0,0.01315138284233436,0,0.014558517200815607,0,0.014414411718582243,0,0.01552975154215587,0,0.023013931303898186,0.01151378012239907,0.023146956645546824,0.01158517863152225,0.02339674425141053,0.011787019028997304,0.05244956189680124,0.01310585776585012,0.02594137583411721,0.013049222120749361,0.026299561226394465,0.013328466171420417,0.028158779553925248,0.014301540712914498,0.03001468149806926,0.015107694022758413,0.027627797011182162,0.013696281485344962,0,0,0,0,0,0,0,0,0,0,0,0,0,0,0,0,0,0,0,0,0,0,0,0,0,0,0,0,0,0,0,0,0,0,0,0,0,0,0,0,0,0,0,0,0,0,0,0,0,0,0,0,0,0,0,0,0,0,0,0
es119,0,0,0,0,0,0,0,0,0,0,0,0,0,0,0,0,0,0,0,0,0,0,0,0,0,0,0,0,0,0,0,0,0,0,0,0,0,0,0,0,0,0,0,0,0,0,0,0,0,0,0,0,0,0,0,0,0,0,0,0,0,0,0,0,0,0,0,0,0,0,0,0,0,0,0,0,0,0,0,0,0.011483201832971243,0,0.011556497534238944,0,0.011798501198067655,0,0.01303085775298122,0,0.012626622240489781,0,0.013323248653385012,0,0.014732576190363184,0,0.01453407558793142,0,0.015474810198130436,0.01150123278037638,0.023016087711594396,0.011567712314002648,0.023158813587109358,0.011692543893742555,0.023562293264734205,0.01310585776585012,0.05239731324861092,0.012964225806169653,0.026085441766857738,0.013143229276750682,0.02664365162451192,0.014072375301048217,0.028588831118896832,0.014999863959778066,0.030200334473235127,0.01380701629976494,0.027378915754707158,0,0,0,0,0,0,0,0,0,0,0,0,0,0,0,0,0,0,0,0,0,0,0,0,0,0,0,0,0,0,0,0,0,0,0,0,0,0,0,0,0,0,0,0,0,0,0,0,0,0,0,0,0,0,0,0,0,0,0,0
es120,0,0,0,0,0,0,0,0,0,0,0,0,0,0,0,0,0,0,0,0,0,0,0,0,0,0,0,0,0,0,0,0,0,0,0,0,0,0,0,0,0,0,0,0,0,0,0,0,0,0,0,0,0,0,0,0,0,0,0,0,0,0,0,0,0,0,0,0,0,0,0,0,0,0,0,0,0,0,0,0.011356345387734883,0,0.011424145999433198,0,0.011593928133109981,0,0.012903247535223365,0,0.012383676650392006,0,0.01300925890373025,0,0.014401186688152323,0,0.014258638520382007,0,0.015361925125635653,0,0.022765225095669986,0.011389353375886183,0.02289681286336036,0.01145998029791098,0.023143901072606582,0.011659639453108894,0.02594137583411721,0.012964225806169653,0.05132206682610723,0.012908202209325995,0.026015347979022246,0.013184428534424848,0.027854474166083738,0.014146987285446512,0.029690319809143148,0.014944428683783682,0.0273292298283043,0.013548268953715074,0,0,0,0,0,0,0,0,0,0,0,0,0,0,0,0,0,0,0,0,0,0,0,0,0,0,0,0,0,0,0,0,0,0,0,0,0,0,0,0,0,0,0,0,0,0,0,0,0,0,0,0,0,0,0,0,0,0,0,0
es121,0,0,0,0,0,0,0,0,0,0,0,0,0,0,0,0,0,0,0,0,0,0,0,0,0,0,0,0,0,0,0,0,0,0,0,0,0,0,0,0,0,0,0,0,0,0,0,0,0,0,0,0,0,0,0,0,0,0,0,0,0,0,0,0,0,0,0,0,0,0,0,0,0,0,0,0,0,0,0,0,0.011433578332148033,0,0.011506557293420643,0,0.011747515162776185,0,0.012974546212886582,0,0.012572057563472065,0,0.013265673575446316,0,0.014668910845336211,0,0.014471268043276803,0,0.015407937363552098,0.011451531360628953,0.02291662600534588,0.011517723609642476,0.023058735105356578,0.011642015742276074,0.023460471186168792,0.013049222120749361,0.026085441766857738,0.012908202209325995,0.05194543231204057,0.01308643213442738,0.026528513765963962,0.01401156294770866,0.028465287362965466,0.014935043557560727,0.03006982676777176,0.013747350668638419,0.027260600526232175,0,0,0,0,0,0,0,0,0,0,0,0,0,0,0,0,0,0,0,0,0,0,0,0,0,0,0,0,0,0,0,0,0,0,0,0,0,0,0,0,0,0,0,0,0,0,0,0,0,0,0,0,0,0,0,0,0,0,0,0
es122,0,0,0,0,0,0,0,0,0,0,0,0,0,0,0,0,0,0,0,0,0,0,0,0,0,0,0,0,0,0,0,0,0,0,0,0,0,0,0,0,0,0,0,0,0,0,0,0,0,0,0,0,0,0,0,0,0,0,0,0,0,0,0,0,0,0,0,0,0,0,0,0,0,0,0,0,0,0,0,0.011513148059017729,0,0.011581884827258127,0,0.011754011226734133,0,0.013081409048691596,0,0.012554664191963404,0,0.01318888416853755,0,0.014600030987550269,0,0.01445551458680273,0,0.015574034815285309,0,0.023079555805548855,0.011546611804768774,0.023212960470557646,0.011618213907598651,0.023463460348780944,0.011820629855392438,0.026299561226394465,0.013143229276750682,0.026015347979022246,0.01308643213442738,0.05274910948249914,0.013366472452864346,0.028239074652181853,0.014342321728106055,0.030100268723020292,0.015150773793799805,0.0277065780063378,0.013735336596576253,0,0,0,0,0,0,0,0,0,0,0,0,0,0,0,0,0,0,0,0,0,0,0,0,0,0,0,0,0,0,0,0,0,0,0,0,0,0,0,0,0,0,0,0,0,0,0,0,0,0,0,0,0,0,0,0,0,0,0,0
es123,0,0,0,0,0,0,0,0,0,0,0,0,0,0,0,0,0,0,0,0,0,0,0,0,0,0,0,0,0,0,0,0,0,0,0,0,0,0,0,0,0,0,0,0,0,0,0,0,0,0,0,0,0,0,0,0,0,0,0,0,0,0,0,0,0,0,0,0,0,0,0,0,0,0,0,0,0,0,0,0,0.011678248757525884,0,0.01175278941654346,0,0.011998903612525777,0,0.013252192252365385,0,0.012841090632785167,0,0.013549549532940929,0,0.014982815080046948,0,0.014780942862921849,0,0.015737656238905037,0.01169658596801769,0.023407025464733652,0.01176419468397204,0.023552175598175844,0.011891146579636873,0.023962508544722174,0.013328466171420417,0.02664365162451192,0.013184428534424848,0.026528513765963962,0.013366472452864346,0.054192410097071236,0.014311400406029582,0.029074424219798556,0.015254642842588638,0.030713299624001086,0.014041534172542603,0.027843957943573267,0,0,0,0,0,0,0,0,0,0,0,0,0,0,0,0,0,0,0,0,0,0,0,0,0,0,0,0,0,0,0,0,0,0,0,0,0,0,0,0,0,0,0,0,0,0,0,0,0,0,0,0,0,0,0,0,0,0,0,0
es124,0,0,0,0,0,0,0,0,0,0,0,0,0,0,0,0,0,0,0,0,0,0,0,0,0,0,0,0,0,0,0,0,0,0,0,0,0,0,0,0,0,0,0,0,0,0,0,0,0,0,0,0,0,0,0,0,0,0,0,0,0,0,0,0,0,0,0,0,0,0,0,0,0,0,0,0,0,0,0,0.012327057298591602,0,0.01240065333646725,0,0.012584948020950098,0,0.014006184760494936,0,0.013442202260023137,0,0.01412125771480098,0,0.01563216399391116,0,0.015477431166410883,0,0.016675023942553366,0,0.024711139419266375,0.012362886726753567,0.024853974979187347,0.012439550660871239,0.02512218366861961,0.012656276179713878,0.028158779553925248,0.014072375301048217,0.027854474166083738,0.01401156294770866,0.028239074652181853,0.014311400406029582,0.06047080946275102,0.015356236264044244,0.03222817385389662,0.016221840952343705,0.02966526382543223,0.014706340991491013,0,0,0,0,0,0,0,0,0,0,0,0,0,0,0,0,0,0,0,0,0,0,0,0,0,0,0,0,0,0,0,0,0,0,0,0,0,0,0,0,0,0,0,0,0,0,0,0,0,0,0,0,0,0,0,0,0,0,0,0
es125,0,0,0,0,0,0,0,0,0,0,0,0,0,0,0,0,0,0,0,0,0,0,0,0,0,0,0,0,0,0,0,0,0,0,0,0,0,0,0,0,0,0,0,0,0,0,0,0,0,0,0,0,0,0,0,0,0,0,0,0,0,0,0,0,0,0,0,0,0,0,0,0,0,0,0,0,0,0,0,0,0.012530845478636239,0,0.012610828145508532,0,0.012874910459902265,0,0.014219698245471537,0,0.013778583230888805,0,0.014538764760683278,0,0.016076669070956208,0,0.015860058720230965,0,0.016886619100190674,0.012550521438273076,0.02511590781315234,0.01262306608004456,0.025271654957363103,0.012759286383347382,0.025711945180214538,0.014301540712914498,0.028588831118896832,0.014146987285446512,0.028465287362965466,0.014342321728106055,0.029074424219798556,0.015356236264044244,0.062394135429565865,0.01636834222845923,0.03295559289053456,0.01506666784142029,0.029876768490627804,0,0,0,0,0,0,0,0,0,0,0,0,0,0,0,0,0,0,0,0,0,0,0,0,0,0,0,0,0,0,0,0,0,0,0,0,0,0,0,0,0,0,0,0,0,0,0,0,0,0,0,0,0,0,0,0,0,0,0,0
es126,0,0,0,0,0,0,0,0,0,0,0,0,0,0,0,0,0,0,0,0,0,0,0,0,0,0,0,0,0,0,0,0,0,0,0,0,0,0,0,0,0,0,0,0,0,0,0,0,0,0,0,0,0,0,0,0,0,0,0,0,0,0,0,0,0,0,0,0,0,0,0,0,0,0,0,0,0,0,0,0.01313951472637958,0,0.013217961366161221,0,0.013414402630454892,0,0.014929310902281836,0,0.014328157180767435,0,0.015051968138399738,0,0.01666245593152582,0,0.016497524900838837,0,0.01777404917886972,0,0.026339812693347862,0.013177705617163034,0.02649206232580854,0.013259422353519604,0.02677794823833211,0.013490431918692996,0.03001468149806926,0.014999863959778066,0.029690319809143148,0.014935043557560727,0.030100268723020292,0.015254642842588638,0.03222817385389662,0.01636834222845923,0.06870456666182248,0.017290997593290988,0.03162045583585763,0.01567561335590882,0,0,0,0,0,0,0,0,0,0,0,0,0,0,0,0,0,0,0,0,0,0,0,0,0,0,0,0,0,0,0,0,0,0,0,0,0,0,0,0,0,0,0,0,0,0,0,0,0,0,0,0,0,0,0,0,0,0,0,0
es127,0,0,0,0,0,0,0,0,0,0,0,0,0,0,0,0,0,0,0,0,0,0,0,0,0,0,0,0,0,0,0,0,0,0,0,0,0,0,0,0,0,0,0,0,0,0,0,0,0,0,0,0,0,0,0,0,0,0,0,0,0,0,0,0,0,0,0,0,0,0,0,0,0,0,0,0,0,0,0,0,0.013237187736475859,0,0.013321678889036761,0,0.013600647070351638,0,0.015021238235859923,0,0.014555258324818405,0,0.01535828998304503,0,0.01698288332038413,0,0.016754063015872164,0,0.017838488842965957,0.013257972796195268,0.026531648439966336,0.013334606654943402,0.026696174783448327,0.013478505463001753,0.027161283410663917,0.015107694022758413,0.030200334473235127,0.014944428683783682,0.03006982676777176,0.015150773793799805,0.030713299624001086,0.016221840952343705,0.03295559289053456,0.017290997593290988,0.06962648622594811,0.015915950054609516,0.03156087066462719,0,0,0,0,0,0,0,0,0,0,0,0,0,0,0,0,0,0,0,0,0,0,0,0,0,0,0,0,0,0,0,0,0,0,0,0,0,0,0,0,0,0,0,0,0,0,0,0,0,0,0,0,0,0,0,0,0,0,0,0
es128,0,0,0,0,0,0,0,0,0,0,0,0,0,0,0,0,0,0,0,0,0,0,0,0,0,0,0,0,0,0,0,0,0,0,0,0,0,0,0,0,0,0,0,0,0,0,0,0,0,0,0,0,0,0,0,0,0,0,0,0,0,0,0,0,0,0,0,0,0,0,0,0,0,0,0,0,0,0,0,0.012094609290097091,0,0.012166817547254039,0,0.012347637036372212,0,0.013742073896456429,0,0.01318872626251319,0,0.013854976950971137,0,0.015337392476197894,0,0.015185577404065337,0,0.016360587494895443,0,0.02424516810052391,0.012129763092355809,0.024385310248656356,0.012204981395259367,0.02464846139887149,0.012417620179204565,0.027627797011182162,0.01380701629976494,0.0273292298283043,0.013747350668638419,0.0277065780063378,0.014041534172542603,0.02966526382543223,0.01506666784142029,0.03162045583585763,0.015915950054609516,0.05821174782683074,0.014429027469463023,0,0,0,0,0,0,0,0,0,0,0,0,0,0,0,0,0,0,0,0,0,0,0,0,0,0,0,0,0,0,0,0,0,0,0,0,0,0,0,0,0,0,0,0,0,0,0,0,0,0,0,0,0,0,0,0,0,0,0,0
es129,0,0,0,0,0,0,0,0,0,0,0,0,0,0,0,0,0,0,0,0,0,0,0,0,0,0,0,0,0,0,0,0,0,0,0,0,0,0,0,0,0,0,0,0,0,0,0,0,0,0,0,0,0,0,0,0,0,0,0,0,0,0,0,0,0,0,0,0,0,0,0,0,0,0,0,0,0,0,0,0,0.012000524305034031,0,0.01207712200464008,0,0.01233002802265895,0,0.01361790269427235,0,0.01319545622305534,0,0.013923465912432608,0,0.015396284174034497,0,0.015188841046351534,0,0.01617195609723094,0.01201936755326092,0.024052970940276194,0.01208884201436276,0.024202126669051832,0.01221929730274786,0.02462378325476312,0.013696281485344962,0.027378915754707158,0.013548268953715074,0.027260600526232175,0.013735336596576253,0.027843957943573267,0.014706340991491013,0.029876768490627804,0.01567561335590882,0.03156087066462719,0.014429027469463023,0.05722469198729187,0,0,0,0,0,0,0,0,0,0,0,0,0,0,0,0,0,0,0,0,0,0,0,0,0,0,0,0,0,0,0,0,0,0,0,0,0,0,0,0,0,0,0,0,0,0,0,0,0,0,0,0,0,0,0,0,0,0,0,0
es130,0,0,0,0,0,0,0,0,0,0,0,0,0,0,0,0,0,0,0,0,0,0,0,0,0,0,0,0,0,0,0,0,0,0,0,0,0,0,0,0,0,0,0,0,0,0,0,0,0,0,0,0,0,0,0,0,0,0,0,0,0,0,0,0,0,0,0,0,0,0,0,0,0,0,0,0,0,0,0,0,0,0,0,0,0,0,0,0,0,0,0,0,0,0,0,0,0,0,0,0,0,0,0,0,0,0,0,0,0,0,0,0,0,0,0,0.124256835801197,0,0.06129614447386559,0,0.1182376485595776,0,0.08180145096535829,0,0.1279697498815983,0,0.07748822662862866,0,0.04325180477909579,0,0.07135612849533794,0,0,0,0,0,0,0,0,0,0,0,0,0,0,0,0,0,0,0,0,0,0,0,0,0,0,0,0,0,0,0,0,0,0,0,0,0,0,0,0,0,0,0,0,0
es131,0,0,0,0,0,0,0,0,0,0,0,0,0,0,0,0,0,0,0,0,0,0,0,0,0,0,0,0,0,0,0,0,0,0,0,0,0,0,0,0,0,0,0,0,0,0,0,0,0,0,0,0,0,0,0,0,0,0,0,0,0,0,0,0,0,0,0,0,0,0,0,0,0,0,0,0,0,0,0,0,0,0,0,0,0,0,0,0,0,0,0,0,0,0,0,0,0,0,0,0,0,0,0,0,0,0,0,0,0,0,0,0,0,0,0,0,0.11983133931533155,0,0.05935934625095916,0,0.07641542108018141,0,0.08748409937983986,0,0.17276258269685907,0,0.07076204820517491,0,0.04695147676180598,0,0.05479106305402557,0,0,0,0,0,0,0,0,0,0,0,0,0,0,0,0,0,0,0,0,0,0,0,0,0,0,0,0,0,0,0,0,0,0,0,0,0,0,0,0,0,0,0,0
es132,0,0,0,0,0,0,0,0,0,0,0,0,0,0,0,0,0,0,0,0,0,0,0,0,0,0,0,0,0,0,0,0,0,0,0,0,0,0,0,0,0,0,0,0,0,0,0,0,0,0,0,0,0,0,0,0,0,0,0,0,0,0,0,0,0,0,0,0,0,0,0,0,0,0,0,0,0,0,0,0,0,0,0,0,0,0,0,0,0,0,0,0,0,0,0,0,0,0,0,0,0,0,0,0,0,0,0,0,0,0,0,0,0,0,0,0.06129614447386559,0,0.1209500403944717,0,0.11665373484889911,0,0.0807056372265377,0,0.12625546476295077,0,0.0764501929222039,0,0.042672402808270234,0,0.07040024048807812,0,0,0,0,0,0,0,0,0,0,0,0,0,0,0,0,0,0,0,0,0,0,0,0,0,0,0,0,0,0,0,0,0,0,0,0,0,0,0,0,0,0,0,0,0
es133,0,0,0,0,0,0,0,0,0,0,0,0,0,0,0,0,0,0,0,0,0,0,0,0,0,0,0,0,0,0,0,0,0,0,0,0,0,0,0,0,0,0,0,0,0,0,0,0,0,0,0,0,0,0,0,0,0,0,0,0,0,0,0,0,0,0,0,0,0,0,0,0,0,0,0,0,0,0,0,0,0,0,0,0,0,0,0,0,0,0,0,0,0,0,0,0,0,0,0,0,0,0,0,0,0,0,0,0,0,0,0,0,0,0,0,0,0.05935934625095916,0,0.11761637673327578,0,0.07570589571522861,0,0.0866718001519796,0,0.17115846362239165,0,0.0701050150125566,0,0.04651552727394621,0,0.05428232216821971,0,0,0,0,0,0,0,0,0,0,0,0,0,0,0,0,0,0,0,0,0,0,0,0,0,0,0,0,0,0,0,0,0,0,0,0,0,0,0,0,0,0,0,0
es134,0,0,0,0,0,0,0,0,0,0,0,0,0,0,0,0,0,0,0,0,0,0,0,0,0,0,0,0,0,0,0,0,0,0,0,0,0,0,0,0,0,0,0,0,0,0,0,0,0,0,0,0,0,0,0,0,0,0,0,0,0,0,0,0,0,0,0,0,0,0,0,0,0,0,0,0,0,0,0,0,0,0,0,0,0,0,0,0,0,0,0,0,0,0,0,0,0,0,0,0,0,0,0,0,0,0,0,0,0,0,0,0,0,0,0,0.1182376485595776,0,0.11665373484889911,0,0.45004015905460576,0,0.15567773231213056,0,0.24354140704123267,0,0.14746916173335292,0,0.08231324514363536,0,0.13579906150358534,0,0,0,0,0,0,0,0,0,0,0,0,0,0,0,0,0,0,0,0,0,0,0,0,0,0,0,0,0,0,0,0,0,0,0,0,0,0,0,0,0,0,0,0,0
es135,0,0,0,0,0,0,0,0,0,0,0,0,0,0,0,0,0,0,0,0,0,0,0,0,0,0,0,0,0,0,0,0,0,0,0,0,0,0,0,0,0,0,0,0,0,0,0,0,0,0,0,0,0,0,0,0,0,0,0,0,0,0,0,0,0,0,0,0,0,0,0,0,0,0,0,0,0,0,0,0,0,0,0,0,0,0,0,0,0,0,0,0,0,0,0,0,0,0,0,0,0,0,0,0,0,0,0,0,0,0,0,0,0,0,0,0,0.07641542108018143,0,0.07570589571522862,0,0.19491784410405358,0,0.11157572518386412,0,0.22033844533674649,0,0.09024870690738765,0,0.05988111102803507,0,0.06987958540105299,0,0,0,0,0,0,0,0,0,0,0,0,0,0,0,0,0,0,0,0,0,0,0,0,0,0,0,0,0,0,0,0,0,0,0,0,0,0,0,0,0,0,0,0
es136,0,0,0,0,0,0,0,0,0,0,0,0,0,0,0,0,0,0,0,0,0,0,0,0,0,0,0,0,0,0,0,0,0,0,0,0,0,0,0,0,0,0,0,0,0,0,0,0,0,0,0,0,0,0,0,0,0,0,0,0,0,0,0,0,0,0,0,0,0,0,0,0,0,0,0,0,0,0,0,0,0,0,0,0,0,0,0,0,0,0,0,0,0,0,0,0,0,0,0,0,0,0,0,0,0,0,0,0,0,0,0,0,0,0,0,0.08180145096535829,0,0.0807056372265377,0,0.15567773231213056,0,0.21540794393779197,0,0.1684915144103144,0,0.10202496031841293,0,0.05694753717149412,0,0.09395112644793362,0,0,0,0,0,0,0,0,0,0,0,0,0,0,0,0,0,0,0,0,0,0,0,0,0,0,0,0,0,0,0,0,0,0,0,0,0,0,0,0,0,0,0,0,0
es137,0,0,0,0,0,0,0,0,0,0,0,0,0,0,0,0,0,0,0,0,0,0,0,0,0,0,0,0,0,0,0,0,0,0,0,0,0,0,0,0,0,0,0,0,0,0,0,0,0,0,0,0,0,0,0,0,0,0,0,0,0,0,0,0,0,0,0,0,0,0,0,0,0,0,0,0,0,0,0,0,0,0,0,0,0,0,0,0,0,0,0,0,0,0,0,0,0,0,0,0,0,0,0,0,0,0,0,0,0,0,0,0,0,0,0,0,0.08748409937983988,0,0.08667180015197962,0,0.11157572518386412,0,0.25547465923457285,0,0.25225419393833143,0,0.10332111938117187,0,0.06855481516819784,0,0.08000155606592928,0,0,0,0,0,0,0,0,0,0,0,0,0,0,0,0,0,0,0,0,0,0,0,0,0,0,0,0,0,0,0,0,0,0,0,0,0,0,0,0,0,0,0,0
es138,0,0,0,0,0,0,0,0,0,0,0,0,0,0,0,0,0,0,0,0,0,0,0,0,0,0,0,0,0,0,0,0,0,0,0,0,0,0,0,0,0,0,0,0,0,0,0,0,0,0,0,0,0,0,0,0,0,0,0,0,0,0,0,0,0,0,0,0,0,0,0,0,0,0,0,0,0,0,0,0,0,0,0,0,0,0,0,0,0,0,0,0,0,0,0,0,0,0,0,0,0,0,0,0,0,0,0,0,0,0,0,0,0,0,0,0.1279697498815983,0,0.12625546476295077,0,0.24354140704123267,0,0.1684915144103144,0,0.5271744376610327,0,0.15960729913160543,0,0.08908842083125518,0,0.14697663685364212,0,0,0,0,0,0,0,0,0,0,0,0,0,0,0,0,0,0,0,0,0,0,0,0,0,0,0,0,0,0,0,0,0,0,0,0,0,0,0,0,0,0,0,0,0
es139,0,0,0,0,0,0,0,0,0,0,0,0,0,0,0,0,0,0,0,0,0,0,0,0,0,0,0,0,0,0,0,0,0,0,0,0,0,0,0,0,0,0,0,0,0,0,0,0,0,0,0,0,0,0,0,0,0,0,0,0,0,0,0,0,0,0,0,0,0,0,0,0,0,0,0,0,0,0,0,0,0,0,0,0,0,0,0,0,0,0,0,0,0,0,0,0,0,0,0,0,0,0,0,0,0,0,0,0,0,0,0,0,0,0,0,0,0.17276258269685907,0,0.17115846362239165,0,0.22033844533674649,0,0.25225419393833143,0,0.9962973008771294,0,0.20403734573434007,0,0.1353812522357974,0,0.15798614312422737,0,0,0,0,0,0,0,0,0,0,0,0,0,0,0,0,0,0,0,0,0,0,0,0,0,0,0,0,0,0,0,0,0,0,0,0,0,0,0,0,0,0,0,0
es140,0,0,0,0,0,0,0,0,0,0,0,0,0,0,0,0,0,0,0,0,0,0,0,0,0,0,0,0,0,0,0,0,0,0,0,0,0,0,0,0,0,0,0,0,0,0,0,0,0,0,0,0,0,0,0,0,0,0,0,0,0,0,0,0,0,0,0,0,0,0,0,0,0,0,0,0,0,0,0,0,0,0,0,0,0,0,0,0,0,0,0,0,0,0,0,0,0,0,0,0,0,0,0,0,0,0,0,0,0,0,0,0,0,0,0,0.07748822662862866,0,0.0764501929222039,0,0.14746916173335292,0,0.10202496031841293,0,0.15960729913160543,0,0.1932907828316637,0,0.05394480922050798,0,0.08899727440403772,0,0,0,0,0,0,0,0,0,0,0,0,0,0,0,0,0,0,0,0,0,0,0,0,0,0,0,0,0,0,0,0,0,0,0,0,0,0,0,0,0,0,0,0,0
es141,0,0,0,0,0,0,0,0,0,0,0,0,0,0,0,0,0,0,0,0,0,0,0,0,0,0,0,0,0,0,0,0,0,0,0,0,0,0,0,0,0,0,0,0,0,0,0,0,0,0,0,0,0,0,0,0,0,0,0,0,0,0,0,0,0,0,0,0,0,0,0,0,0,0,0,0,0,0,0,0,0,0,0,0,0,0,0,0,0,0,0,0,0,0,0,0,0,0,0,0,0,0,0,0,0,0,0,0,0,0,0,0,0,0,0,0,0.07076204820517493,0,0.0701050150125566,0,0.09024870690738765,0,0.10332111938117187,0,0.20403734573434007,0,0.16714383715649103,0,0.055450981035609435,0,0.06470974733644967,0,0,0,0,0,0,0,0,0,0,0,0,0,0,0,0,0,0,0,0,0,0,0,0,0,0,0,0,0,0,0,0,0,0,0,0,0,0,0,0,0,0,0,0
es160,0,0,0,0,0,0,0,0,0,0,0,0,0,0,0,0,0,0,0,0,0,0,0,0,0,0,0,0,0,0,0,0,0,0,0,0,0,0,0,0,0,0,0,0,0,0,0,0,0,0,0,0,0,0,0,0,0,0,0,0,0,0,0,0,0,0,0,0,0,0,0,0,0,0,0,0,0,0,0,0,0,0,0,0,0,0,0,0,0,0,0,0,0,0,0,0,0,0,0,0,0,0,0,0,0,0,0,0,0,0,0,0,0,0,0,0.04325180477909579,0,0.042672402808270234,0,0.08231324514363535,0,0.05694753717149412,0,0.08908842083125516,0,0.053944809220507976,0,0.06366754795105119,0,0.049675839877498316,0,0,0,0,0,0,0,0,0,0,0,0,0,0,0,0,0,0,0,0,0,0,0,0,0,0,0,0,0,0,0,0,0,0,0,0,0,0,0,0,0,0,0,0,0
es161,0,0,0,0,0,0,0,0,0,0,0,0,0,0,0,0,0,0,0,0,0,0,0,0,0,0,0,0,0,0,0,0,0,0,0,0,0,0,0,0,0,0,0,0,0,0,0,0,0,0,0,0,0,0,0,0,0,0,0,0,0,0,0,0,0,0,0,0,0,0,0,0,0,0,0,0,0,0,0,0,0,0,0,0,0,0,0,0,0,0,0,0,0,0,0,0,0,0,0,0,0,0,0,0,0,0,0,0,0,0,0,0,0,0,0,0,0.04695147676180598,0,0.04651552727394621,0,0.05988111102803507,0,0.06855481516819784,0,0.13538125223579736,0,0.055450981035609435,0,0.07658825725693173,0,0.04455966198164474,0,0,0,0,0,0,0,0,0,0,0,0,0,0,0,0,0,0,0,0,0,0,0,0,0,0,0,0,0,0,0,0,0,0,0,0,0,0,0,0,0,0,0,0
es162,0,0,0,0,0,0,0,0,0,0,0,0,0,0,0,0,0,0,0,0,0,0,0,0,0,0,0,0,0,0,0,0,0,0,0,0,0,0,0,0,0,0,0,0,0,0,0,0,0,0,0,0,0,0,0,0,0,0,0,0,0,0,0,0,0,0,0,0,0,0,0,0,0,0,0,0,0,0,0,0,0,0,0,0,0,0,0,0,0,0,0,0,0,0,0,0,0,0,0,0,0,0,0,0,0,0,0,0,0,0,0,0,0,0,0,0.07135612849533794,0,0.07040024048807812,0,0.13579906150358534,0,0.09395112644793362,0,0.14697663685364212,0,0.08899727440403772,0,0.049675839877498316,0,0.16390879555277169,0,0,0,0,0,0,0,0,0,0,0,0,0,0,0,0,0,0,0,0,0,0,0,0,0,0,0,0,0,0,0,0,0,0,0,0,0,0,0,0,0,0,0,0,0
es163,0,0,0,0,0,0,0,0,0,0,0,0,0,0,0,0,0,0,0,0,0,0,0,0,0,0,0,0,0,0,0,0,0,0,0,0,0,0,0,0,0,0,0,0,0,0,0,0,0,0,0,0,0,0,0,0,0,0,0,0,0,0,0,0,0,0,0,0,0,0,0,0,0,0,0,0,0,0,0,0,0,0,0,0,0,0,0,0,0,0,0,0,0,0,0,0,0,0,0,0,0,0,0,0,0,0,0,0,0,0,0,0,0,0,0,0,0.05479106305402557,0,0.0542823221682197,0,0.06987958540105299,0,0.08000155606592926,0,0.15798614312422737,0,0.06470974733644966,0,0.044559661981644745,0,0.10372180837158243,0,0,0,0,0,0,0,0,0,0,0,0,0,0,0,0,0,0,0,0,0,0,0,0,0,0,0,0,0,0,0,0,0,0,0,0,0,0,0,0,0,0,0,0
es164,0,0,0,0,0,0,0,0,0,0,0,0,0,0,0,0,0,0,0,0,0,0,0,0,0,0,0,0,0,0,0,0,0,0,0,0,0,0,0,0,0,0,0,0,0,0,0,0,0,0,0,0,0,0,0,0,0,0,0,0,0,0,0,0,0,0,0,0,0,0,0,0,0,0,0,0,0,0,0,0,0,0,0,0,0,0,0,0,0,0,0,0,0,0,0,0,0,0,0,0,0,0,0,0,0,0,0,0,0,0,0,0,0,0,0,0,0,0,0,0,0,0,0,0,0,0,0,0,0,0,0,0.14268156310530017,0,0.07160523119156688,0,0.1334021872511983,0,0.08847747069066954,0,0.08853859316073906,0,0.07879792856571924,0,0.1247701822434429,0,0.06581680378004319,0,0.12199136407087988,0,0.08861998996677671,0,0.15598588127771262,0,0.08923970740007707,0,0.07532329248378382,0,0.16794187023320228,0,0.0875191590959397,0,0.09858093382188107,0,0.09269275923065508,0,0.0685463298609108,0,0.07554300151913931,0,0.06682557813182251,0,0.08365921157961768,0,0.15652874319690424,0
es165,0,0,0,0,0,0,0,0,0,0,0,0,0,0,0,0,0,0,0,0,0,0,0,0,0,0,0,0,0,0,0,0,0,0,0,0,0,0,0,0,0,0,0,0,0,0,0,0,0,0,0,0,0,0,0,0,0,0,0,0,0,0,0,0,0,0,0,0,0,0,0,0,0,0,0,0,0,0,0,0,0,0,0,0,0,0,0,0,0,0,0,0,0,0,0,0,0,0,0,0,0,0,0,0,0,0,0,0,0,0,0,0,0,0,0,0,0,0,0,0,0,0,0,0,0,0,0,0,0,0,0,0,0.15820426616884442,0,0.0777735981359866,0,0.18811467547939828,0,0.09435778941711825,0,0.09053216276082773,0,0.08563575346550129,0,0.1856779653882889,0,0.07143989467509677,0,0.1043077249060065,0,0.08952654985677112,0,0.12550260809045113,0,0.08775302910763627,0,0.07500427029950925,0,0.174389856458006,0,0.10541858278740861,0,0.12908969904575318,0,0.1004971717559143,0,0.07463763600074866,0,0.0790600942562295,0,0.07489122113582432,0,0.08754209345859436,0,0.2055132877726005
es166,0,0,0,0,0,0,0,0,0,0,0,0,0,0,0,0,0,0,0,0,0,0,0,0,0,0,0,0,0,0,0,0,0,0,0,0,0,0,0,0,0,0,0,0,0,0,0,0,0,0,0,0,0,0,0,0,0,0,0,0,0,0,0,0,0,0,0,0,0,0,0,0,0,0,0,0,0,0,0,0,0,0,0,0,0,0,0,0,0,0,0,0,0,0,0,0,0,0,0,0,0,0,0,0,0,0,0,0,0,0,0,0,0,0,0,0,0,0,0,0,0,0,0,0,0,0,0,0,0,0,0,0.07160523119156688,0,0.14374132221172112,0,0.13389668926647624,0,0.08880544348080713,0,0.08886679252275864,0,0.07909002073660774,0,0.12523268670335705,0,0.06606077685708953,0,0.1224435678662042,0,0.08894849105461843,0,0.1565640976790786,0,0.08957050568803211,0,0.07560250469685245,0,0.16856440570275563,0,0.08784357956789854,0,0.0989463586432231,0,0.09303635746682884,0,0.06880042088411345,0,0.0758230281608391,0,0.06707329058496299,0,0.0839693238017268,0,0.15710897190645337,0
es167,0,0,0,0,0,0,0,0,0,0,0,0,0,0,0,0,0,0,0,0,0,0,0,0,0,0,0,0,0,0,0,0,0,0,0,0,0,0,0,0,0,0,0,0,0,0,0,0,0,0,0,0,0,0,0,0,0,0,0,0,0,0,0,0,0,0,0,0,0,0,0,0,0,0,0,0,0,0,0,0,0,0,0,0,0,0,0,0,0,0,0,0,0,0,0,0,0,0,0,0,0,0,0,0,0,0,0,0,0,0,0,0,0,0,0,0,0,0,0,0,0,0,0,0,0,0,0,0,0,0,0,0,0.0777735981359866,0,0.15293475235522141,0,0.18495525472874322,0,0.09277303290032521,0,0.0890116583509548,0,0.0841974851549222,0,0.18255946963407846,0,0.07024004843723197,0,0.10255585738327433,0,0.0880229349015253,0,0.12339476858642622,0,0.08627920076123557,0,0.07374455971410113,0,0.1714609465800655,0,0.10364805820119861,0,0.12692161368600338,0,0.09880930317777907,0,0.07338408310616637,0,0.07773226535768493,0,0.07363340923201922,0,0.08607180781541413,0,0.20206165411207191
es168,0,0,0,0,0,0,0,0,0,0,0,0,0,0,0,0,0,0,0,0,0,0,0,0,0,0,0,0,0,0,0,0,0,0,0,0,0,0,0,0,0,0,0,0,0,0,0,0,0,0,0,0,0,0,0,0,0,0,0,0,0,0,0,0,0,0,0,0,0,0,0,0,0,0,0,0,0,0,0,0,0,0,0,0,0,0,0,0,0,0,0,0,0,0,0,0,0,0,0,0,0,0,0,0,0,0,0,0,0,0,0,0,0,0,0,0,0,0,0,0,0,0,0,0,0,0,0,0,0,0,0,0.1334021872511983,0,0.13389668926647624,0,0.49890520333787114,0,0.16544657705885,0,0.16556087173042505,0,0.14734652176150911,0,0.23331136627262825,0,0.12307274172011848,0,0.22811517393879874,0,0.16571307796820883,0,0.2916825031892242,0,0.16687190548986916,0,0.14084919942855942,0,0.314039352142952,0,0.1636546025384868,0,0.18433933448569081,0,0.17332886680800247,0,0.12817676134847372,0,0.14126003969744047,0,0.12495907800690213,0,0.15643677522926158,0,0.2926976163659995,0
es169,0,0,0,0,0,0,0,0,0,0,0,0,0,0,0,0,0,0,0,0,0,0,0,0,0,0,0,0,0,0,0,0,0,0,0,0,0,0,0,0,0,0,0,0,0,0,0,0,0,0,0,0,0,0,0,0,0,0,0,0,0,0,0,0,0,0,0,0,0,0,0,0,0,0,0,0,0,0,0,0,0,0,0,0,0,0,0,0,0,0,0,0,0,0,0,0,0,0,0,0,0,0,0,0,0,0,0,0,0,0,0,0,0,0,0,0,0,0,0,0,0,0,0,0,0,0,0,0,0,0,0,0,0.18811467547939828,0,0.18495525472874322,0,0.8947200220998393,0,0.22439451684837275,0,0.21529670255573707,0,0.20365243444704256,0,0.44156521247555997,0,0.16989292297270273,0,0.24805669652101883,0,0.21290523044584325,0,0.2984607553826217,0,0.2086875783147254,0,0.17836944993509735,0,0.4147206905215187,0,0.250698454229887,0,0.3069913022169474,0,0.238994728894159,0,0.17749754813622476,0,0.18801470193614928,0,0.1781006050138471,0,0.20818594720037595,0,0.4887360672661856
es170,0,0,0,0,0,0,0,0,0,0,0,0,0,0,0,0,0,0,0,0,0,0,0,0,0,0,0,0,0,0,0,0,0,0,0,0,0,0,0,0,0,0,0,0,0,0,0,0,0,0,0,0,0,0,0,0,0,0,0,0,0,0,0,0,0,0,0,0,0,0,0,0,0,0,0,0,0,0,0,0,0,0,0,0,0,0,0,0,0,0,0,0,0,0,0,0,0,0,0,0,0,0,0,0,0,0,0,0,0,0,0,0,0,0,0,0,0,0,0,0,0,0,0,0,0,0,0,0,0,0,0,0.08847747069066954,0,0.08880544348080713,0,0.16544657705885,0,0.21946108942024878,0,0.10980634934018899,0,0.09772589062559708,0,0.15474108780777213,0,0.08162658441167585,0,0.151294772838035,0,0.10990729838172976,0,0.19345507490300834,0,0.11067587744475649,0,0.09341661610674001,0,0.20828299855852103,0,0.10854203816183738,0,0.12226094939045863,0,0.11495838298344131,0,0.08501176689164562,0,0.0936891012031052,0,0.08287767531929625,0,0.10375489698101276,0,0.194128337075065,0
es171,0,0,0,0,0,0,0,0,0,0,0,0,0,0,0,0,0,0,0,0,0,0,0,0,0,0,0,0,0,0,0,0,0,0,0,0,0,0,0,0,0,0,0,0,0,0,0,0,0,0,0,0,0,0,0,0,0,0,0,0,0,0,0,0,0,0,0,0,0,0,0,0,0,0,0,0,0,0,0,0,0,0,0,0,0,0,0,0,0,0,0,0,0,0,0,0,0,0,0,0,0,0,0,0,0,0,0,0,0,0,0,0,0,0,0,0,0,0,0,0,0,0,0,0,0,0,0,0,0,0,0,0,0.09435778941711825,0,0.09277303290032521,0,0.22439451684837275,0,0.2251113105681496,0,0.10799221735456258,0,0.102151485389783,0,0.22148786226546685,0,0.08521780987296022,0,0.1244245377144946,0,0.10679266170497168,0,0.1497070711463534,0,0.10467709931937638,0,0.08946961183401324,0,0.20802272594323434,0,0.12574963591296945,0,0.15398596932245195,0,0.11987908037119643,0,0.08903226835657978,0,0.09430764297045142,0,0.08933475998154322,0,0.1044254825705383,0,0.2451486296756457
es172,0,0,0,0,0,0,0,0,0,0,0,0,0,0,0,0,0,0,0,0,0,0,0,0,0,0,0,0,0,0,0,0,0,0,0,0,0,0,0,0,0,0,0,0,0,0,0,0,0,0,0,0,0,0,0,0,0,0,0,0,0,0,0,0,0,0,0,0,0,0,0,0,0,0,0,0,0,0,0,0,0,0,0,0,0,0,0,0,0,0,0,0,0,0,0,0,0,0,0,0,0,0,0,0,0,0,0,0,0,0,0,0,0,0,0,0,0,0,0,0,0,0,0,0,0,0,0,0,0,0,0,0.08853859316073906,0,0.08886679252275864,0,0.16556087173042505,0,0.10980634934018899,0,0.2197644126760109,0,0.09779340213760293,0,0.15484798685714846,0,0.08168297411657624,0,0.15139929108603958,0,0.10998322511769223,0,0.19358871855187457,0,0.1107523351345359,0,0.09348115066313507,0,0.20842688571132958,0,0.10861702174157856,0,0.12234541034036434,0,0.11503779913614431,0,0.08507049516605074,0,0.09375382399908279,0,0.08293492930937521,0,0.10382657348279092,0,0.19426244583043392,0
es173,0,0,0,0,0,0,0,0,0,0,0,0,0,0,0,0,0,0,0,0,0,0,0,0,0,0,0,0,0,0,0,0,0,0,0,0,0,0,0,0,0,0,0,0,0,0,0,0,0,0,0,0,0,0,0,0,0,0,0,0,0,0,0,0,0,0,0,0,0,0,0,0,0,0,0,0,0,0,0,0,0,0,0,0,0,0,0,0,0,0,0,0,0,0,0,0,0,0,0,0,0,0,0,0,0,0,0,0,0,0,0,0,0,0,0,0,0,0,0,0,0,0,0,0,0,0,0,0,0,0,0,0,0.09053216276082773,0,0.08901165835095479,0,0.21529670255573707,0,0.10799221735456258,0,0.20722759740007765,0,0.09800987240901166,0,0.21250789489698746,0,0.081762753040296135,0,0.11937988977268048,0,0.10246287763692061,0,0.14363737233769552,0,0.10043308826387018,0,0.08584217064368294,0,0.19958868684165404,0,0.12065126340828031,0,0.14774278757165277,0,0.11501872270244798,0,0.08542255874808878,0,0.09048404944342636,0,0.08571278620248492,0,0.10019167302301007,0,0.23520936405450665
es174,0,0,0,0,0,0,0,0,0,0,0,0,0,0,0,0,0,0,0,0,0,0,0,0,0,0,0,0,0,0,0,0,0,0,0,0,0,0,0,0,0,0,0,0,0,0,0,0,0,0,0,0,0,0,0,0,0,0,0,0,0,0,0,0,0,0,0,0,0,0,0,0,0,0,0,0,0,0,0,0,0,0,0,0,0,0,0,0,0,0,0,0,0,0,0,0,0,0,0,0,0,0,0,0,0,0,0,0,0,0,0,0,0,0,0,0,0,0,0,0,0,0,0,0,0,0,0,0,0,0,0,0.07879792856571924,0,0.07909002073660774,0,0.14734652176150911,0,0.09772589062559708,0,0.09779340213760293,0,0.17406912038567493,0,0.13781222596075374,0,0.0726965375176935,0,0.13474294200993037,0,0.09788330723210906,0,0.17229085612288722,0,0.09856780281762623,0,0.08319672550954127,0,0.1854965870266329,0,0.09666740812874508,0,0.10888545390416914,0,0.102381797079503,0,0.07571137694694396,0,0.08343940040735422,0,0.07381075756940085,0,0.09240398597329674,0,0.17289046260039603,0
es175,0,0,0,0,0,0,0,0,0,0,0,0,0,0,0,0,0,0,0,0,0,0,0,0,0,0,0,0,0,0,0,0,0,0,0,0,0,0,0,0,0,0,0,0,0,0,0,0,0,0,0,0,0,0,0,0,0,0,0,0,0,0,0,0,0,0,0,0,0,0,0,0,0,0,0,0,0,0,0,0,0,0,0,0,0,0,0,0,0,0,0,0,0,0,0,0,0,0,0,0,0,0,0,0,0,0,0,0,0,0,0,0,0,0,0,0,0,0,0,0,0,0,0,0,0,0,0,0,0,0,0,0,0.08563575346550129,0,0.0841974851549222,0,0.2036524344470426,0,0.102151485389783,0,0.09800987240901166,0,0.1854180661292007,0,0.2010144587504019,0,0.07734063506819339,0,0.11292325840397843,0,0.0969211986226599,0,0.13586878111416992,0,0.09500118989828363,0,0.08119941839461599,0,0.1887939828194463,0,0.11412587011566809,0,0.1397521559958401,0,0.10879796395989286,0,0.08080250110305381,0,0.08559024234479298,0,0.08107703167843892,0,0.0947728315401195,0,0.22248812464761347
es176,0,0,0,0,0,0,0,0,0,0,0,0,0,0,0,0,0,0,0,0,0,0,0,0,0,0,0,0,0,0,0,0,0,0,0,0,0,0,0,0,0,0,0,0,0,0,0,0,0,0,0,0,0,0,0,0,0,0,0,0,0,0,0,0,0,0,0,0,0,0,0,0,0,0,0,0,0,0,0,0,0,0,0,0,0,0,0,0,0,0,0,0,0,0,0,0,0,0,0,0,0,0,0,0,0,0,0,0,0,0,0,0,0,0,0,0,0,0,0,0,0,0,0,0,0,0,0,0,0,0,0,0.1247701822434429,0,0.12523268670335705,0,0.23331136627262825,0,0.15474108780777213,0,0.15484798685714846,0,0.13781222596075374,0,0.4364291514124481,0,0.11510912024781234,0,0.21335461142960335,0,0.15499034434332004,0,0.2728087134854396,0,0.1560741880496756,0,0.1317353234130465,0,0.29371892624749224,0,0.1530650659067196,0,0.17241135870662438,0,0.16211334120752696,0,0.119882876003442,0,0.13211957959562848,0,0.11687339808406125,0,0.14631427982644382,0,0.27375814211681193,0
es177,0,0,0,0,0,0,0,0,0,0,0,0,0,0,0,0,0,0,0,0,0,0,0,0,0,0,0,0,0,0,0,0,0,0,0,0,0,0,0,0,0,0,0,0,0,0,0,0,0,0,0,0,0,0,0,0,0,0,0,0,0,0,0,0,0,0,0,0,0,0,0,0,0,0,0,0,0,0,0,0,0,0,0,0,0,0,0,0,0,0,0,0,0,0,0,0,0,0,0,0,0,0,0,0,0,0,0,0,0,0,0,0,0,0,0,0,0,0,0,0,0,0,0,0,0,0,0,0,0,0,0,0,0.18567796538828887,0,0.18255946963407846,0,0.44156521247555997,0,0.22148786226546685,0,0.21250789489698746,0,0.2010144587504019,0,0.8716909515939241,0,0.1676922451214896,0,0.2448435380896543,0,0.21014740029699783,0,0.29459469691276763,0,0.205984380774859,0,0.1760589728949895,0,0.4093486795978079,0,0.24745107625849425,0,0.30301474482136675,0,0.2358989530535222,0,0.17519836512145734,0,0.1855792868346044,0,0.17579361040875335,0,0.2054892474501968,0,0.4824053112846989
es178,0,0,0,0,0,0,0,0,0,0,0,0,0,0,0,0,0,0,0,0,0,0,0,0,0,0,0,0,0,0,0,0,0,0,0,0,0,0,0,0,0,0,0,0,0,0,0,0,0,0,0,0,0,0,0,0,0,0,0,0,0,0,0,0,0,0,0,0,0,0,0,0,0,0,0,0,0,0,0,0,0,0,0,0,0,0,0,0,0,0,0,0,0,0,0,0,0,0,0,0,0,0,0,0,0,0,0,0,0,0,0,0,0,0,0,0,0,0,0,0,0,0,0,0,0,0,0,0,0,0,0,0.06581680378004319,0,0.06606077685708953,0,0.12307274172011848,0,0.08162658441167585,0,0.08168297411657624,0,0.0726965375176935,0,0.11510912024781234,0,0.12144110466812774,0,0.11254546834460151,0,0.08175806829825896,0,0.14390776098991245,0,0.08232980048031392,0,0.06949094548134853,0,0.1549379874880492,0,0.08074247570389662,0,0.09094772774559197,0,0.08551547955235696,0,0.06323872887442587,0,0.06969364225805855,0,0.0616512164244257,0,0.07718140722729826,0,0.14440858864609288,0
es179,0,0,0,0,0,0,0,0,0,0,0,0,0,0,0,0,0,0,0,0,0,0,0,0,0,0,0,0,0,0,0,0,0,0,0,0,0,0,0,0,0,0,0,0,0,0,0,0,0,0,0,0,0,0,0,0,0,0,0,0,0,0,0,0,0,0,0,0,0,0,0,0,0,0,0,0,0,0,0,0,0,0,0,0,0,0,0,0,0,0,0,0,0,0,0,0,0,0,0,0,0,0,0,0,0,0,0,0,0,0,0,0,0,0,0,0,0,0,0,0,0,0,0,0,0,0,0,0,0,0,0,0,0.07143989467509676,0,0.07024004843723196,0,0.16989292297270273,0,0.08521780987296022,0,0.08176275304029612,0,0.07734063506819339,0,0.16769224512148959,0,0.1290397199716981,0,0.0942039435666187,0,0.08085454896098199,0,0.1133457816347743,0,0.07925282052987798,0,0.06773897190181655,0,0.15749756033088136,0,0.0952071980548595,0,0.11658540855815037,0,0.09076250014301455,0,0.06740785168209022,0,0.07140192794346455,0,0.06763687326007525,0,0.07906231718991501,0,0.1856062164232429
es180,0,0,0,0,0,0,0,0,0,0,0,0,0,0,0,0,0,0,0,0,0,0,0,0,0,0,0,0,0,0,0,0,0,0,0,0,0,0,0,0,0,0,0,0,0,0,0,0,0,0,0,0,0,0,0,0,0,0,0,0,0,0,0,0,0,0,0,0,0,0,0,0,0,0,0,0,0,0,0,0,0,0,0,0,0,0,0,0,0,0,0,0,0,0,0,0,0,0,0,0,0,0,0,0,0,0,0,0,0,0,0,0,0,0,0,0,0,0,0,0,0,0,0,0,0,0,0,0,0,0,0,0.12199136407087988,0,0.1224435678662042,0,0.22811517393879874,0,0.151294772838035,0,0.15139929108603958,0,0.13474294200993037,0,0.21335461142960335,0,0.11254546834460151,0,0.41720577162141126,0,0.15153847805853185,0,0.26673285628112975,0,0.15259818294795788,0,0.12880138115146997,0,0.2871773673973999,0,0.14965607844610776,0,0.16857150043186878,0,0.1585028351518138,0,0.1172129054349331,0,0.12917707937538042,0,0.1142704530803302,0,0.14305564244709063,0,0.26766113971990096,0
es181,0,0,0,0,0,0,0,0,0,0,0,0,0,0,0,0,0,0,0,0,0,0,0,0,0,0,0,0,0,0,0,0,0,0,0,0,0,0,0,0,0,0,0,0,0,0,0,0,0,0,0,0,0,0,0,0,0,0,0,0,0,0,0,0,0,0,0,0,0,0,0,0,0,0,0,0,0,0,0,0,0,0,0,0,0,0,0,0,0,0,0,0,0,0,0,0,0,0,0,0,0,0,0,0,0,0,0,0,0,0,0,0,0,0,0,0,0,0,0,0,0,0,0,0,0,0,0,0,0,0,0,0,0.10430772490600648,0,0.10255585738327433,0,0.24805669652101883,0,0.1244245377144946,0,0.11937988977268048,0,0.11292325840397843,0,0.2448435380896543,0,0.09420394356661871,0,0.27508996409629755,0,0.11805384216728507,0,0.16549353360311778,0,0.11571519582233228,0,0.09890409383558926,0,0.22995851647143378,0,0.1390098105399329,0,0.1702236373561878,0,0.13252021072756592,0,0.09842063292138849,0,0.10425229056617882,0,0.09875502198876666,0,0.11543704633640563,0,0.2709993100013498
es182,0,0,0,0,0,0,0,0,0,0,0,0,0,0,0,0,0,0,0,0,0,0,0,0,0,0,0,0,0,0,0,0,0,0,0,0,0,0,0,0,0,0,0,0,0,0,0,0,0,0,0,0,0,0,0,0,0,0,0,0,0,0,0,0,0,0,0,0,0,0,0,0,0,0,0,0,0,0,0,0,0,0,0,0,0,0,0,0,0,0,0,0,0,0,0,0,0,0,0,0,0,0,0,0,0,0,0,0,0,0,0,0,0,0,0,0,0,0,0,0,0,0,0,0,0,0,0,0,0,0,0,0.08861998996677671,0,0.08894849105461843,0,0.16571307796820883,0,0.10990729838172976,0,0.10998322511769223,0,0.09788330723210906,0,0.15499034434332004,0,0.08175806829825896,0,0.15153847805853185,0,0.220168673535365,0,0.1937666918267202,0,0.11085415385583404,0,0.0935670913452384,0,0.2086185002624946,0,0.10871687739023377,0,0.12245788700482851,0,0.11514355764312988,0,0.08514870362122673,0,0.09384001535987714,0,0.08301117445980905,0,0.10392202509503859,0,0.19444103848770544,0
es183,0,0,0,0,0,0,0,0,0,0,0,0,0,0,0,0,0,0,0,0,0,0,0,0,0,0,0,0,0,0,0,0,0,0,0,0,0,0,0,0,0,0,0,0,0,0,0,0,0,0,0,0,0,0,0,0,0,0,0,0,0,0,0,0,0,0,0,0,0,0,0,0,0,0,0,0,0,0,0,0,0,0,0,0,0,0,0,0,0,0,0,0,0,0,0,0,0,0,0,0,0,0,0,0,0,0,0,0,0,0,0,0,0,0,0,0,0,0,0,0,0,0,0,0,0,0,0,0,0,0,0,0,0.08952654985677112,0,0.0880229349015253,0,0.21290523044584325,0,0.10679266170497168,0,0.10246287763692061,0,0.0969211986226599,0,0.21014740029699783,0,0.08085454896098199,0,0.11805384216728507,0,0.20264948154313026,0,0.14204187753537684,0,0.09931749788722997,0,0.08488865322093482,0,0.19737169618473221,0,0.11931109364237479,0,0.14610169064949202,0,0.11374111805642556,0,0.08447370228917978,0,0.08947897097234207,0,0.08476070595587051,0,0.09907876423790642,0,0.23259670613896521
es184,0,0,0,0,0,0,0,0,0,0,0,0,0,0,0,0,0,0,0,0,0,0,0,0,0,0,0,0,0,0,0,0,0,0,0,0,0,0,0,0,0,0,0,0,0,0,0,0,0,0,0,0,0,0,0,0,0,0,0,0,0,0,0,0,0,0,0,0,0,0,0,0,0,0,0,0,0,0,0,0,0,0,0,0,0,0,0,0,0,0,0,0,0,0,0,0,0,0,0,0,0,0,0,0,0,0,0,0,0,0,0,0,0,0,0,0,0,0,0,0,0,0,0,0,0,0,0,0,0,0,0,0.15598588127771262,0,0.1565640976790786,0,0.2916825031892242,0,0.19345507490300834,0,0.19358871855187457,0,0.17229085612288722,0,0.2728087134854396,0,0.14390776098991245,0,0.26673285628112975,0,0.1937666918267202,0,0.6821230333740524,0,0.19512169758741796,0,0.16469360025374538,0,0.3672031629261033,0,0.1913597365090455,0,0.21554619258043117,0,0.20267175971412477,0,0.14987584154535766,0,0.16517399178799444,0,0.1461134356804332,0,0.1829200011723243,0,0.3422484786607287,0
es185,0,0,0,0,0,0,0,0,0,0,0,0,0,0,0,0,0,0,0,0,0,0,0,0,0,0,0,0,0,0,0,0,0,0,0,0,0,0,0,0,0,0,0,0,0,0,0,0,0,0,0,0,0,0,0,0,0,0,0,0,0,0,0,0,0,0,0,0,0,0,0,0,0,0,0,0,0,0,0,0,0,0,0,0,0,0,0,0,0,0,0,0,0,0,0,0,0,0,0,0,0,0,0,0,0,0,0,0,0,0,0,0,0,0,0,0,0,0,0,0,0,0,0,0,0,0,0,0,0,0,0,0,0.1255026080904511,0,0.1233947685864262,0,0.2984607553826216,0,0.14970707114635337,0,0.14363737233769552,0,0.13586878111416992,0,0.29459469691276763,0,0.11334578163477431,0,0.16549353360311778,0,0.14204187753537684,0,0.39824222238596585,0,0.13922802826431604,0,0.11900098231817904,0,0.27668510262094687,0,0.1672560089738515,0,0.20481235178023244,0,0.15944775026003832,0,0.11841928421579336,0,0.12543590973007163,0,0.11882161971022306,0,0.1388933599935406,0,0.3260652097103075
es186,0,0,0,0,0,0,0,0,0,0,0,0,0,0,0,0,0,0,0,0,0,0,0,0,0,0,0,0,0,0,0,0,0,0,0,0,0,0,0,0,0,0,0,0,0,0,0,0,0,0,0,0,0,0,0,0,0,0,0,0,0,0,0,0,0,0,0,0,0,0,0,0,0,0,0,0,0,0,0,0,0,0,0,0,0,0,0,0,0,0,0,0,0,0,0,0,0,0,0,0,0,0,0,0,0,0,0,0,0,0,0,0,0,0,0,0,0,0,0,0,0,0,0,0,0,0,0,0,0,0,0,0.08923970740007707,0,0.08957050568803211,0,0.16687190548986916,0,0.11067587744475649,0,0.1107523351345359,0,0.09856780281762623,0,0.1560741880496756,0,0.08232980048031392,0,0.15259818294795788,0,0.11085415385583404,0,0.19512169758741796,0,0.22325870851229954,0,0.09422140373809233,0,0.21007736435817,0,0.10947713186823546,0,0.12331423202868227,0,0.11594875373974899,0,0.08574414643358524,0,0.09449623630372392,0,0.08359166958275781,0,0.10464874928762108,0,0.19580075993819346,0
es187,0,0,0,0,0,0,0,0,0,0,0,0,0,0,0,0,0,0,0,0,0,0,0,0,0,0,0,0,0,0,0,0,0,0,0,0,0,0,0,0,0,0,0,0,0,0,0,0,0,0,0,0,0,0,0,0,0,0,0,0,0,0,0,0,0,0,0,0,0,0,0,0,0,0,0,0,0,0,0,0,0,0,0,0,0,0,0,0,0,0,0,0,0,0,0,0,0,0,0,0,0,0,0,0,0,0,0,0,0,0,0,0,0,0,0,0,0,0,0,0,0,0,0,0,0,0,0,0,0,0,0,0,0.08775302910763627,0,0.08627920076123557,0,0.2086875783147254,0,0.1046770993193764,0,0.10043308826387018,0,0.09500118989828363,0,0.205984380774859,0,0.07925282052987798,0,0.11571519582233229,0,0.09931749788722997,0,0.13922802826431607,0,0.19470003695974053,0,0.0832070091936122,0,0.19346176333201337,0,0.11694754114855868,0,0.14320741648987012,0,0.11148790676630445,0,0.08280027843887187,0,0.0877063927607996,0,0.08308159656357794,0,0.097116014143597093,0,0.2279889659191328
es188,0,0,0,0,0,0,0,0,0,0,0,0,0,0,0,0,0,0,0,0,0,0,0,0,0,0,0,0,0,0,0,0,0,0,0,0,0,0,0,0,0,0,0,0,0,0,0,0,0,0,0,0,0,0,0,0,0,0,0,0,0,0,0,0,0,0,0,0,0,0,0,0,0,0,0,0,0,0,0,0,0,0,0,0,0,0,0,0,0,0,0,0,0,0,0,0,0,0,0,0,0,0,0,0,0,0,0,0,0,0,0,0,0,0,0,0,0,0,0,0,0,0,0,0,0,0,0,0,0,0,0,0.07532329248378382,0,0.07560250469685245,0,0.14084919942855942,0,0.09341661610674001,0,0.09348115066313507,0,0.08319672550954127,0,0.1317353234130465,0,0.06949094548134853,0,0.12880138115146997,0,0.0935670913452384,0,0.16469360025374538,0,0.09422140373809233,0,0.15905624432809112,0,0.17731701751141327,0,0.09240480795200084,0,0.10408409257627839,0,0.09786721791808332,0,0.07237284398115085,0,0.07976009618467216,0,0.07055603341416204,0,0.08832938363765677,0,0.16526676676843238,0
es189,0,0,0,0,0,0,0,0,0,0,0,0,0,0,0,0,0,0,0,0,0,0,0,0,0,0,0,0,0,0,0,0,0,0,0,0,0,0,0,0,0,0,0,0,0,0,0,0,0,0,0,0,0,0,0,0,0,0,0,0,0,0,0,0,0,0,0,0,0,0,0,0,0,0,0,0,0,0,0,0,0,0,0,0,0,0,0,0,0,0,0,0,0,0,0,0,0,0,0,0,0,0,0,0,0,0,0,0,0,0,0,0,0,0,0,0,0,0,0,0,0,0,0,0,0,0,0,0,0,0,0,0,0.07500427029950925,0,0.07374455971410113,0,0.17836944993509735,0,0.08946961183401324,0,0.08584217064368294,0,0.08119941839461599,0,0.17605897289498953,0,0.06773897190181656,0,0.09890409383558928,0,0.08488865322093483,0,0.11900098231817906,0,0.0832070091936122,0,0.14223739218657602,0,0.1653556411343448,0,0.09995740405052496,0,0.12240224507949117,0,0.09529094527289335,0,0.0707710551767534,0,0.07496440928047104,0,0.07101150340834349,0,0.08300700100395116,0,0.19486673222561368
es190,0,0,0,0,0,0,0,0,0,0,0,0,0,0,0,0,0,0,0,0,0,0,0,0,0,0,0,0,0,0,0,0,0,0,0,0,0,0,0,0,0,0,0,0,0,0,0,0,0,0,0,0,0,0,0,0,0,0,0,0,0,0,0,0,0,0,0,0,0,0,0,0,0,0,0,0,0,0,0,0,0,0,0,0,0,0,0,0,0,0,0,0,0,0,0,0,0,0,0,0,0,0,0,0,0,0,0,0,0,0,0,0,0,0,0,0,0,0,0,0,0,0,0,0,0,0,0,0,0,0,0,0.16794187023320228,0,0.16856440570275563,0,0.314039352142952,0,0.20828299855852103,0,0.20842688571132958,0,0.1854965870266329,0,0.29371892624749224,0,0.1549379874880492,0,0.2871773673973999,0,0.2086185002624946,0,0.3672031629261033,0,0.21007736435817,0,0.17731701751141327,0,0.7906970224768457,0,0.20602705689398634,0,0.23206735383413044,0,0.21820612283008936,0,0.1613635088363527,0,0.1778342300440164,0,0.1573127224936655,0,0.19694043363608563,0,0.3684811030327748,0
es191,0,0,0,0,0,0,0,0,0,0,0,0,0,0,0,0,0,0,0,0,0,0,0,0,0,0,0,0,0,0,0,0,0,0,0,0,0,0,0,0,0,0,0,0,0,0,0,0,0,0,0,0,0,0,0,0,0,0,0,0,0,0,0,0,0,0,0,0,0,0,0,0,0,0,0,0,0,0,0,0,0,0,0,0,0,0,0,0,0,0,0,0,0,0,0,0,0,0,0,0,0,0,0,0,0,0,0,0,0,0,0,0,0,0,0,0,0,0,0,0,0,0,0,0,0,0,0,0,0,0,0,0,0.174389856458006,0,0.1714609465800655,0,0.4147206905215187,0,0.20802272594323434,0,0.19958868684165404,0,0.1887939828194463,0,0.4093486795978079,0,0.15749756033088136,0,0.22995851647143378,0,0.19737169618473221,0,0.27668510262094687,0,0.19346176333201337,0,0.1653556411343448,0,0.7689254600248706,0,0.23240753192688562,0,0.2845932620144403,0,0.2215577086681731,0,0.16454735316232255,0,0.17429717696975042,0,0.16510641109895913,0,0.19299673114989715,0,0.45307795576924387
es192,0,0,0,0,0,0,0,0,0,0,0,0,0,0,0,0,0,0,0,0,0,0,0,0,0,0,0,0,0,0,0,0,0,0,0,0,0,0,0,0,0,0,0,0,0,0,0,0,0,0,0,0,0,0,0,0,0,0,0,0,0,0,0,0,0,0,0,0,0,0,0,0,0,0,0,0,0,0,0,0,0,0,0,0,0,0,0,0,0,0,0,0,0,0,0,0,0,0,0,0,0,0,0,0,0,0,0,0,0,0,0,0,0,0,0,0,0,0,0,0,0,0,0,0,0,0,0,0,0,0,0,0.0875191590959397,0,0.08784357956789854,0,0.1636546025384868,0,0.10854203816183738,0,0.10861702174157856,0,0.09666740812874508,0,0.1530650659067196,0,0.08074247570389662,0,0.14965607844610776,0,0.10871687739023377,0,0.1913597365090455,0,0.10947713186823546,0,0.09240480795200084,0,0.20602705689398634,0,0.21473280898128527,0,0.1209367243140753,0,0.11371325300329549,0,0.0840909928091048,0,0.09267434172499298,0,0.08198001587466305,0,0.10263111349115098,0,0.192025706486369,0
es193,0,0,0,0,0,0,0,0,0,0,0,0,0,0,0,0,0,0,0,0,0,0,0,0,0,0,0,0,0,0,0,0,0,0,0,0,0,0,0,0,0,0,0,0,0,0,0,0,0,0,0,0,0,0,0,0,0,0,0,0,0,0,0,0,0,0,0,0,0,0,0,0,0,0,0,0,0,0,0,0,0,0,0,0,0,0,0,0,0,0,0,0,0,0,0,0,0,0,0,0,0,0,0,0,0,0,0,0,0,0,0,0,0,0,0,0,0,0,0,0,0,0,0,0,0,0,0,0,0,0,0,0,0.1054185827874086,0,0.1036480582011986,0,0.250698454229887,0,0.12574963591296945,0,0.12065126340828031,0,0.11412587011566808,0,0.24745107625849425,0,0.0952071980548595,0,0.1390098105399329,0,0.11931109364237477,0,0.1672560089738515,0,0.11694754114855868,0,0.09995740405052495,0,0.2324075319268856,0,0.28098047836574075,0,0.17203648745265432,0,0.13393152633879643,0,0.09946879436745423,0,0.10536255808216596,0,0.09980674461624335,0,0.11666642942230968,0,0.27388540227918257
es194,0,0,0,0,0,0,0,0,0,0,0,0,0,0,0,0,0,0,0,0,0,0,0,0,0,0,0,0,0,0,0,0,0,0,0,0,0,0,0,0,0,0,0,0,0,0,0,0,0,0,0,0,0,0,0,0,0,0,0,0,0,0,0,0,0,0,0,0,0,0,0,0,0,0,0,0,0,0,0,0,0,0,0,0,0,0,0,0,0,0,0,0,0,0,0,0,0,0,0,0,0,0,0,0,0,0,0,0,0,0,0,0,0,0,0,0,0,0,0,0,0,0,0,0,0,0,0,0,0,0,0,0.09858093382188107,0,0.0989463586432231,0,0.18433933448569081,0,0.12226094939045863,0,0.12234541034036434,0,0.10888545390416914,0,0.17241135870662438,0,0.09094772774559197,0,0.16857150043186878,0,0.12245788700482851,0,0.21554619258043117,0,0.12331423202868227,0,0.10408409257627839,0,0.23206735383413044,0,0.1209367243140753,0,0.2724444644896968,0,0.12808576755976575,0,0.09471947265904691,0,0.10438769342565322,0,0.09234168384545016,0,0.11560292753780015,0,0.21629633623971745,0
es195,0,0,0,0,0,0,0,0,0,0,0,0,0,0,0,0,0,0,0,0,0,0,0,0,0,0,0,0,0,0,0,0,0,0,0,0,0,0,0,0,0,0,0,0,0,0,0,0,0,0,0,0,0,0,0,0,0,0,0,0,0,0,0,0,0,0,0,0,0,0,0,0,0,0,0,0,0,0,0,0,0,0,0,0,0,0,0,0,0,0,0,0,0,0,0,0,0,0,0,0,0,0,0,0,0,0,0,0,0,0,0,0,0,0,0,0,0,0,0,0,0,0,0,0,0,0,0,0,0,0,0,0,0.12908969904575318,0,0.12692161368600335,0,0.30699130221694737,0,0.15398596932245195,0,0.14774278757165274,0,0.1397521559958401,0,0.30301474482136675,0,0.11658540855815037,0,0.1702236373561878,0,0.14610169064949202,0,0.20481235178023244,0,0.14320741648987012,0,0.12240224507949116,0,0.28459326201444024,0,0.17203648745265432,0,0.4213325165817771,0,0.1640050546181185,0,0.12180392099591247,0,0.12902109432590522,0,0.12221775596461626,0,0.14286318279614937,0,0.3353847416498155
es196,0,0,0,0,0,0,0,0,0,0,0,0,0,0,0,0,0,0,0,0,0,0,0,0,0,0,0,0,0,0,0,0,0,0,0,0,0,0,0,0,0,0,0,0,0,0,0,0,0,0,0,0,0,0,0,0,0,0,0,0,0,0,0,0,0,0,0,0,0,0,0,0,0,0,0,0,0,0,0,0,0,0,0,0,0,0,0,0,0,0,0,0,0,0,0,0,0,0,0,0,0,0,0,0,0,0,0,0,0,0,0,0,0,0,0,0,0,0,0,0,0,0,0,0,0,0,0,0,0,0,0,0.09269275923065508,0,0.09303635746682884,0,0.17332886680800247,0,0.11495838298344131,0,0.11503779913614431,0,0.102381797079503,0,0.16211334120752696,0,0.08551547955235696,0,0.1585028351518138,0,0.11514355764312988,0,0.20267175971412477,0,0.11594875373974899,0,0.09786721791808332,0,0.21820612283008936,0,0.11371325300329549,0,0.12808576755976575,0,0.24087057715932825,0,0.08906194061321501,0,0.09815268488763113,0,0.08682617556763023,0,0.10869804041399478,0,0.2033770977841035,0
es197,0,0,0,0,0,0,0,0,0,0,0,0,0,0,0,0,0,0,0,0,0,0,0,0,0,0,0,0,0,0,0,0,0,0,0,0,0,0,0,0,0,0,0,0,0,0,0,0,0,0,0,0,0,0,0,0,0,0,0,0,0,0,0,0,0,0,0,0,0,0,0,0,0,0,0,0,0,0,0,0,0,0,0,0,0,0,0,0,0,0,0,0,0,0,0,0,0,0,0,0,0,0,0,0,0,0,0,0,0,0,0,0,0,0,0,0,0,0,0,0,0,0,0,0,0,0,0,0,0,0,0,0,0.1004971717559143,0,0.09880930317777906,0,0.238994728894159,0,0.11987908037119643,0,0.11501872270244796,0,0.10879796395989286,0,0.2358989530535222,0,0.09076250014301455,0,0.13252021072756592,0,0.11374111805642556,0,0.15944775026003832,0,0.11148790676630445,0,0.09529094527289335,0,0.2215577086681731,0,0.13393152633879643,0,0.1640050546181185,0,0.2553580071009917,0,0.09482514607560964,0,0.10044376253453728,0,0.09514731929497462,0,0.11121991859298191,0,0.26109920648237267
es198,0,0,0,0,0,0,0,0,0,0,0,0,0,0,0,0,0,0,0,0,0,0,0,0,0,0,0,0,0,0,0,0,0,0,0,0,0,0,0,0,0,0,0,0,0,0,0,0,0,0,0,0,0,0,0,0,0,0,0,0,0,0,0,0,0,0,0,0,0,0,0,0,0,0,0,0,0,0,0,0,0,0,0,0,0,0,0,0,0,0,0,0,0,0,0,0,0,0,0,0,0,0,0,0,0,0,0,0,0,0,0,0,0,0,0,0,0,0,0,0,0,0,0,0,0,0,0,0,0,0,0,0.0685463298609108,0,0.06880042088411345,0,0.12817676134847372,0,0.08501176689164562,0,0.08507049516605074,0,0.07571137694694396,0,0.119882876003442,0,0.06323872887442587,0,0.1172129054349331,0,0.08514870362122673,0,0.14987584154535766,0,0.08574414643358524,0,0.07237284398115085,0,0.1613635088363527,0,0.0840909928091048,0,0.09471947265904691,0,0.08906194061321501,0,0.13172267629092868,0,0.07258394691110383,0,0.06420798906428318,0,0.08038224123754616,0,0.15039743930994584,0
es199,0,0,0,0,0,0,0,0,0,0,0,0,0,0,0,0,0,0,0,0,0,0,0,0,0,0,0,0,0,0,0,0,0,0,0,0,0,0,0,0,0,0,0,0,0,0,0,0,0,0,0,0,0,0,0,0,0,0,0,0,0,0,0,0,0,0,0,0,0,0,0,0,0,0,0,0,0,0,0,0,0,0,0,0,0,0,0,0,0,0,0,0,0,0,0,0,0,0,0,0,0,0,0,0,0,0,0,0,0,0,0,0,0,0,0,0,0,0,0,0,0,0,0,0,0,0,0,0,0,0,0,0,0.07463763600074866,0,0.07338408310616637,0,0.17749754813622476,0,0.08903226835657979,0,0.08542255874808878,0,0.08080250110305381,0,0.17519836512145737,0,0.06740785168209024,0,0.09842063292138849,0,0.08447370228917979,0,0.11841928421579337,0,0.08280027843887187,0,0.0707710551767534,0,0.16454735316232255,0,0.09946879436745423,0,0.12180392099591249,0,0.09482514607560964,0,0.140850227182491,0,0.07459796982950652,0,0.07066438646884006,0,0.08260124792504275,0,0.1939141887579416
es200,0,0,0,0,0,0,0,0,0,0,0,0,0,0,0,0,0,0,0,0,0,0,0,0,0,0,0,0,0,0,0,0,0,0,0,0,0,0,0,0,0,0,0,0,0,0,0,0,0,0,0,0,0,0,0,0,0,0,0,0,0,0,0,0,0,0,0,0,0,0,0,0,0,0,0,0,0,0,0,0,0,0,0,0,0,0,0,0,0,0,0,0,0,0,0,0,0,0,0,0,0,0,0,0,0,0,0,0,0,0,0,0,0,0,0,0,0,0,0,0,0,0,0,0,0,0,0,0,0,0,0,0.07554300151913931,0,0.0758230281608391,0,0.14126003969744047,0,0.0936891012031052,0,0.09375382399908279,0,0.08343940040735422,0,0.13211957959562848,0,0.06969364225805855,0,0.12917707937538042,0,0.09384001535987714,0,0.16517399178799444,0,0.09449623630372392,0,0.07976009618467216,0,0.1778342300440164,0,0.09267434172499298,0,0.10438769342565322,0,0.09815268488763113,0,0.07258394691110383,0,0.15998549369154472,0,0.07076183692498537,0,0.08858702988535304,0,0.16574883016085287,0
es201,0,0,0,0,0,0,0,0,0,0,0,0,0,0,0,0,0,0,0,0,0,0,0,0,0,0,0,0,0,0,0,0,0,0,0,0,0,0,0,0,0,0,0,0,0,0,0,0,0,0,0,0,0,0,0,0,0,0,0,0,0,0,0,0,0,0,0,0,0,0,0,0,0,0,0,0,0,0,0,0,0,0,0,0,0,0,0,0,0,0,0,0,0,0,0,0,0,0,0,0,0,0,0,0,0,0,0,0,0,0,0,0,0,0,0,0,0,0,0,0,0,0,0,0,0,0,0,0,0,0,0,0,0.0790600942562295,0,0.07773226535768493,0,0.18801470193614928,0,0.09430764297045144,0,0.09048404944342636,0,0.08559024234479298,0,0.1855792868346044,0,0.07140192794346456,0,0.10425229056617882,0,0.08947897097234207,0,0.12543590973007163,0,0.0877063927607996,0,0.07496440928047104,0,0.17429717696975044,0,0.10536255808216596,0,0.12902109432590522,0,0.1004437625345373,0,0.07459796982950652,0,0.1580361555391436,0,0.07485142019676354,0,0.08749556921350722,0,0.20540406773694395
es202,0,0,0,0,0,0,0,0,0,0,0,0,0,0,0,0,0,0,0,0,0,0,0,0,0,0,0,0,0,0,0,0,0,0,0,0,0,0,0,0,0,0,0,0,0,0,0,0,0,0,0,0,0,0,0,0,0,0,0,0,0,0,0,0,0,0,0,0,0,0,0,0,0,0,0,0,0,0,0,0,0,0,0,0,0,0,0,0,0,0,0,0,0,0,0,0,0,0,0,0,0,0,0,0,0,0,0,0,0,0,0,0,0,0,0,0,0,0,0,0,0,0,0,0,0,0,0,0,0,0,0,0.06682557813182251,0,0.06707329058496299,0,0.12495907800690213,0,0.08287767531929625,0,0.08293492930937521,0,0.07381075756940085,0,0.11687339808406125,0,0.0616512164244257,0,0.1142704530803302,0,0.08301117445980905,0,0.1461134356804332,0,0.08359166958275781,0,0.07055603341416204,0,0.1573127224936655,0,0.08198001587466305,0,0.09234168384545016,0,0.08682617556763023,0,0.06420798906428318,0,0.07076183692498537,0,0.12519228961226397,0,0.07836436689068958,0,0.14662193952362362,0
es203,0,0,0,0,0,0,0,0,0,0,0,0,0,0,0,0,0,0,0,0,0,0,0,0,0,0,0,0,0,0,0,0,0,0,0,0,0,0,0,0,0,0,0,0,0,0,0,0,0,0,0,0,0,0,0,0,0,0,0,0,0,0,0,0,0,0,0,0,0,0,0,0,0,0,0,0,0,0,0,0,0,0,0,0,0,0,0,0,0,0,0,0,0,0,0,0,0,0,0,0,0,0,0,0,0,0,0,0,0,0,0,0,0,0,0,0,0,0,0,0,0,0,0,0,0,0,0,0,0,0,0,0,0.07489122113582432,0,0.07363340923201922,0,0.1781006050138471,0,0.08933475998154322,0,0.08571278620248492,0,0.08107703167843892,0,0.17579361040875338,0,0.06763687326007525,0,0.09875502198876668,0,0.08476070595587051,0,0.11882161971022308,0,0.08308159656357794,0,0.07101150340834349,0,0.16510641109895915,0,0.09980674461624335,0,0.12221775596461627,0,0.09514731929497464,0,0.07066438646884006,0,0.07485142019676354,0,0.14180894457622345,0,0.08288188983353355,0,0.19457302200058046
es204,0,0,0,0,0,0,0,0,0,0,0,0,0,0,0,0,0,0,0,0,0,0,0,0,0,0,0,0,0,0,0,0,0,0,0,0,0,0,0,0,0,0,0,0,0,0,0,0,0,0,0,0,0,0,0,0,0,0,0,0,0,0,0,0,0,0,0,0,0,0,0,0,0,0,0,0,0,0,0,0,0,0,0,0,0,0,0,0,0,0,0,0,0,0,0,0,0,0,0,0,0,0,0,0,0,0,0,0,0,0,0,0,0,0,0,0,0,0,0,0,0,0,0,0,0,0,0,0,0,0,0,0.08365921157961768,0,0.0839693238017268,0,0.15643677522926158,0,0.10375489698101276,0,0.10382657348279092,0,0.09240398597329674,0,0.14631427982644382,0,0.07718140722729826,0,0.14305564244709063,0,0.10392202509503859,0,0.1829200011723243,0,0.10464874928762108,0,0.08832938363765677,0,0.19694043363608563,0,0.10263111349115098,0,0.11560292753780015,0,0.10869804041399478,0,0.08038224123754616,0,0.08858702988535304,0,0.07836436689068958,0,0.19620933580487948,0,0.1835565991905651,0
es205,0,0,0,0,0,0,0,0,0,0,0,0,0,0,0,0,0,0,0,0,0,0,0,0,0,0,0,0,0,0,0,0,0,0,0,0,0,0,0,0,0,0,0,0,0,0,0,0,0,0,0,0,0,0,0,0,0,0,0,0,0,0,0,0,0,0,0,0,0,0,0,0,0,0,0,0,0,0,0,0,0,0,0,0,0,0,0,0,0,0,0,0,0,0,0,0,0,0,0,0,0,0,0,0,0,0,0,0,0,0,0,0,0,0,0,0,0,0,0,0,0,0,0,0,0,0,0,0,0,0,0,0,0.08754209345859436,0,0.08607180781541413,0,0.20818594720037598,0,0.1044254825705383,0,0.10019167302301007,0,0.0947728315401195,0,0.2054892474501968,0,0.07906231718991501,0,0.11543704633640564,0,0.09907876423790642,0,0.13889335999354063,0,0.097116014143597093,0,0.08300700100395116,0,0.19299673114989715,0,0.11666642942230968,0,0.14286318279614937,0,0.11121991859298191,0,0.08260124792504275,0,0.08749556921350721,0,0.08288188983353355,0,0.19376514458678956,0,0.22744093924712405
es206,0,0,0,0,0,0,0,0,0,0,0,0,0,0,0,0,0,0,0,0,0,0,0,0,0,0,0,0,0,0,0,0,0,0,0,0,0,0,0,0,0,0,0,0,0,0,0,0,0,0,0,0,0,0,0,0,0,0,0,0,0,0,0,0,0,0,0,0,0,0,0,0,0,0,0,0,0,0,0,0,0,0,0,0,0,0,0,0,0,0,0,0,0,0,0,0,0,0,0,0,0,0,0,0,0,0,0,0,0,0,0,0,0,0,0,0,0,0,0,0,0,0,0,0,0,0,0,0,0,0,0,0.15652874319690424,0,0.15710897190645337,0,0.2926976163659995,0,0.194128337075065,0,0.19426244583043392,0,0.17289046260039603,0,0.27375814211681193,0,0.14440858864609288,0,0.26766113971990096,0,0.19444103848770544,0,0.3422484786607287,0,0.19580075993819346,0,0.16526676676843238,0,0.3684811030327748,0,0.192025706486369,0,0.21629633623971745,0,0.2033770977841035,0,0.15039743930994584,0,0.16574883016085287,0,0.14662193952362362,0,0.1835565991905651,0,0.6868791429967801,0
es207,0,0,0,0,0,0,0,0,0,0,0,0,0,0,0,0,0,0,0,0,0,0,0,0,0,0,0,0,0,0,0,0,0,0,0,0,0,0,0,0,0,0,0,0,0,0,0,0,0,0,0,0,0,0,0,0,0,0,0,0,0,0,0,0,0,0,0,0,0,0,0,0,0,0,0,0,0,0,0,0,0,0,0,0,0,0,0,0,0,0,0,0,0,0,0,0,0,0,0,0,0,0,0,0,0,0,0,0,0,0,0,0,0,0,0,0,0,0,0,0,0,0,0,0,0,0,0,0,0,0,0,0,0.2055132877726005,0,0.20206165411207191,0,0.48873606726618557,0,0.2451486296756457,0,0.23520936405450663,0,0.22248812464761344,0,0.4824053112846989,0,0.18560621642324293,0,0.2709993100013498,0,0.23259670613896521,0,0.32606520971030756,0,0.2279889659191328,0,0.19486673222561365,0,0.4530779557692438,0,0.27388540227918257,0,0.3353847416498155,0,0.26109920648237267,0,0.1939141887579416,0,0.20540406773694395,0,0.19457302200058046,0,0.22744093924712402,0,1.0678779396764788
