study_id,ex_id,con_id,out_id,es_id,shared_control,id_notes,title,doi,publish_in,outcome_id_notes,sp_latin,sp_common,strain,dam_age,dam_age_notes,gest_stage_ex,gest_stage_ex_notes,exposure_span_d,exposure_type,exposure_session_duration_h,ex_session_duration_notes,noise_type,noise_type_2,loudness_dB,frequency_Hz,control_conditions,control_loudness,control_notes,offspring_sex,offspring_age_d,offspring_age_notes,experimental_procedures,experimental_procedures_notes,outcome_type,assay_type,assay_type_notes,measurement_variable,data_type,data_units,measurement_timing,data_source,data_file,c_a_id,ex_a_id,comparison,comparison_structure,higher_better,higher_better_notes...49,higher_better_notes...50,c_mean,c_sd,c_n,c_se,c_ci,ex_mean,ex_sd,ex_n,ex_se,ex_ci,stat_comment,general_comment,c_median,c_q1,c_q3,ex_median,ex_q1,ex_q3,checked_ML,checked_ML_comments,...71,corrections_notes_AL,miss_c_mean_raw,miss_ex_mean_raw,miss_c_sd_raw,miss_ex_sd_raw,miss_c_se_raw,miss_ex_se_raw,mean_floored_to1,cohort_id,c_mean_imputed,ex_mean_imputed,c_sd_imputed,ex_sd_imputed,c_se_imputed,ex_se_imputed,lnRR,lnRR_var
uygur_2010_aphyhun,ex001,con001,out001,es001,Yes,One control and one treatment,Effects of chronic stress on cognitive functions and anxiety related behaviors in rats,10.1556/APhysiol.97.2010.3.6,Acta Physiologica Hungarica,Only one assay for anxiety,Rattus norvegicus,albino rat,Sprague-Dawley,,not reported,late,day 14-21,8,Intermitent,0.66,45 min,White noise,Audible,100,,Unclear,,"They carried the cages to the other room too, but without any noise exposure",male,70,70 days of age,none,,Anxiety,Defensive withdrawal test (DWT),Latency to exit the dark box with all four paws for the first time,Latency to exit the dark box,time,s,Light phase,Table II,uygur_2010_table2,CON_lat,PSN_lat,con_psn_lat,Independent,No,Positive,Not specified,90.9,176.07,9,58.69,,137,211.5563754652646,10,66.9,,,,,,,,,,yes,,,,FALSE,FALSE,TRUE,TRUE,FALSE,FALSE,FALSE,uygur_2010_aphyhun_ex001,FALSE,FALSE,TRUE,TRUE,FALSE,FALSE,0.32101479719866327,0.6553273808977046
uygur_2010_aphyhun,ex001,con001,out002,es002,Yes,One control and one treatment,Effects of chronic stress on cognitive functions and anxiety related behaviors in rats,10.1556/APhysiol.97.2010.3.6,Acta Physiologica Hungarica,Only one assay for anxiety,Rattus norvegicus,albino rat,Sprague-Dawley,,not reported,late,day 14-21,8,Intermitent,0.66,45 min,White noise,Audible,100,,Unclear,,"They carried the cages to the other room too, but without any noise exposure",male,70,70 days of age,none,,Anxiety,Defensive withdrawal test (DWT),,Exits from dark box,count,Count,Light phase,Table II,uygur_2010_table2,CON_ex,PSN_ex,con_psn_ex,Independent,Yes,Negative,Not specified,4.3,2.46,9,0.82,,3.67,2.308462691922917,10,0.73,,,,,,,,,,yes,,,,FALSE,FALSE,TRUE,TRUE,FALSE,FALSE,FALSE,uygur_2010_aphyhun_ex001,FALSE,FALSE,TRUE,TRUE,FALSE,FALSE,0.15682355183769348,0.0759308236480169
uygur_2010_aphyhun,ex001,con001,out003,es003,Yes,One control and one treatment,Effects of chronic stress on cognitive functions and anxiety related behaviors in rats,10.1556/APhysiol.97.2010.3.6,Acta Physiologica Hungarica,Only one assay for anxiety,Rattus norvegicus,albino rat,Sprague-Dawley,,not reported,late,day 14-21,8,Intermitent,0.66,45 min,White noise,Audible,100,,Unclear,,"They carried the cages to the other room too, but without any noise exposure",male,70,70 days of age,none,,Anxiety,Defensive withdrawal test (DWT),,Time in open field,time,s,Light phase,Table II,uygur_2010_table2,CON_oat,PSN_oat,con_psn_oat,Independent,Yes,Negative,Not specified,101.74,75.75,9,25.25,,66.67,53.34762412704057,10,16.87,,,,,,,,,,yes,,,,FALSE,FALSE,TRUE,TRUE,FALSE,FALSE,FALSE,uygur_2010_aphyhun_ex001,FALSE,FALSE,TRUE,TRUE,FALSE,FALSE,0.42144857607545705,0.12562202572156428
barzegar_2014_hippo,ex002,con002,out004,es004,Yes,They tested 1 h daily exposure duration,Effects of chronic stress on cognitive functions and anxiety related behaviors in rats,10.1002/hipo.22363,Hippocampus,Only one assay for anxiety,Rattus norvegicus,brown rat,Wistar rat,,not reported,late,at the third trimester,7,Intermitent,1,h,White noise,Audible,95,,Unclear,,Control pregnant animals was kept in the noise chamber for the same period of time without noise exposure,male,46,42-50 daysof age,none,,Anxiety,Elevated Plus Maze (EPM),"Evaluated spatial anxiety in rats. As a convention, an entry was defined as having all four paws in the arm.",Entries into open arms (OAE),percentage,%,Not reported,Figure 2A,barzegar_2014_figure2,CON_oae,N1_oae,con_n1_oae,Independent,Yes,Negative,Not specified,32.07,10.96,10,3.47,,33.93,19.61,10,6.2,,,,,,,,,,yes,,,,FALSE,FALSE,FALSE,FALSE,FALSE,FALSE,FALSE,barzegar_2014_hippo_ex002,FALSE,FALSE,FALSE,FALSE,FALSE,FALSE,-0.03232825700500543,0.014895622010148228
barzegar_2014_hippo,ex002,con002,out005,es005,Yes,They tested 1 h daily exposure duration,"Prenatal Exposure to Noise Stress: Anxiety, Impaired Spatial Memory, and Deteriorated Hippocampal Plasticity in Postnatal Life",10.1002/hipo.22363,Hippocampus,Only one assay for anxiety,Rattus norvegicus,brown rat,Wistar rat,,not reported,late,at the third trimester,7,Intermitent,1,h,White noise,Audible,95,,Unclear,,Control pregnant animals was kept in the noise chamber for the same period of time without noise exposure,male,46,42-50 daysof age,none,,Anxiety,Elevated Plus Maze (EPM),Evaluated spatial anxiety in rats,Time in open arms (OAT),percentage,%,Not reported,Figure 2B,barzegar_2014_figure2,CON_oat,N1_oat,con_n1_oat,Independent,Yes,Negative,Not specified,30.02,6.41,10,2.03,,30.78,4.33,10,1.37,,,,,,,,,,yes,,,,FALSE,FALSE,FALSE,FALSE,FALSE,FALSE,FALSE,barzegar_2014_hippo_ex002,FALSE,FALSE,FALSE,FALSE,FALSE,FALSE,-0.014146620025982245,0.002090254204068703
barzegar_2014_hippo,ex003,con002,out004,es006,Yes,They tested 2 h daily exposure duration,"Prenatal Exposure to Noise Stress: Anxiety, Impaired Spatial Memory, and Deteriorated Hippocampal Plasticity in Postnatal Life",10.1002/hipo.22363,Hippocampus,Only one assay for anxiety,Rattus norvegicus,brown rat,Wistar rat,,not reported,late,at the third trimester,7,Intermitent,2,h,White noise,Audible,95,,Unclear,,Control pregnant animals was kept in the noise chamber for the same period of time without noise exposure,male,46,42-50 daysof age,none,,Anxiety,Elevated Plus Maze (EPM),Evaluated spatial anxiety in rats,Entries into open arms (OAE),percentage,%,Not reported,Figure 2A,barzegar_2014_figure2,CON_oae,N2_oae,con_n2_oae,Independent,Yes,Negative,Not specified,32.07,10.96,10,3.47,,14.27,8.43,10,8.43,,,,,,,,,,yes,,,,FALSE,FALSE,FALSE,FALSE,FALSE,FALSE,FALSE,barzegar_2014_hippo_ex003,FALSE,FALSE,FALSE,FALSE,FALSE,FALSE,0.44089548322101596,0.013481443069010878
barzegar_2014_hippo,ex003,con002,out005,es007,Yes,They tested 2 h daily exposure duration,"Prenatal Exposure to Noise Stress: Anxiety, Impaired Spatial Memory, and Deteriorated Hippocampal Plasticity in Postnatal Life",10.1002/hipo.22363,Hippocampus,Only one assay for anxiety,Rattus norvegicus,brown rat,Wistar rat,,not reported,late,at the third trimester,7,Intermitent,2,h,White noise,Audible,95,,Unclear,,Control pregnant animals was kept in the noise chamber for the same period of time without noise exposure,male,46,42-50 daysof age,none,,Anxiety,Elevated Plus Maze (EPM),Evaluated spatial anxiety in rats,Time in open arms (OAT),percentage,%,Not reported,Figure 2B,barzegar_2014_figure2,CON_oat,N2_oat,con_n2_oat,Independent,Yes,Negative,Not specified,30.02,6.41,10,2.03,,21.53,5.72,10,1.81,,,,,,,,,,yes,,,,FALSE,FALSE,FALSE,FALSE,FALSE,FALSE,FALSE,barzegar_2014_hippo_ex003,FALSE,FALSE,FALSE,FALSE,FALSE,FALSE,0.1837809435938105,0.0035337728041804845
barzegar_2014_hippo,ex004,con002,out004,es008,Yes,They tested 4 h daily exposure duration,"Prenatal Exposure to Noise Stress: Anxiety, Impaired Spatial Memory, and Deteriorated Hippocampal Plasticity in Postnatal Life",10.1002/hipo.22363,Hippocampus,Only one assay for anxiety,Rattus norvegicus,brown rat,Wistar rat,,not reported,late,at the third trimester,7,Intermitent,4,h,White noise,Audible,95,,Unclear,,Control pregnant animals was kept in the noise chamber for the same period of time without noise exposure,male,46,42-50 daysof age,none,,Anxiety,Elevated Plus Maze (EPM),Evaluated spatial anxiety in rats,Entries into open arms (OAE),percentage,%,Not reported,Figure 2A,barzegar_2014_figure2,CON_oae,N4_oae,con_n4_oae,Independent,Yes,Negative,Not specified,32.07,10.96,10,3.47,,15.33,8.85,10,2.8,,,,,,,,,,yes,,,,FALSE,FALSE,FALSE,FALSE,FALSE,FALSE,FALSE,barzegar_2014_hippo_ex004,FALSE,FALSE,FALSE,FALSE,FALSE,FALSE,0.4030839725042804,0.013124380265486334
barzegar_2014_hippo,ex004,con002,out005,es009,Yes,They tested 4 h daily exposure duration,"Prenatal Exposure to Noise Stress: Anxiety, Impaired Spatial Memory, and Deteriorated Hippocampal Plasticity in Postnatal Life",10.1002/hipo.22363,Hippocampus,Only one assay for anxiety,Rattus norvegicus,brown rat,Wistar rat,,not reported,late,at the third trimester,7,Intermitent,4,h,White noise,Audible,95,,Unclear,,Control pregnant animals was kept in the noise chamber for the same period of time without noise exposure,male,46,42-50 daysof age,none,,Anxiety,Elevated Plus Maze (EPM),Evaluated spatial anxiety in rats,Time in open arms (OAT),percentage,%,Not reported,Figure 2B,barzegar_2014_figure2b,CON_oat,N4_oat,con_n4_oat,Independent,Yes,Negative,Not specified,30.02,6.41,10,2.03,,16.92,8.31,10,2.63,,,,,,,,,,yes,,,,FALSE,FALSE,FALSE,FALSE,FALSE,FALSE,FALSE,barzegar_2014_hippo_ex004,FALSE,FALSE,FALSE,FALSE,FALSE,FALSE,0.3132315052223049,0.00828815784134692
hassanvand_2012_phyphar,ex005,con003,out006,es010,Yes,Only one experiment,"Alterations in dopamine related behavior of the offspring of pregnant Wistar
rats exposed to noise pollution stress",http://ppj.phypha.ir/article-1-805-en.html,Physiology and Pharmacology,Only one assay,Rattus norvegicus,brown rat,Wistar rat,,not reported 200g,"early, mid",day 1-14,14,Intermitent,0.083,15 min,Traffic,Audible,125,,Unclear,,"Environment without noise""محیط بی سر و صدا""",male,90,3 months,none,They used a car alarm,Anxiety,Open Field Test (OFT),Locomotor and exploratory behaviour,Sniffing,count,Count,Not reported,Figure 2,hassanvand_2012_phyphar_Figure2,Control_sniff,Expn_sniff,control_exp_sniff,Independent,Yes,Negative,Not specified,41.568,2.7625,6,1.1278,,35.5825,2.916,6,1.1904,,,"non-English language, ask native speaker",,,,,,,yes - recheck!,whiskers in the plot extracted as SD values but more likely they are SE values,,"Done! re-extracted, I swapped the selection in meta-digitise",FALSE,FALSE,FALSE,FALSE,FALSE,FALSE,FALSE,hassanvand_2012_phyphar_ex005,FALSE,FALSE,FALSE,FALSE,FALSE,FALSE,0.1552850894092796,0.0018554082883641227
hassanvand_2012_phyphar,ex005,con003,out007,es011,Yes,Only one experiment,"Alterations in dopamine related behavior of the offspring of pregnant Wistar
rats exposed to noise pollution stress",http://ppj.phypha.ir/article-1-805-en.html,Physiology and Pharmacology,Only one assay,Rattus norvegicus,brown rat,Wistar rat,,not reported 200g,"early, mid",day 1-14,14,Intermitent,0.083,15 min,Traffic,Audible,125,,Unclear,,"Environment without noise""محیط بی سر و صدا""",male,90,3 months,none,They used a car alarm,Anxiety,Open Field Test (OFT),Locomotor and exploratory behaviour,Rearing frequency,count,Count,Not reported,Figure 2,hassanvand_2012_phyphar_Figure2,Control_rear,Exp_rear,control_exp_rear,Independent,Yes,Negative,Not specified,13.943,1.8417,6,0.7519,,20.6957,2.4556,6,1.0025,,,"non-English language, ask native speaker",,,,,,,yes - recheck!,whiskers in the plot extracted as SD values but more likely they are SE values,,"Done! re-extracted, I swapped the selection in meta-digitise",FALSE,FALSE,FALSE,FALSE,FALSE,FALSE,FALSE,hassanvand_2012_phyphar_ex005,FALSE,FALSE,FALSE,FALSE,FALSE,FALSE,-0.394667631692305,0.005254273097981812
hassanvand_2012_phyphar,ex005,con003,out008,es012,Yes,Only one experiment,"Alterations in dopamine related behavior of the offspring of pregnant Wistar
rats exposed to noise pollution stress",http://ppj.phypha.ir/article-1-805-en.html,Physiology and Pharmacology,Only one assay,Rattus norvegicus,brown rat,Wistar rat,,not reported 200g,"early, mid",day 1-14,14,Intermitent,0.083,15 min,Traffic,Audible,125,,Unclear,,"Environment without noise""محیط بی سر و صدا""",male,90,3 months,none,They used a car alarm,Anxiety,Open Field Test (OFT),Locomotor and exploratory behaviour,Sections crossed,count,Count,Not reported,Figure 2,hassanvand_2012_phyphar_Figure2,Control_loco,Exp_loco,control_exp_loco,Independent,Yes,Negative,Not specified,24.686,4.4507,6,1.817,,28.5228,2.609,6,1.0651,,,"non-English language, ask native speaker",,,,,,,yes - recheck!,whiskers in the plot extracted as SD values but more likely they are SE values,,"Done! re-extracted, I swapped the selection in meta-digitise",FALSE,FALSE,FALSE,FALSE,FALSE,FALSE,FALSE,hassanvand_2012_phyphar_ex005,FALSE,FALSE,FALSE,FALSE,FALSE,FALSE,-0.14245594527997454,0.006812043642669949
arjunan_2023_stress,ex006,con004,out009,es013,Yes,"3 experimental groups: Early gestational, late gestational and full-term gestational","Impacts of Maternal Noise Exposure on Risk of Stillbirth
and Oxidative Stress-Induced Neurobehavioral Changes
in Offspring",10.3390/stresses3030037,Stresses,,Rattus norvegicus,albino rat,Wistar albino rat,,not reported 160-180g,"early, mid",day 1-10,10,Intermitent,4,h,Ultrasound,Ultrasound,100,"0-2,000",Unclear,,,male,45,,none,,Anxiety,Open Field Test (OFT),locomotion and emotional status,Time in central square,time,s,Not reported,Figure 3B,arjunan_2023_stress_fig3B_cen,Con_cen,Egs_cen,con_egs_cen,Independent,Yes,Negative,"reduced time spent in the central square indicated
the fear and anxiety-like behavior",225.39,25.92,6,10.58,,160.21,18.85,6,7.69,,,,,,,,,,yes - recheck!,"legend says ""The data represent the mean ± SD"", but the values look like SE",,"Done! re-extracted, I swapped the selection in meta-digitise",FALSE,FALSE,FALSE,FALSE,FALSE,FALSE,FALSE,arjunan_2023_stress_ex006,FALSE,FALSE,FALSE,FALSE,FALSE,FALSE,0.3412952579524951,0.0045114292322744574
arjunan_2023_stress,ex006,con004,out010,es014,Yes,"3 experimental groups: Early gestational, late gestational and full-term gestational","Impacts of Maternal Noise Exposure on Risk of Stillbirth
and Oxidative Stress-Induced Neurobehavioral Changes
in Offspring",10.3390/stresses3030037,Stresses,,Rattus norvegicus,albino rat,Wistar albino rat,,not reported 160-180g,"early, mid",day 1-10,10,Intermitent,4,h,Ultrasound,Ultrasound,100,"0-2,000",Unclear,,,male,45,,none,,Anxiety,Open Field Test (OFT),locomotion and emotional status,Time in peripheral square,time,s,Not reported,Figure 3B,arjunan_2023_stress_fig3B_per,Con_per,Egs_per,con_egs_per,Independent,No,Positive,"reduced time spent in the central square indicated
the fear and anxiety-like behavior",71.74,28.21,6,11.52,,132.86,19.48,6,7.95,,,,,,,,,,yes - recheck!,"legend says ""The data represent the mean ± SD"", but the values look like SE",,"Done! re-extracted, I swapped the selection in meta-digitise",FALSE,FALSE,FALSE,FALSE,FALSE,FALSE,FALSE,arjunan_2023_stress_ex006,FALSE,FALSE,FALSE,FALSE,FALSE,FALSE,0.6051534075625605,0.02935398241976085
arjunan_2023_stress,ex007,con004,out009,es015,Yes,"3 experimental groups: Early gestational, late gestational and full-term gestational","Impacts of Maternal Noise Exposure on Risk of Stillbirth
and Oxidative Stress-Induced Neurobehavioral Changes
in Offspring",10.3390/stresses3030037,Stresses,,Rattus norvegicus,albino rat,Wistar albino rat,,not reported 160-180g,late,day 11-21,11,Intermitent,4,h,Ultrasound,Ultrasound,100,"0-2,000",Unclear,,,male,45,,none,,Anxiety,Open Field Test (OFT),locomotion and emotional status,Time in central square,time,s,Not reported,Figure 3B,arjunan_2023_stress_fig3B_cen,Con_cen,Lgs_cen,con_lgs_cen,Independent,Yes,Negative,"reduced time spent in the central square indicated
the fear and anxiety-like behavior",225.39,25.92,6,10.58,,124.08,11.78,6,4.81,,,,,,,,,,yes - recheck!,"legend says ""The data represent the mean ± SD"", but the values look like SE",,"Done! re-extracted, I swapped the selection in meta-digitise",FALSE,FALSE,FALSE,FALSE,FALSE,FALSE,FALSE,arjunan_2023_stress_ex007,FALSE,FALSE,FALSE,FALSE,FALSE,FALSE,0.5972566984283891,0.003706419861165428
arjunan_2023_stress,ex007,con004,out010,es016,Yes,"3 experimental groups: Early gestational, late gestational and full-term gestational","Impacts of Maternal Noise Exposure on Risk of Stillbirth
and Oxidative Stress-Induced Neurobehavioral Changes
in Offspring",10.3390/stresses3030037,Stresses,,Rattus norvegicus,albino rat,Wistar albino rat,,not reported 160-180g,late,day 11-21,11,Intermitent,4,h,Ultrasound,Ultrasound,100,"0-2,000",Unclear,,,male,45,,none,,Anxiety,Open Field Test (OFT),locomotion and emotional status,Time in peripheral square,time,s,Not reported,Figure 3B,arjunan_2023_stress_fig3B_per,Con_per,Lgs_per,con_lgs_per,Independent,No,Positive,"reduced time spent in the central square indicated
the fear and anxiety-like behavior",71.74,28.21,6,11.52,,170.48,10.75,6,4.39,,,,,,,,,,yes - recheck!,"legend says ""The data represent the mean ± SD"", but the values look like SE",,"Done! re-extracted, I swapped the selection in meta-digitise",FALSE,FALSE,FALSE,FALSE,FALSE,FALSE,FALSE,arjunan_2023_stress_ex007,FALSE,FALSE,FALSE,FALSE,FALSE,FALSE,0.8530153401954489,0.026433756579004992
arjunan_2023_stress,ex008,con004,out009,es017,Yes,"3 experimental groups: Early gestational, late gestational and full-term gestational","Impacts of Maternal Noise Exposure on Risk of Stillbirth
and Oxidative Stress-Induced Neurobehavioral Changes
in Offspring",10.3390/stresses3030037,Stresses,,Rattus norvegicus,albino rat,Wistar albino rat,,not reported 160-180g,"early, mid, late",day 1-21,21,Intermitent,4,h,Ultrasound,Ultrasound,100,"0-2,000",Unclear,,,male,45,,none,,Anxiety,Open Field Test (OFT),locomotion and emotional status,Time in central square,time,s,Not reported,Figure 3B,arjunan_2023_stress_fig3B_cen,Con_cen,Fgs_cen,con_fgs_cen,Independent,Yes,Negative,"reduced time spent in the central square indicated
the fear and anxiety-like behavior",225.39,25.92,6,10.58,,93.46,11.78,6,4.81,,,,,,,,,,yes - recheck!,"legend says ""The data represent the mean ± SD"", but the values look like SE",,"Done! re-extracted, I swapped the selection in meta-digitise",FALSE,FALSE,FALSE,FALSE,FALSE,FALSE,FALSE,arjunan_2023_stress_ex008,FALSE,FALSE,FALSE,FALSE,FALSE,FALSE,0.8800768859421931,0.0048520080255642275
arjunan_2023_stress,ex008,con004,out010,es018,Yes,"3 experimental groups: Early gestational, late gestational and full-term gestational","Impacts of Maternal Noise Exposure on Risk of Stillbirth
and Oxidative Stress-Induced Neurobehavioral Changes
in Offspring",10.3390/stresses3030037,Stresses,,Rattus norvegicus,albino rat,Wistar albino rat,,not reported 160-180g,"early, mid, late",day 1-21,21,Intermitent,4,h,Ultrasound,Ultrasound,100,"0-2,000",Unclear,,,male,45,,none,,Anxiety,Open Field Test (OFT),locomotion and emotional status,Time in peripheral square,time,s,Not reported,Figure 3B,arjunan_2023_stress_fig3B_per,Con_per,Fgs_per,con_fgs_per,Independent,No,Positive,"reduced time spent in the central square indicated
the fear and anxiety-like behavior",71.74,28.21,6,11.52,,202.72,12.09,6,4.94,,,,,,,,,,yes - recheck!,"legend says ""The data represent the mean ± SD"", but the values look like SE",,"Done! re-extracted, I swapped the selection in meta-digitise",FALSE,FALSE,FALSE,FALSE,FALSE,FALSE,FALSE,arjunan_2023_stress_ex008,FALSE,FALSE,FALSE,FALSE,FALSE,FALSE,1.0261881175521326,0.026363853727437752
hadizadeh_2018_irjbamedsci,ex009,con005,out011,es019,Yes,"one control, one treatment for females and males","Probiotic supplementation improves the cognitive function and
the anxiety-like behaviors in the stressed rats",10.22038/ijbms.2019.33956.8078,Iranian Journal of Basic Medical Sciences,,Rattus norvegicus,brown rat,Wistar rat,,not reported,late,third trimester,7,Intermitent,4,h,Traffic,Audible,95,,Unclear,,"The control: kept in the noise chamber for the
same period of time without noise exposure",male,45,,The CON and ST groups received drinking water as vehicle,,Anxiety,Elevated Plus Maze (EPM),,Entries into open arms (OAE),percentage,%,Not reported,Figure 2A,hadizadeh_2018_irjbamedsci_fig2A,CON_en,ST_en,CON_ST_en,Independent,Yes,Negative,declined the anxiety-like behavior where the number of open arm entries increased,54.98,7.67,6,3.13,,19.51,3.07,6,1.25,,,,,,,,,,yes - recheck!,exp mean values look too low,,"Done! re-extracted, I swapped the selection in meta-digitise",FALSE,FALSE,FALSE,FALSE,FALSE,FALSE,FALSE,hadizadeh_2018_irjbamedsci_ex009,FALSE,FALSE,FALSE,FALSE,FALSE,FALSE,0.6020041514518896,0.0026141985237946594
hadizadeh_2018_irjbamedsci,ex009,con005,out012,es020,Yes,"one control, one treatment for females and males","Probiotic supplementation improves the cognitive function and
the anxiety-like behaviors in the stressed rats",10.22038/ijbms.2019.33956.8078,Iranian Journal of Basic Medical Sciences,,Rattus norvegicus,brown rat,Wistar rat,,not reported,late,third trimester,7,Intermitent,4,h,Traffic,Audible,95,,Unclear,,"The control: kept in the noise chamber for the
same period of time without noise exposure",male,45,,The CON and ST groups received drinking water as vehicle,,Anxiety,Elevated Plus Maze (EPM),,Time in open arms (OAT),percentage,%,Not reported,Figure 2B,hadizadeh_2018_irjbamedsci_fig2B,CON_ti,ST_ti,CON_ST_ti,Independent,Yes,Negative,,41.56,2.9,6,1.18,,17.52,4.35,6,1.78,,,,,,,,,,yes - recheck!,exp mean values look too low,,"Done! re-extracted, I swapped the selection in meta-digitise",FALSE,FALSE,FALSE,FALSE,FALSE,FALSE,FALSE,hadizadeh_2018_irjbamedsci_ex009,FALSE,FALSE,FALSE,FALSE,FALSE,FALSE,0.48380341854470477,0.0032193134002988645
abramova_2024_devneur,ex010,con006,out013,es021,No,"one control, one treatment for females and males",Ultrasound-Induced Prenatal Stress: New Possibilities for Modeling Mental Disorders,10.1159/000534687,Developmental Neuroscience,,Rattus norvegicus,brown rat,Wistar rat,16,3 months,"early, mid, late","permanently during the
whole period of gestation (21 days)",21,Continuous,24,Expossed to continuous variable frequencies,Ultrasound,Ultrasound,50,"20,000-45,000",Ambient sound,,"No noise, standars housing conditions",female,70,,none,,Anxiety,Elevated Plus Maze (EPM),They divided in two groups,Time in open arms (OAT),time,s,Light phase,Fig. 2. a,abramova_2024_devneur_fig2a,Con_f_oa,PS_f_oa,Con_PS_f_oa,Independent,Yes,Negative,,45.56,30.7,37,5.05,,27.88,17.52,49,2.5,,results presented as Med (Q1; Q3),,,,,,,,yes,minor edites to extracted text needed,,,FALSE,FALSE,FALSE,FALSE,FALSE,FALSE,FALSE,abramova_2024_devneur_ex010,FALSE,FALSE,FALSE,FALSE,FALSE,FALSE,0.49322689281086113,0.020330881736930546
abramova_2024_devneur,ex011,con007,out013,es022,No,"one control, one treatment for females and males",Ultrasound-Induced Prenatal Stress: New Possibilities for Modeling Mental Disorders,10.1159/000534687,Developmental Neuroscience,,Rattus norvegicus,brown rat,Wistar rat,16,3 months,"early, mid, late","permanently during the
whole period of gestation (21 days)",21,Continuous,24,Expossed to continuous variable frequencies,Ultrasound,Ultrasound,50,"20,000-45,000",Ambient sound,,"No noise, standars housing conditions",male,70,,none,,Anxiety,Elevated Plus Maze (EPM),They divided in two groups,Time in open arms (OAT),time,s,Light phase,Fig. 2. a,abramova_2024_devneur_fig2a,Con_m_oa,PS_m_oa,Con_PS_m_oa,Independent,Yes,Negative,,53.82,29.51,35,4.99,,38.35,24.99,44,3.77,,results presented as Med (Q1; Q3),,,,,,,,yes,minor edites to extracted text needed,,,FALSE,FALSE,FALSE,FALSE,FALSE,FALSE,FALSE,abramova_2024_devneur_ex011,FALSE,FALSE,FALSE,FALSE,FALSE,FALSE,0.33836027480339675,0.018240282821045596
abramova_2024_devneur,ex010,con006,out014,es023,No,"one control, one treatment for females and males",Ultrasound-Induced Prenatal Stress: New Possibilities for Modeling Mental Disorders,10.1159/000534687,Developmental Neuroscience,,Rattus norvegicus,brown rat,Wistar rat,16,3 months,"early, mid, late","permanently during the
whole period of gestation (21 days)",21,Continuous,24,Expossed to continuous variable frequencies,Ultrasound,Ultrasound,50,"20,000-45,000",Ambient sound,,"No noise, standars housing conditions",female,70,,none,,Anxiety,Elevated Plus Maze (EPM),They divided in two groups | Head-dipping,Head-dipping,count,Count,Light phase,Fig. 2. b,abramova_2024_devneur_fig2b,Con_f_hd,PS_f_hd,Con_PS_f_hd,Independent,Yes,Negative,,10.2,5.76,37,0.95,,4.46,3.09,49,0.44,,results presented as Med (Q1; Q3),,,,,,,,yes,minor edites to extracted text needed,,,FALSE,FALSE,FALSE,FALSE,FALSE,FALSE,FALSE,abramova_2024_devneur_ex010,FALSE,FALSE,FALSE,FALSE,FALSE,FALSE,0.8266502886250093,0.01841477632400082
abramova_2024_devneur,ex011,con007,out014,es024,No,"one control, one treatment for females and males",Ultrasound-Induced Prenatal Stress: New Possibilities for Modeling Mental Disorders,10.1159/000534687,Developmental Neuroscience,,Rattus norvegicus,brown rat,Wistar rat,16,3 months,"early, mid, late","permanently during the
whole period of gestation (21 days)",21,Continuous,24,Expossed to continuous variable frequencies,Ultrasound,Ultrasound,50,"20,000-45,000",Ambient sound,,"No noise, standars housing conditions",male,70,,none,,Anxiety,Elevated Plus Maze (EPM),They divided in two groups | Head-dipping,Head-dipping,count,Count,Light phase,Fig. 2. b,abramova_2024_devneur_fig2b,Con_m_hd,PS_m_hd,Con_PS_m_hd,Independent,Yes,Negative,,11.55,6.92,35,1.17,,8.55,5.26,44,0.79,,results presented as Med (Q1; Q3),,,,,,,,yes,minor edites to extracted text needed,,,FALSE,FALSE,FALSE,FALSE,FALSE,FALSE,FALSE,abramova_2024_devneur_ex011,FALSE,FALSE,FALSE,FALSE,FALSE,FALSE,0.3015813068851739,0.018857796472043983
abramova_2024_devneur,ex010,con006,out015,es025,No,"one control, one treatment for females and males",Ultrasound-Induced Prenatal Stress: New Possibilities for Modeling Mental Disorders,10.1159/000534687,Developmental Neuroscience,,Rattus norvegicus,brown rat,Wistar rat,16,3 months,"early, mid, late","permanently during the
whole period of gestation (21 days)",21,Continuous,24,Expossed to continuous variable frequencies,Ultrasound,Ultrasound,50,"20,000-45,000",Ambient sound,,"No noise, standars housing conditions",female,70,,none,,Anxiety,Elevated Plus Maze (EPM),They divided in two groups,Total freezing time,time,s,Light phase,Fig. 2. c,abramova_2024_devneur_fig2c,Con_f_fr,PS_f_fr,Con_PS_f_fr,Independent,No,Positive,,2.59,3.45,37,0.57,,20.84,19.55,49,2.79,,results presented as Med (Q1; Q3),,,,,,,,yes,minor edites to extracted text needed,,,FALSE,FALSE,FALSE,FALSE,FALSE,FALSE,FALSE,abramova_2024_devneur_ex010,FALSE,FALSE,FALSE,FALSE,FALSE,FALSE,2.070218583904154,0.06591515739157564
abramova_2024_devneur,ex011,con007,out015,es026,No,"one control, one treatment for females and males",Ultrasound-Induced Prenatal Stress: New Possibilities for Modeling Mental Disorders,10.1159/000534687,Developmental Neuroscience,,Rattus norvegicus,brown rat,Wistar rat,16,3 months,"early, mid, late","permanently during the
whole period of gestation (21 days)",21,Continuous,24,Expossed to continuous variable frequencies,Ultrasound,Ultrasound,50,"20,000-45,000",Ambient sound,,"No noise, standars housing conditions",male,70,,none,,Anxiety,Elevated Plus Maze (EPM),They divided in two groups,Total freezing time,time,s,Light phase,Fig. 2. c,abramova_2024_devneur_fig2c,Con_m_fr,PS_m_fr,Con_PS_m_fr,Independent,No,Positive,,1.23,2.02,35,0.34,,3.27,3.72,44,0.56,,results presented as Med (Q1; Q3),,,,,,,,yes,minor edites to extracted text needed,,,FALSE,FALSE,FALSE,FALSE,FALSE,FALSE,FALSE,abramova_2024_devneur_ex011,FALSE,FALSE,FALSE,FALSE,FALSE,FALSE,0.953952662658561,0.10647208562557989
abramova_2024_devneur,ex010,con006,out016,es027,No,"one control, one treatment for females and males",Ultrasound-Induced Prenatal Stress: New Possibilities for Modeling Mental Disorders,10.1159/000534687,Developmental Neuroscience,,Rattus norvegicus,brown rat,Wistar rat,16,3 months,"early, mid, late","permanently during the
whole period of gestation (21 days)",21,Continuous,24,Expossed to continuous variable frequencies,Ultrasound,Ultrasound,50,"20,000-45,000",Ambient sound,,"No noise, standars housing conditions",female,70,,none,,Anxiety,Elevated Plus Maze (EPM),They divided in two groups,Total grooming time,time,s,Light phase,Fig. 2. d,abramova_2024_devneur_fig2d,Con_f_gd,PS_f_gd,Con_PS_f_gd,Independent,No,Positive,,22.57,14.12,37,2.32,,30.57,22.63,49,3.23,,results presented as Med (Q1; Q3),,,,,,,,yes,minor edites to extracted text needed,,,FALSE,FALSE,FALSE,FALSE,FALSE,FALSE,FALSE,abramova_2024_devneur_ex010,FALSE,FALSE,FALSE,FALSE,FALSE,FALSE,0.30370033979448874,0.021761637596990485
abramova_2024_devneur,ex011,con007,out016,es028,No,"one control, one treatment for females and males",Ultrasound-Induced Prenatal Stress: New Possibilities for Modeling Mental Disorders,10.1159/000534687,Developmental Neuroscience,,Rattus norvegicus,brown rat,Wistar rat,16,3 months,"early, mid, late","permanently during the
whole period of gestation (21 days)",21,Continuous,24,Expossed to continuous variable frequencies,Ultrasound,Ultrasound,50,"20,000-45,000",Ambient sound,,"No noise, standars housing conditions",male,70,,none,,Anxiety,Elevated Plus Maze (EPM),They divided in two groups,Total grooming time,time,s,Light phase,Fig. 2. d,abramova_2024_devneur_fig2d,Con_m_gd,PS_m_gd,Con_PS_m_gd,Independent,No,Positive,,28.31,19.54,35,3.3,,48.4,27.76,44,4.19,,results presented as Med (Q1; Q3),,,,,,,,yes,minor edites to extracted text needed,,,FALSE,FALSE,FALSE,FALSE,FALSE,FALSE,FALSE,abramova_2024_devneur_ex011,FALSE,FALSE,FALSE,FALSE,FALSE,FALSE,0.5332172632755117,0.02108780576417853
abramova_2024_devneur,ex010,con006,out017,es029,No,"one control, one treatment for females and males",Ultrasound-Induced Prenatal Stress: New Possibilities for Modeling Mental Disorders,10.1159/000534687,Developmental Neuroscience,,Rattus norvegicus,brown rat,Wistar rat,16,3 months,"early, mid, late","permanently during the
whole period of gestation (21 days)",21,Continuous,24,Expossed to continuous variable frequencies,Ultrasound,Ultrasound,50,"20,000-45,000",Ambient sound,,"No noise, standars housing conditions",female,70,,none,,Anxiety,Elevated Plus Maze (EPM),They divided in two groups,Mean grooming duration,time,s,Light phase,Fig. 2. e,abramova_2024_devneur_fig2e,Con_f_mg,PS_f_mg,Con_PS_f_mg,Independent,No,Positive,,6.97,3.61,37,0.59,,7.61,4.63,49,0.66,,results presented as Med (Q1; Q3),,,,,,,,yes,minor edites to extracted text needed,,,FALSE,FALSE,FALSE,FALSE,FALSE,FALSE,FALSE,abramova_2024_devneur_ex010,FALSE,FALSE,FALSE,FALSE,FALSE,FALSE,0.08800004153386727,0.01480449326153831
abramova_2024_devneur,ex011,con007,out017,es030,No,"one control, one treatment for females and males",Ultrasound-Induced Prenatal Stress: New Possibilities for Modeling Mental Disorders,10.1159/000534687,Developmental Neuroscience,,Rattus norvegicus,brown rat,Wistar rat,16,3 months,"early, mid, late","permanently during the
whole period of gestation (21 days)",21,Continuous,24,Expossed to continuous variable frequencies,Ultrasound,Ultrasound,50,"20,000-45,000",Ambient sound,,"No noise, standars housing conditions",male,70,,none,,Anxiety,Elevated Plus Maze (EPM),They divided in two groups,Mean grooming duration,time,s,Light phase,Fig. 2. e,abramova_2024_devneur_fig2e,Con_m_mg,PS_m_mg,Con_PS_m_mg,Independent,No,Positive,,7.13,4.67,35,0.79,,12.15,7.17,44,1.08,,results presented as Med (Q1; Q3),,,,,,,,yes,minor edites to extracted text needed,,,FALSE,FALSE,FALSE,FALSE,FALSE,FALSE,FALSE,abramova_2024_devneur_ex011,FALSE,FALSE,FALSE,FALSE,FALSE,FALSE,0.530846737925981,0.020171744607558773
abramova_2024_devneur,ex010,con006,out018,es031,No,"one control, one treatment for females and males",Ultrasound-Induced Prenatal Stress: New Possibilities for Modeling Mental Disorders,10.1159/000534687,Developmental Neuroscience,,Rattus norvegicus,brown rat,Wistar rat,16,3 months,"early, mid, late","permanently during the
whole period of gestation (21 days)",21,Continuous,24,Expossed to continuous variable frequencies,Ultrasound,Ultrasound,50,"20,000-45,000",Ambient sound,,"No noise, standars housing conditions",female,74,,none,,Anxiety,Open Field Test (OFT),They divided in two groups,Center entries (crossing),count,Count,Light phase,Fig. 3. a,abramova_2024_devneur_fig3a,Con_f_ce,PS_f_ce,Con_PS_f_ce,Independent,Yes,Negative,,2.46,1.21,37,0.2,,2.2,1.91,49,0.27,,results presented as Med (Q1; Q3),,,,,,,,yes,minor edites to extracted text needed,,,FALSE,FALSE,FALSE,FALSE,FALSE,FALSE,FALSE,abramova_2024_devneur_ex010,FALSE,FALSE,FALSE,FALSE,FALSE,FALSE,0.1072821740975249,0.02192125350123063
abramova_2024_devneur,ex011,con007,out018,es032,No,"one control, one treatment for females and males",Ultrasound-Induced Prenatal Stress: New Possibilities for Modeling Mental Disorders,10.1159/000534687,Developmental Neuroscience,,Rattus norvegicus,brown rat,Wistar rat,16,3 months,"early, mid, late","permanently during the
whole period of gestation (21 days)",21,Continuous,24,Expossed to continuous variable frequencies,Ultrasound,Ultrasound,50,"20,000-45,000",Ambient sound,,"No noise, standars housing conditions",male,74,,none,,Anxiety,Open Field Test (OFT),They divided in two groups,Center entries (crossing),count,Count,Light phase,Fig. 3. a,abramova_2024_devneur_fig3a,Con_m_ce,PS_m_ce,Con_PS_m_ce,Independent,Yes,Negative,,2.87,1.49,35,0.25,,1.48,1.35,44,0.2,,results presented as Med (Q1; Q3),,,,,,,,yes,minor edites to extracted text needed,,,FALSE,FALSE,FALSE,FALSE,FALSE,FALSE,FALSE,abramova_2024_devneur_ex011,FALSE,FALSE,FALSE,FALSE,FALSE,FALSE,0.6566653871948419,0.026610881765960326
abramova_2024_devneur,ex010,con006,out019,es033,No,"one control, one treatment for females and males",Ultrasound-Induced Prenatal Stress: New Possibilities for Modeling Mental Disorders,10.1159/000534687,Developmental Neuroscience,,Rattus norvegicus,brown rat,Wistar rat,16,3 months,"early, mid, late","permanently during the
whole period of gestation (21 days)",21,Continuous,24,Expossed to continuous variable frequencies,Ultrasound,Ultrasound,50,"20,000-45,000",Ambient sound,,"No noise, standars housing conditions",female,74,,none,,Anxiety,Open Field Test (OFT),They divided in two groups,Rearing frequency,count,Count,Light phase,Fig. 3. c,abramova_2024_devneur_fig3b,Con_f_re,PS_f_re,Con_PS_f_re,Independent,Yes,Negative,,21.48,5.57,37,0.92,,23.44,10.99,49,1.57,,results presented as Med (Q1; Q3),,,,,,,,yes,minor edites to extracted text needed,,,FALSE,FALSE,FALSE,FALSE,FALSE,FALSE,FALSE,abramova_2024_devneur_ex010,FALSE,FALSE,FALSE,FALSE,FALSE,FALSE,-0.08865614504848328,0.006303612823403787
abramova_2024_devneur,ex011,con007,out019,es034,No,"one control, one treatment for females and males",Ultrasound-Induced Prenatal Stress: New Possibilities for Modeling Mental Disorders,10.1159/000534687,Developmental Neuroscience,,Rattus norvegicus,brown rat,Wistar rat,16,3 months,"early, mid, late","permanently during the
whole period of gestation (21 days)",21,Continuous,24,Expossed to continuous variable frequencies,Ultrasound,Ultrasound,50,"20,000-45,000",Ambient sound,,"No noise, standars housing conditions",male,74,,none,,Anxiety,Open Field Test (OFT),They divided in two groups,Rearing frequency,count,Count,Light phase,Fig. 3. c,abramova_2024_devneur_fig3b,Con_m_re,PS_m_re,Con_PS_m_re,Independent,Yes,Negative,,21.46,9.73,35,1.64,,15.37,8.01,44,1.21,,results presented as Med (Q1; Q3),,,,,,,,yes,minor edites to extracted text needed,,,FALSE,FALSE,FALSE,FALSE,FALSE,FALSE,FALSE,abramova_2024_devneur_ex011,FALSE,FALSE,FALSE,FALSE,FALSE,FALSE,0.3336236629256064,0.012046066664067906
abramova_2024_devneur,ex010,con006,out020,es035,No,"one control, one treatment for females and males",Ultrasound-Induced Prenatal Stress: New Possibilities for Modeling Mental Disorders,10.1159/000534687,Developmental Neuroscience,,Rattus norvegicus,brown rat,Wistar rat,16,3 months,"early, mid, late","permanently during the
whole period of gestation (21 days)",21,Continuous,24,Expossed to continuous variable frequencies,Ultrasound,Ultrasound,50,"20,000-45,000",Ambient sound,,"No noise, standars housing conditions",female,74,,none,,Anxiety,Open Field Test (OFT),They divided in two groups,Sections crossed,count,Count,Light phase,Fig. 3. b,abramova_2024_devneur_fig3c,Con_f_cs,PS_f_cs,Con_PS_f_cs,Independent,Yes,Negative,,50.7,14.38,37,2.36,,44.22,17.61,49,2.52,,results presented as Med (Q1; Q3),,,,,,,,yes,minor edites to extracted text needed,,,FALSE,FALSE,FALSE,FALSE,FALSE,FALSE,FALSE,abramova_2024_devneur_ex010,FALSE,FALSE,FALSE,FALSE,FALSE,FALSE,0.13621755120163062,0.005410774319964087
abramova_2024_devneur,ex011,con007,out020,es036,No,"one control, one treatment for females and males",Ultrasound-Induced Prenatal Stress: New Possibilities for Modeling Mental Disorders,10.1159/000534687,Developmental Neuroscience,,Rattus norvegicus,brown rat,Wistar rat,16,3 months,"early, mid, late","permanently during the
whole period of gestation (21 days)",21,Continuous,24,Expossed to continuous variable frequencies,Ultrasound,Ultrasound,50,"20,000-45,000",Ambient sound,,"No noise, standars housing conditions",male,74,,none,,Anxiety,Open Field Test (OFT),They divided in two groups,Sections crossed,count,Count,Light phase,Fig. 3. b,abramova_2024_devneur_fig3c,Con_m_cs,PS_m_cs,Con_PS_m_cs,Independent,Yes,Negative,,45.52,13.15,35,2.22,,32.55,13.67,44,2.06,,results presented as Med (Q1; Q3),,,,,,,,yes,minor edites to extracted text needed,,,FALSE,FALSE,FALSE,FALSE,FALSE,FALSE,FALSE,abramova_2024_devneur_ex011,FALSE,FALSE,FALSE,FALSE,FALSE,FALSE,0.33456236851789606,0.006392903549353243
abramova_2024_devneur,ex010,con006,out021,es037,No,"one control, one treatment for females and males",Ultrasound-Induced Prenatal Stress: New Possibilities for Modeling Mental Disorders,10.1159/000534687,Developmental Neuroscience,,Rattus norvegicus,brown rat,Wistar rat,16,3 months,"early, mid, late","permanently during the
whole period of gestation (21 days)",21,Continuous,24,Expossed to continuous variable frequencies,Ultrasound,Ultrasound,50,"20,000-45,000",Ambient sound,,"No noise, standars housing conditions",female,74,,none,,Anxiety,Open Field Test (OFT),They divided in two groups,Total freezing time,time,s,Light phase,Fig. 3. d,abramova_2024_devneur_fig3d,Con_f_fr,PS_f_fr,Con_PS_f_fr,Independent,No,Positive,,10.51,10.74,37,1.76,,31.13,30.81,49,4.4,,results presented as Med (Q1; Q3),,,,,,,,yes,minor edites to extracted text needed,,,FALSE,FALSE,FALSE,FALSE,FALSE,FALSE,FALSE,abramova_2024_devneur_ex010,FALSE,FALSE,FALSE,FALSE,FALSE,FALSE,1.0817287317559285,0.0482136344425505
abramova_2024_devneur,ex011,con007,out021,es038,No,"one control, one treatment for females and males",Ultrasound-Induced Prenatal Stress: New Possibilities for Modeling Mental Disorders,10.1159/000534687,Developmental Neuroscience,,Rattus norvegicus,brown rat,Wistar rat,16,3 months,"early, mid, late","permanently during the
whole period of gestation (21 days)",21,Continuous,24,Expossed to continuous variable frequencies,Ultrasound,Ultrasound,50,"20,000-45,000",Ambient sound,,"No noise, standars housing conditions",male,74,,none,,Anxiety,Open Field Test (OFT),They divided in two groups,Total freezing time,time,s,Light phase,Fig. 3. d,abramova_2024_devneur_fig3d,Con_m_fr,PS_m_fr,Con_PS_m_fr,Independent,No,Positive,,17.03,15.77,35,2.67,,51.69,49.02,44,7.39,,results presented as Med (Q1; Q3),,,,,,,,yes,minor edites to extracted text needed,,,FALSE,FALSE,FALSE,FALSE,FALSE,FALSE,FALSE,abramova_2024_devneur_ex011,FALSE,FALSE,FALSE,FALSE,FALSE,FALSE,1.108257845170479,0.04493999698885094
abramova_2024_devneur,ex010,con006,out022,es039,No,"one control, one treatment for females and males",Ultrasound-Induced Prenatal Stress: New Possibilities for Modeling Mental Disorders,10.1159/000534687,Developmental Neuroscience,,Rattus norvegicus,brown rat,Wistar rat,16,3 months,"early, mid, late","permanently during the
whole period of gestation (21 days)",21,Continuous,24,Expossed to continuous variable frequencies,Ultrasound,Ultrasound,50,"20,000-45,000",Ambient sound,,"No noise, standars housing conditions",female,74,,none,,Anxiety,Open Field Test (OFT),They divided in two groups,Total grooming time,time,s,Light phase,Fig. 3. e,abramova_2024_devneur_fig3e,Con_f_grd,PS_f_grd,Con_PS_f_grd,Independent,No,Positive,,25.07,13.32,37,2.19,,29.12,17.2,49,2.46,,results presented as Med (Q1; Q3),,,,,,,,yes,minor edites to extracted text needed,,,FALSE,FALSE,FALSE,FALSE,FALSE,FALSE,FALSE,abramova_2024_devneur_ex010,FALSE,FALSE,FALSE,FALSE,FALSE,FALSE,0.14949852801559432,0.014749503293872836
abramova_2024_devneur,ex011,con007,out022,es040,No,"one control, one treatment for females and males",Ultrasound-Induced Prenatal Stress: New Possibilities for Modeling Mental Disorders,10.1159/000534687,Developmental Neuroscience,,Rattus norvegicus,brown rat,Wistar rat,16,3 months,"early, mid, late","permanently during the
whole period of gestation (21 days)",21,Continuous,24,Expossed to continuous variable frequencies,Ultrasound,Ultrasound,50,"20,000-45,000",Ambient sound,,"No noise, standars housing conditions",male,74,,none,,Anxiety,Open Field Test (OFT),They divided in two groups,Total grooming time,time,s,Light phase,Fig. 3. e,abramova_2024_devneur_fig3e,Con_m_grd,PS_m_grd,Con_PS_m_grd,Independent,No,Positive,,17.34,8.33,35,1.41,,40.38,25.3,44,3.81,,results presented as Med (Q1; Q3),,,,,,,,yes,minor edites to extracted text needed,,,FALSE,FALSE,FALSE,FALSE,FALSE,FALSE,FALSE,abramova_2024_devneur_ex011,FALSE,FALSE,FALSE,FALSE,FALSE,FALSE,0.8464827660285075,0.015515484671008417
abramova_2024_devneur,ex010,con006,out023,es041,No,"one control, one treatment for females and males",Ultrasound-Induced Prenatal Stress: New Possibilities for Modeling Mental Disorders,10.1159/000534687,Developmental Neuroscience,,Rattus norvegicus,brown rat,Wistar rat,16,3 months,"early, mid, late","permanently during the
whole period of gestation (21 days)",21,Continuous,24,Expossed to continuous variable frequencies,Ultrasound,Ultrasound,50,"20,000-45,000",Ambient sound,,"No noise, standars housing conditions",female,74,,none,,Anxiety,Open Field Test (OFT),They divided in two groups,Grooming frequency,count,Count,Light phase,Fig. 3. f,abramova_2024_devneur_fig3f,Con_f_gf,PS_f_gf,Con_PS_f_gf,Independent,No,Positive,,3.62,2.13,37,0.35,,4.49,2.18,49,0.31,,results presented as Med (Q1; Q3),,,,,,,,yes,minor edites to extracted text needed,,,FALSE,FALSE,FALSE,FALSE,FALSE,FALSE,FALSE,abramova_2024_devneur_ex010,FALSE,FALSE,FALSE,FALSE,FALSE,FALSE,0.213105574268987,0.014167956669434361
abramova_2024_devneur,ex011,con007,out023,es042,No,"one control, one treatment for females and males",Ultrasound-Induced Prenatal Stress: New Possibilities for Modeling Mental Disorders,10.1159/000534687,Developmental Neuroscience,,Rattus norvegicus,brown rat,Wistar rat,16,3 months,"early, mid, late","permanently during the
whole period of gestation (21 days)",21,Continuous,24,Expossed to continuous variable frequencies,Ultrasound,Ultrasound,50,"20,000-45,000",Ambient sound,,"No noise, standars housing conditions",male,74,,none,,Anxiety,Open Field Test (OFT),They divided in two groups,Grooming frequency,count,Count,Light phase,Fig. 3. f,abramova_2024_devneur_fig3f,Con_m_gf,PS_m_gf,Con_PS_m_gf,Independent,No,Positive,,3.17,1.5,35,0.25,,4.46,2.78,44,0.42,,results presented as Med (Q1; Q3),,,,,,,,yes,minor edites to extracted text needed,,,FALSE,FALSE,FALSE,FALSE,FALSE,FALSE,FALSE,abramova_2024_devneur_ex011,FALSE,FALSE,FALSE,FALSE,FALSE,FALSE,0.3426335998208099,0.015227420729838015
abramova_2024_devneur,ex010,con006,out024,es043,No,"one control, one treatment for females and males",Ultrasound-Induced Prenatal Stress: New Possibilities for Modeling Mental Disorders,10.1159/000534687,Developmental Neuroscience,,Rattus norvegicus,brown rat,Wistar rat,16,3 months,"early, mid, late","permanently during the
whole period of gestation (21 days)",21,Continuous,24,Expossed to continuous variable frequencies,Ultrasound,Ultrasound,50,"20,000-45,000",Ambient sound,,"No noise, standars housing conditions",female,95,,none,,Depression,Forced Swimming Test (FST),,Total immobility time,time,s,Light phase,Fig.4. a,abramova_2024_devneur_fig4a,Con_f_ti,PS_f_ti,Con_PS_f_ti,Independent,No,Positive,,49.76,27.37,14,7.32,,86.12,19.43,13,5.39,,,,,,,,,,yes,minor edites to extracted text needed,,,FALSE,FALSE,FALSE,FALSE,FALSE,FALSE,FALSE,abramova_2024_devneur_ex010,FALSE,FALSE,FALSE,FALSE,FALSE,FALSE,0.5396828550287345,0.025525863903295136
abramova_2024_devneur,ex011,con007,out024,es044,No,"one control, one treatment for females and males",Ultrasound-Induced Prenatal Stress: New Possibilities for Modeling Mental Disorders,10.1159/000534687,Developmental Neuroscience,,Rattus norvegicus,brown rat,Wistar rat,16,3 months,"early, mid, late","permanently during the
whole period of gestation (21 days)",21,Continuous,24,Expossed to continuous variable frequencies,Ultrasound,Ultrasound,50,"20,000-45,000",Ambient sound,,"No noise, standars housing conditions",male,95,,none,,Depression,Forced Swimming Test (FST),,Total immobility time,time,s,Light phase,Fig.4. a,abramova_2024_devneur_fig4a,Con_m_ti,PS_m_ti,Con_PS_m_ti,Independent,No,Positive,,103.97,44.65,12,12.89,,128.29,46.06,14,12.31,,,,,,,,,,yes,minor edites to extracted text needed,,,FALSE,FALSE,FALSE,FALSE,FALSE,FALSE,FALSE,abramova_2024_devneur_ex011,FALSE,FALSE,FALSE,FALSE,FALSE,FALSE,0.2071101010231378,0.02457634021973905
abramova_2024_devneur,ex010,con006,out025,es045,No,"one control, one treatment for females and males",Ultrasound-Induced Prenatal Stress: New Possibilities for Modeling Mental Disorders,10.1159/000534687,Developmental Neuroscience,,Rattus norvegicus,brown rat,Wistar rat,16,3 months,"early, mid, late","permanently during the
whole period of gestation (21 days)",21,Continuous,24,Expossed to continuous variable frequencies,Ultrasound,Ultrasound,50,"20,000-45,000",Ambient sound,,"No noise, standars housing conditions",female,80,,none,,Depression,Sucrose Preference Test (SPT),,Sucrose preference index,index,%,Light phase,author's email,,Con_f_su,PS_f_su,Con_PS_f_su,Independent,Yes,Negative,,52.8,26.15587888028234,37,4.3,,59.8,37.800000000000004,49,5.4,,"They reported significance in the paper, the author send me the stats output",,,,,,,,yes,checks and minor edites to extracted text needed,,,FALSE,FALSE,TRUE,TRUE,FALSE,FALSE,FALSE,abramova_2024_devneur_ex010,FALSE,FALSE,TRUE,TRUE,FALSE,FALSE,-0.1252554184042724,0.014786646090235875
abramova_2024_devneur,ex011,con007,out025,es046,No,"one control, one treatment for females and males",Ultrasound-Induced Prenatal Stress: New Possibilities for Modeling Mental Disorders,10.1159/000534687,Developmental Neuroscience,,Rattus norvegicus,brown rat,Wistar rat,16,3 months,"early, mid, late","permanently during the
whole period of gestation (21 days)",21,Continuous,24,Expossed to continuous variable frequencies,Ultrasound,Ultrasound,50,"20,000-45,000",Ambient sound,,"No noise, standars housing conditions",male,80,,none,,Depression,Sucrose Preference Test (SPT),,Sucrose preference index,index,%,Light phase,author's email,,Con_m_su,PS_m_su,Con_PS_m_su,Independent,Yes,Negative,,54.8,30.763614872118005,35,5.2,,57.8,28.522973197056437,44,4.3,,"They reported significance in the paper, the author send me the stats output",,,,,,,,yes,checks and minor edites to extracted text needed,,,FALSE,FALSE,TRUE,TRUE,FALSE,FALSE,FALSE,abramova_2024_devneur_ex011,FALSE,FALSE,TRUE,TRUE,FALSE,FALSE,-0.05156374530250108,0.014538745292566883
oliveira_2015_jbehavbraisci,ex012,con008,out026,es047,Yes,"They used the elevated T Maze, where they measured anxiety in 3 days trials, and fear from anxiety in one trial",Intrauterine Exposure to Chronic 22 kHz Sound Affects Inhibitory Avoidance and Serotonergic Parameters in Forebrain Areas of Dams and Rat Offspring,10.4236/jbbs.2015.52003,Journal of Behavioral and Brain Science,,Rattus norvegicus,brown rat,Wistar rat,16,3 months,"early, mid, late",,19,Intermitent,1,h,Ultrasound,Ultrasound,65,"22,000",Silence,,Control placed in an acoustical isolation box for the same period of time,male,60,,none,,Anxiety,Elevated T Maze (ETM),Multiple time points,Avoidance latency,latency,s,Light phase,Figure 2. b,oliveira_2015_jbehavbraisci_fig2b,C_BL,IE_BL,C_IE_BL,Dependent,No,Positive,,9.33,25.13,12,7.25,,6.22,14.36,12,4.15,,,,,,,,,,yes,,,,FALSE,FALSE,FALSE,FALSE,FALSE,FALSE,FALSE,oliveira_2015_jbehavbraisci_ex012,FALSE,FALSE,FALSE,FALSE,FALSE,FALSE,-0.4856620338208002,0.5305335085605141
oliveira_2015_jbehavbraisci,ex012,con008,out026,es048,Yes,"They used the elevated T Maze, where they measured anxiety in 3 days trials, and fear from anxiety in one trial",Intrauterine Exposure to Chronic 22 kHz Sound Affects Inhibitory Avoidance and Serotonergic Parameters in Forebrain Areas of Dams and Rat Offspring,10.4236/jbbs.2015.52003,Journal of Behavioral and Brain Science,,Rattus norvegicus,brown rat,Wistar rat,16,3 months,"early, mid, late",,19,Intermitent,1,h,Ultrasound,Ultrasound,65,"22,000",Silence,,Control placed in an acoustical isolation box for the same period of time,male,60,,none,,Anxiety,Elevated T Maze (ETM),Multiple time points,Avoidance latency,latency,s,Light phase,Figure 2. b,oliveira_2015_jbehavbraisci_fig2b,C_A1,IE_A1,C_IE_A1,Dependent,No,Positive,,56.48,118.46,12,34.2,,86.53,131.03,12,37.82,,,,,,,,,,yes,,,,FALSE,FALSE,FALSE,FALSE,FALSE,FALSE,FALSE,oliveira_2015_jbehavbraisci_ex012,FALSE,FALSE,FALSE,FALSE,FALSE,FALSE,0.33885541575137973,0.2930015129759355
oliveira_2015_jbehavbraisci,ex012,con008,out026,es049,Yes,"They used the elevated T Maze, where they measured anxiety in 3 days trials, and fear from anxiety in one trial",Intrauterine Exposure to Chronic 22 kHz Sound Affects Inhibitory Avoidance and Serotonergic Parameters in Forebrain Areas of Dams and Rat Offspring,10.4236/jbbs.2015.52003,Journal of Behavioral and Brain Science,,Rattus norvegicus,brown rat,Wistar rat,16,3 months,"early, mid, late",,19,Intermitent,1,h,Ultrasound,Ultrasound,65,"22,000",Silence,,Control placed in an acoustical isolation box for the same period of time,male,60,,none,,Anxiety,Elevated T Maze (ETM),Multiple time points,Avoidance latency,latency,s,Light phase,Figure 2. b,oliveira_2015_jbehavbraisci_fig2b,C_A2,IE_A2,C_IE_A2,Dependent,No,Positive,,103.11,129.23,12,37.31,,136.27,147.18,12,42.49,,,,,,,,,,yes,,,,FALSE,FALSE,FALSE,FALSE,FALSE,FALSE,FALSE,oliveira_2015_jbehavbraisci_ex012,FALSE,FALSE,FALSE,FALSE,FALSE,FALSE,0.26199674387254157,0.11530697787613985
oliveira_2015_jbehavbraisci,ex012,con008,out027,es050,Yes,"They used the elevated T Maze, where they measured anxiety in 3 days trials, and fear from anxiety in one trial",Intrauterine Exposure to Chronic 22 kHz Sound Affects Inhibitory Avoidance and Serotonergic Parameters in Forebrain Areas of Dams and Rat Offspring,10.4236/jbbs.2015.52003,Journal of Behavioral and Brain Science,,Rattus norvegicus,brown rat,Wistar rat,16,3 months,"early, mid, late",,19,Intermitent,1,h,Ultrasound,Ultrasound,65,"22,000",Silence,,Control placed in an acoustical isolation box for the same period of time,male,60,,none,,Anxiety,Elevated T Maze (ETM),Multiple time points: escape latency (time in open arms),Escape latency,latency,s,Light phase,Figure 3. b,oliveira_2015_jbehavbraisci_fig3b,C_F1,IE_F1,C_IE_F1,Dependent,Yes,Negative,,5.34,3.86,12,1.11,,6.54,8.21,12,2.37,,,,,,,,,,yes,,,,FALSE,FALSE,FALSE,FALSE,FALSE,FALSE,FALSE,oliveira_2015_jbehavbraisci_ex012,FALSE,FALSE,FALSE,FALSE,FALSE,FALSE,-0.24660321527852405,0.09924902727777907
oliveira_2015_jbehavbraisci,ex012,con008,out027,es051,Yes,"They used the elevated T Maze, where they measured anxiety in 3 days trials, and fear from anxiety in one trial",Intrauterine Exposure to Chronic 22 kHz Sound Affects Inhibitory Avoidance and Serotonergic Parameters in Forebrain Areas of Dams and Rat Offspring,10.4236/jbbs.2015.52003,Journal of Behavioral and Brain Science,,Rattus norvegicus,brown rat,Wistar rat,16,3 months,"early, mid, late",,19,Intermitent,1,h,Ultrasound,Ultrasound,65,"22,000",Silence,,Control placed in an acoustical isolation box for the same period of time,male,60,,none,,Anxiety,Elevated T Maze (ETM),Multiple time points: escape latency (time in open arms),Escape latency,latency,s,Light phase,Figure 3. b,oliveira_2015_jbehavbraisci_fig3b,C_F2,IE_F2,C_IE_F2,Dependent,Yes,Negative,,6.8,8.02,12,2.31,,6.6,4.06,12,1.17,,,,,,,,,,yes,,,,FALSE,FALSE,FALSE,FALSE,FALSE,FALSE,FALSE,oliveira_2015_jbehavbraisci_ex012,FALSE,FALSE,FALSE,FALSE,FALSE,FALSE,0.07204465998857446,0.08699221360612523
oliveira_2015_jbehavbraisci,ex012,con008,out027,es052,Yes,"They used the elevated T Maze, where they measured anxiety in 3 days trials, and fear from anxiety in one trial",Intrauterine Exposure to Chronic 22 kHz Sound Affects Inhibitory Avoidance and Serotonergic Parameters in Forebrain Areas of Dams and Rat Offspring,10.4236/jbbs.2015.52003,Journal of Behavioral and Brain Science,,Rattus norvegicus,brown rat,Wistar rat,16,3 months,"early, mid, late",,19,Intermitent,1,h,Ultrasound,Ultrasound,65,"22,000",Silence,,Control placed in an acoustical isolation box for the same period of time,male,60,,none,,Anxiety,Elevated T Maze (ETM),Multiple time points: escape latency (time in open arms),Escape latency,latency,s,Light phase,Figure 3. b,oliveira_2015_jbehavbraisci_fig3b,C_F3,IE_F3,C_IE_F3,Dependent,Yes,Negative,,6.46,7.72,12,2.23,,13.2,15.44,12,4.46,,,,,,,,,,yes,,,,FALSE,FALSE,FALSE,FALSE,FALSE,FALSE,FALSE,oliveira_2015_jbehavbraisci_ex012,FALSE,FALSE,FALSE,FALSE,FALSE,FALSE,-0.7120898037998797,0.11654039955886651
pavlov_2023_molsci,ex013,con009,out028,es053,Yes,One control and one treatment,"Maternal Chronic Ultrasound Stress Provokes Immune
Activation and Behavioral Deficits in the Offspring: A Mouse
Model of Neurodevelopmental Pathology",10.3390/ijms241411712,International Journal of Molecular Sciences,,Mus musculus,albino house mouse,BALB/c mice,16,3 months,"early, mid, late",,21,Continuous,24,Varying frequencies. Mice in an accustically isolated room,Ultrasound,Ultrasound,50,"20,000-45,000",Unclear,,,female,60,2 months,none,,Depression,Sucrose Preference Test (SPT),,Sucrose preference index,index,%,Dark phase,Figure 4A,pavlov_2023_molsci_Fig4A,NonSt_su,US_su,NonSt_US_su,Independent,Yes,Negative,higher anhedonia is better,71.6,9.72,10,3.07,,40.48,13.49,14,3.61,,,Visual estimations: you can't see the median in the violin plot,,,,,,,yes,,,,FALSE,FALSE,FALSE,FALSE,FALSE,FALSE,FALSE,pavlov_2023_molsci_ex013,FALSE,FALSE,FALSE,FALSE,FALSE,FALSE,0.5672422153811231,0.009775507230011261
pavlov_2023_molsci,ex013,con009,out029,es054,Yes,One control and one treatment,"Maternal Chronic Ultrasound Stress Provokes Immune
Activation and Behavioral Deficits in the Offspring: A Mouse
Model of Neurodevelopmental Pathology",10.3390/ijms241411712,International Journal of Molecular Sciences,,Mus musculus,albino house mouse,BALB/c mice,16,3 months,"early, mid, late",,21,Continuous,24,Varying frequencies. Mice in an accustically isolated room,Ultrasound,Ultrasound,50,"20,000-45,000",Unclear,,,female,60,2 months,none,,Anxiety,Open Field Test (OFT),,Sections crossed,count,Count,Dark phase,Figure 4C,pavlov_2023_molsci_Fig4C,NonSt_sq,US_sq,NonSt_US_sq,Independent,Yes,Negative,,10.55,6.17,10,1.95,,6.4,3.17,14,0.85,,,,,,,,,,yes,,,,FALSE,FALSE,FALSE,FALSE,FALSE,FALSE,FALSE,pavlov_2023_molsci_ex013,FALSE,FALSE,FALSE,FALSE,FALSE,FALSE,0.5081674716887264,0.051726986072589985
pavlov_2023_molsci,ex013,con009,out030,es055,Yes,One control and one treatment,"Maternal Chronic Ultrasound Stress Provokes Immune
Activation and Behavioral Deficits in the Offspring: A Mouse
Model of Neurodevelopmental Pathology",10.3390/ijms241411712,International Journal of Molecular Sciences,,Mus musculus,albino house mouse,BALB/c mice,16,3 months,"early, mid, late",,21,Continuous,24,Varying frequencies. Mice in an accustically isolated room,Ultrasound,Ultrasound,50,"20,000-45,000",Unclear,,,female,60,2 months,none,,Anxiety,Open Field Test (OFT),,Time in central square,time,s,Dark phase,Figure 4D,pavlov_2023_molsci_Fig4D,NonSt_csq,US_csq,NonSt_US_csq,Independent,Yes,Negative,,71.66,17.5,10,5.53,,25.99,11.15,14,2.98,,,,,,,,,,yes,,,,FALSE,FALSE,FALSE,FALSE,FALSE,FALSE,FALSE,pavlov_2023_molsci_ex013,FALSE,FALSE,FALSE,FALSE,FALSE,FALSE,1.010629524455695,0.01911026157981374
pavlov_2023_molsci,ex013,con009,out031,es056,Yes,One control and one treatment,"Maternal Chronic Ultrasound Stress Provokes Immune
Activation and Behavioral Deficits in the Offspring: A Mouse
Model of Neurodevelopmental Pathology",10.3390/ijms241411712,International Journal of Molecular Sciences,,Mus musculus,albino house mouse,BALB/c mice,16,3 months,"early, mid, late",,21,Continuous,24,Varying frequencies. Mice in an accustically isolated room,Ultrasound,Ultrasound,50,"20,000-45,000",Unclear,,,female,60,2 months,none,,Anxiety,Elevated Plus Maze (EPM),,Time in open arms (OAT),time,s,Dark phase,Figure 4E,pavlov_2023_molsci_Fig4E,NonSt_oat,US_oat,NonSt_US_oat,Independent,Yes,Negative,,69.17,20.84,10,6.59,,25.42,9.56,14,2.55,,,,,,,,,,yes,,,,FALSE,FALSE,FALSE,FALSE,FALSE,FALSE,FALSE,pavlov_2023_molsci_ex013,FALSE,FALSE,FALSE,FALSE,FALSE,FALSE,1.0005183194875096,0.01918004803648296
pavlov_2023_molsci,ex013,con009,out032,es057,Yes,One control and one treatment,"Maternal Chronic Ultrasound Stress Provokes Immune
Activation and Behavioral Deficits in the Offspring: A Mouse
Model of Neurodevelopmental Pathology",10.3390/ijms241411712,International Journal of Molecular Sciences,,Mus musculus,albino house mouse,BALB/c mice,16,3 months,"early, mid, late",,21,Continuous,24,Varying frequencies. Mice in an accustically isolated room,Ultrasound,Ultrasound,50,"20,000-45,000",Unclear,,,female,60,2 months,none,,Anxiety,Elevated Plus Maze (EPM),,Entries into open arms (OAE),count,Count,Dark phase,Figure 4F,pavlov_2023_molsci_Fig4F,NonSt_oae,US_oae,NonSt_US_oae,Independent,Yes,Negative,,13.27,5.44,10,1.72,,8.68,4.23,14,1.13,,,,,,,,,,yes,,,,FALSE,FALSE,FALSE,FALSE,FALSE,FALSE,FALSE,pavlov_2023_molsci_ex013,FALSE,FALSE,FALSE,FALSE,FALSE,FALSE,0.42440545028494975,0.03376908823764939
nishio_2006_intjdevlneur,ex014,con010,out033,es058,Yes,"one female, one male and one control group per sex",Effects of perinatal stress on the anxiety-related behavior of  the adolescence mouse,10.1016/j.ijdevneu.2006.02.003,International Journal of Developemental Neuroscience,,Mus musculus,albino house mouse,ddY mice,,not reported,"mid, late",day 10 to 18,9,Intermitent,0.25,15 min,Other/Unclear,Unclear,90,,Unclear,,No information,male,35,5 weeks,none,,Anxiety,Elevated Plus Maze (EPM),"To balance for potential locomotion biases, the number of entries and time on the open-arms
was expressed as a percentage of the total number of entries to all arms, or of the
time spent in all arms, respectively ((open/[close + open]) 100). The absolute
number of closed-arm entries was measured to dissociate the effect of the
treatment on anxiety and general motor activity.",Time in open arms (OAT),percentage,%,Not reported,Fig. 2a,nishio_2006_intjdevlneur_fig2a,pre_n_m_oat,pre_so_m_oat,pre_n_m_oat,Independent,Yes,Negative,,27.16,13.81,5,6.17,,24.15,7.94,5,3.55,,,,,,,,,,yes,,,,FALSE,FALSE,FALSE,FALSE,FALSE,FALSE,FALSE,nishio_2006_intjdevlneur_ex014,FALSE,FALSE,FALSE,FALSE,FALSE,FALSE,0.06494991038275061,0.022559426337194283
nishio_2006_intjdevlneur,ex015,con011,out033,es059,Yes,"one female, one male and one control group per sex",Effects of perinatal stress on the anxiety-related behavior of  the adolescence mouse,10.1016/j.ijdevneu.2006.02.003,International Journal of Developemental Neuroscience,,Mus musculus,albino house mouse,ddY mice,,not reported,"mid, late",day 10 to 18,9,Intermitent,0.25,15 min,Other/Unclear,Unclear,90,,Unclear,,No information,female,35,5 weeks,none,,Anxiety,Elevated Plus Maze (EPM),"To balance for potential locomotion biases, the number of entries and time on the open-arms
was expressed as a percentage of the total number of entries to all arms, or of the
time spent in all arms, respectively ((open/[close + open]) 100). The absolute
number of closed-arm entries was measured to dissociate the effect of the
treatment on anxiety and general motor activity.",Time in open arms (OAT),percentage,%,Not reported,Fig. 2a,nishio_2006_intjdevlneur_fig2a,pre_n_f_oat,pre_so_f_oat,pre_n_f_oat,Independent,Yes,Negative,,18.69,6.84,5,3.06,,29.23,13.81,5,6.17,,,,,,,,,,yes,,,,FALSE,FALSE,FALSE,FALSE,FALSE,FALSE,FALSE,nishio_2006_intjdevlneur_ex015,FALSE,FALSE,FALSE,FALSE,FALSE,FALSE,-0.24505130664630775,0.02183015835508744
nishio_2006_intjdevlneur,ex014,con010,out034,es060,Yes,"one female, one male and one control group per sex",Effects of perinatal stress on the anxiety-related behavior of  the adolescence mouse,10.1016/j.ijdevneu.2006.02.003,International Journal of Developemental Neuroscience,,Mus musculus,albino house mouse,ddY mice,,not reported,"mid, late",day 10 to 18,9,Intermitent,0.25,15 min,Other/Unclear,Unclear,90,,Unclear,,No information,male,35,5 weeks,none,,Anxiety,Elevated Plus Maze (EPM),,Entries into open arms (OAE),percentage,%,Not reported,Fig. 2b,nishio_2006_intjdevlneur_fig2b,pre_n_m_oae,pre_so_m_oae,pre_n_m_oae,Independent,Yes,Negative,,39.61,9.64,5,4.31,,46.66,7.78,5,3.48,,,,,,,,,,yes,,,,FALSE,FALSE,FALSE,FALSE,FALSE,FALSE,FALSE,nishio_2006_intjdevlneur_ex014,FALSE,FALSE,FALSE,FALSE,FALSE,FALSE,-0.09952695067893032,0.006342206163476739
nishio_2006_intjdevlneur,ex015,con011,out034,es061,Yes,"one female, one male and one control group per sex",Effects of perinatal stress on the anxiety-related behavior of  the adolescence mouse,10.1016/j.ijdevneu.2006.02.003,International Journal of Developemental Neuroscience,,Mus musculus,albino house mouse,ddY mice,,not reported,"mid, late",day 10 to 18,9,Intermitent,0.25,15 min,Other/Unclear,Unclear,90,,Unclear,,No information,female,35,5 weeks,none,,Anxiety,Elevated Plus Maze (EPM),,Entries into open arms (OAE),percentage,%,Not reported,Fig. 2b,nishio_2006_intjdevlneur_fig2b,pre_n_f_oae,pre_so_f_oae,pre_n_f_oae,Independent,Yes,Negative,,33.07,7.6,5,3.4,,42.1,14.82,5,6.63,,,,,,,,,,yes,,,,FALSE,FALSE,FALSE,FALSE,FALSE,FALSE,FALSE,nishio_2006_intjdevlneur_ex015,FALSE,FALSE,FALSE,FALSE,FALSE,FALSE,-0.14185924964074667,0.012512733314762284
nishio_2006_intjdevlneur,ex014,con010,out035,es062,Yes,"one female, one male and one control group per sex",Effects of perinatal stress on the anxiety-related behavior of  the adolescence mouse,10.1016/j.ijdevneu.2006.02.003,International Journal of Developemental Neuroscience,,Mus musculus,albino house mouse,ddY mice,,not reported,"mid, late",day 10 to 18,9,Intermitent,0.25,15 min,Other/Unclear,Unclear,90,,Unclear,,No information,male,35,5 weeks,none,,Anxiety,Elevated Plus Maze (EPM),,Entries to closed arms,count,Count,Not reported,Fig. 2c,nishio_2006_intjdevlneur_fig2c,pre_n_m_cae,pre_so_m_cae,pre_n_m_cae,Independent,Yes,Negative,,3.97,1.71,5,0.76,,3.58,1.18,5,0.53,,,,,,,,,,yes,,,,FALSE,FALSE,FALSE,FALSE,FALSE,FALSE,FALSE,nishio_2006_intjdevlneur_ex014,FALSE,FALSE,FALSE,FALSE,FALSE,FALSE,0.11109196356803729,0.05883415951125435
nishio_2006_intjdevlneur,ex015,con011,out035,es063,Yes,"one female, one male and one control group per sex",Effects of perinatal stress on the anxiety-related behavior of  the adolescence mouse,10.1016/j.ijdevneu.2006.02.003,International Journal of Developemental Neuroscience,,Mus musculus,albino house mouse,ddY mice,,not reported,"mid, late",day 10 to 18,9,Intermitent,0.25,15 min,Other/Unclear,Unclear,90,,Unclear,,No information,female,35,5 weeks,none,,Anxiety,Elevated Plus Maze (EPM),,Entries to closed arms,count,Count,Not reported,Fig. 2c,nishio_2006_intjdevlneur_fig2c,pre_n_f_cae,pre_so_f_cae,pre_n_f_cae,Independent,Yes,Negative,,6.68,2.41,5,1.08,,4.55,1.15,5,0.51,,,,,,,,,,yes,,,,FALSE,FALSE,FALSE,FALSE,FALSE,FALSE,FALSE,nishio_2006_intjdevlneur_ex015,FALSE,FALSE,FALSE,FALSE,FALSE,FALSE,0.3906187457101268,0.03880845175737624
uygur_2011_ankarauniv,ex016,con012,out036,es064,Yes,One treatmentent group and one control,Investigation of the long term effects of chronic white noise stress on learning in radial arm maze and behaviors in forced swim test,10.1501/Vetfak_0000002481,Ankara Üniv Vet Fak Derg,,Rattus norvegicus,albino rat,Sprague-Dawley,,205±3 g body weight,"mid, late",day 14 to 21,9,Intermitent,0.75,45 min,White noise,Audible,100,,Unclear,,PC group remained undisturbed,male,70,,none,,Depression,Forced Swimming Test (FST),"Placed individually into cylinder, swam 15 min first day, 5 mins second day",Total immobility time,time,s,Light phase,In paper: Table 2.,uygur_2011_ankarauniv.pdf,CON_in,PSN_in,CON_PSN_in1,Independent,No,Positive,,45.87,24.869999999999997,9,8.29,,26.79,24.855502408923464,10,7.86,,,1st day,,,,,,,yes,,,,FALSE,FALSE,TRUE,TRUE,FALSE,FALSE,FALSE,uygur_2011_ankarauniv_ex016,FALSE,FALSE,TRUE,TRUE,FALSE,FALSE,-0.5110742132257738,0.11874214826813656
uygur_2011_ankarauniv,ex016,con012,out036,es065,Yes,One treatmentent group and one control,Investigation of the long term effects of chronic white noise stress on learning in radial arm maze and behaviors in forced swim test,10.1501/Vetfak_0000002481,Ankara Üniv Vet Fak Derg,,Rattus norvegicus,albino rat,Sprague-Dawley,,205±3 g body weight,"mid, late",day 14 to 21,9,Intermitent,0.75,45 min,White noise,Audible,100,,Unclear,,PC group remained undisturbed,male,70,,none,,Depression,Forced Swimming Test (FST),"Placed individually into cylinder, swam 15 min first day, 5 mins second day",Total immobility time,time,s,Light phase,In paper: Table 2.,uygur_2011_ankarauniv.pdf,CON_in,PSN_in,CON_PSN_in2,Independent,No,Positive,,79.05,40.56,9,13.52,,48.87,40.57202237996031,10,12.83,,,2nd day,,,,,,,yes,,,,FALSE,FALSE,TRUE,TRUE,FALSE,FALSE,FALSE,uygur_2011_ankarauniv_ex016,FALSE,FALSE,TRUE,TRUE,FALSE,FALSE,-0.46108079859669204,0.09817530871557525
uygur_2011_ankarauniv,ex016,con012,out037,es066,Yes,One treatmentent group and one control,Investigation of the long term effects of chronic white noise stress on learning in radial arm maze and behaviors in forced swim test,10.1501/Vetfak_0000002481,Ankara Üniv Vet Fak Derg,,Rattus norvegicus,albino rat,Sprague-Dawley,,205±3 g body weight,"mid, late",day 14 to 21,9,Intermitent,0.75,45 min,White noise,Audible,100,,Unclear,,PC group remained undisturbed,male,70,,none,,Depression,Forced Swimming Test (FST),"Placed individually into cylinder, swam 15 min first day, 5 mins second day",Total swimming time,time,s,Light phase,In paper: Table 2.,uygur_2011_ankarauniv.pdf,CON_sw,PSN_sw,CON_PSN_sw1,Independent,Yes,Negative,,20.09,18.84,9,6.28,,39.08,18.84717485460354,10,5.96,,,1st day,,,,,,,yes,,,,FALSE,FALSE,TRUE,TRUE,FALSE,FALSE,FALSE,uygur_2011_ankarauniv_ex016,FALSE,FALSE,TRUE,TRUE,FALSE,FALSE,-0.6281606490678288,0.12097318137982901
uygur_2011_ankarauniv,ex016,con012,out037,es067,Yes,One treatmentent group and one control,Investigation of the long term effects of chronic white noise stress on learning in radial arm maze and behaviors in forced swim test,10.1501/Vetfak_0000002481,Ankara Üniv Vet Fak Derg,,Rattus norvegicus,albino rat,Sprague-Dawley,,205±3 g body weight,"mid, late",day 14 to 21,9,Intermitent,0.75,45 min,White noise,Audible,100,,Unclear,,PC group remained undisturbed,male,70,,none,,Depression,Forced Swimming Test (FST),"Placed individually into cylinder, swam 15 min first day, 5 mins second day",Total swimming time,time,s,Light phase,In paper: Table 2.,uygur_2011_ankarauniv.pdf,CON_sw,PSN_sw,CON_PSN_sw2,Independent,Yes,Negative,,31.89,39.45,9,13.15,,33.44,39.46522519890138,10,12.48,,,2nd day,,,,,,,yes,,,,FALSE,FALSE,TRUE,TRUE,FALSE,FALSE,FALSE,uygur_2011_ankarauniv_ex016,FALSE,FALSE,TRUE,TRUE,FALSE,FALSE,-0.0320832592576523,0.30931914704017577
uygur_2011_ankarauniv,ex016,con012,out038,es068,Yes,One treatmentent group and one control,Investigation of the long term effects of chronic white noise stress on learning in radial arm maze and behaviors in forced swim test,10.1501/Vetfak_0000002481,Ankara Üniv Vet Fak Derg,,Rattus norvegicus,albino rat,Sprague-Dawley,,205±3 g body weight,"mid, late",day 14 to 21,9,Intermitent,0.75,45 min,White noise,Audible,100,,Unclear,,PC group remained undisturbed,male,70,,none,,Depression,Forced Swimming Test (FST),"Placed individually into cylinder, swam 15 min first day, 5 mins second day",Total diving time,count,Count,Light phase,In paper: Table 2.,uygur_2011_ankarauniv.pdf,CON_di,PSN_di,CON_PSN_di1,Independent,Yes,Negative,,5.44,4.47,9,1.49,,6.2,4.490434277439099,10,1.42,,,1st day,,,,,,,yes,,,,FALSE,FALSE,TRUE,TRUE,FALSE,FALSE,FALSE,uygur_2011_ankarauniv_ex016,FALSE,FALSE,TRUE,TRUE,FALSE,FALSE,-0.11948831938417015,0.12747537406631104
uygur_2011_ankarauniv,ex016,con012,out038,es069,Yes,One treatmentent group and one control,Investigation of the long term effects of chronic white noise stress on learning in radial arm maze and behaviors in forced swim test,10.1501/Vetfak_0000002481,Ankara Üniv Vet Fak Derg,,Rattus norvegicus,albino rat,Sprague-Dawley,,205±3 g body weight,"mid, late",day 14 to 21,9,Intermitent,0.75,45 min,White noise,Audible,100,,Unclear,,PC group remained undisturbed,male,70,,none,,Depression,Forced Swimming Test (FST),"Placed individually into cylinder, swam 15 min first day, 5 mins second day",Total diving time,count,Count,Light phase,In paper: Table 2.,uygur_2011_ankarauniv.pdf,CON_di,PSN_di,CON_PSN_di2,Independent,Yes,Negative,,2.56,2.8499999999999996,9,0.95,,1.7,2.8460498941515415,10,0.9,,,2nd day,,,,,,,yes,,,,FALSE,FALSE,TRUE,TRUE,FALSE,FALSE,FALSE,uygur_2011_ankarauniv_ex016,FALSE,FALSE,TRUE,TRUE,FALSE,FALSE,0.33809588476933367,0.4179873878980591
uygur_2011_ankarauniv,ex016,con012,out039,es070,Yes,One treatmentent group and one control,Investigation of the long term effects of chronic white noise stress on learning in radial arm maze and behaviors in forced swim test,10.1501/Vetfak_0000002481,Ankara Üniv Vet Fak Derg,,Rattus norvegicus,albino rat,Sprague-Dawley,,205±3 g body weight,"mid, late",day 14 to 21,9,Intermitent,0.75,45 min,White noise,Audible,100,,Unclear,,PC group remained undisturbed,male,70,,none,,Depression,Forced Swimming Test (FST),"Placed individually into cylinder, swam 15 min first day, 5 mins second day",Total jumping time,count,Count,Light phase,In paper: Table 2.,uygur_2011_ankarauniv.pdf,CON_ju,PSN_ju,CON_PSN_ju1,Independent,Yes,Negative,,26.78,14.669999999999998,9,4.89,,23,14.67296834318128,10,4.64,,,1st day,,,,,,,yes,,,,FALSE,FALSE,TRUE,TRUE,FALSE,FALSE,FALSE,uygur_2011_ankarauniv_ex016,FALSE,FALSE,TRUE,TRUE,FALSE,FALSE,0.14848297504153632,0.07404105491248347
uygur_2011_ankarauniv,ex016,con012,out039,es071,Yes,One treatmentent group and one control,Investigation of the long term effects of chronic white noise stress on learning in radial arm maze and behaviors in forced swim test,10.1501/Vetfak_0000002481,Ankara Üniv Vet Fak Derg,,Rattus norvegicus,albino rat,Sprague-Dawley,,205±3 g body weight,"mid, late",day 14 to 21,9,Intermitent,0.75,45 min,White noise,Audible,100,,Unclear,,PC group remained undisturbed,male,70,,none,,Depression,Forced Swimming Test (FST),"Placed individually into cylinder, swam 15 min first day, 5 mins second day",Total jumping time,count,Count,Light phase,In paper: Table 2.,uygur_2011_ankarauniv.pdf,CON_ju,PSN_ju,CON_PSN_ju2,Independent,Yes,Negative,,16,11.790000000000001,9,3.93,,18.4,11.795295672428056,10,3.73,,,2nd day,,,,,,,yes,,,,FALSE,FALSE,TRUE,TRUE,FALSE,FALSE,FALSE,uygur_2011_ankarauniv_ex016,FALSE,FALSE,TRUE,TRUE,FALSE,FALSE,-0.13014329243127867,0.1014259813622401
morra_1965_physiolrec,ex017,con013,out040,es072,Yes,One control and one treatment,PRENATAL SOUND STIMULATION ON POSTNATAL RAT OFFSPRING OPEN FIELD BEHAVIORS,10.1007/BF03393632,The psychological Record,,Rattus norvegicus,albino rat,Wistar rat,18,120-140 days,"mid, late",day 12-20,9,Intermitent,0.005,"There was a noise of 3.25 sec. duration produced bya door buzzer. for eight consecutive days. Each animal received three trials, twice daily, with an interblock interval of approximately one hour.",Door bell,Audible,85,,Unclear,,"Same manipulation with no door bell, but they don't mention anything about noise conditions",mixed,25,,none,,Axiety,Open Field Test (OFT),,Sections crossed,count,Count,Not reported,Table 2 and text,,GIII_csq,GII_csq,GIII_GII_csq,Independent,Yes,Negative,,19.5,8.4,63,1.0583005244258363,,14.2,8.3,35,1.4029560628493376,,,No SE or CI,,,,,,,yes,,,,FALSE,FALSE,FALSE,FALSE,TRUE,TRUE,FALSE,morra_1965_physiolrec_ex017,FALSE,FALSE,FALSE,FALSE,TRUE,TRUE,0.313764523675013,0.01270681585042289
morra_1965_physiolrec,ex017,con013,out041,es073,Yes,One control and one treatment,PRENATAL SOUND STIMULATION ON POSTNATAL RAT OFFSPRING OPEN FIELD BEHAVIORS,10.1007/BF03393632,The psychological Record,,Rattus norvegicus,albino rat,Wistar rat,18,120-140 days,"mid, late",day 12-20,9,Intermitent,0.005,"There was a noise of 3.25 sec. duration produced bya door buzzer. for eight consecutive days. Each animal received three trials, twice daily, with an interblock interval of approximately one hour.",Door bell,Audible,85,,Unclear,,"Same manipulation with no door bell, but they don't mention anything about noise conditions",mixed,25,,none,,Axiety,Open Field Test (OFT),,Initial latency to move,latency,s,Not reported,Table 2 and text,,GIII_il,GII_il,GIII_GII_il,Independent,No,Positive,,13.1,7.9,63,0.995306445590965,,18.8,8.2,35,1.386052977754767,,,No SE or CI,,,,,,,yes,,,,FALSE,FALSE,FALSE,FALSE,TRUE,TRUE,FALSE,morra_1965_physiolrec_ex017,FALSE,FALSE,FALSE,FALSE,TRUE,TRUE,0.36107612036295916,0.011208150217637207
abramova_2021_front,ex018,con014,out042,es074,Yes,"One control female, one male and one experimental female and one male",The Behavior and Postnatal Development in Infant and Juvenile Rats After Ultrasound-Induced Chronic Prenatal Stress,10.3389/fphys.2021.659366,Frontiers in Physiology,,Rattus norvegicus,albino rat,Wistar rat,,not reported,"early, mid, late",3 weeks,21,Continuous,24,Expossed to continuous variable frequencies,Ultrasound,Ultrasound,50,"20,000-45,000",Ambient sound,,"""normal conditions without ultrasound""",female,20,,none,,Axiety,Open Field Test (OFT),Square arena on PND20,Sections crossed,count,Count,Light phase,Figure 2a,OF-pups-abramova2015,C_f_sq,PS_f_sq,C_PS_f_sq,Independent,Yes,Negative,,29,15.7903,25,3.1581,,24.8421,12.6985,19,2.9132,,Extracted all from raw data,,,,,,,,yes,,,,FALSE,FALSE,FALSE,FALSE,FALSE,FALSE,FALSE,abramova_2021_front_ex018,FALSE,FALSE,FALSE,FALSE,FALSE,FALSE,0.1538093513627181,0.025611187314359393
abramova_2021_front,ex019,con015,out042,es075,Yes,"One control female, one male and one experimental female and one male",The Behavior and Postnatal Development in Infant and Juvenile Rats After Ultrasound-Induced Chronic Prenatal Stress,10.3389/fphys.2021.659366,Frontiers in Physiology,,Rattus norvegicus,albino rat,Wistar rat,,not reported,"early, mid, late",3 weeks,21,Continuous,24,Expossed to continuous variable frequencies,Ultrasound,Ultrasound,50,"20,000-45,000",Ambient sound,,"""normal conditions without ultrasound""",male,20,,none,,Axiety,Open Field Test (OFT),,Sections crossed,count,Count,Light phase,Figure 2a,OF-pups-abramova2016,C_m_sq,PS_m_sq,C_PS_m_sq,Independent,Yes,Negative,,33.7391,16.896,23,3.5231,,22.1667,14.5733,18,3.435,,Extracted all from raw data,,,,,,,,yes,,,,FALSE,FALSE,FALSE,FALSE,FALSE,FALSE,FALSE,abramova_2021_front_ex019,FALSE,FALSE,FALSE,FALSE,FALSE,FALSE,0.4135117217882007,0.034916389345118065
abramova_2021_front,ex018,con014,out043,es076,Yes,"One control female, one male and one experimental female and one male",The Behavior and Postnatal Development in Infant and Juvenile Rats After Ultrasound-Induced Chronic Prenatal Stress,10.3389/fphys.2021.659366,Frontiers in Physiology,,Rattus norvegicus,albino rat,Wistar rat,,not reported,"early, mid, late",3 weeks,21,Continuous,24,Expossed to continuous variable frequencies,Ultrasound,Ultrasound,50,"20,000-45,000",Ambient sound,,"""normal conditions without ultrasound""",female,20,,none,,Axiety,Open Field Test (OFT),,Rearing frequency,count,Count,Light phase,Figure 2b,OF-pups-abramova2017,C_f_re,PS_f_re,C_PS_f_re,Independent,Yes,Negative,,8.92,6.9337,25,1.3867,,6.8947,4.4208,19,1.0142,,Extracted all from raw data,,,,,,,,yes,,,,FALSE,FALSE,FALSE,FALSE,FALSE,FALSE,FALSE,abramova_2021_front_ex018,FALSE,FALSE,FALSE,FALSE,FALSE,FALSE,0.2588084865334971,0.0458071077714791
abramova_2021_front,ex019,con015,out043,es077,Yes,"One control female, one male and one experimental female and one male",The Behavior and Postnatal Development in Infant and Juvenile Rats After Ultrasound-Induced Chronic Prenatal Stress,10.3389/fphys.2021.659366,Frontiers in Physiology,,Rattus norvegicus,albino rat,Wistar rat,,not reported,"early, mid, late",3 weeks,21,Continuous,24,Expossed to continuous variable frequencies,Ultrasound,Ultrasound,50,"20,000-45,000",Ambient sound,,"""normal conditions without ultrasound""",male,20,,none,,Axiety,Open Field Test (OFT),,Rearing frequency,count,Count,Light phase,Figure 2b,OF-pups-abramova2018,C_m_re,PS_m_re,C_PS_m_re,Independent,Yes,Negative,,10.1304,8.7558,23,1.8257,,4.3889,4.1747,18,0.984,,Extracted all from raw data,,,,,,,,yes,,,,FALSE,FALSE,FALSE,FALSE,FALSE,FALSE,FALSE,abramova_2021_front_ex019,FALSE,FALSE,FALSE,FALSE,FALSE,FALSE,0.8275694200736594,0.0827447112289958
abramova_2021_front,ex018,con014,out044,es078,Yes,"One control female, one male and one experimental female and one male",The Behavior and Postnatal Development in Infant and Juvenile Rats After Ultrasound-Induced Chronic Prenatal Stress,10.3389/fphys.2021.659366,Frontiers in Physiology,,Rattus norvegicus,albino rat,Wistar rat,,not reported,"early, mid, late",3 weeks,21,Continuous,24,Expossed to continuous variable frequencies,Ultrasound,Ultrasound,50,"20,000-45,000",Ambient sound,,"""normal conditions without ultrasound""",female,20,,none,,Axiety,Open Field Test (OFT),,Center entries (crossing),count,Count,Light phase,Raw data,OF-pups-abramova2019,C_f_cen,PS_f_cen,C_PS_f_cen,Independent,Yes,Negative,,1.16,1.4911,25,0.2982,,1.3158,2.029,19,0.4655,,Extracted all from raw data,,,,,,,,yes,,,,FALSE,FALSE,FALSE,FALSE,FALSE,FALSE,FALSE,abramova_2021_front_ex018,FALSE,FALSE,FALSE,FALSE,FALSE,FALSE,-0.1555531636595423,0.1912432817690231
abramova_2021_front,ex019,con015,out044,es079,Yes,"One control female, one male and one experimental female and one male",The Behavior and Postnatal Development in Infant and Juvenile Rats After Ultrasound-Induced Chronic Prenatal Stress,10.3389/fphys.2021.659366,Frontiers in Physiology,,Rattus norvegicus,albino rat,Wistar rat,,not reported,"early, mid, late",3 weeks,21,Continuous,24,Expossed to continuous variable frequencies,Ultrasound,Ultrasound,50,"20,000-45,000",Ambient sound,,"""normal conditions without ultrasound""",male,20,,none,,Axiety,Open Field Test (OFT),,Center entries (crossing),count,Count,Light phase,Raw data,OF-pups-abramova2020,C_m_cen,PS_m_cen,C_PS_m_cen,Independent,Yes,Negative,,2.2609,2.5265,23,0.5268,,1,2.3235,18,0.5477,,Extracted all from raw data,,,,,,,,yes,,,,FALSE,FALSE,FALSE,FALSE,FALSE,FALSE,TRUE,abramova_2021_front_ex019,FALSE,FALSE,FALSE,FALSE,FALSE,FALSE,0.6929471654970589,0.3542186527938509
abramova_2021_front,ex018,con014,out045,es080,Yes,"One control female, one male and one experimental female and one male",The Behavior and Postnatal Development in Infant and Juvenile Rats After Ultrasound-Induced Chronic Prenatal Stress,10.3389/fphys.2021.659366,Frontiers in Physiology,,Rattus norvegicus,albino rat,Wistar rat,,not reported,"early, mid, late",3 weeks,21,Continuous,24,Expossed to continuous variable frequencies,Ultrasound,Ultrasound,50,"20,000-45,000",Ambient sound,,"""normal conditions without ultrasound""",female,20,,none,,Axiety,Open Field Test (OFT),,Time in central square,count,Count,Light phase,Raw data,OF-pups-abramova2021,C_f_centt,PS_f_centt,C_PS_f_centt,Independent,Yes,Negative,,2.0964,3.3901,25,0.678,,2.9368,5.119,19,1.1744,,Extracted all from raw data,,,,,,,,yes,,,,FALSE,FALSE,FALSE,FALSE,FALSE,FALSE,FALSE,abramova_2021_front_ex018,FALSE,FALSE,FALSE,FALSE,FALSE,FALSE,-0.3647519412953538,0.2645083716098056
abramova_2021_front,ex019,con015,out045,es081,Yes,"One control female, one male and one experimental female and one male",The Behavior and Postnatal Development in Infant and Juvenile Rats After Ultrasound-Induced Chronic Prenatal Stress,10.3389/fphys.2021.659366,Frontiers in Physiology,,Rattus norvegicus,albino rat,Wistar rat,,not reported,"early, mid, late",3 weeks,21,Continuous,24,Expossed to continuous variable frequencies,Ultrasound,Ultrasound,50,"20,000-45,000",Ambient sound,,"""normal conditions without ultrasound""",male,20,,none,,Axiety,Open Field Test (OFT),,Time in central square,count,Count,Light phase,Raw data,OF-pups-abramova2022,C_m_centt,PS_m_centt,C_PS_m_centt,Independent,Yes,Negative,,5.177,6.8377,23,1.4258,,1,2.1925,18,0.5168,,Extracted all from raw data,,,,,,,,yes,,,,FALSE,FALSE,FALSE,FALSE,FALSE,FALSE,TRUE,abramova_2021_front_ex019,FALSE,FALSE,FALSE,FALSE,FALSE,FALSE,1.548619680322094,0.34290524591577076
abramova_2021_front,ex018,con014,out046,es082,Yes,"One control female, one male and one experimental female and one male",The Behavior and Postnatal Development in Infant and Juvenile Rats After Ultrasound-Induced Chronic Prenatal Stress,10.3389/fphys.2021.659366,Frontiers in Physiology,,Rattus norvegicus,albino rat,Wistar rat,,not reported,"early, mid, late",3 weeks,21,Continuous,24,Expossed to continuous variable frequencies,Ultrasound,Ultrasound,50,"20,000-45,000",Ambient sound,,"""normal conditions without ultrasound""",female,20,,none,,Axiety,Open Field Test (OFT),,Grooming frequency,count,Count,Light phase,Raw data,OF-pups-abramova2023,C_f_gfr,PS_f_gfr,C_PS_f_gfr,Independent,No,Positive,,3.76,1.6653,25,0.3331,,2.7895,1.782,19,0.4088,,Extracted all from raw data,,,,,,,,yes,,,,FALSE,FALSE,FALSE,FALSE,FALSE,FALSE,FALSE,abramova_2021_front_ex018,FALSE,FALSE,FALSE,FALSE,FALSE,FALSE,-0.29174040187259065,0.029325131864389425
abramova_2021_front,ex019,con015,out046,es083,Yes,"One control female, one male and one experimental female and one male",The Behavior and Postnatal Development in Infant and Juvenile Rats After Ultrasound-Induced Chronic Prenatal Stress,10.3389/fphys.2021.659366,Frontiers in Physiology,,Rattus norvegicus,albino rat,Wistar rat,,not reported,"early, mid, late",3 weeks,21,Continuous,24,Expossed to continuous variable frequencies,Ultrasound,Ultrasound,50,"20,000-45,000",Ambient sound,,"""normal conditions without ultrasound""",male,20,,none,,Axiety,Open Field Test (OFT),,Grooming frequency,count,Count,Light phase,Raw data,OF-pups-abramova2024,C_m_gfr,PS_m_gfr,C_PS_m_gfr,Independent,No,Positive,,2.6522,1.465,23,0.3055,,3,1.7489,18,0.4122,,Extracted all from raw data,,,,,,,,yes,,,,FALSE,FALSE,FALSE,FALSE,FALSE,FALSE,FALSE,abramova_2021_front_ex019,FALSE,FALSE,FALSE,FALSE,FALSE,FALSE,0.12603016413254786,0.0321464065977832
abramova_2021_front,ex018,con014,out047,es084,Yes,"One control female, one male and one experimental female and one male",The Behavior and Postnatal Development in Infant and Juvenile Rats After Ultrasound-Induced Chronic Prenatal Stress,10.3389/fphys.2021.659366,Frontiers in Physiology,,Rattus norvegicus,albino rat,Wistar rat,,not reported,"early, mid, late",3 weeks,21,Continuous,24,Expossed to continuous variable frequencies,Ultrasound,Ultrasound,50,"20,000-45,000",Ambient sound,,"""normal conditions without ultrasound""",female,20,,none,,Axiety,Open Field Test (OFT),,Total grooming time,time,s,Light phase,Raw data,OF-pups-abramova2025,C_f_gtt,PS_f_gtt,C_PS_f_gtt,Independent,No,Positive,,34.048,25.0853,25,5.0171,,28.2516,24.6902,19,5.6643,,Extracted all from raw data,,,,,,,,yes,,,,FALSE,FALSE,FALSE,FALSE,FALSE,FALSE,FALSE,abramova_2021_front_ex018,FALSE,FALSE,FALSE,FALSE,FALSE,FALSE,-0.1773783544768892,0.06191124669074186
abramova_2021_front,ex019,con015,out047,es085,Yes,"One control female, one male and one experimental female and one male",The Behavior and Postnatal Development in Infant and Juvenile Rats After Ultrasound-Induced Chronic Prenatal Stress,10.3389/fphys.2021.659366,Frontiers in Physiology,,Rattus norvegicus,albino rat,Wistar rat,,not reported,"early, mid, late",3 weeks,21,Continuous,24,Expossed to continuous variable frequencies,Ultrasound,Ultrasound,50,"20,000-45,000",Ambient sound,,"""normal conditions without ultrasound""",male,20,,none,,Axiety,Open Field Test (OFT),,Total grooming time,time,s,Light phase,Raw data,OF-pups-abramova2026,C_m_gtt,PS_m_gtt,C_PS_m_gtt,Independent,No,Positive,,16.3787,13.1338,23,2.7386,,24.2061,17.297,18,4.0769,,Extracted all from raw data,,,,,,,,yes,,,,FALSE,FALSE,FALSE,FALSE,FALSE,FALSE,FALSE,abramova_2021_front_ex019,FALSE,FALSE,FALSE,FALSE,FALSE,FALSE,0.39082803974056557,0.056324620386802075
abramova_2021_front,ex018,con014,out048,es086,Yes,"One control female, one male and one experimental female and one male",The Behavior and Postnatal Development in Infant and Juvenile Rats After Ultrasound-Induced Chronic Prenatal Stress,10.3389/fphys.2021.659366,Frontiers in Physiology,,Rattus norvegicus,albino rat,Wistar rat,,not reported,"early, mid, late",3 weeks,21,Continuous,24,Expossed to continuous variable frequencies,Ultrasound,Ultrasound,50,"20,000-45,000",Ambient sound,,"""normal conditions without ultrasound""",female,20,,none,,Axiety,Open Field Test (OFT),,Total freezing time,time,s,Light phase,Figure 2c,OF-pups-abramova2027,C_f_frtt,PS_f_fr,C_PS_f_fr,Independent,No,Positive,,36.678,36.638,25,7.3276,,62.3595,53.8477,19,12.3535,,Extracted all from raw data,,,,,,,,yes,,,,FALSE,FALSE,FALSE,FALSE,FALSE,FALSE,FALSE,abramova_2021_front_ex018,FALSE,FALSE,FALSE,FALSE,FALSE,FALSE,0.5304046043824765,0.07915700054681933
abramova_2021_front,ex019,con015,out048,es087,Yes,"One control female, one male and one experimental female and one male",The Behavior and Postnatal Development in Infant and Juvenile Rats After Ultrasound-Induced Chronic Prenatal Stress,10.3389/fphys.2021.659366,Frontiers in Physiology,,Rattus norvegicus,albino rat,Wistar rat,,not reported,"early, mid, late",3 weeks,21,Continuous,24,Expossed to continuous variable frequencies,Ultrasound,Ultrasound,50,"20,000-45,000",Ambient sound,,"""normal conditions without ultrasound""",male,20,,none,,Axiety,Open Field Test (OFT),,Total freezing time,time,s,Light phase,Figure 2c,OF-pups-abramova2028,C_m_ftt,PS_m_fr,C_PS_m_fr,Independent,No,Positive,,39.257,41.7274,23,8.7008,,79.8783,55.483,18,13.0775,,Extracted all from raw data,,,,,,,,yes,,,,FALSE,FALSE,FALSE,FALSE,FALSE,FALSE,FALSE,abramova_2021_front_ex019,FALSE,FALSE,FALSE,FALSE,FALSE,FALSE,0.699214891806517,0.07592590630840781
badache_2017_stress,ex020,con016,out049,es088,Yes,One treatmentent group and one control,"Prenatal noise and restraint stress interact to alter exploratory behavior and balance in juvenile rats, and mixed stress reverses these effects",10.1080/10253890.2017.1307962,Stress,,Rattus norvegicus,albino rat,Wistar rat,13,90 days,"mid, late",day 11-19,9,Intermitent,0.05,"3 mins per day.  HELLA twintone Horn, car horn",Traffic,Audible,110,500,Unclear,,No information,male,45,,none,,Anxiety,Open Field Test (OFT),,Time in corners,time,s,Light phase,Figure 5a,badache_2017_stress_5a,Cn_cor,Ns_cor,Cn_Ns_cor,Independent,No,Positive,,216.89,47.03,16,11.76,,253.78,51.89,16,12.97,,,,,,,,,,yes,,,I double checked MetaDigitise,FALSE,FALSE,FALSE,FALSE,FALSE,FALSE,FALSE,badache_2017_stress_ex020,FALSE,FALSE,FALSE,FALSE,FALSE,FALSE,0.1569145814949363,0.005551629526496642
badache_2017_stress,ex020,con016,out050,es089,Yes,One treatmentent group and one control,"Prenatal noise and restraint stress interact to alter exploratory behavior and balance in juvenile rats, and mixed stress reverses these effects",10.1080/10253890.2017.1307962,Stress,,Rattus norvegicus,albino rat,Wistar rat,13,90 days,"mid, late",day 11-19,9,Intermitent,0.05,"3 mins per day.  HELLA twintone Horn, car horn",Traffic,Audible,110,500,Unclear,,No information,male,45,,none,,Anxiety,Open Field Test (OFT),,Sections crossed,count,Count,Light phase,Figure 5b,badache_2017_stress_5b,Cn_sq,Ns_sq,Cn_Ns_sq,Independent,Yes,Negative,,70.44,16.15,16,4.04,,45.26,8.92,16,2.23,,,,,,,,,,yes,,,I double checked MetaDigitise,FALSE,FALSE,FALSE,FALSE,FALSE,FALSE,FALSE,badache_2017_stress_ex020,FALSE,FALSE,FALSE,FALSE,FALSE,FALSE,0.4427665265473928,0.005713005356097395
badache_2017_stress,ex020,con016,out051,es090,Yes,One treatmentent group and one control,"Prenatal noise and restraint stress interact to alter exploratory behavior and balance in juvenile rats, and mixed stress reverses these effects",10.1080/10253890.2017.1307962,Stress,,Rattus norvegicus,albino rat,Wistar rat,13,90 days,"mid, late",day 11-19,9,Intermitent,0.05,"3 mins per day.  HELLA twintone Horn, car horn",Traffic,Audible,110,500,Unclear,,No information,male,45,,none,,Anxiety,Open Field Test (OFT),,Time in central square,time,s,Light phase,Figure 5c,badache_2017_stress_5c,Cn_cen,Ns_cen,Cn_Ns_cen,Independent,Yes,Negative,,4.13,0.93,16,0.23,,1,0.26,16,0.07,,,,,,,,,,yes,,,I double checked MetaDigitise,FALSE,FALSE,FALSE,FALSE,FALSE,FALSE,TRUE,badache_2017_stress_ex020,FALSE,FALSE,FALSE,FALSE,FALSE,FALSE,1.4177494929762597,0.0073941720066366115
badache_2017_stress,ex020,con016,out052,es091,Yes,One treatmentent group and one control,"Prenatal noise and restraint stress interact to alter exploratory behavior and balance in juvenile rats, and mixed stress reverses these effects",10.1080/10253890.2017.1307962,Stress,,Rattus norvegicus,albino rat,Wistar rat,13,90 days,"mid, late",day 11-19,9,Intermitent,0.05,"3 mins per day.  HELLA twintone Horn, car horn",Traffic,Audible,110,500,Unclear,,No information,male,45,,none,,Anxiety,Open Field Test (OFT),,Rearing time,time,s,Light phase,Figure 5d,badache_2017_stress_5d,Cn_re,Ns_re,Cn_Ns_re,Independent,Yes,Negative,,22,5.03,16,1.26,,8.54,1.93,16,0.48,,,,,,,,,,yes,,,I double checked MetaDigitise,FALSE,FALSE,FALSE,FALSE,FALSE,FALSE,FALSE,badache_2017_stress_ex020,FALSE,FALSE,FALSE,FALSE,FALSE,FALSE,0.9463189675531793,0.006459279356423696
badache_2017_stress,ex020,con016,out053,es092,Yes,One treatmentent group and one control,"Prenatal noise and restraint stress interact to alter exploratory behavior and balance in juvenile rats, and mixed stress reverses these effects",10.1080/10253890.2017.1307962,Stress,,Rattus norvegicus,albino rat,Wistar rat,13,90 days,"mid, late",day 11-19,9,Intermitent,0.05,"3 mins per day.  HELLA twintone Horn, car horn",Traffic,Audible,110,500,Unclear,,No information,male,46,,none,,Anxiety,Elevated Plus Maze (EPM),,Time in open arms (OAT),time,s,Light phase,Figure 6a,badache_2017_stress_6a,Cn_oat,Ns_oat,Cn_Ns_oat,Independent,Yes,Negative,,135.51,31.84,16,7.96,,67.96,14.69,16,3.67,,,,,,,,,,yes,,,I double checked MetaDigitise,FALSE,FALSE,FALSE,FALSE,FALSE,FALSE,FALSE,badache_2017_stress_ex020,FALSE,FALSE,FALSE,FALSE,FALSE,FALSE,0.6903912827825432,0.0063707399522205214
badache_2017_stress,ex020,con016,out054,es093,Yes,One treatmentent group and one control,"Prenatal noise and restraint stress interact to alter exploratory behavior and balance in juvenile rats, and mixed stress reverses these effects",10.1080/10253890.2017.1307962,Stress,,Rattus norvegicus,albino rat,Wistar rat,13,90 days,"mid, late",day 11-19,9,Intermitent,0.05,"3 mins per day.  HELLA twintone Horn, car horn",Traffic,Audible,110,500,Unclear,,No information,male,46,,Cross-Fostered,,Anxiety,Elevated Plus Maze (EPM),,Rearing time,time,s,Light phase,Figure 6b,badache_2017_stress_6b,Cn_rt,Ns_rt,Cn_Ns_rt,Independent,Yes,Negative,,18.12,4.52,16,1.13,,7.77,2.05,16,0.51,,,,,,,,,,yes,,,I double checked MetaDigitise,FALSE,FALSE,FALSE,FALSE,FALSE,FALSE,FALSE,badache_2017_stress_ex020,FALSE,FALSE,FALSE,FALSE,FALSE,FALSE,0.8465153649832358,0.008239588301294766
whitlow_1978_thesis,ex021,con017,out055,es094,Yes,"They had two experimental groups, 65dB and 85dB, they did 3 trials, one per day of the OFT",THE EFFECT OF SOUND STIMULATION DURING GESTATION  ON THE BEHAVIOR OF RAT OFFSPRING,,Thesis,,Rattus norvegicus,hooded rat,Lister rat,,not reported,"mid, late",day 12-19,8,Intermitent,0.005,18 seconds per day. It was a tone,White noise,Audible,85,2500,Unclear,,"No noise, moved into experimental sound cage",male,25,,Cross-Fostered,,Anxiety,Open Field Test (OFT),"Circular open-field, duration 3 minutes and repeated in 3 consecutive days",Sections crossed,count,Count,Not reported,Figure 2,whitlow_1978_thesis_fig2,HNoN_1_sq,HN_1_sq,HNoN_HN_1_sq,Dependent,Yes,Negative,,65.63,8.1012,20,1.8114833899321297,,71.2285,8.4397,20,1.8871742909704974,,"Figure only showed mean, imputated sd=SQRT(mean) as are counts in a certain tine","The author stated ""hooded rat,"" we assumed ""lister rat"". ""Foster mothers with no noise exposure. We also used the HNoN control, which were manipulated the same way as the noise treatment, but no noise..."". In the pilot they used a ""2 . 5 KHz tone of 3 second duration at  an intensity of 85 dB (re 20 4 N/m~)."" so we assumed they used the same for the actual experiment",,,,,,,yes,adjust comments text,,,FALSE,FALSE,FALSE,FALSE,TRUE,TRUE,FALSE,whitlow_1978_thesis_ex021,FALSE,FALSE,FALSE,FALSE,TRUE,TRUE,-0.08183017390537731,7.325159029649271e-4
whitlow_1978_thesis,ex022,con017,out055,es095,Yes,"They had two experimental groups, 65dB and 85dB, they did 3 trials, one per day of the OFT",THE EFFECT OF SOUND STIMULATION DURING GESTATION  ON THE BEHAVIOR OF RAT OFFSPRING,,Thesis,,Rattus norvegicus,hooded rat,Lister rat,,not reported,"mid, late",day 12-19,8,Intermitent,0.005,18 seconds per day. It was a tone,White noise,Audible,65,2500,Unclear,,"No noise, moved into experimental sound cage",male,25,,Cross-Fostered,,Anxiety,Open Field Test (OFT),"Circular open-field, duration 3 minutes and repeated in 3 consecutive days",Sections crossed,count,Count,Not reported,Figure 2,whitlow_1978_thesis_fig2,HNoN_1_sq,HLN_1_sq,HNoN_HLN_1_sq,Dependent,Yes,Negative,,65.63,8.1012,20,1.8114833899321297,,60.8719,7.802,20,1.7445802360453357,,"Figure only showed mean, imputated sd=SQRT(mean) as are counts in a certain tine","The author stated ""hooded rat,"" we assumed ""lister rat"". ""Foster mothers with no noise exposure. We also used the HNoN control, which were manipulated the same way as the noise treatment, but no noise..."". In the pilot they used a ""2 . 5 KHz tone of 3 second duration at  an intensity of 85 dB (re 20 4 N/m~)."" so we assumed they used the same for the actual experiment",,,,,,,yes,adjust comments text,,,FALSE,FALSE,FALSE,FALSE,TRUE,TRUE,FALSE,whitlow_1978_thesis_ex022,FALSE,FALSE,FALSE,FALSE,TRUE,TRUE,0.07523147868384246,7.921740669302817e-4
whitlow_1978_thesis,ex021,con017,out055,es096,Yes,"They had two experimental groups, 65dB and 85dB, they did 3 trials, one per day of the OFT",THE EFFECT OF SOUND STIMULATION DURING GESTATION  ON THE BEHAVIOR OF RAT OFFSPRING,,Thesis,,Rattus norvegicus,hooded rat,Lister rat,,not reported,"mid, late",day 12-19,8,Intermitent,0.005,18 seconds per day. It was a tone,White noise,Audible,85,2500,Unclear,,"No noise, moved into experimental sound cage",male,26,,Cross-Fostered,,Anxiety,Open Field Test (OFT),"Circular open-field, duration 3 minutes and repeated in 3 consecutive days",Sections crossed,count,Count,Not reported,Figure 2,whitlow_1978_thesis_fig2,HNoN_2_sq,HN_2_sq,HNoN_HN_2_sq,Dependent,Yes,Negative,,39.74,6.304,20,1.4096172530158675,,42.8005,6.5422,20,1.4628803922399125,,"Figure only showed mean, imputated sd=SQRT(mean) as are counts in a certain tine","The author stated ""hooded rat,"" we assumed ""lister rat"". ""Foster mothers with no noise exposure. We also used the HNoN control, which were manipulated the same way as the noise treatment, but no noise..."". In the pilot they used a ""2 . 5 KHz tone of 3 second duration at  an intensity of 85 dB (re 20 4 N/m~)."" so we assumed they used the same for the actual experiment",,,,,,,yes,adjust comments text,,,FALSE,FALSE,FALSE,FALSE,TRUE,TRUE,FALSE,whitlow_1978_thesis_ex021,FALSE,FALSE,FALSE,FALSE,TRUE,TRUE,-0.07414655567416602,0.0012140339232181493
whitlow_1978_thesis,ex022,con017,out055,es097,Yes,"They had two experimental groups, 65dB and 85dB, they did 3 trials, one per day of the OFT",THE EFFECT OF SOUND STIMULATION DURING GESTATION  ON THE BEHAVIOR OF RAT OFFSPRING,,Thesis,,Rattus norvegicus,hooded rat,Lister rat,,not reported,"mid, late",day 12-19,8,Intermitent,0.005,18 seconds per day. It was a tone,White noise,Audible,65,2500,Unclear,,"No noise, moved into experimental sound cage",male,26,,Cross-Fostered,,Anxiety,Open Field Test (OFT),"Circular open-field, duration 3 minutes and repeated in 3 consecutive days",Sections crossed,count,Count,Not reported,Figure 2,whitlow_1978_thesis_fig2,HNoN_2_sq,HLN_2_sq,HNoN_HLN_2_sq,Dependent,Yes,Negative,,39.74,6.304,20,1.4096172530158675,,36.8824,6.0731,20,1.3579864434153972,,"Figure only showed mean, imputated sd=SQRT(mean) as are counts in a certain tine","The author stated ""hooded rat,"" we assumed ""lister rat"". ""Foster mothers with no noise exposure. We also used the HNoN control, which were manipulated the same way as the noise treatment, but no noise..."". In the pilot they used a ""2 . 5 KHz tone of 3 second duration at  an intensity of 85 dB (re 20 4 N/m~)."" so we assumed they used the same for the actual experiment",,,,,,,yes,adjust comments text,,,FALSE,FALSE,FALSE,FALSE,TRUE,TRUE,FALSE,whitlow_1978_thesis_ex022,FALSE,FALSE,FALSE,FALSE,TRUE,TRUE,0.07457502757964032,0.0013078374297761537
whitlow_1978_thesis,ex021,con017,out055,es098,Yes,"They had two experimental groups, 65dB and 85dB, they did 3 trials, one per day of the OFT",THE EFFECT OF SOUND STIMULATION DURING GESTATION  ON THE BEHAVIOR OF RAT OFFSPRING,,Thesis,,Rattus norvegicus,hooded rat,Lister rat,,not reported,"mid, late",day 12-19,8,Intermitent,0.005,18 seconds per day. It was a tone,White noise,Audible,85,2500,Unclear,,"No noise, moved into experimental sound cage",male,27,,Cross-Fostered,,Anxiety,Open Field Test (OFT),"Circular open-field, duration 3 minutes and repeated in 3 consecutive days",Sections crossed,count,Count,Not reported,Figure 2,whitlow_1978_thesis_fig2,HNoN_3_sq,HN_3_sq,HNoN_HN_3_sq,Dependent,Yes,Negative,,17.33,4.1629,20,0.9308527383533873,,26.7371,5.1708,20,1.156226029805591,,"Figure only showed mean, imputated sd=SQRT(mean) as are counts in a certain tine","The author stated ""hooded rat,"" we assumed ""lister rat"". ""Foster mothers with no noise exposure. We also used the HNoN control, which were manipulated the same way as the noise treatment, but no noise..."". In the pilot they used a ""2 . 5 KHz tone of 3 second duration at  an intensity of 85 dB (re 20 4 N/m~)."" so we assumed they used the same for the actual experiment",,,,,,,yes,adjust comments text,,,FALSE,FALSE,FALSE,FALSE,TRUE,TRUE,FALSE,whitlow_1978_thesis_ex021,FALSE,FALSE,FALSE,FALSE,TRUE,TRUE,-0.43310548002795346,0.002432397245208313
whitlow_1978_thesis,ex022,con017,out055,es099,Yes,"They had two experimental groups, 65dB and 85dB, they did 3 trials, one per day of the OFT",THE EFFECT OF SOUND STIMULATION DURING GESTATION  ON THE BEHAVIOR OF RAT OFFSPRING,,Thesis,,Rattus norvegicus,hooded rat,Lister rat,,not reported,"mid, late",day 12-19,8,Intermitent,0.005,18 seconds per day. It was a tone,White noise,Audible,65,2500,Unclear,,"No noise, moved into experimental sound cage",male,27,,Cross-Fostered,,Anxiety,Open Field Test (OFT),"Circular open-field, duration 3 minutes and repeated in 3 consecutive days",Sections crossed,count,Count,Not reported,Figure 2,whitlow_1978_thesis_fig2,HNoN_3_sq,HLN_3_sq,HNoN_HLN_3_sq,Dependent,Yes,Negative,,17.33,4.1629,20,0.9308527383533873,,15.7464,3.9682,20,0.8873164948314665,,"Figure only showed mean, imputated sd=SQRT(mean) as are counts in a certain tine","The author stated ""hooded rat,"" we assumed ""lister rat"". ""Foster mothers with no noise exposure. We also used the HNoN control, which were manipulated the same way as the noise treatment, but no noise..."". In the pilot they used a ""2 . 5 KHz tone of 3 second duration at  an intensity of 85 dB (re 20 4 N/m~)."" so we assumed they used the same for the actual experiment",,,,,,,yes,adjust comments text,,,FALSE,FALSE,FALSE,FALSE,TRUE,TRUE,FALSE,whitlow_1978_thesis_ex022,FALSE,FALSE,FALSE,FALSE,TRUE,TRUE,0.09568221340085256,0.0030337260027618377
whitlow_1978_thesis,ex021,con017,out056,es100,Yes,"They had two experimental groups, 65dB and 85dB, they did 3 trials, one per day of the OFT",THE EFFECT OF SOUND STIMULATION DURING GESTATION  ON THE BEHAVIOR OF RAT OFFSPRING,,Thesis,,Rattus norvegicus,hooded rat,Lister rat,,not reported,"mid, late",day 12-19,8,Intermitent,0.005,18 seconds per day. It was a tone,White noise,Audible,85,2500,Unclear,,"No noise, moved into experimental sound cage",male,25,,Cross-Fostered,,Anxiety,Open Field Test (OFT),"Circular open-field, duration 3 minutes and repeated in 3 consecutive days",Grooming frequency,count,Count,Not reported,Figure 4,whitlow_1978_thesis_fig4,HNoN_1_gr,HN_1_gr,HNoN_HN_1_gr,Dependent,No,Positive,,4.48,2.1166,20,0.4732861481176055,,3.6809,1.9186,20,0.42901200216310964,,"Figure only showed mean, imputated sd=SQRT(mean) as are counts in a certain tine","The author stated ""hooded rat,"" we assumed ""lister rat"". ""Foster mothers with no noise exposure. We also used the HNoN control, which were manipulated the same way as the noise treatment, but no noise..."". In the pilot they used a ""2 . 5 KHz tone of 3 second duration at  an intensity of 85 dB (re 20 4 N/m~)."" so we assumed they used the same for the actual experiment",,,,,,,yes,adjust comments text,,,FALSE,FALSE,FALSE,FALSE,TRUE,TRUE,FALSE,whitlow_1978_thesis_ex021,FALSE,FALSE,FALSE,FALSE,TRUE,TRUE,-0.19525406090831954,0.012431878367652154
whitlow_1978_thesis,ex022,con017,out056,es101,Yes,"They had two experimental groups, 65dB and 85dB, they did 3 trials, one per day of the OFT",THE EFFECT OF SOUND STIMULATION DURING GESTATION  ON THE BEHAVIOR OF RAT OFFSPRING,,Thesis,,Rattus norvegicus,hooded rat,Lister rat,,not reported,"mid, late",day 12-19,8,Intermitent,0.005,18 seconds per day. It was a tone,White noise,Audible,65,2500,Unclear,,"No noise, moved into experimental sound cage",male,25,,Cross-Fostered,,Anxiety,Open Field Test (OFT),"Circular open-field, duration 3 minutes and repeated in 3 consecutive days",Grooming frequency,count,Count,Not reported,Figure 4,whitlow_1978_thesis_fig4,HNoN_1_gr,HLN_1_gr,HNoN_HLN_1_gr,Dependent,No,Positive,,4.48,2.1166,20,0.4732861481176055,,3.708,1.9256,20,0.4305772497473595,,"Figure only showed mean, imputated sd=SQRT(mean) as are counts in a certain tine","The author stated ""hooded rat,"" we assumed ""lister rat"". ""Foster mothers with no noise exposure. We also used the HNoN control, which were manipulated the same way as the noise treatment, but no noise..."". In the pilot they used a ""2 . 5 KHz tone of 3 second duration at  an intensity of 85 dB (re 20 4 N/m~)."" so we assumed they used the same for the actual experiment",,,,,,,yes,adjust comments text,,,FALSE,FALSE,FALSE,FALSE,TRUE,TRUE,FALSE,whitlow_1978_thesis_ex022,FALSE,FALSE,FALSE,FALSE,TRUE,TRUE,-0.18796868879689757,0.012377296154901457
whitlow_1978_thesis,ex021,con017,out056,es102,Yes,"They had two experimental groups, 65dB and 85dB, they did 3 trials, one per day of the OFT",THE EFFECT OF SOUND STIMULATION DURING GESTATION  ON THE BEHAVIOR OF RAT OFFSPRING,,Thesis,,Rattus norvegicus,hooded rat,Lister rat,,not reported,"mid, late",day 12-19,8,Intermitent,0.005,18 seconds per day. It was a tone,White noise,Audible,85,2500,Unclear,,"No noise, moved into experimental sound cage",male,26,,Cross-Fostered,,Anxiety,Open Field Test (OFT),"Circular open-field, duration 3 minutes and repeated in 3 consecutive days",Grooming frequency,count,Count,Not reported,Figure 4,whitlow_1978_thesis_fig4,HNoN_2_gr,HN_2_gr,HNoN_HN_2_gr,Dependent,No,Positive,,6.39,2.5278,20,0.5652332633523969,,5.6705,2.3813,20,0.5324748674820249,,"Figure only showed mean, imputated sd=SQRT(mean) as are counts in a certain tine","The author stated ""hooded rat,"" we assumed ""lister rat"". ""Foster mothers with no noise exposure. We also used the HNoN control, which were manipulated the same way as the noise treatment, but no noise..."". In the pilot they used a ""2 . 5 KHz tone of 3 second duration at  an intensity of 85 dB (re 20 4 N/m~)."" so we assumed they used the same for the actual experiment",,,,,,,yes,adjust comments text,,,FALSE,FALSE,FALSE,FALSE,TRUE,TRUE,FALSE,whitlow_1978_thesis_ex021,FALSE,FALSE,FALSE,FALSE,TRUE,TRUE,-0.11896034307392842,0.008335909397953435
whitlow_1978_thesis,ex022,con017,out056,es103,Yes,"They had two experimental groups, 65dB and 85dB, they did 3 trials, one per day of the OFT",THE EFFECT OF SOUND STIMULATION DURING GESTATION  ON THE BEHAVIOR OF RAT OFFSPRING,,Thesis,,Rattus norvegicus,hooded rat,Lister rat,,not reported,"mid, late",day 12-19,8,Intermitent,0.005,18 seconds per day. It was a tone,White noise,Audible,65,2500,Unclear,,"No noise, moved into experimental sound cage",male,26,,Cross-Fostered,,Anxiety,Open Field Test (OFT),"Circular open-field, duration 3 minutes and repeated in 3 consecutive days",Grooming frequency,count,Count,Not reported,Figure 4,whitlow_1978_thesis_fig4,HNoN_2_gr,HLN_2_gr,HNoN_HLN_2_gr,Dependent,No,Positive,,6.39,2.5278,20,0.5652332633523969,,4.8023,2.1914,20,0.49001193658930386,,"Figure only showed mean, imputated sd=SQRT(mean) as are counts in a certain tine","The author stated ""hooded rat,"" we assumed ""lister rat"". ""Foster mothers with no noise exposure. We also used the HNoN control, which were manipulated the same way as the noise treatment, but no noise..."". In the pilot they used a ""2 . 5 KHz tone of 3 second duration at  an intensity of 85 dB (re 20 4 N/m~)."" so we assumed they used the same for the actual experiment",,,,,,,yes,adjust comments text,,,FALSE,FALSE,FALSE,FALSE,TRUE,TRUE,FALSE,whitlow_1978_thesis_ex022,FALSE,FALSE,FALSE,FALSE,TRUE,TRUE,-0.2843457552786482,0.009210213285537087
whitlow_1978_thesis,ex021,con017,out056,es104,Yes,"They had two experimental groups, 65dB and 85dB, they did 3 trials, one per day of the OFT",THE EFFECT OF SOUND STIMULATION DURING GESTATION  ON THE BEHAVIOR OF RAT OFFSPRING,,Thesis,,Rattus norvegicus,hooded rat,Lister rat,,not reported,"mid, late",day 12-19,8,Intermitent,0.005,18 seconds per day. It was a tone,White noise,Audible,85,2500,Unclear,,"No noise, moved into experimental sound cage",male,27,,Cross-Fostered,,Anxiety,Open Field Test (OFT),"Circular open-field, duration 3 minutes and repeated in 3 consecutive days",Grooming frequency,count,Count,Not reported,Figure 4,whitlow_1978_thesis_fig4,HNoN_3_gr,HN_3_gr,HNoN_HN_3_gr,Dependent,No,Positive,,3.84,1.9596,20,0.4381798808708588,,3.6899,1.9209,20,0.4295262977979346,,"Figure only showed mean, imputated sd=SQRT(mean) as are counts in a certain tine","The author stated ""hooded rat,"" we assumed ""lister rat"". ""Foster mothers with no noise exposure. We also used the HNoN control, which were manipulated the same way as the noise treatment, but no noise..."". In the pilot they used a ""2 . 5 KHz tone of 3 second duration at  an intensity of 85 dB (re 20 4 N/m~)."" so we assumed they used the same for the actual experiment",,,,,,,yes,adjust comments text,,,FALSE,FALSE,FALSE,FALSE,TRUE,TRUE,FALSE,whitlow_1978_thesis_ex021,FALSE,FALSE,FALSE,FALSE,TRUE,TRUE,-0.039608308318805935,0.013288280438393238
whitlow_1978_thesis,ex022,con017,out056,es105,Yes,"They had two experimental groups, 65dB and 85dB, they did 3 trials, one per day of the OFT",THE EFFECT OF SOUND STIMULATION DURING GESTATION  ON THE BEHAVIOR OF RAT OFFSPRING,,Thesis,,Rattus norvegicus,hooded rat,Lister rat,,not reported,"mid, late",day 12-19,8,Intermitent,0.005,18 seconds per day. It was a tone,White noise,Audible,65,2500,Unclear,,"No noise, moved into experimental sound cage",male,27,,Cross-Fostered,,Anxiety,Open Field Test (OFT),"Circular open-field, duration 3 minutes and repeated in 3 consecutive days",Grooming frequency,count,Count,Not reported,Figure 4,whitlow_1978_thesis_fig4,HNoN_3_gr,HLN_3_gr,HNoN_HLN_3_gr,Dependent,No,Positive,,3.84,1.9596,20,0.4381798808708588,,3.0749,1.7535,20,0.3920945198545881,,"Figure only showed mean, imputated sd=SQRT(mean) as are counts in a certain tine","The author stated ""hooded rat,"" we assumed ""lister rat"". ""Foster mothers with no noise exposure. We also used the HNoN control, which were manipulated the same way as the noise treatment, but no noise..."". In the pilot they used a ""2 . 5 KHz tone of 3 second duration at  an intensity of 85 dB (re 20 4 N/m~)."" so we assumed they used the same for the actual experiment",,,,,,,yes,adjust comments text,,,FALSE,FALSE,FALSE,FALSE,TRUE,TRUE,FALSE,whitlow_1978_thesis_ex022,FALSE,FALSE,FALSE,FALSE,TRUE,TRUE,-0.22058047590915378,0.014730302574122464
whitlow_1978_thesis,ex021,con017,out057,es106,Yes,"They had two experimental groups, 65dB and 85dB, they did 3 trials, one per day of the OFT",THE EFFECT OF SOUND STIMULATION DURING GESTATION  ON THE BEHAVIOR OF RAT OFFSPRING,,Thesis,,Rattus norvegicus,hooded rat,Lister rat,,not reported,"mid, late",day 12-19,8,Intermitent,0.005,18 seconds per day. It was a tone,White noise,Audible,85,2500,Unclear,,"No noise, moved into experimental sound cage",male,25,,Cross-Fostered,,Anxiety,Open Field Test (OFT),"Circular open-field, duration 3 minutes and repeated in 3 consecutive days",Defecation amount,count,Count,Not reported,Figure 5,whitlow_1978_thesis_fig5,HNoN_1_de,HN_1_de,HNoN_HN_1_de,Dependent,No,Positive,,1.74,1.3191,20,0.29495972691199723,,2.3777,1.542,20,0.3448016821304676,,"Figure only showed mean, imputated sd=SQRT(mean) as are counts in a certain tine","The author stated ""hooded rat,"" we assumed ""lister rat"". ""Foster mothers with no noise exposure. We also used the HNoN control, which were manipulated the same way as the noise treatment, but no noise..."". In the pilot they used a ""2 . 5 KHz tone of 3 second duration at  an intensity of 85 dB (re 20 4 N/m~)."" so we assumed they used the same for the actual experiment",,,,,,,yes,adjust comments text,,,FALSE,FALSE,FALSE,FALSE,TRUE,TRUE,FALSE,whitlow_1978_thesis_ex021,FALSE,FALSE,FALSE,FALSE,TRUE,TRUE,0.3083951453245886,0.025182847641075735
whitlow_1978_thesis,ex022,con017,out057,es107,Yes,"They had two experimental groups, 65dB and 85dB, they did 3 trials, one per day of the OFT",THE EFFECT OF SOUND STIMULATION DURING GESTATION  ON THE BEHAVIOR OF RAT OFFSPRING,,Thesis,,Rattus norvegicus,hooded rat,Lister rat,,not reported,"mid, late",day 12-19,8,Intermitent,0.005,18 seconds per day. It was a tone,White noise,Audible,65,2500,Unclear,,"No noise, moved into experimental sound cage",male,25,,Cross-Fostered,,Anxiety,Open Field Test (OFT),"Circular open-field, duration 3 minutes and repeated in 3 consecutive days",Defecation amount,count,Count,Not reported,Figure 5,whitlow_1978_thesis_fig5,HNoN_1_de,HLN_1_de,HNoN_HLN_1_de,Dependent,No,Positive,,1.74,1.3191,20,0.29495972691199723,,2.0226,1.4222,20,0.31801358776002003,,"Figure only showed mean, imputated sd=SQRT(mean) as are counts in a certain tine","The author stated ""hooded rat,"" we assumed ""lister rat"". ""Foster mothers with no noise exposure. We also used the HNoN control, which were manipulated the same way as the noise treatment, but no noise..."". In the pilot they used a ""2 . 5 KHz tone of 3 second duration at  an intensity of 85 dB (re 20 4 N/m~)."" so we assumed they used the same for the actual experiment",,,,,,,yes,adjust comments text,,,FALSE,FALSE,FALSE,FALSE,TRUE,TRUE,FALSE,whitlow_1978_thesis_ex022,FALSE,FALSE,FALSE,FALSE,TRUE,TRUE,0.1484913295036004,0.026804157227646386
whitlow_1978_thesis,ex021,con017,out057,es108,Yes,"They had two experimental groups, 65dB and 85dB, they did 3 trials, one per day of the OFT",THE EFFECT OF SOUND STIMULATION DURING GESTATION  ON THE BEHAVIOR OF RAT OFFSPRING,,Thesis,,Rattus norvegicus,hooded rat,Lister rat,,not reported,"mid, late",day 12-19,8,Intermitent,0.005,18 seconds per day. It was a tone,White noise,Audible,85,2500,Unclear,,"No noise, moved into experimental sound cage",male,26,,Cross-Fostered,,Anxiety,Open Field Test (OFT),"Circular open-field, duration 3 minutes and repeated in 3 consecutive days",Defecation amount,count,Count,Not reported,Figure 5,whitlow_1978_thesis_fig5,HNoN_2_de,HN_2_de,HNoN_HN_2_de,Dependent,No,Positive,,2.22,1.49,20,0.33317412864746865,,1.9827,1.4081,20,0.31486073191174535,,"Figure only showed mean, imputated sd=SQRT(mean) as are counts in a certain tine","The author stated ""hooded rat,"" we assumed ""lister rat"". ""Foster mothers with no noise exposure. We also used the HNoN control, which were manipulated the same way as the noise treatment, but no noise..."". In the pilot they used a ""2 . 5 KHz tone of 3 second duration at  an intensity of 85 dB (re 20 4 N/m~)."" so we assumed they used the same for the actual experiment",,,,,,,yes,adjust comments text,,,FALSE,FALSE,FALSE,FALSE,TRUE,TRUE,FALSE,whitlow_1978_thesis_ex021,FALSE,FALSE,FALSE,FALSE,TRUE,TRUE,-0.11170005374625236,0.02390919493774669
whitlow_1978_thesis,ex022,con017,out057,es109,Yes,"They had two experimental groups, 65dB and 85dB, they did 3 trials, one per day of the OFT",THE EFFECT OF SOUND STIMULATION DURING GESTATION  ON THE BEHAVIOR OF RAT OFFSPRING,,Thesis,,Rattus norvegicus,hooded rat,Lister rat,,not reported,"mid, late",day 12-19,8,Intermitent,0.005,18 seconds per day. It was a tone,White noise,Audible,65,2500,Unclear,,"No noise, moved into experimental sound cage",male,26,,Cross-Fostered,,Anxiety,Open Field Test (OFT),"Circular open-field, duration 3 minutes and repeated in 3 consecutive days",Defecation amount,count,Count,Not reported,Figure 5,whitlow_1978_thesis_fig5,HNoN_2_de,HLN_2_de,HNoN_HLN_2_de,Dependent,No,Positive,,2.22,1.49,20,0.33317412864746865,,1.8311,1.3532,20,0.30258471871527154,,"Figure only showed mean, imputated sd=SQRT(mean) as are counts in a certain tine","The author stated ""hooded rat,"" we assumed ""lister rat"". ""Foster mothers with no noise exposure. We also used the HNoN control, which were manipulated the same way as the noise treatment, but no noise..."". In the pilot they used a ""2 . 5 KHz tone of 3 second duration at  an intensity of 85 dB (re 20 4 N/m~)."" so we assumed they used the same for the actual experiment",,,,,,,yes,adjust comments text,,,FALSE,FALSE,FALSE,FALSE,TRUE,TRUE,FALSE,whitlow_1978_thesis_ex022,FALSE,FALSE,FALSE,FALSE,TRUE,TRUE,-0.190198715178682,0.025030189014707542
whitlow_1978_thesis,ex021,con017,out057,es110,Yes,"They had two experimental groups, 65dB and 85dB, they did 3 trials, one per day of the OFT",THE EFFECT OF SOUND STIMULATION DURING GESTATION  ON THE BEHAVIOR OF RAT OFFSPRING,,Thesis,,Rattus norvegicus,hooded rat,Lister rat,,not reported,"mid, late",day 12-19,8,Intermitent,0.005,18 seconds per day. It was a tone,White noise,Audible,85,2500,Unclear,,"No noise, moved into experimental sound cage",male,27,,Cross-Fostered,,Anxiety,Open Field Test (OFT),"Circular open-field, duration 3 minutes and repeated in 3 consecutive days",Defecation amount,count,Count,Not reported,Figure 5,whitlow_1978_thesis_fig5,HNoN_3_de,HN_3_de,HNoN_HN_3_de,Dependent,No,Positive,,1.14,1.0677,20,0.23874497795765257,,2.5731,1.6041,20,0.3586876642707413,,"Figure only showed mean, imputated sd=SQRT(mean) as are counts in a certain tine","The author stated ""hooded rat,"" we assumed ""lister rat"". ""Foster mothers with no noise exposure. We also used the HNoN control, which were manipulated the same way as the noise treatment, but no noise..."". In the pilot they used a ""2 . 5 KHz tone of 3 second duration at  an intensity of 85 dB (re 20 4 N/m~)."" so we assumed they used the same for the actual experiment",,,,,,,yes,adjust comments text,,,FALSE,FALSE,FALSE,FALSE,TRUE,TRUE,FALSE,whitlow_1978_thesis_ex021,FALSE,FALSE,FALSE,FALSE,TRUE,TRUE,0.8018696780352111,0.034097396039294
whitlow_1978_thesis,ex022,con017,out057,es111,Yes,"They had two experimental groups, 65dB and 85dB, they did 3 trials, one per day of the OFT",THE EFFECT OF SOUND STIMULATION DURING GESTATION  ON THE BEHAVIOR OF RAT OFFSPRING,,Thesis,,Rattus norvegicus,hooded rat,Lister rat,,not reported,"mid, late",day 12-19,8,Intermitent,0.005,18 seconds per day. It was a tone,White noise,Audible,65,2500,Unclear,,"No noise, moved into experimental sound cage",male,26,,Cross-Fostered,,Anxiety,Open Field Test (OFT),"Circular open-field, duration 3 minutes and repeated in 3 consecutive days",Defecation amount,count,Count,Not reported,Figure 5,whitlow_1978_thesis_fig5,HNoN_3_de,HLN_3_de,HNoN_HLN_3_de,Dependent,No,Positive,,1.14,1.0677,20,0.23874497795765257,,2.8604,1.6913,20,0.37818617703453944,,"Figure only showed mean, imputated sd=SQRT(mean) as are counts in a certain tine","The author stated ""hooded rat,"" we assumed ""lister rat"". ""Foster mothers with no noise exposure. We also used the HNoN control, which were manipulated the same way as the noise treatment, but no noise..."". In the pilot they used a ""2 . 5 KHz tone of 3 second duration at  an intensity of 85 dB (re 20 4 N/m~)."" so we assumed they used the same for the actual experiment",,,,,,,yes,adjust comments text,,,FALSE,FALSE,FALSE,FALSE,TRUE,TRUE,FALSE,whitlow_1978_thesis_ex022,FALSE,FALSE,FALSE,FALSE,TRUE,TRUE,0.906744038411518,0.033650599710504006
whitlow_1978_thesis,ex021,con018,out058,es112,Yes,"They had two experimental groups, 65dB and 85dB, they did 3 trials, one per day of the OFT",THE EFFECT OF SOUND STIMULATION DURING GESTATION  ON THE BEHAVIOR OF RAT OFFSPRING,,Thesis,,Rattus norvegicus,hooded rat,Lister rat,,not reported,"mid, late",day 12-19,8,Intermitent,0.005,18 seconds per day. It was a tone,White noise,Audible,85,2500,Unclear,,undisturbed controls,male,25,,Cross-Fostered,,Anxiety,Open Field Test (OFT),"Circular open-field, duration 3 minutes and repeated in 3 consecutive days",Sections crossed,count,Count,Not reported,Figure 2,whitlow_1978_thesis_fig2,C_1_sq,HN_1_sq,C_HN_1_sq,Dependent,Yes,Negative,,45.7671,6.7651,20,1.5127223474583826,,71.2285,8.4397,20,1.8871742909704974,,"Figure only showed mean, imputated sd=SQRT(mean) as are counts in a certain tine","The author stated ""hooded rat,"" we assumed ""lister rat"". ""Foster mothers with no noise exposure. We also used the HNoN control, which were manipulated the same way as the noise treatment, but no noise..."". In the pilot they used a ""2 . 5 KHz tone of 3 second duration at  an intensity of 85 dB (re 20 4 N/m~)."" so we assumed they used the same for the actual experiment",,,,,,,yes,adjust comments text,,,FALSE,FALSE,FALSE,FALSE,TRUE,TRUE,FALSE,whitlow_1978_thesis_ex021,FALSE,FALSE,FALSE,FALSE,TRUE,TRUE,-0.44213227244127584,9.187244126501103e-4
whitlow_1978_thesis,ex022,con018,out058,es113,Yes,"They had two experimental groups, 65dB and 85dB, they did 3 trials, one per day of the OFT",THE EFFECT OF SOUND STIMULATION DURING GESTATION  ON THE BEHAVIOR OF RAT OFFSPRING,,Thesis,,Rattus norvegicus,hooded rat,Lister rat,,not reported,"mid, late",day 12-19,8,Intermitent,0.005,18 seconds per day. It was a tone,White noise,Audible,65,2500,Unclear,,undisturbed controls,male,25,,Cross-Fostered,,Anxiety,Open Field Test (OFT),"Circular open-field, duration 3 minutes and repeated in 3 consecutive days",Sections crossed,count,Count,Not reported,Figure 2,whitlow_1978_thesis_fig2,C_1_sq,HLN_1_sq,C_HLN_1_sq,Dependent,Yes,Negative,,45.7671,6.7651,20,1.5127223474583826,,60.8719,7.802,20,1.7445802360453357,,"Figure only showed mean, imputated sd=SQRT(mean) as are counts in a certain tine","The author stated ""hooded rat,"" we assumed ""lister rat"". ""Foster mothers with no noise exposure. We also used the HNoN control, which were manipulated the same way as the noise treatment, but no noise..."". In the pilot they used a ""2 . 5 KHz tone of 3 second duration at  an intensity of 85 dB (re 20 4 N/m~)."" so we assumed they used the same for the actual experiment",,,,,,,yes,adjust comments text,,,FALSE,FALSE,FALSE,FALSE,TRUE,TRUE,FALSE,whitlow_1978_thesis_ex022,FALSE,FALSE,FALSE,FALSE,TRUE,TRUE,-0.2850706198520561,9.665796659311438e-4
whitlow_1978_thesis,ex021,con018,out058,es114,Yes,"They had two experimental groups, 65dB and 85dB, they did 3 trials, one per day of the OFT",THE EFFECT OF SOUND STIMULATION DURING GESTATION  ON THE BEHAVIOR OF RAT OFFSPRING,,Thesis,,Rattus norvegicus,hooded rat,Lister rat,,not reported,"mid, late",day 12-19,8,Intermitent,0.005,18 seconds per day. It was a tone,White noise,Audible,85,2500,Unclear,,undisturbed controls,male,26,,Cross-Fostered,,Anxiety,Open Field Test (OFT),"Circular open-field, duration 3 minutes and repeated in 3 consecutive days",Sections crossed,count,Count,Not reported,Figure 2,whitlow_1978_thesis_fig2,C_2_sq,HN_2_sq,C_HN_2_sq,Dependent,Yes,Negative,,31.7366,5.6335,20,1.2596888951245064,,42.8005,6.5422,20,1.4628803922399125,,"Figure only showed mean, imputated sd=SQRT(mean) as are counts in a certain tine","The author stated ""hooded rat,"" we assumed ""lister rat"". ""Foster mothers with no noise exposure. We also used the HNoN control, which were manipulated the same way as the noise treatment, but no noise..."". In the pilot they used a ""2 . 5 KHz tone of 3 second duration at  an intensity of 85 dB (re 20 4 N/m~)."" so we assumed they used the same for the actual experiment",,,,,,,yes,adjust comments text,,,FALSE,FALSE,FALSE,FALSE,TRUE,TRUE,FALSE,whitlow_1978_thesis_ex021,FALSE,FALSE,FALSE,FALSE,TRUE,TRUE,-0.29887557231283,0.001387027114766971
whitlow_1978_thesis,ex022,con018,out058,es115,Yes,"They had two experimental groups, 65dB and 85dB, they did 3 trials, one per day of the OFT",THE EFFECT OF SOUND STIMULATION DURING GESTATION  ON THE BEHAVIOR OF RAT OFFSPRING,,Thesis,,Rattus norvegicus,hooded rat,Lister rat,,not reported,"mid, late",day 12-19,8,Intermitent,0.005,18 seconds per day. It was a tone,White noise,Audible,65,2500,Unclear,,undisturbed controls,male,26,,Cross-Fostered,,Anxiety,Open Field Test (OFT),"Circular open-field, duration 3 minutes and repeated in 3 consecutive days",Sections crossed,count,Count,Not reported,Figure 2,whitlow_1978_thesis_fig2,C_2_sq,HLN_2_sq,C_HLN_2_sq,Dependent,Yes,Negative,,31.7366,5.6335,20,1.2596888951245064,,36.8824,6.0731,20,1.3579864434153972,,"Figure only showed mean, imputated sd=SQRT(mean) as are counts in a certain tine","The author stated ""hooded rat,"" we assumed ""lister rat"". ""Foster mothers with no noise exposure. We also used the HNoN control, which were manipulated the same way as the noise treatment, but no noise..."". In the pilot they used a ""2 . 5 KHz tone of 3 second duration at  an intensity of 85 dB (re 20 4 N/m~)."" so we assumed they used the same for the actual experiment",,,,,,,yes,adjust comments text,,,FALSE,FALSE,FALSE,FALSE,TRUE,TRUE,FALSE,whitlow_1978_thesis_ex022,FALSE,FALSE,FALSE,FALSE,TRUE,TRUE,-0.1501539890590236,0.0014696858602052819
whitlow_1978_thesis,ex021,con018,out058,es116,Yes,"They had two experimental groups, 65dB and 85dB, they did 3 trials, one per day of the OFT",THE EFFECT OF SOUND STIMULATION DURING GESTATION  ON THE BEHAVIOR OF RAT OFFSPRING,,Thesis,,Rattus norvegicus,hooded rat,Lister rat,,not reported,"mid, late",day 12-19,8,Intermitent,0.005,18 seconds per day. It was a tone,White noise,Audible,85,2500,Unclear,,undisturbed controls,male,27,,Cross-Fostered,,Anxiety,Open Field Test (OFT),"Circular open-field, duration 3 minutes and repeated in 3 consecutive days",Sections crossed,count,Count,Not reported,Figure 2,whitlow_1978_thesis_fig2,C_3_sq,HN_3_sq,C_HN_3_sq,Dependent,Yes,Negative,,19.1201,4.3726,20,0.9777430838415581,,26.7371,5.1708,20,1.156226029805591,,"Figure only showed mean, imputated sd=SQRT(mean) as are counts in a certain tine","The author stated ""hooded rat,"" we assumed ""lister rat"". ""Foster mothers with no noise exposure. We also used the HNoN control, which were manipulated the same way as the noise treatment, but no noise..."". In the pilot they used a ""2 . 5 KHz tone of 3 second duration at  an intensity of 85 dB (re 20 4 N/m~)."" so we assumed they used the same for the actual experiment",,,,,,,yes,adjust comments text,,,FALSE,FALSE,FALSE,FALSE,TRUE,TRUE,FALSE,whitlow_1978_thesis_ex021,FALSE,FALSE,FALSE,FALSE,TRUE,TRUE,-0.3349395167377667,0.0022736724322598026
whitlow_1978_thesis,ex022,con018,out058,es117,Yes,"They had two experimental groups, 65dB and 85dB, they did 3 trials, one per day of the OFT",THE EFFECT OF SOUND STIMULATION DURING GESTATION  ON THE BEHAVIOR OF RAT OFFSPRING,,Thesis,,Rattus norvegicus,hooded rat,Lister rat,,not reported,"mid, late",day 12-19,8,Intermitent,0.005,18 seconds per day. It was a tone,White noise,Audible,65,2500,Unclear,,undisturbed controls,male,27,,Cross-Fostered,,Anxiety,Open Field Test (OFT),"Circular open-field, duration 3 minutes and repeated in 3 consecutive days",Sections crossed,count,Count,Not reported,Figure 2,whitlow_1978_thesis_fig2,C_3_sq,HLN_3_sq,C_HLN_3_sq,Dependent,Yes,Negative,,19.1201,4.3726,20,0.9777430838415581,,15.7464,3.9682,20,0.8873164948314665,,"Figure only showed mean, imputated sd=SQRT(mean) as are counts in a certain tine","The author stated ""hooded rat,"" we assumed ""lister rat"". ""Foster mothers with no noise exposure. We also used the HNoN control, which were manipulated the same way as the noise treatment, but no noise..."". In the pilot they used a ""2 . 5 KHz tone of 3 second duration at  an intensity of 85 dB (re 20 4 N/m~)."" so we assumed they used the same for the actual experiment",,,,,,,yes,adjust comments text,,,FALSE,FALSE,FALSE,FALSE,TRUE,TRUE,FALSE,whitlow_1978_thesis_ex022,FALSE,FALSE,FALSE,FALSE,TRUE,TRUE,0.1938481766910394,0.0029087685888493937
whitlow_1978_thesis,ex021,con018,out059,es118,Yes,"They had two experimental groups, 65dB and 85dB, they did 3 trials, one per day of the OFT",THE EFFECT OF SOUND STIMULATION DURING GESTATION  ON THE BEHAVIOR OF RAT OFFSPRING,,Thesis,,Rattus norvegicus,hooded rat,Lister rat,,not reported,"mid, late",day 12-19,8,Intermitent,0.005,18 seconds per day. It was a tone,White noise,Audible,85,2500,Unclear,,undisturbed controls,male,25,,Cross-Fostered,,Anxiety,Open Field Test (OFT),"Circular open-field, duration 3 minutes and repeated in 3 consecutive days",Grooming frequency,count,Count,Not reported,Figure 4,whitlow_1978_thesis_fig4,C_1_gr,HN_1_gr,C_HN_1_gr,Dependent,No,Positive,,4.0526,2.0131,20,0.45014284455048265,,3.6809,1.9186,20,0.42901200216310964,,"Figure only showed mean, imputated sd=SQRT(mean) as are counts in a certain tine","The author stated ""hooded rat,"" we assumed ""lister rat"". ""Foster mothers with no noise exposure. We also used the HNoN control, which were manipulated the same way as the noise treatment, but no noise..."". In the pilot they used a ""2 . 5 KHz tone of 3 second duration at  an intensity of 85 dB (re 20 4 N/m~)."" so we assumed they used the same for the actual experiment",,,,,,,yes,adjust comments text,,,FALSE,FALSE,FALSE,FALSE,TRUE,TRUE,FALSE,whitlow_1978_thesis_ex021,FALSE,FALSE,FALSE,FALSE,TRUE,TRUE,-0.09557814934087412,0.012975877686274931
whitlow_1978_thesis,ex022,con018,out059,es119,Yes,"They had two experimental groups, 65dB and 85dB, they did 3 trials, one per day of the OFT",THE EFFECT OF SOUND STIMULATION DURING GESTATION  ON THE BEHAVIOR OF RAT OFFSPRING,,Thesis,,Rattus norvegicus,hooded rat,Lister rat,,not reported,"mid, late",day 12-19,8,Intermitent,0.005,18 seconds per day. It was a tone,White noise,Audible,65,2500,Unclear,,undisturbed controls,male,25,,Cross-Fostered,,Anxiety,Open Field Test (OFT),"Circular open-field, duration 3 minutes and repeated in 3 consecutive days",Grooming frequency,count,Count,Not reported,Figure 4,whitlow_1978_thesis_fig4,C_1_gr,HLN_1_gr,C_HLN_1_gr,Dependent,No,Positive,,4.0526,2.0131,20,0.45014284455048265,,3.708,1.9256,20,0.4305772497473595,,"Figure only showed mean, imputated sd=SQRT(mean) as are counts in a certain tine","The author stated ""hooded rat,"" we assumed ""lister rat"". ""Foster mothers with no noise exposure. We also used the HNoN control, which were manipulated the same way as the noise treatment, but no noise..."". In the pilot they used a ""2 . 5 KHz tone of 3 second duration at  an intensity of 85 dB (re 20 4 N/m~)."" so we assumed they used the same for the actual experiment",,,,,,,yes,adjust comments text,,,FALSE,FALSE,FALSE,FALSE,TRUE,TRUE,FALSE,whitlow_1978_thesis_ex022,FALSE,FALSE,FALSE,FALSE,TRUE,TRUE,-0.08829277722945213,0.012923629038084607
whitlow_1978_thesis,ex021,con018,out059,es120,Yes,"They had two experimental groups, 65dB and 85dB, they did 3 trials, one per day of the OFT",THE EFFECT OF SOUND STIMULATION DURING GESTATION  ON THE BEHAVIOR OF RAT OFFSPRING,,Thesis,,Rattus norvegicus,hooded rat,Lister rat,,not reported,"mid, late",day 12-19,8,Intermitent,0.005,18 seconds per day. It was a tone,White noise,Audible,85,2500,Unclear,,undisturbed controls,male,26,,Cross-Fostered,,Anxiety,Open Field Test (OFT),"Circular open-field, duration 3 minutes and repeated in 3 consecutive days",Grooming frequency,count,Count,Not reported,Figure 4,whitlow_1978_thesis_fig4,C_2_gr,HN_2_gr,C_HN_2_gr,Dependent,No,Positive,,3.5127,1.8742,20,0.4190838603430106,,5.6705,2.3813,20,0.5324748674820249,,"Figure only showed mean, imputated sd=SQRT(mean) as are counts in a certain tine","The author stated ""hooded rat,"" we assumed ""lister rat"". ""Foster mothers with no noise exposure. We also used the HNoN control, which were manipulated the same way as the noise treatment, but no noise..."". In the pilot they used a ""2 . 5 KHz tone of 3 second duration at  an intensity of 85 dB (re 20 4 N/m~)."" so we assumed they used the same for the actual experiment",,,,,,,yes,adjust comments text,,,FALSE,FALSE,FALSE,FALSE,TRUE,TRUE,FALSE,whitlow_1978_thesis_ex021,FALSE,FALSE,FALSE,FALSE,TRUE,TRUE,0.47618429493802694,0.011848382615580928
whitlow_1978_thesis,ex022,con018,out059,es121,Yes,"They had two experimental groups, 65dB and 85dB, they did 3 trials, one per day of the OFT",THE EFFECT OF SOUND STIMULATION DURING GESTATION  ON THE BEHAVIOR OF RAT OFFSPRING,,Thesis,,Rattus norvegicus,hooded rat,Lister rat,,not reported,"mid, late",day 12-19,8,Intermitent,0.005,18 seconds per day. It was a tone,White noise,Audible,65,2500,Unclear,,undisturbed controls,male,26,,Cross-Fostered,,Anxiety,Open Field Test (OFT),"Circular open-field, duration 3 minutes and repeated in 3 consecutive days",Grooming frequency,count,Count,Not reported,Figure 4,whitlow_1978_thesis_fig4,C_2_gr,HLN_2_gr,C_HLN_2_gr,Dependent,No,Positive,,3.5127,1.8742,20,0.4190838603430106,,4.8023,2.1914,20,0.49001193658930386,,"Figure only showed mean, imputated sd=SQRT(mean) as are counts in a certain tine","The author stated ""hooded rat,"" we assumed ""lister rat"". ""Foster mothers with no noise exposure. We also used the HNoN control, which were manipulated the same way as the noise treatment, but no noise..."". In the pilot they used a ""2 . 5 KHz tone of 3 second duration at  an intensity of 85 dB (re 20 4 N/m~)."" so we assumed they used the same for the actual experiment",,,,,,,yes,adjust comments text,,,FALSE,FALSE,FALSE,FALSE,TRUE,TRUE,FALSE,whitlow_1978_thesis_ex022,FALSE,FALSE,FALSE,FALSE,TRUE,TRUE,0.31079888273330697,0.012471748101514253
whitlow_1978_thesis,ex021,con018,out059,es122,Yes,"They had two experimental groups, 65dB and 85dB, they did 3 trials, one per day of the OFT",THE EFFECT OF SOUND STIMULATION DURING GESTATION  ON THE BEHAVIOR OF RAT OFFSPRING,,Thesis,,Rattus norvegicus,hooded rat,Lister rat,,not reported,"mid, late",day 12-19,8,Intermitent,0.005,18 seconds per day. It was a tone,White noise,Audible,85,2500,Unclear,,undisturbed controls,male,27,,Cross-Fostered,,Anxiety,Open Field Test (OFT),"Circular open-field, duration 3 minutes and repeated in 3 consecutive days",Grooming frequency,count,Count,Not reported,Figure 4,whitlow_1978_thesis_fig4,C_3_gr,HN_3_gr,C_HN_3_gr,Dependent,No,Positive,,3.8478,1.9616,20,0.4386270944663587,,3.6899,1.9209,20,0.4295262977979346,,"Figure only showed mean, imputated sd=SQRT(mean) as are counts in a certain tine","The author stated ""hooded rat,"" we assumed ""lister rat"". ""Foster mothers with no noise exposure. We also used the HNoN control, which were manipulated the same way as the noise treatment, but no noise..."". In the pilot they used a ""2 . 5 KHz tone of 3 second duration at  an intensity of 85 dB (re 20 4 N/m~)."" so we assumed they used the same for the actual experiment",,,,,,,yes,adjust comments text,,,FALSE,FALSE,FALSE,FALSE,TRUE,TRUE,FALSE,whitlow_1978_thesis_ex021,FALSE,FALSE,FALSE,FALSE,TRUE,TRUE,-0.041624372017293756,0.013275425271972837
whitlow_1978_thesis,ex022,con018,out059,es123,Yes,"They had two experimental groups, 65dB and 85dB, they did 3 trials, one per day of the OFT",THE EFFECT OF SOUND STIMULATION DURING GESTATION  ON THE BEHAVIOR OF RAT OFFSPRING,,Thesis,,Rattus norvegicus,hooded rat,Lister rat,,not reported,"mid, late",day 12-19,8,Intermitent,0.005,18 seconds per day. It was a tone,White noise,Audible,65,2500,Unclear,,undisturbed controls,male,27,,Cross-Fostered,,Anxiety,Open Field Test (OFT),"Circular open-field, duration 3 minutes and repeated in 3 consecutive days",Grooming frequency,count,Count,Not reported,Figure 4,whitlow_1978_thesis_fig4,C_3_gr,HLN_3_gr,C_HLN_3_gr,Dependent,No,Positive,,3.8478,1.9616,20,0.4386270944663587,,3.0749,1.7535,20,0.3920945198545881,,"Figure only showed mean, imputated sd=SQRT(mean) as are counts in a certain tine","The author stated ""hooded rat,"" we assumed ""lister rat"". ""Foster mothers with no noise exposure. We also used the HNoN control, which were manipulated the same way as the noise treatment, but no noise..."". In the pilot they used a ""2 . 5 KHz tone of 3 second duration at  an intensity of 85 dB (re 20 4 N/m~)."" so we assumed they used the same for the actual experiment",,,,,,,yes,adjust comments text,,,FALSE,FALSE,FALSE,FALSE,TRUE,TRUE,FALSE,whitlow_1978_thesis_ex022,FALSE,FALSE,FALSE,FALSE,TRUE,TRUE,-0.22259653960764156,0.014718725886544918
whitlow_1978_thesis,ex021,con018,out060,es124,Yes,"They had two experimental groups, 65dB and 85dB, they did 3 trials, one per day of the OFT",THE EFFECT OF SOUND STIMULATION DURING GESTATION  ON THE BEHAVIOR OF RAT OFFSPRING,,Thesis,,Rattus norvegicus,hooded rat,Lister rat,,not reported,"mid, late",day 12-19,8,Intermitent,0.005,18 seconds per day. It was a tone,White noise,Audible,85,2500,Unclear,,undisturbed controls,male,25,,Cross-Fostered,,Anxiety,Open Field Test (OFT),"Circular open-field, duration 3 minutes and repeated in 3 consecutive days",Defecation amount,count,Count,Not reported,Figure 5,whitlow_1978_thesis_fig5,C_1_de,HN_1_de,C_HN_1_de,Dependent,No,Positive,,2.3849,1.5443,20,0.3453159777652925,,2.3777,1.542,20,0.3448016821304676,,"Figure only showed mean, imputated sd=SQRT(mean) as are counts in a certain tine","The author stated ""hooded rat,"" we assumed ""lister rat"". ""Foster mothers with no noise exposure. We also used the HNoN control, which were manipulated the same way as the noise treatment, but no noise..."". In the pilot they used a ""2 . 5 KHz tone of 3 second duration at  an intensity of 85 dB (re 20 4 N/m~)."" so we assumed they used the same for the actual experiment",,,,,,,yes,adjust comments text,,,FALSE,FALSE,FALSE,FALSE,TRUE,TRUE,FALSE,whitlow_1978_thesis_ex021,FALSE,FALSE,FALSE,FALSE,TRUE,TRUE,-0.002991370176290052,0.020997125252224705
whitlow_1978_thesis,ex022,con018,out060,es125,Yes,"They had two experimental groups, 65dB and 85dB, they did 3 trials, one per day of the OFT",THE EFFECT OF SOUND STIMULATION DURING GESTATION  ON THE BEHAVIOR OF RAT OFFSPRING,,Thesis,,Rattus norvegicus,hooded rat,Lister rat,,not reported,"mid, late",day 12-19,8,Intermitent,0.005,18 seconds per day. It was a tone,White noise,Audible,65,2500,Unclear,,undisturbed controls,male,25,,Cross-Fostered,,Anxiety,Open Field Test (OFT),"Circular open-field, duration 3 minutes and repeated in 3 consecutive days",Defecation amount,count,Count,Not reported,Figure 5,whitlow_1978_thesis_fig5,C_1_de,HLN_1_de,C_HLN_1_de,Dependent,No,Positive,,2.3849,1.5443,20,0.3453159777652925,,2.0226,1.4222,20,0.31801358776002003,,"Figure only showed mean, imputated sd=SQRT(mean) as are counts in a certain tine","The author stated ""hooded rat,"" we assumed ""lister rat"". ""Foster mothers with no noise exposure. We also used the HNoN control, which were manipulated the same way as the noise treatment, but no noise..."". In the pilot they used a ""2 . 5 KHz tone of 3 second duration at  an intensity of 85 dB (re 20 4 N/m~)."" so we assumed they used the same for the actual experiment",,,,,,,yes,adjust comments text,,,FALSE,FALSE,FALSE,FALSE,TRUE,TRUE,FALSE,whitlow_1978_thesis_ex022,FALSE,FALSE,FALSE,FALSE,TRUE,TRUE,-0.1628951859972784,0.022920451219039562
whitlow_1978_thesis,ex021,con018,out060,es126,Yes,"They had two experimental groups, 65dB and 85dB, they did 3 trials, one per day of the OFT",THE EFFECT OF SOUND STIMULATION DURING GESTATION  ON THE BEHAVIOR OF RAT OFFSPRING,,Thesis,,Rattus norvegicus,hooded rat,Lister rat,,not reported,"mid, late",day 12-19,8,Intermitent,0.005,18 seconds per day. It was a tone,White noise,Audible,85,2500,Unclear,,undisturbed controls,male,26,,Cross-Fostered,,Anxiety,Open Field Test (OFT),"Circular open-field, duration 3 minutes and repeated in 3 consecutive days",Defecation amount,count,Count,Not reported,Figure 5,whitlow_1978_thesis_fig5,C_2_de,HN_2_de,C_HN_2_de,Dependent,No,Positive,,1.5268,1.2357,20,0.276310919979649,,1.9827,1.4081,20,0.31486073191174535,,"Figure only showed mean, imputated sd=SQRT(mean) as are counts in a certain tine","The author stated ""hooded rat,"" we assumed ""lister rat"". ""Foster mothers with no noise exposure. We also used the HNoN control, which were manipulated the same way as the noise treatment, but no noise..."". In the pilot they used a ""2 . 5 KHz tone of 3 second duration at  an intensity of 85 dB (re 20 4 N/m~)."" so we assumed they used the same for the actual experiment",,,,,,,yes,adjust comments text,,,FALSE,FALSE,FALSE,FALSE,TRUE,TRUE,FALSE,whitlow_1978_thesis_ex021,FALSE,FALSE,FALSE,FALSE,TRUE,TRUE,0.25751909615366875,0.029230882451296163
whitlow_1978_thesis,ex022,con018,out060,es127,Yes,"They had two experimental groups, 65dB and 85dB, they did 3 trials, one per day of the OFT",THE EFFECT OF SOUND STIMULATION DURING GESTATION  ON THE BEHAVIOR OF RAT OFFSPRING,,Thesis,,Rattus norvegicus,hooded rat,Lister rat,,not reported,"mid, late",day 12-19,8,Intermitent,0.005,18 seconds per day. It was a tone,White noise,Audible,65,2500,Unclear,,undisturbed controls,male,26,,Cross-Fostered,,Anxiety,Open Field Test (OFT),"Circular open-field, duration 3 minutes and repeated in 3 consecutive days",Defecation amount,count,Count,Not reported,Figure 5,whitlow_1978_thesis_fig5,C_2_de,HLN_2_de,C_HLN_2_de,Dependent,No,Positive,,1.5268,1.2357,20,0.276310919979649,,1.8311,1.3532,20,0.30258471871527154,,"Figure only showed mean, imputated sd=SQRT(mean) as are counts in a certain tine","The author stated ""hooded rat,"" we assumed ""lister rat"". ""Foster mothers with no noise exposure. We also used the HNoN control, which were manipulated the same way as the noise treatment, but no noise..."". In the pilot they used a ""2 . 5 KHz tone of 3 second duration at  an intensity of 85 dB (re 20 4 N/m~)."" so we assumed they used the same for the actual experiment",,,,,,,yes,adjust comments text,,,FALSE,FALSE,FALSE,FALSE,TRUE,TRUE,FALSE,whitlow_1978_thesis_ex022,FALSE,FALSE,FALSE,FALSE,TRUE,TRUE,0.17902043472123896,0.030152802015421802
whitlow_1978_thesis,ex021,con018,out060,es128,Yes,"They had two experimental groups, 65dB and 85dB, they did 3 trials, one per day of the OFT",THE EFFECT OF SOUND STIMULATION DURING GESTATION  ON THE BEHAVIOR OF RAT OFFSPRING,,Thesis,,Rattus norvegicus,hooded rat,Lister rat,,not reported,"mid, late",day 12-19,8,Intermitent,0.005,18 seconds per day. It was a tone,White noise,Audible,85,2500,Unclear,,undisturbed controls,male,27,,Cross-Fostered,,Anxiety,Open Field Test (OFT),"Circular open-field, duration 3 minutes and repeated in 3 consecutive days",Defecation amount,count,Count,Not reported,Figure 5,whitlow_1978_thesis_fig5,C_3_de,HN_3_de,C_HN_3_de,Dependent,No,Positive,,2.775,1.6658,20,0.37248420369191493,,2.5731,1.6041,20,0.3586876642707413,,"Figure only showed mean, imputated sd=SQRT(mean) as are counts in a certain tine","The author stated ""hooded rat,"" we assumed ""lister rat"". ""Foster mothers with no noise exposure. We also used the HNoN control, which were manipulated the same way as the noise treatment, but no noise..."". In the pilot they used a ""2 . 5 KHz tone of 3 second duration at  an intensity of 85 dB (re 20 4 N/m~)."" so we assumed they used the same for the actual experiment",,,,,,,yes,adjust comments text,,,FALSE,FALSE,FALSE,FALSE,TRUE,TRUE,FALSE,whitlow_1978_thesis_ex021,FALSE,FALSE,FALSE,FALSE,TRUE,TRUE,-0.07483195436684123,0.01873806361630443
whitlow_1978_thesis,ex022,con018,out060,es129,Yes,"They had two experimental groups, 65dB and 85dB, they did 3 trials, one per day of the OFT",THE EFFECT OF SOUND STIMULATION DURING GESTATION  ON THE BEHAVIOR OF RAT OFFSPRING,,Thesis,,Rattus norvegicus,hooded rat,Lister rat,,not reported,"mid, late",day 12-19,8,Intermitent,0.005,18 seconds per day. It was a tone,White noise,Audible,65,2500,Unclear,,undisturbed controls,male,26,,Cross-Fostered,,Anxiety,Open Field Test (OFT),"Circular open-field, duration 3 minutes and repeated in 3 consecutive days",Defecation amount,count,Count,Not reported,Figure 5,whitlow_1978_thesis_fig5,C_3_de,HLN_3_de,C_HLN_3_de,Dependent,No,Positive,,2.775,1.6658,20,0.37248420369191493,,2.8604,1.6913,20,0.37818617703453944,,"Figure only showed mean, imputated sd=SQRT(mean) as are counts in a certain tine","The author stated ""hooded rat,"" we assumed ""lister rat"". ""Foster mothers with no noise exposure. We also used the HNoN control, which were manipulated the same way as the noise treatment, but no noise..."". In the pilot they used a ""2 . 5 KHz tone of 3 second duration at  an intensity of 85 dB (re 20 4 N/m~)."" so we assumed they used the same for the actual experiment",,,,,,,yes,adjust comments text,,,FALSE,FALSE,FALSE,FALSE,TRUE,TRUE,FALSE,whitlow_1978_thesis_ex022,FALSE,FALSE,FALSE,FALSE,TRUE,TRUE,0.030042406009465426,0.01775100777676556
abramova_2020_genpath,ex023,con019,out061,es130,No,"They had one level of exposure, and two experimental groups, female and males, and one control per group",Social and Cognitive Impairments in Rat Offspring after Ultrasound-Induced Prenatal Stress,10.1007/s10517-020-04790-0,General Pathology and Pathophysiology,Only one assay,Rattus norvegicus,albino lab rat,Sprague-Dawley,,not reported,"early, mid, late",all gestation,21,Continuous,24,Expossed to continuous variable frequencies,Ultrasound,Ultrasound,50,"20,000-45,000",Ambient sound,,"""under normal conditions without ultrasound""",male,90,3 months,none,The loudness was inferred using,Anxiety,Open Field Test (OFT),,Sections crossed,count,Count,Light phase,raw data,abramova_2020_genpath,KO-m-sq,US-m-g1-sq,KO_US_m_sq,Independent,Yes,Negative,,51.375,16.8263,8,18.1638,,56.2632,26.4614,19,6.0707,,Extracted all from raw data,Data  provided by Abramova on request,,,,,,,yes,adjust comments text,,,FALSE,FALSE,FALSE,FALSE,FALSE,FALSE,FALSE,abramova_2020_genpath_ex023,FALSE,FALSE,FALSE,FALSE,FALSE,FALSE,-0.09000564565308171,0.02505048659484778
abramova_2020_genpath,ex024,con020,out061,es131,No,"They had one level of exposure, and two experimental groups, female and males, and one control per group",Social and Cognitive Impairments in Rat Offspring after Ultrasound-Induced Prenatal Stress,10.1007/s10517-020-04790-0,General Pathology and Pathophysiology,Only one assay,Rattus norvegicus,albino lab rat,Sprague-Dawley,,not reported,"early, mid, late",all gestation,21,Continuous,24,Expossed to continuous variable frequencies,Ultrasound,Ultrasound,50,"20,000-45,000",Ambient sound,,"""under normal conditions without ultrasound""",female,90,3 months,none,,Anxiety,Open Field Test (OFT),squares crossed,Sections crossed,count,Count,Light phase,raw data,abramova_2020_genpath,CO-f-sq,US-f-g1-sq,CO_US_f_sq,Independent,Yes,Negative,,65.5,17.0042,8,23.1577,,59.625,19.4418,16,14.9063,,Extracted all from raw data,Data  provided by Abramova on request,,,,,,,yes,adjust comments text,,,FALSE,FALSE,FALSE,FALSE,FALSE,FALSE,FALSE,abramova_2020_genpath_ex024,FALSE,FALSE,FALSE,FALSE,FALSE,FALSE,0.09486489249652713,0.015069434553426745
abramova_2020_genpath,ex023,con019,out062,es132,No,"They had one level of exposure, and two experimental groups, female and males, and one control per group",Social and Cognitive Impairments in Rat Offspring after Ultrasound-Induced Prenatal Stress,10.1007/s10517-020-04790-0,General Pathology and Pathophysiology,Only one assay,Rattus norvegicus,albino lab rat,Sprague-Dawley,,not reported,"early, mid, late",all gestation,21,Continuous,24,Expossed to continuous variable frequencies,Ultrasound,Ultrasound,50,"20,000-45,000",Ambient sound,,"""under normal conditions without ultrasound""",male,90,3 months,none,,Anxiety,Open Field Test (OFT),,Rearing frequency,count,Count,Light phase,raw data,abramova_2020_genpath,KO-m-rea,US-m-g1-rea,KO_US_m_rea,Independent,Yes,Negative,,23.625,6.7387,8,8.3527,,23.5789,11.057,19,2.5367,,Extracted all from raw data,Data  provided by Abramova on request,,,,,,,yes,adjust comments text,,,FALSE,FALSE,FALSE,FALSE,FALSE,FALSE,FALSE,abramova_2020_genpath_ex023,FALSE,FALSE,FALSE,FALSE,FALSE,FALSE,0.0012513289206046415,0.02174369118812252
abramova_2020_genpath,ex024,con020,out062,es133,No,"They had one level of exposure, and two experimental groups, female and males, and one control per group",Social and Cognitive Impairments in Rat Offspring after Ultrasound-Induced Prenatal Stress,10.1007/s10517-020-04790-0,General Pathology and Pathophysiology,Only one assay,Rattus norvegicus,albino lab rat,Sprague-Dawley,,not reported,"early, mid, late",all gestation,21,Continuous,24,Expossed to continuous variable frequencies,Ultrasound,Ultrasound,50,"20,000-45,000",Ambient sound,,"""under normal conditions without ultrasound""",female,90,3 months,none,,Anxiety,Open Field Test (OFT),,Rearing frequency,count,Count,Light phase,raw data,abramova_2020_genpath,CO-f-rea,US-f-g1-rea,CO_US_f_rea,Independent,Yes,Negative,,28.125,6.4683,8,9.9437,,28.1875,8.9086,16,7.0469,,Extracted all from raw data,Data  provided by Abramova on request,,,,,,,yes,adjust comments text,,,FALSE,FALSE,FALSE,FALSE,FALSE,FALSE,FALSE,abramova_2020_genpath_ex024,FALSE,FALSE,FALSE,FALSE,FALSE,FALSE,-0.0020354126919983075,0.012854471971370997
abramova_2020_genpath,ex023,con019,out063,es134,No,"They had one level of exposure, and two experimental groups, female and males, and one control per group",Social and Cognitive Impairments in Rat Offspring after Ultrasound-Induced Prenatal Stress,10.1007/s10517-020-04790-0,General Pathology and Pathophysiology,Only one assay,Rattus norvegicus,albino lab rat,Sprague-Dawley,,not reported,"early, mid, late",all gestation,21,Continuous,24,Expossed to continuous variable frequencies,Ultrasound,Ultrasound,50,"20,000-45,000",Ambient sound,,"""under normal conditions without ultrasound""",male,90,3 months,none,,Anxiety,Open Field Test (OFT),,Center entries (crossing),count,Count,Light phase,raw data,abramova_2020_genpath,KO-m-cen,US-m-g1-cen,KO_US_m_cen,Independent,Yes,Negative,,1.875,2.997,8,0.6629,,1.8421,1.4245,19,0.3268,,Extracted all from raw data,Data  provided by Abramova on request,,,,,,,yes,adjust comments text,,,FALSE,FALSE,FALSE,FALSE,FALSE,FALSE,FALSE,abramova_2020_genpath_ex023,FALSE,FALSE,FALSE,FALSE,FALSE,FALSE,0.16164584932221138,0.35083380984825646
abramova_2020_genpath,ex024,con020,out063,es135,No,"They had one level of exposure, and two experimental groups, female and males, and one control per group",Social and Cognitive Impairments in Rat Offspring after Ultrasound-Induced Prenatal Stress,10.1007/s10517-020-04790-0,General Pathology and Pathophysiology,Only one assay,Rattus norvegicus,albino lab rat,Sprague-Dawley,,not reported,"early, mid, late",all gestation,21,Continuous,24,Expossed to continuous variable frequencies,Ultrasound,Ultrasound,50,"20,000-45,000",Ambient sound,,"""under normal conditions without ultrasound""",female,90,3 months,none,,Anxiety,Open Field Test (OFT),,Center entries (crossing),count,Count,Light phase,raw data,abramova_2020_genpath,CO-f-cen,US-f-g1-cen,CO_US_f_cen,Independent,Yes,Negative,,2.75,1.8323,8,0.9723,,1.25,0.9309,16,0.3125,,Extracted all from raw data,Data  provided by Abramova on request,,,,,,,yes,adjust comments text,,,FALSE,FALSE,FALSE,FALSE,FALSE,FALSE,FALSE,abramova_2020_genpath_ex024,FALSE,FALSE,FALSE,FALSE,FALSE,FALSE,0.7988723376353446,0.09015593934214876
abramova_2020_genpath,ex023,con019,out064,es136,No,"They had one level of exposure, and two experimental groups, female and males, and one control per group",Social and Cognitive Impairments in Rat Offspring after Ultrasound-Induced Prenatal Stress,10.1007/s10517-020-04790-0,General Pathology and Pathophysiology,Only one assay,Rattus norvegicus,albino lab rat,Sprague-Dawley,,not reported,"early, mid, late",all gestation,21,Continuous,24,Expossed to continuous variable frequencies,Ultrasound,Ultrasound,50,"20,000-45,000",Ambient sound,,"""under normal conditions without ultrasound""",male,90,3 months,none,,Anxiety,Open Field Test (OFT),,Total grooming time,time,s,Light phase,raw data,abramova_2020_genpath,KO-m-grt,US-m-g1-grt,KO_US_m_grt,Independent,No,Positive,,12.5038,11.0261,8,4.4207,,33.2405,19.9724,19,4.582,,Extracted all from raw data,Data  provided by Abramova on request,,,,,,,yes,adjust comments text,,,FALSE,FALSE,FALSE,FALSE,FALSE,FALSE,FALSE,abramova_2020_genpath_ex023,FALSE,FALSE,FALSE,FALSE,FALSE,FALSE,0.9386364133481813,0.11620159473144273
abramova_2020_genpath,ex024,con020,out064,es137,No,"They had one level of exposure, and two experimental groups, female and males, and one control per group",Social and Cognitive Impairments in Rat Offspring after Ultrasound-Induced Prenatal Stress,10.1007/s10517-020-04790-0,General Pathology and Pathophysiology,Only one assay,Rattus norvegicus,albino lab rat,Sprague-Dawley,,not reported,"early, mid, late",all gestation,21,Continuous,24,Expossed to continuous variable frequencies,Ultrasound,Ultrasound,50,"20,000-45,000",Ambient sound,,"""under normal conditions without ultrasound""",female,90,3 months,none,,Anxiety,Open Field Test (OFT),,Total grooming time,time,s,Light phase,raw data,abramova_2020_genpath,CO-f-grt,US-f-g1-grt,CO_US_f_grt,Independent,No,Positive,,13.8713,13.5053,8,4.9042,,17.125,12.2961,16,4.2813,,Extracted all from raw data,Data  provided by Abramova on request,,,,,,,yes,adjust comments text,,,FALSE,FALSE,FALSE,FALSE,FALSE,FALSE,FALSE,abramova_2020_genpath_ex024,FALSE,FALSE,FALSE,FALSE,FALSE,FALSE,0.1675831338406774,0.15071275447266796
abramova_2020_genpath,ex023,con019,out065,es138,No,"They had one level of exposure, and two experimental groups, female and males, and one control per group",Social and Cognitive Impairments in Rat Offspring after Ultrasound-Induced Prenatal Stress,10.1007/s10517-020-04790-0,General Pathology and Pathophysiology,Only one assay,Rattus norvegicus,albino lab rat,Sprague-Dawley,,not reported,"early, mid, late",all gestation,21,Continuous,24,Expossed to continuous variable frequencies,Ultrasound,Ultrasound,50,"20,000-45,000",Ambient sound,,"""under normal conditions without ultrasound""",male,90,3 months,none,,Anxiety,Open Field Test (OFT),,Total freezing time,time,s,Light phase,raw data,abramova_2020_genpath,KO-m-fr,US-m-fr,KO_US_m_fr,Independent,No,Positive,,9.4775,15.5527,8,3.3508,,33.2316,43.7813,19,10.0441,,Extracted all from raw data,Data  provided by Abramova on request,,,,,,,yes,adjust comments text,,,FALSE,FALSE,FALSE,FALSE,FALSE,FALSE,FALSE,abramova_2020_genpath_ex023,FALSE,FALSE,FALSE,FALSE,FALSE,FALSE,1.1319492786435474,0.4279680884546835
abramova_2020_genpath,ex024,con020,out065,es139,No,"They had one level of exposure, and two experimental groups, female and males, and one control per group",Social and Cognitive Impairments in Rat Offspring after Ultrasound-Induced Prenatal Stress,10.1007/s10517-020-04790-0,General Pathology and Pathophysiology,Only one assay,Rattus norvegicus,albino lab rat,Sprague-Dawley,,not reported,"early, mid, late",all gestation,21,Continuous,24,Expossed to continuous variable frequencies,Ultrasound,Ultrasound,50,"20,000-45,000",Ambient sound,,"""under normal conditions without ultrasound""",female,90,3 months,none,,Anxiety,Open Field Test (OFT),,Total freezing time,time,s,Light phase,raw data,abramova_2020_genpath,CO-f-fr,US-f-g1-fr,CO_US_f_fr,Independent,No,Positive,,8.2563,21.4515,8,2.919,,32.7925,28.6499,16,8.1981,,Extracted all from raw data,Data  provided by Abramova on request,,,,,,,yes,adjust comments text,,,FALSE,FALSE,FALSE,FALSE,FALSE,FALSE,FALSE,abramova_2020_genpath_ex024,FALSE,FALSE,FALSE,FALSE,FALSE,FALSE,0.9811620465187575,0.8915353961152244
abramova_2020_genpath,ex023,con019,out066,es140,No,"They had one level of exposure, and two experimental groups, female and males, and one control per group",Social and Cognitive Impairments in Rat Offspring after Ultrasound-Induced Prenatal Stress,10.1007/s10517-020-04790-0,General Pathology and Pathophysiology,Only one assay,Rattus norvegicus,albino lab rat,Sprague-Dawley,,not reported,"early, mid, late",all gestation,21,Continuous,24,Expossed to continuous variable frequencies,Ultrasound,Ultrasound,50,"20,000-45,000",Ambient sound,,"""under normal conditions without ultrasound""",male,90,3 months,none,,Anxiety,Open Field Test (OFT),,Grooming frequency,count,Count,Light phase,raw data,abramova_2020_genpath,KO-m-grf,US-m-g1-grf,KO_US_m_grf,Independent,No,Positive,,4.625,3.7009,8,1.6352,,4.2105,2.1751,19,0.499,,Extracted all from raw data,Data  provided by Abramova on request,,,,,,,yes,adjust comments text,,,FALSE,FALSE,FALSE,FALSE,FALSE,FALSE,FALSE,abramova_2020_genpath_ex023,FALSE,FALSE,FALSE,FALSE,FALSE,FALSE,-0.12689167231612247,0.09408443362531446
abramova_2020_genpath,ex024,con020,out066,es141,No,"They had one level of exposure, and two experimental groups, female and males, and one control per group",Social and Cognitive Impairments in Rat Offspring after Ultrasound-Induced Prenatal Stress,10.1007/s10517-020-04790-0,General Pathology and Pathophysiology,Only one assay,Rattus norvegicus,albino lab rat,Sprague-Dawley,,not reported,"early, mid, late",all gestation,21,Continuous,24,Expossed to continuous variable frequencies,Ultrasound,Ultrasound,50,"20,000-45,000",Ambient sound,,"""under normal conditions without ultrasound""",female,90,3 months,none,,Anxiety,Open Field Test (OFT),,Grooming frequency,count,Count,Light phase,raw data,abramova_2020_genpath,CO-f-grf,US-f-g1-grf,KO_US_f_grf,Independent,No,Positive,,2.875,1.8077,8,1.0165,,3,1.3663,16,0.75,,Extracted all from raw data,Data  provided by Abramova on request,,,,,,,yes,adjust comments text,,,FALSE,FALSE,FALSE,FALSE,FALSE,FALSE,FALSE,abramova_2020_genpath_ex024,FALSE,FALSE,FALSE,FALSE,FALSE,FALSE,0.02433236829094723,0.062381932394586226
abramova_2020_genpath,ex023,con019,out067,es142,No,"They had one level of exposure, and two experimental groups, female and males, and one control per group",Social and Cognitive Impairments in Rat Offspring after Ultrasound-Induced Prenatal Stress,10.1007/s10517-020-04790-0,General Pathology and Pathophysiology,Only one assay,Rattus norvegicus,albino lab rat,Sprague-Dawley,,not reported,"early, mid, late",all gestation,21,Continuous,24,Expossed to continuous variable frequencies,Ultrasound,Ultrasound,50,"20,000-45,000",Ambient sound,,"""under normal conditions without ultrasound""",male,90,3 months,none,,Anxiety,Elevated Plus Maze (EPM),,Total time in dark,time,s,Light phase,raw data,abramova_2020_genpath,KO-m-grf,US-m-g1,KO_US_m_d,Independent,No,Positive,,282.218,17.0866,20,63.1059,,253.7111,39.4675,19,9.0545,,Extracted all from raw data,Data  provided by Abramova on request,,,,,,,yes,adjust comments text,,,FALSE,FALSE,FALSE,FALSE,FALSE,FALSE,FALSE,abramova_2020_genpath_ex023,FALSE,FALSE,FALSE,FALSE,FALSE,FALSE,-0.10593842313922792,0.0014569186780402988
abramova_2020_genpath,ex024,con020,out067,es143,No,"They had one level of exposure, and two experimental groups, female and males, and one control per group",Social and Cognitive Impairments in Rat Offspring after Ultrasound-Induced Prenatal Stress,10.1007/s10517-020-04790-0,General Pathology and Pathophysiology,Only one assay,Rattus norvegicus,albino lab rat,Sprague-Dawley,,not reported,"early, mid, late",all gestation,21,Continuous,24,Expossed to continuous variable frequencies,Ultrasound,Ultrasound,50,"20,000-45,000",Ambient sound,,"""under normal conditions without ultrasound""",female,90,3 months,none,,Anxiety,Elevated Plus Maze (EPM),,Total time in dark,time,s,Light phase,raw data,abramova_2020_genpath,CO-f-grf,US-f-g1,CO_US_f_d,Independent,No,Positive,,270.4478,23.5988,18,63.7452,,242.4406,43.8737,16,10.9684,,Extracted all from raw data,Data  provided by Abramova on request,,,,,,,yes,adjust comments text,,,FALSE,FALSE,FALSE,FALSE,FALSE,FALSE,FALSE,abramova_2020_genpath_ex024,FALSE,FALSE,FALSE,FALSE,FALSE,FALSE,-0.10851046607493844,0.0024698115181200544
abramova_2020_genpath,ex023,con019,out068,es144,No,"They had one level of exposure, and two experimental groups, female and males, and one control per group",Social and Cognitive Impairments in Rat Offspring after Ultrasound-Induced Prenatal Stress,10.1007/s10517-020-04790-0,General Pathology and Pathophysiology,Only one assay,Rattus norvegicus,albino lab rat,Sprague-Dawley,,not reported,"early, mid, late",all gestation,21,Continuous,24,Expossed to continuous variable frequencies,Ultrasound,Ultrasound,50,"20,000-45,000",Ambient sound,,"""under normal conditions without ultrasound""",male,90,3 months,none,,Anxiety,Elevated Plus Maze (EPM),,Total time in light,time,s,Light phase,raw data,abramova_2020_genpath,KO-m-d,US-m-g1,KO_US_m_li,Independent,Yes,Negative,,15.626,16.2996,20,3.4941,,42.7837,38.8467,19,8.912,,Extracted all from raw data,Data  provided by Abramova on request,,,,,,,yes,adjust comments text,,,FALSE,FALSE,FALSE,FALSE,FALSE,FALSE,FALSE,abramova_2020_genpath_ex023,FALSE,FALSE,FALSE,FALSE,FALSE,FALSE,-1.0017145727890713,0.09779450996594
abramova_2020_genpath,ex024,con020,out068,es145,No,"They had one level of exposure, and two experimental groups, female and males, and one control per group",Social and Cognitive Impairments in Rat Offspring after Ultrasound-Induced Prenatal Stress,10.1007/s10517-020-04790-0,General Pathology and Pathophysiology,Only one assay,Rattus norvegicus,albino lab rat,Sprague-Dawley,,not reported,"early, mid, late",all gestation,21,Continuous,24,Expossed to continuous variable frequencies,Ultrasound,Ultrasound,50,"20,000-45,000",Ambient sound,,"""under normal conditions without ultrasound""",female,90,3 months,none,,Anxiety,Elevated Plus Maze (EPM),,Total time in light,time,s,Light phase,raw data,abramova_2020_genpath,KO-f-d,US-f-g1,CO_US_f_li,Independent,Yes,Negative,,26.8306,21.928,18,6.324,,49.9631,41.8416,16,10.4604,,Extracted all from raw data,Data  provided by Abramova on request,,,,,,,yes,adjust comments text,,,FALSE,FALSE,FALSE,FALSE,FALSE,FALSE,FALSE,abramova_2020_genpath_ex024,FALSE,FALSE,FALSE,FALSE,FALSE,FALSE,-0.6251041546118175,0.0809404230877527
abramova_2020_genpath,ex023,con019,out069,es146,No,"They had one level of exposure, and two experimental groups, female and males, and one control per group",Social and Cognitive Impairments in Rat Offspring after Ultrasound-Induced Prenatal Stress,10.1007/s10517-020-04790-0,General Pathology and Pathophysiology,Only one assay,Rattus norvegicus,albino lab rat,Sprague-Dawley,,not reported,"early, mid, late",all gestation,21,Continuous,24,Expossed to continuous variable frequencies,Ultrasound,Ultrasound,50,"20,000-45,000",Ambient sound,,"""under normal conditions without ultrasound""",male,90,3 months,none,,Anxiety,Elevated Plus Maze (EPM),,Center entries (crossing),count,Count,Light phase,raw data,abramova_2020_genpath,KO-m-l,US-m-g1,KO_US_m_tr,Independent,Yes,Negative,,1.95,2.0894,20,0.436,,3.7895,3.1372,19,0.7197,,Extracted all from raw data,Data  provided by Abramova on request,,,,,,,yes,adjust comments text,,,FALSE,FALSE,FALSE,FALSE,FALSE,FALSE,FALSE,abramova_2020_genpath_ex023,FALSE,FALSE,FALSE,FALSE,FALSE,FALSE,-0.6537384580192876,0.09347597023053159
abramova_2020_genpath,ex024,con020,out069,es147,No,"They had one level of exposure, and two experimental groups, female and males, and one control per group",Social and Cognitive Impairments in Rat Offspring after Ultrasound-Induced Prenatal Stress,10.1007/s10517-020-04790-0,General Pathology and Pathophysiology,Only one assay,Rattus norvegicus,albino lab rat,Sprague-Dawley,,not reported,"early, mid, late",all gestation,21,Continuous,24,Expossed to continuous variable frequencies,Ultrasound,Ultrasound,50,"20,000-45,000",Ambient sound,,"""under normal conditions without ultrasound""",female,90,3 months,none,,Anxiety,Elevated Plus Maze (EPM),,Center entries (crossing),count,Count,Light phase,raw data,abramova_2020_genpath,KO-f-l,US-f-g1,KO_US_f_tr,Independent,Yes,Negative,,4.3889,2.6153,18,1.0345,,4.6875,3.2397,16,0.8099,,Extracted all from raw data,Data  provided by Abramova on request,,,,,,,yes,adjust comments text,,,FALSE,FALSE,FALSE,FALSE,FALSE,FALSE,FALSE,abramova_2020_genpath_ex024,FALSE,FALSE,FALSE,FALSE,FALSE,FALSE,-0.07088446341333206,0.049581224651950764
abramova_2020_genpath,ex023,con019,out070,es148,No,"They had one level of exposure, and two experimental groups, female and males, and one control per group",Social and Cognitive Impairments in Rat Offspring after Ultrasound-Induced Prenatal Stress,10.1007/s10517-020-04790-0,General Pathology and Pathophysiology,Only one assay,Rattus norvegicus,albino lab rat,Sprague-Dawley,,not reported,"early, mid, late",all gestation,21,Continuous,24,Expossed to continuous variable frequencies,Ultrasound,Ultrasound,50,"20,000-45,000",Ambient sound,,"""under normal conditions without ultrasound""",male,90,3 months,none,,Anxiety,Elevated Plus Maze (EPM),,Head-out inspections,count,Count,Light phase,raw data,abramova_2020_genpath,KO-m-tr,US-m-g1,KO_US_m_ho,Independent,No,Positive,,2.9,1.2524,20,0.6485,,3.0526,2.1978,19,0.5042,,Extracted all from raw data,Data  provided by Abramova on request,,,,,,,yes,adjust comments text,,,FALSE,FALSE,FALSE,FALSE,FALSE,FALSE,FALSE,abramova_2020_genpath_ex023,FALSE,FALSE,FALSE,FALSE,FALSE,FALSE,0.060261539816625034,0.03660766528145533
abramova_2020_genpath,ex024,con020,out070,es149,No,"They had one level of exposure, and two experimental groups, female and males, and one control per group",Social and Cognitive Impairments in Rat Offspring after Ultrasound-Induced Prenatal Stress,10.1007/s10517-020-04790-0,General Pathology and Pathophysiology,Only one assay,Rattus norvegicus,albino lab rat,Sprague-Dawley,,not reported,"early, mid, late",all gestation,21,Continuous,24,Expossed to continuous variable frequencies,Ultrasound,Ultrasound,50,"20,000-45,000",Ambient sound,,"""under normal conditions without ultrasound""",female,90,3 months,none,,Anxiety,Elevated Plus Maze (EPM),,Head-out inspections,count,Count,Light phase,raw data,abramova_2020_genpath,KO-f-tr,US-f-g1,KO_US_f_ho,Independent,No,Positive,,3.7222,1.8726,18,0.8773,,3.25,1.9149,16,0.4787,,Extracted all from raw data,Data  provided by Abramova on request,,,,,,,yes,adjust comments text,,,FALSE,FALSE,FALSE,FALSE,FALSE,FALSE,FALSE,abramova_2020_genpath_ex024,FALSE,FALSE,FALSE,FALSE,FALSE,FALSE,-0.1318417809897194,0.03575835200727864
abramova_2020_genpath,ex023,con019,out071,es150,No,"They had one level of exposure, and two experimental groups, female and males, and one control per group",Social and Cognitive Impairments in Rat Offspring after Ultrasound-Induced Prenatal Stress,10.1007/s10517-020-04790-0,General Pathology and Pathophysiology,Only one assay,Rattus norvegicus,albino lab rat,Sprague-Dawley,,not reported,"early, mid, late",all gestation,21,Continuous,24,Expossed to continuous variable frequencies,Ultrasound,Ultrasound,50,"20,000-45,000",Ambient sound,,"""under normal conditions without ultrasound""",male,90,3 months,none,,Anxiety,Elevated Plus Maze (EPM),,Overhangs,count,Count,Light phase,raw data,abramova_2020_genpath,KO-m-hea,US-m-g1,KO_US_m_oh,Independent,No,Positive,,2.95,3.0517,20,0.6596,,7.1053,5.4149,19,1.2423,,Extracted all from raw data,Data  provided by Abramova on request,,,,,,,yes,adjust comments text,,,FALSE,FALSE,FALSE,FALSE,FALSE,FALSE,FALSE,abramova_2020_genpath_ex023,FALSE,FALSE,FALSE,FALSE,FALSE,FALSE,0.867566211575596,0.08407455986233196
abramova_2020_genpath,ex024,con020,out071,es151,No,"They had one level of exposure, and two experimental groups, female and males, and one control per group",Social and Cognitive Impairments in Rat Offspring after Ultrasound-Induced Prenatal Stress,10.1007/s10517-020-04790-0,General Pathology and Pathophysiology,Only one assay,Rattus norvegicus,albino lab rat,Sprague-Dawley,,not reported,"early, mid, late",all gestation,21,Continuous,24,Expossed to continuous variable frequencies,Ultrasound,Ultrasound,50,"20,000-45,000",Ambient sound,,"""under normal conditions without ultrasound""",female,90,3 months,none,,Anxiety,Elevated Plus Maze (EPM),,Overhangs,count,Count,Light phase,raw data,abramova_2020_genpath,KO-f-hea,US-f-g1,KO_US_f_oh,Independent,No,Positive,,5.7778,4.9415,18,1.3618,,8.625,6.8593,16,1.7148,,Extracted all from raw data,Data  provided by Abramova on request,,,,,,,yes,adjust comments text,,,FALSE,FALSE,FALSE,FALSE,FALSE,FALSE,FALSE,abramova_2020_genpath_ex024,FALSE,FALSE,FALSE,FALSE,FALSE,FALSE,0.4000883020476929,0.08016636227225568
abramova_2020_genpath,ex023,con019,out072,es152,No,"They had one level of exposure, and two experimental groups, female and males, and one control per group",Social and Cognitive Impairments in Rat Offspring after Ultrasound-Induced Prenatal Stress,10.1007/s10517-020-04790-0,General Pathology and Pathophysiology,Only one assay,Rattus norvegicus,albino lab rat,Sprague-Dawley,,not reported,"early, mid, late",all gestation,21,Continuous,24,Expossed to continuous variable frequencies,Ultrasound,Ultrasound,50,"20,000-45,000",Ambient sound,,"""under normal conditions without ultrasound""",male,90,3 months,none,,Anxiety,Elevated Plus Maze (EPM),,Total grooming time,time,s,Light phase,raw data,abramova_2020_genpath,KO-m-tgt,US-m-g1,KO_US_m_tgt,Independent,No,Positive,,47.411,38.3449,20,10.6014,,22.8753,20.7601,19,4.7627,,Extracted all from raw data,Data  provided by Abramova on request,,,,,,,yes,adjust comments text,,,FALSE,FALSE,FALSE,FALSE,FALSE,FALSE,FALSE,abramova_2020_genpath_ex023,FALSE,FALSE,FALSE,FALSE,FALSE,FALSE,-0.7234753961286405,0.07605422834254932
abramova_2020_genpath,ex024,con020,out072,es153,No,"They had one level of exposure, and two experimental groups, female and males, and one control per group",Social and Cognitive Impairments in Rat Offspring after Ultrasound-Induced Prenatal Stress,10.1007/s10517-020-04790-0,General Pathology and Pathophysiology,Only one assay,Rattus norvegicus,albino lab rat,Sprague-Dawley,,not reported,"early, mid, late",all gestation,21,Continuous,24,Expossed to continuous variable frequencies,Ultrasound,Ultrasound,50,"20,000-45,000",Ambient sound,,"""under normal conditions without ultrasound""",female,90,3 months,none,,Anxiety,Elevated Plus Maze (EPM),,Total grooming time,time,s,Light phase,raw data,abramova_2020_genpath,KO-f-tgt,US-f-g1,KO_US_f_tgt,Independent,No,Positive,,46.7839,44.2145,18,11.0271,,30.5488,22.0721,16,5.518,,Extracted all from raw data,Data  provided by Abramova on request,,,,,,,yes,adjust comments text,,,FALSE,FALSE,FALSE,FALSE,FALSE,FALSE,FALSE,abramova_2020_genpath_ex024,FALSE,FALSE,FALSE,FALSE,FALSE,FALSE,-0.43471056978168054,0.08224797783132914
abramova_2020_genpath,ex023,con019,out073,es154,No,"They had one level of exposure, and two experimental groups, female and males, and one control per group",Social and Cognitive Impairments in Rat Offspring after Ultrasound-Induced Prenatal Stress,10.1007/s10517-020-04790-0,General Pathology and Pathophysiology,Only one assay,Rattus norvegicus,albino lab rat,Sprague-Dawley,,not reported,"early, mid, late",all gestation,21,Continuous,24,Expossed to continuous variable frequencies,Ultrasound,Ultrasound,50,"20,000-45,000",Ambient sound,,"""under normal conditions without ultrasound""",male,90,3 months,none,,Anxiety,Elevated Plus Maze (EPM),,Rearing frequency,count,Count,Light phase,raw data,abramova_2020_genpath,KO-m-rea,US-m-g1,KO_US_m_rf,Independent,Yes,Negative,,8.25,3.8645,20,1.8448,,12.4211,5.3678,19,1.2314,,Extracted all from raw data,Data  provided by Abramova on request,,,,,,,yes,adjust comments text,,,FALSE,FALSE,FALSE,FALSE,FALSE,FALSE,FALSE,abramova_2020_genpath_ex023,FALSE,FALSE,FALSE,FALSE,FALSE,FALSE,-0.40861251592225084,0.02080028080431339
abramova_2020_genpath,ex024,con020,out073,es155,No,"They had one level of exposure, and two experimental groups, female and males, and one control per group",Social and Cognitive Impairments in Rat Offspring after Ultrasound-Induced Prenatal Stress,10.1007/s10517-020-04790-0,General Pathology and Pathophysiology,Only one assay,Rattus norvegicus,albino lab rat,Sprague-Dawley,,not reported,"early, mid, late",all gestation,21,Continuous,24,Expossed to continuous variable frequencies,Ultrasound,Ultrasound,50,"20,000-45,000",Ambient sound,,"""under normal conditions without ultrasound""",female,90,3 months,none,,Anxiety,Elevated Plus Maze (EPM),,Rearing frequency,count,Count,Light phase,raw data,abramova_2020_genpath,KO-f-rea,US-f-g1,KO_US_f_rf,Independent,Yes,Negative,,11.7222,5.4966,18,2.763,,16.9375,6.678,16,1.6695,,Extracted all from raw data,Data  provided by Abramova on request,,,,,,,yes,adjust comments text,,,FALSE,FALSE,FALSE,FALSE,FALSE,FALSE,FALSE,abramova_2020_genpath_ex024,FALSE,FALSE,FALSE,FALSE,FALSE,FALSE,-0.36679591352541435,0.02193081654136853
abramova_2020_genpath,ex023,con019,out074,es156,No,"They had one level of exposure, and two experimental groups, female and males, and one control per group",Social and Cognitive Impairments in Rat Offspring after Ultrasound-Induced Prenatal Stress,10.1007/s10517-020-04790-0,General Pathology and Pathophysiology,Only one assay,Rattus norvegicus,albino lab rat,Sprague-Dawley,,not reported,"early, mid, late",all gestation,21,Continuous,24,Expossed to continuous variable frequencies,Ultrasound,Ultrasound,50,"20,000-45,000",Ambient sound,,"""under normal conditions without ultrasound""",male,90,3 months,none,,Anxiety,Elevated Plus Maze (EPM),,Total freezing time,time,s,Light phase,raw data,abramova_2020_genpath,KO-m-rea,US-m-g1,KO_US_m_tft,Independent,No,Positive,,22.984,36.2606,20,5.1394,,6.5274,11.2848,19,2.5889,,Extracted all from raw data,Data  provided by Abramova on request,,,,,,,yes,adjust comments text,,,FALSE,FALSE,FALSE,FALSE,FALSE,FALSE,FALSE,abramova_2020_genpath_ex023,FALSE,FALSE,FALSE,FALSE,FALSE,FALSE,-1.2423592193123176,0.28175727647638227
abramova_2020_genpath,ex024,con020,out074,es157,No,"They had one level of exposure, and two experimental groups, female and males, and one control per group",Social and Cognitive Impairments in Rat Offspring after Ultrasound-Induced Prenatal Stress,10.1007/s10517-020-04790-0,General Pathology and Pathophysiology,Only one assay,Rattus norvegicus,albino lab rat,Sprague-Dawley,,not reported,"early, mid, late",all gestation,21,Continuous,24,Expossed to continuous variable frequencies,Ultrasound,Ultrasound,50,"20,000-45,000",Ambient sound,,"""under normal conditions without ultrasound""",female,90,3 months,none,,Anxiety,Elevated Plus Maze (EPM),,Total freezing time,time,s,Light phase,raw data,abramova_2020_genpath,KO-f-rea,US-f-g1,KO_US_f_tft,Independent,No,Positive,,11.1783,30.8267,18,2.6348,,11.8338,18.4115,16,4.6029,,Extracted all from raw data,Data  provided by Abramova on request,,,,,,,yes,adjust comments text,,,FALSE,FALSE,FALSE,FALSE,FALSE,FALSE,FALSE,abramova_2020_genpath_ex024,FALSE,FALSE,FALSE,FALSE,FALSE,FALSE,-0.07862123009804622,0.5737931328509353
abramova_2020_genpath,ex023,con019,out075,es158,No,"They had one level of exposure, and two experimental groups, female and males, and one control per group",Social and Cognitive Impairments in Rat Offspring after Ultrasound-Induced Prenatal Stress,10.1007/s10517-020-04790-0,General Pathology and Pathophysiology,Only one assay,Rattus norvegicus,albino lab rat,Sprague-Dawley,,not reported,"early, mid, late",all gestation,21,Continuous,24,Expossed to continuous variable frequencies,Ultrasound,Ultrasound,50,"20,000-45,000",Ambient sound,,"""under normal conditions without ultrasound""",male,90,3 months,none,,Anxiety,Elevated Plus Maze (EPM),,Grooming frequency,count,Count,Light phase,raw data,abramova_2020_genpath,KO-m-rea,US-m-g1,KO_US_m_grf,Independent,No,Positive,,3.8,2.3753,20,0.8497,,3.8421,2.5224,19,0.5787,,Extracted all from raw data,Data  provided by Abramova on request,,,,,,,yes,adjust comments text,,,FALSE,FALSE,FALSE,FALSE,FALSE,FALSE,FALSE,abramova_2020_genpath_ex023,FALSE,FALSE,FALSE,FALSE,FALSE,FALSE,0.012592386177627772,0.04222109062825981
abramova_2020_genpath,ex024,con020,out075,es159,No,"They had one level of exposure, and two experimental groups, female and males, and one control per group",Social and Cognitive Impairments in Rat Offspring after Ultrasound-Induced Prenatal Stress,10.1007/s10517-020-04790-0,General Pathology and Pathophysiology,Only one assay,Rattus norvegicus,albino lab rat,Sprague-Dawley,,not reported,"early, mid, late",all gestation,21,Continuous,24,Expossed to continuous variable frequencies,Ultrasound,Ultrasound,50,"20,000-45,000",Ambient sound,,"""under normal conditions without ultrasound""",female,90,3 months,none,,Anxiety,Elevated Plus Maze (EPM),,Grooming frequency,count,Count,Light phase,raw data,abramova_2020_genpath,KO-f-rea,US-f-g1,KO_US_f_grf,Independent,No,Positive,,4.3889,2.2528,18,1.0345,,3.5625,1.8608,16,0.4652,,Extracted all from raw data,Data  provided by Abramova on request,,,,,,,yes,adjust comments text,,,FALSE,FALSE,FALSE,FALSE,FALSE,FALSE,FALSE,abramova_2020_genpath_ex024,FALSE,FALSE,FALSE,FALSE,FALSE,FALSE,-0.20740884884535202,0.031689092157091696
abramova_2020_genpath,ex023,con019,out076,es160,No,"They had one level of exposure, and two experimental groups, female and males, and one control per group",Social and Cognitive Impairments in Rat Offspring after Ultrasound-Induced Prenatal Stress,10.1007/s10517-020-04790-0,General Pathology and Pathophysiology,Only one assay,Rattus norvegicus,albino lab rat,Sprague-Dawley,,not reported,"early, mid, late",all gestation,21,Continuous,24,Expossed to continuous variable frequencies,Ultrasound,Ultrasound,50,"20,000-45,000",Ambient sound,,"""under normal conditions without ultrasound""",male,90,3 months,none,,Depression,Forced Swimming Test (FST),,Total immobility time,time,s,Light phase,raw data,abramova_2020_genpath,con_m_inm,ex_m_inm,con_ex_m_inm,Independent,No,Positive,,247.5357,63.8354,21,54.0167,,186.3768,71.3936,19,42.7578,,Extracted all from raw data,Data  provided by Abramova on request,,,,,,,yes,adjust comments text,,,FALSE,FALSE,FALSE,FALSE,FALSE,FALSE,FALSE,abramova_2020_genpath_ex023,FALSE,FALSE,FALSE,FALSE,FALSE,FALSE,-0.28150635302863186,0.010889770173273416
abramova_2020_genpath,ex024,con020,out076,es161,No,"They had one level of exposure, and two experimental groups, female and males, and one control per group",Social and Cognitive Impairments in Rat Offspring after Ultrasound-Induced Prenatal Stress,10.1007/s10517-020-04790-0,General Pathology and Pathophysiology,Only one assay,Rattus norvegicus,albino lab rat,Sprague-Dawley,,not reported,"early, mid, late",all gestation,21,Continuous,24,Expossed to continuous variable frequencies,Ultrasound,Ultrasound,50,"20,000-45,000",Ambient sound,,"""under normal conditions without ultrasound""",female,90,3 months,none,,Depression,Forced Swimming Test (FST),,Total immobility time,time,s,Light phase,raw data,abramova_2020_genpath,con_f_inm,ex_f_inm,con_ex_f_inm,Independent,No,Positive,,179.33,56.2763,18,42.2685,,207.1638,75.8212,16,51.7909,,Extracted all from raw data,Data  provided by Abramova on request,,,,,,,yes,adjust comments text,,,FALSE,FALSE,FALSE,FALSE,FALSE,FALSE,FALSE,abramova_2020_genpath_ex024,FALSE,FALSE,FALSE,FALSE,FALSE,FALSE,0.14573260532212579,0.01384315921771604
abramova_2020_genpath,ex023,con019,out077,es162,No,"They had one level of exposure, and two experimental groups, female and males, and one control per group",Social and Cognitive Impairments in Rat Offspring after Ultrasound-Induced Prenatal Stress,10.1007/s10517-020-04790-0,General Pathology and Pathophysiology,Only one assay,Rattus norvegicus,albino lab rat,Sprague-Dawley,,not reported,"early, mid, late",all gestation,21,Continuous,24,Expossed to continuous variable frequencies,Ultrasound,Ultrasound,50,"20,000-45,000",Ambient sound,,"""under normal conditions without ultrasound""",male,90,3 months,none,,Depression,Sucrose Preference Test (SPT),,Sucrose preference index,index,%,Light phase,raw data,abramova_2020_genpath,con_m_liq,ex_m_liq,con_ex_m_liq,Independent,Yes,Negative,,52.7727,34.0695,8,18.658,,58.4183,28.588,19,13.4021,,Extracted all from raw data,Data  provided by Abramova on request,,,,,,,yes,adjust comments text,,,FALSE,FALSE,FALSE,FALSE,FALSE,FALSE,FALSE,abramova_2020_genpath_ex023,FALSE,FALSE,FALSE,FALSE,FALSE,FALSE,-0.08188818630731723,0.0647024463464225
abramova_2020_genpath,ex024,con020,out077,es163,No,"They had one level of exposure, and two experimental groups, female and males, and one control per group",Social and Cognitive Impairments in Rat Offspring after Ultrasound-Induced Prenatal Stress,10.1007/s10517-020-04790-0,General Pathology and Pathophysiology,Only one assay,Rattus norvegicus,albino lab rat,Sprague-Dawley,,not reported,"early, mid, late",all gestation,21,Continuous,24,Expossed to continuous variable frequencies,Ultrasound,Ultrasound,50,"20,000-45,000",Ambient sound,,"""under normal conditions without ultrasound""",female,90,3 months,none,,Depression,Sucrose Preference Test (SPT),,Sucrose preference index,index,%,Light phase,raw data,abramova_2020_genpath.xlsx,con_f_liq,ex_f_liq,con_ex_f_liq,Independent,Yes,Negative,,63.8303,26.4372,17,15.4811,,49.8194,33.9636,16,12.4549,,Extracted all from raw data,Data  provided by Abramova on request,,,,,,,yes,adjust comments text,,,FALSE,FALSE,FALSE,FALSE,FALSE,FALSE,FALSE,abramova_2020_genpath_ex024,FALSE,FALSE,FALSE,FALSE,FALSE,FALSE,0.23834515623753977,0.03913847503824906
abramova_2023_biopsy,ex025,con021,out078,es164,No,"They had one level of exposure, and two experimental groups, female and males, and one control per group",Blood BDNF and neuropeptide concentrations as potential biomarkers of behavioral impairments in rats with prenatal ultrasound stress experience,,Российский психиатрический журнал,,Rattus norvegicus,albino lab rat,Wistar rat,16 weeks,3 months,"Early, mid, late",all gestation,21,Continuous,24,Expossed to continuous variable frequencies,Ultrasound,Ultrasound,50,"20,000-45,000",Ambient sound,,"""all females with their pups were kept in individual cages under standard conditions without experimental intervention""",male,74,,none,,Anxiety,Open Field Test (OFT),,Sections crossed,count,Count,Light phase,paper Table 1,abramova_2023_biopsy_data.xlsx,KON_m_,PS_m_,KON_PS_m_,Independent,Yes,Negative,,51.7,8.1,9,2.7,,22.3,10.4355,10,3.3,,Mean±SEM,,,,,,,,yes,,,,FALSE,FALSE,FALSE,FALSE,FALSE,FALSE,FALSE,abramova_2023_biopsy_ex025,FALSE,FALSE,FALSE,FALSE,FALSE,FALSE,0.8312854842387754,0.024626007549744627
abramova_2023_biopsy,ex026,con022,out078,es165,No,"They had one level of exposure, and two experimental groups, female and males, and one control per group",Blood BDNF and neuropeptide concentrations as potential biomarkers of behavioral impairments in rats with prenatal ultrasound stress experience,,Российский психиатрический журнал,,Rattus norvegicus,albino lab rat,Wistar rat,16 weeks,3 months,"Early, mid, late",all gestation,21,Continuous,24,Expossed to continuous variable frequencies,Ultrasound,Ultrasound,50,"20,000-45,000",Ambient sound,,"""all females with their pups were kept in individual cages under standard conditions without experimental intervention""",female,74,,none,,Anxiety,Open Field Test (OFT),,Sections crossed,count,Count,Light phase,paper Table 1,abramova_2023_biopsy_data.xlsx,KON_f_,PS_f_,KON_PS_f_,Independent,Yes,Negative,,53.2,11.068,10,3.5,,31.1,14.425,8,5.1,,Mean±SEM,,,,,,,,yes,,,,FALSE,FALSE,FALSE,FALSE,FALSE,FALSE,FALSE,abramova_2023_biopsy_ex026,FALSE,FALSE,FALSE,FALSE,FALSE,FALSE,0.5255687844652972,0.031220139184717416
abramova_2023_biopsy,ex025,con021,out079,es166,No,"They had one level of exposure, and two experimental groups, female and males, and one control per group",Blood BDNF and neuropeptide concentrations as potential biomarkers of behavioral impairments in rats with prenatal ultrasound stress experience,,Российский психиатрический журнал,,Rattus norvegicus,albino lab rat,Wistar rat,16 weeks,3 months,"Early, mid, late",all gestation,21,Continuous,24,Expossed to continuous variable frequencies,Ultrasound,Ultrasound,50,"20,000-45,000",Ambient sound,,"""all females with their pups were kept in individual cages under standard conditions without experimental intervention""",male,74,,none,,Anxiety,Open Field Test (OFT),,Rearing frequency,count,Count,Light phase,paper Table 1,abramova_2023_biopsy_data.xlsx,KON_m_,PS_m_,KON_PS_m_,Independent,Yes,Negative,,23.4,5.1,9,1.7,,8.4,3.7947,10,1.2,,Mean±SEM,,,,,,,,yes,,,,FALSE,FALSE,FALSE,FALSE,FALSE,FALSE,FALSE,abramova_2023_biopsy_ex025,FALSE,FALSE,FALSE,FALSE,FALSE,FALSE,1.0169393935924704,0.025685766656165537
abramova_2023_biopsy,ex026,con022,out079,es167,No,"They had one level of exposure, and two experimental groups, female and males, and one control per group",Blood BDNF and neuropeptide concentrations as potential biomarkers of behavioral impairments in rats with prenatal ultrasound stress experience,,Российский психиатрический журнал,,Rattus norvegicus,albino lab rat,Wistar rat,16 weeks,3 months,"Early, mid, late",all gestation,21,Continuous,24,Expossed to continuous variable frequencies,Ultrasound,Ultrasound,50,"20,000-45,000",Ambient sound,,"""all females with their pups were kept in individual cages under standard conditions without experimental intervention""",female,74,,none,,Anxiety,Open Field Test (OFT),,Rearing frequency,count,Count,Light phase,paper Table 1,abramova_2023_biopsy_data.xlsx,KON_f_,PS_f_,KON_PS_f_,Independent,Yes,Negative,,23.4,7.9057,10,2.5,,14.1,4.8083,8,1.7,,Mean±SEM,,,,,,,,yes,,,,FALSE,FALSE,FALSE,FALSE,FALSE,FALSE,FALSE,abramova_2023_biopsy_ex026,FALSE,FALSE,FALSE,FALSE,FALSE,FALSE,0.5050002034200726,0.025950625371094438
abramova_2023_biopsy,ex025,con021,out080,es168,No,"They had one level of exposure, and two experimental groups, female and males, and one control per group",Blood BDNF and neuropeptide concentrations as potential biomarkers of behavioral impairments in rats with prenatal ultrasound stress experience,,Российский психиатрический журнал,,Rattus norvegicus,albino lab rat,Wistar rat,16 weeks,3 months,"Early, mid, late",all gestation,21,Continuous,24,Expossed to continuous variable frequencies,Ultrasound,Ultrasound,50,"20,000-45,000",Ambient sound,,"""all females with their pups were kept in individual cages under standard conditions without experimental intervention""",male,74,,none,,Anxiety,Open Field Test (OFT),,Center entries (crossing),count,Count,Light phase,paper Table 1,abramova_2023_biopsy_data.xlsx,KON_m_,PS_m_,KON_PS_m_,Independent,Yes,Negative,,2,1.7493603130956201,9,0.5831201043652067,,1,0.8600034647511502,10,0.2719569744249966,,estimated from Median(Q1;Q3),,2,1,3,0.5,0,1,yes,"adjust comments text, add Median(Q1, Q2) values",,,TRUE,TRUE,TRUE,TRUE,TRUE,TRUE,TRUE,abramova_2023_biopsy_ex025,TRUE,TRUE,TRUE,TRUE,TRUE,TRUE,0.6986705146051073,0.15896785996712068
abramova_2023_biopsy,ex026,con022,out080,es169,No,"They had one level of exposure, and two experimental groups, female and males, and one control per group",Blood BDNF and neuropeptide concentrations as potential biomarkers of behavioral impairments in rats with prenatal ultrasound stress experience,,Российский психиатрический журнал,,Rattus norvegicus,albino lab rat,Wistar rat,16 weeks,3 months,"Early, mid, late",all gestation,21,Continuous,24,Expossed to continuous variable frequencies,Ultrasound,Ultrasound,50,"20,000-45,000",Ambient sound,,"""all females with their pups were kept in individual cages under standard conditions without experimental intervention""",female,74,,none,,Anxiety,Open Field Test (OFT),,Center entries (crossing),count,Count,Light phase,paper Table 1,abramova_2023_biopsy_data.xlsx,KON_m_,PS_m_,KON_PS_m_,Independent,Yes,Negative,,2.066666666666667,1.5480062365520704,10,0.48952255396499395,,1,0.446753844743742,8,0.157951336569731,,estimated from Median(Q1;Q3),,2,1.2,3,0,0,0.5,yes,"adjust comments text, add Median(Q1, Q2) values",,,TRUE,TRUE,TRUE,TRUE,TRUE,TRUE,TRUE,abramova_2023_biopsy_ex026,TRUE,TRUE,TRUE,TRUE,TRUE,TRUE,0.7415153832368231,0.08105400915610236
abramova_2023_biopsy,ex025,con021,out081,es170,No,"They had one level of exposure, and two experimental groups, female and males, and one control per group",Blood BDNF and neuropeptide concentrations as potential biomarkers of behavioral impairments in rats with prenatal ultrasound stress experience,,Российский психиатрический журнал,,Rattus norvegicus,albino lab rat,Wistar rat,16 weeks,3 months,"Early, mid, late",all gestation,21,Continuous,24,Expossed to continuous variable frequencies,Ultrasound,Ultrasound,50,"20,000-45,000",Ambient sound,,"""all females with their pups were kept in individual cages under standard conditions without experimental intervention""",male,74,,none,,Anxiety,Open Field Test (OFT),,Total freezing time,time,s,Light phase,paper Table 1,abramova_2023_biopsy_data.xlsx,KON_f_,PS_f_,KON_PS_f_,Independent,No,Positive,,23.7,14.7,9,4.9,,80.1,61.3482,10,19.4,,Mean±SEM,,,,,,,,yes,,,,FALSE,FALSE,FALSE,FALSE,FALSE,FALSE,FALSE,abramova_2023_biopsy_ex025,FALSE,FALSE,FALSE,FALSE,FALSE,FALSE,1.2257575741830273,0.10140553386469323
abramova_2023_biopsy,ex026,con022,out081,es171,No,"They had one level of exposure, and two experimental groups, female and males, and one control per group",Blood BDNF and neuropeptide concentrations as potential biomarkers of behavioral impairments in rats with prenatal ultrasound stress experience,,Российский психиатрический журнал,,Rattus norvegicus,albino lab rat,Wistar rat,16 weeks,3 months,"Early, mid, late",all gestation,21,Continuous,24,Expossed to continuous variable frequencies,Ultrasound,Ultrasound,50,"20,000-45,000",Ambient sound,,"""all females with their pups were kept in individual cages under standard conditions without experimental intervention""",female,74,,none,,Anxiety,Open Field Test (OFT),,Total freezing time,time,s,Light phase,paper Table 1,abramova_2023_biopsy_data.xlsx,KON_m_,PS_m_,KON_PS_m_,Independent,No,Positive,,18.3,9.4868,10,3,,75.3,56.8514,8,20.1,,Mean±SEM,,,,,,,,yes,,,,FALSE,FALSE,FALSE,FALSE,FALSE,FALSE,FALSE,abramova_2023_biopsy_ex026,FALSE,FALSE,FALSE,FALSE,FALSE,FALSE,1.436768357502671,0.09812718358402256
abramova_2023_biopsy,ex025,con021,out082,es172,No,"They had one level of exposure, and two experimental groups, female and males, and one control per group",Blood BDNF and neuropeptide concentrations as potential biomarkers of behavioral impairments in rats with prenatal ultrasound stress experience,,Российский психиатрический журнал,,Rattus norvegicus,albino lab rat,Wistar rat,16 weeks,3 months,"Early, mid, late",all gestation,21,Continuous,24,Expossed to continuous variable frequencies,Ultrasound,Ultrasound,50,"20,000-45,000",Ambient sound,,"""all females with their pups were kept in individual cages under standard conditions without experimental intervention""",male,74,,none,,Anxiety,Open Field Test (OFT),,Total grooming time,time,s,Light phase,paper Table 1,abramova_2023_biopsy_data.xlsx,KON_f_,PS_f_,KON_PS_f_,Independent,No,Positive,,16.766666666666666,9.971353784645034,9,3.323784594881678,,38.699999999999996,31.47612680989209,10,9.953625263954875,,estimated from Median(Q1;Q3),,16.3,11.3,22.7,28.9,25.3,61.9,yes,"adjust comments text, add Median(Q1, Q2) values",,,TRUE,TRUE,TRUE,TRUE,TRUE,TRUE,FALSE,abramova_2023_biopsy_ex025,TRUE,TRUE,TRUE,TRUE,TRUE,TRUE,0.8498735507645938,0.10544980992468797
abramova_2023_biopsy,ex026,con022,out082,es173,No,"They had one level of exposure, and two experimental groups, female and males, and one control per group",Blood BDNF and neuropeptide concentrations as potential biomarkers of behavioral impairments in rats with prenatal ultrasound stress experience,,Российский психиатрический журнал,,Rattus norvegicus,albino lab rat,Wistar rat,16 weeks,3 months,"Early, mid, late",all gestation,21,Continuous,24,Expossed to continuous variable frequencies,Ultrasound,Ultrasound,50,"20,000-45,000",Ambient sound,,"""all females with their pups were kept in individual cages under standard conditions without experimental intervention""",female,74,,none,,Anxiety,Open Field Test (OFT),,Total grooming time,time,s,Light phase,paper Table 1,abramova_2023_biopsy_data.xlsx,KON_m_,PS_m_,KON_PS_m_,Independent,No,Positive,,26.066666666666666,5.934023906782935,10,1.8765031235324763,,24.933333333333337,19.389116861878406,8,6.8550880071263265,,estimated from Median(Q1;Q3),,24.7,23.3,30.2,24.3,14.4,36.1,yes,"adjust comments text, add Median(Q1, Q2) values",,,TRUE,TRUE,TRUE,TRUE,TRUE,TRUE,FALSE,abramova_2023_biopsy_ex026,TRUE,TRUE,TRUE,TRUE,TRUE,TRUE,-0.009247852300546533,0.0807725407326336
abramova_2023_biopsy,ex025,con021,out083,es174,No,"They had one level of exposure, and two experimental groups, female and males, and one control per group",Blood BDNF and neuropeptide concentrations as potential biomarkers of behavioral impairments in rats with prenatal ultrasound stress experience,,Российский психиатрический журнал,,Rattus norvegicus,albino lab rat,Wistar rat,16 weeks,3 months,"Early, mid, late",all gestation,21,Continuous,24,Expossed to continuous variable frequencies,Ultrasound,Ultrasound,50,"20,000-45,000",Ambient sound,,"""all females with their pups were kept in individual cages under standard conditions without experimental intervention""",male,74,,none,,Anxiety,Open Field Test (OFT),,Grooming frequency,count,Count,Light phase,paper Table 1,abramova_2023_biopsy_data.xlsx,KON_f_,PS_f_,KON_PS_f_,Independent,No,Positive,,3.3,1.8,9,0.6,,3.3,1.5811,10,0.5,,Mean±SEM,,,,,,,,yes,,,,FALSE,FALSE,FALSE,FALSE,FALSE,FALSE,FALSE,abramova_2023_biopsy_ex025,FALSE,FALSE,FALSE,FALSE,FALSE,FALSE,-0.005051068824609739,0.05601356483011938
abramova_2023_biopsy,ex026,con022,out083,es175,No,"They had one level of exposure, and two experimental groups, female and males, and one control per group",Blood BDNF and neuropeptide concentrations as potential biomarkers of behavioral impairments in rats with prenatal ultrasound stress experience,,Российский психиатрический журнал,,Rattus norvegicus,albino lab rat,Wistar rat,16 weeks,3 months,"Early, mid, late",all gestation,21,Continuous,24,Expossed to continuous variable frequencies,Ultrasound,Ultrasound,50,"20,000-45,000",Ambient sound,,"""all females with their pups were kept in individual cages under standard conditions without experimental intervention""",female,74,,none,,Anxiety,Open Field Test (OFT),,Grooming frequency,count,Count,Light phase,paper Table 1,abramova_2023_biopsy_data.xlsx,KON_m_,PS_m_,KON_PS_m_,Independent,No,Positive,,4.8,1.8974,10,0.6,,2.9,1.6971,8,0.6,,Mean±SEM,,,,,,,,yes,,,,FALSE,FALSE,FALSE,FALSE,FALSE,FALSE,FALSE,abramova_2023_biopsy_ex026,FALSE,FALSE,FALSE,FALSE,FALSE,FALSE,-0.4903137615224913,0.058433939145073666
abramova_2023_biopsy,ex025,con021,out084,es176,No,"They had one level of exposure, and two experimental groups, female and males, and one control per group",Blood BDNF and neuropeptide concentrations as potential biomarkers of behavioral impairments in rats with prenatal ultrasound stress experience,,Российский психиатрический журнал,,Rattus norvegicus,albino lab rat,Wistar rat,16 weeks,3 months,"Early, mid, late",all gestation,21,Continuous,24,Expossed to continuous variable frequencies,Ultrasound,Ultrasound,50,"20,000-45,000",Ambient sound,,"""all females with their pups were kept in individual cages under standard conditions without experimental intervention""",male,74,,none,,Anxiety,Open Field Test (OFT),,Mean grooming duration,percentage,%,Light phase,paper Table 1,abramova_2023_biopsy_data.xlsx,KON_f_,PS_f_,KON_PS_f_,Independent,No,Positive,,4.6,1.3994882504764967,9,0.4664960834921656,,0.6333333333333333,1.1180045041764952,10,0.3535440667524956,,estimated from Median(Q1;Q3),,4.6,3.8,5.4,0.6,0,1.3,yes,"adjust comments text, add Median(Q1, Q2) values",,,TRUE,TRUE,TRUE,TRUE,TRUE,TRUE,FALSE,abramova_2023_biopsy_ex025,TRUE,TRUE,TRUE,TRUE,TRUE,TRUE,-0.9981486962240699,0.08088866265428205
abramova_2023_biopsy,ex026,con022,out084,es177,No,"They had one level of exposure, and two experimental groups, female and males, and one control per group",Blood BDNF and neuropeptide concentrations as potential biomarkers of behavioral impairments in rats with prenatal ultrasound stress experience,,Российский психиатрический журнал,,Rattus norvegicus,albino lab rat,Wistar rat,16 weeks,3 months,"Early, mid, late",all gestation,21,Continuous,24,Expossed to continuous variable frequencies,Ultrasound,Ultrasound,50,"20,000-45,000",Ambient sound,,"""all females with their pups were kept in individual cages under standard conditions without experimental intervention""",female,74,,none,,Anxiety,Open Field Test (OFT),,Mean grooming duration,percentage,%,Light phase,paper Table 1,abramova_2023_biopsy_data.xlsx,KON_m_,PS_m_,KON_PS_m_,Independent,No,Positive,,6.2,3.5260142054797154,10,1.115023595142486,,0.09999999999999999,0.2680523068462452,8,0.0947708019418386,,estimated from Median(Q1;Q3),,6.5,4,8.1,0,0,0.3,yes,"adjust comments text, add Median(Q1, Q2) values",,,TRUE,TRUE,TRUE,TRUE,TRUE,TRUE,FALSE,abramova_2023_biopsy_ex026,TRUE,TRUE,TRUE,TRUE,TRUE,TRUE,-1.2685899843239428,0.017451437336172895
abramova_2023_biopsy,ex025,con021,out085,es178,No,"They had one level of exposure, and two experimental groups, female and males, and one control per group",Blood BDNF and neuropeptide concentrations as potential biomarkers of behavioral impairments in rats with prenatal ultrasound stress experience,,Российский психиатрический журнал,,Rattus norvegicus,albino lab rat,Wistar rat,16 weeks,3 months,"Early, mid, late",all gestation,21,Continuous,24,Expossed to continuous variable frequencies,Ultrasound,Ultrasound,50,"20,000-45,000",Ambient sound,,"""all females with their pups were kept in individual cages under standard conditions without experimental intervention""",male,70,,none,,Anxiety,Elevated Plus Maze (EPM),,Total time in dark,time,s,Light phase,paper Table 1,abramova_2023_biopsy_data.xlsx,KON_f_,PS_f_,KON_PS_f_,Independent,No,Positive,,264,21,9,7,,251,41.1096,10,13,,Mean±SEM,,,,,,,,yes,,,,FALSE,FALSE,FALSE,FALSE,FALSE,FALSE,FALSE,abramova_2023_biopsy_ex025,FALSE,FALSE,FALSE,FALSE,FALSE,FALSE,-0.04950644271811758,0.0033855491125721923
abramova_2023_biopsy,ex026,con022,out085,es179,No,"They had one level of exposure, and two experimental groups, female and males, and one control per group",Blood BDNF and neuropeptide concentrations as potential biomarkers of behavioral impairments in rats with prenatal ultrasound stress experience,,Российский психиатрический журнал,,Rattus norvegicus,albino lab rat,Wistar rat,16 weeks,3 months,"Early, mid, late",all gestation,21,Continuous,24,Expossed to continuous variable frequencies,Ultrasound,Ultrasound,50,"20,000-45,000",Ambient sound,,"""all females with their pups were kept in individual cages under standard conditions without experimental intervention""",female,70,,none,,Anxiety,Elevated Plus Maze (EPM),,Total time in dark,time,s,Light phase,paper Table 1,abramova_2023_biopsy_data.xlsx,KON_m_,PS_m_,KON_PS_m_,Independent,No,Positive,,269,15.8114,10,5,,266,31.1127,8,11,,Mean±SEM,,,,,,,,yes,,,,FALSE,FALSE,FALSE,FALSE,FALSE,FALSE,FALSE,abramova_2023_biopsy_ex026,FALSE,FALSE,FALSE,FALSE,FALSE,FALSE,-0.010532764811505344,0.0020555929875711305
abramova_2023_biopsy,ex025,con021,out086,es180,No,"They had one level of exposure, and two experimental groups, female and males, and one control per group",Blood BDNF and neuropeptide concentrations as potential biomarkers of behavioral impairments in rats with prenatal ultrasound stress experience,,Российский психиатрический журнал,,Rattus norvegicus,albino lab rat,Wistar rat,16 weeks,3 months,"Early, mid, late",all gestation,21,Continuous,24,Expossed to continuous variable frequencies,Ultrasound,Ultrasound,50,"20,000-45,000",Ambient sound,,"""all females with their pups were kept in individual cages under standard conditions without experimental intervention""",male,70,,none,,Anxiety,Elevated Plus Maze (EPM),,Total time in light,time,s,Light phase,paper Table 1,abramova_2023_biopsy_data.xlsx,KON_f_,PS_f_,KON_PS_f_,Independent,Yes,Negative,,32.666666666666664,28.077233025184707,9,9.359077675061569,,35.36666666666667,51.428207192118776,10,16.263027070614797,,estimated from Median(Q1;Q3),,27.1,19.4,51.5,41.9,2.2,62,yes,"adjust comments text, add Median(Q1, Q2) values",,,TRUE,TRUE,TRUE,TRUE,TRUE,TRUE,FALSE,abramova_2023_biopsy_ex025,TRUE,TRUE,TRUE,TRUE,TRUE,TRUE,-0.14409942146222543,0.2935369340050041
abramova_2023_biopsy,ex026,con022,out086,es181,No,"They had one level of exposure, and two experimental groups, female and males, and one control per group",Blood BDNF and neuropeptide concentrations as potential biomarkers of behavioral impairments in rats with prenatal ultrasound stress experience,,Российский психиатрический журнал,,Rattus norvegicus,albino lab rat,Wistar rat,16 weeks,3 months,"Early, mid, late",all gestation,21,Continuous,24,Expossed to continuous variable frequencies,Ultrasound,Ultrasound,50,"20,000-45,000",Ambient sound,,"""all females with their pups were kept in individual cages under standard conditions without experimental intervention""",female,70,,none,,Anxiety,Elevated Plus Maze (EPM),,Total time in light,time,s,Light phase,paper Table 1,abramova_2023_biopsy_data.xlsx,KON_m_,PS_m_,KON_PS_m_,Independent,Yes,Negative,,25.933333333333334,19.608078996326224,10,6.200619016889923,,32.333333333333336,28.68159683254824,8,10.140475807776731,,estimated from Median(Q1;Q3),,19.6,17.7,40.5,26.1,19.4,51.5,yes,"adjust comments text, add Median(Q1, Q2) values",,,TRUE,TRUE,TRUE,TRUE,TRUE,TRUE,FALSE,abramova_2023_biopsy_ex026,TRUE,TRUE,TRUE,TRUE,TRUE,TRUE,-0.2411652016739507,0.1555274172914364
abramova_2023_biopsy,ex025,con021,out087,es182,No,"They had one level of exposure, and two experimental groups, female and males, and one control per group",Blood BDNF and neuropeptide concentrations as potential biomarkers of behavioral impairments in rats with prenatal ultrasound stress experience,,Российский психиатрический журнал,,Rattus norvegicus,albino lab rat,Wistar rat,16 weeks,3 months,"Early, mid, late",all gestation,21,Continuous,24,Expossed to continuous variable frequencies,Ultrasound,Ultrasound,50,"20,000-45,000",Ambient sound,,"""all females with their pups were kept in individual cages under standard conditions without experimental intervention""",male,70,,none,,Anxiety,Elevated Plus Maze (EPM),,Center entries (crossing),count,Count,Light phase,paper Table 1,abramova_2023_biopsy_data.xlsx,KON_f_,PS_f_,KON_PS_f_,Independent,Yes,Negative,,6.2,3,9,1,,2.9,2.5298,10,0.8,,Mean±SEM,,,,,,,,yes,,,,FALSE,FALSE,FALSE,FALSE,FALSE,FALSE,FALSE,abramova_2023_biopsy_ex025,FALSE,FALSE,FALSE,FALSE,FALSE,FALSE,0.7347965642268814,0.10211311797980949
abramova_2023_biopsy,ex026,con022,out087,es183,No,"They had one level of exposure, and two experimental groups, female and males, and one control per group",Blood BDNF and neuropeptide concentrations as potential biomarkers of behavioral impairments in rats with prenatal ultrasound stress experience,,Российский психиатрический журнал,,Rattus norvegicus,albino lab rat,Wistar rat,16 weeks,3 months,"Early, mid, late",all gestation,21,Continuous,24,Expossed to continuous variable frequencies,Ultrasound,Ultrasound,50,"20,000-45,000",Ambient sound,,"""all females with their pups were kept in individual cages under standard conditions without experimental intervention""",female,70,,none,,Anxiety,Elevated Plus Maze (EPM),,Center entries (crossing),count,Count,Light phase,paper Table 1,abramova_2023_biopsy_data.xlsx,KON_m_,PS_m_,KON_PS_m_,Independent,Yes,Negative,,4.7,1.9606,10,0.62,,2.9,1.9799,8,0.7,,Mean±SEM,,,,,,,,yes,,,,FALSE,FALSE,FALSE,FALSE,FALSE,FALSE,FALSE,abramova_2023_biopsy_ex026,FALSE,FALSE,FALSE,FALSE,FALSE,FALSE,0.46242041793887695,0.07566535455900329
abramova_2023_biopsy,ex025,con021,out088,es184,No,"They had one level of exposure, and two experimental groups, female and males, and one control per group",Blood BDNF and neuropeptide concentrations as potential biomarkers of behavioral impairments in rats with prenatal ultrasound stress experience,,Российский психиатрический журнал,,Rattus norvegicus,albino lab rat,Wistar rat,16 weeks,3 months,"Early, mid, late",all gestation,21,Continuous,24,Expossed to continuous variable frequencies,Ultrasound,Ultrasound,50,"20,000-45,000",Ambient sound,,"""all females with their pups were kept in individual cages under standard conditions without experimental intervention""",male,70,,none,,Anxiety,Elevated Plus Maze (EPM),,Head-out inspections,count,Count,Light phase,paper Table 1,abramova_2023_biopsy_data.xlsx,KON_f_,PS_f_,KON_PS_f_,Independent,No,Positive,,1,0.01,9,0,,1,0.6020024253258051,10,0.1903698820974976,,estimated from Median(Q1;Q3),,0,0,0,0,0,0.7,yes,"adjust comments text, add Median(Q1, Q2) values",,,TRUE,TRUE,TRUE,TRUE,TRUE,TRUE,TRUE,abramova_2023_biopsy_ex025,TRUE,TRUE,TRUE,TRUE,TRUE,TRUE,0.01811479044935202,0.03625180312092627
abramova_2023_biopsy,ex026,con022,out088,es185,No,"They had one level of exposure, and two experimental groups, female and males, and one control per group",Blood BDNF and neuropeptide concentrations as potential biomarkers of behavioral impairments in rats with prenatal ultrasound stress experience,,Российский психиатрический журнал,,Rattus norvegicus,albino lab rat,Wistar rat,16 weeks,3 months,"Early, mid, late",all gestation,21,Continuous,24,Expossed to continuous variable frequencies,Ultrasound,Ultrasound,50,"20,000-45,000",Ambient sound,,"""all females with their pups were kept in individual cages under standard conditions without experimental intervention""",female,70,,none,,Anxiety,Elevated Plus Maze (EPM),,Head-out inspections,count,Count,Light phase,paper Table 1,abramova_2023_biopsy_data.xlsx,KON_m_,PS_m_,KON_PS_m_,Independent,No,Positive,,1.7333333333333334,0.6880027718009202,10,0.2175655795399973,,1,0.893507689487484,8,0.315902673139462,,estimated from Median(Q1;Q3),,2,1.2,2,1,0,1,yes,"adjust comments text, add Median(Q1, Q2) values",,,TRUE,TRUE,TRUE,TRUE,TRUE,TRUE,TRUE,abramova_2023_biopsy_ex026,TRUE,TRUE,TRUE,TRUE,TRUE,TRUE,-0.5080265473933762,0.11554941874152368
abramova_2023_biopsy,ex025,con021,out089,es186,No,"They had one level of exposure, and two experimental groups, female and males, and one control per group",Blood BDNF and neuropeptide concentrations as potential biomarkers of behavioral impairments in rats with prenatal ultrasound stress experience,,Российский психиатрический журнал,,Rattus norvegicus,albino lab rat,Wistar rat,16 weeks,3 months,"Early, mid, late",all gestation,21,Continuous,24,Expossed to continuous variable frequencies,Ultrasound,Ultrasound,50,"20,000-45,000",Ambient sound,,"""all females with their pups were kept in individual cages under standard conditions without experimental intervention""",male,70,,none,,Anxiety,Elevated Plus Maze (EPM),,Overhangs,count,Count,Light phase,paper Table 1,abramova_2023_biopsy_data.xlsx,KON_f_,PS_f_,KON_PS_f_,Independent,No,Positive,,6.7,4.5,9,1.5,,9.8,7.2732,10,2.3,,Mean±SEM,,,,,,,,yes,,,,FALSE,FALSE,FALSE,FALSE,FALSE,FALSE,FALSE,abramova_2023_biopsy_ex025,FALSE,FALSE,FALSE,FALSE,FALSE,FALSE,0.38275391403821846,0.105203152956744
abramova_2023_biopsy,ex026,con022,out089,es187,No,"They had one level of exposure, and two experimental groups, female and males, and one control per group",Blood BDNF and neuropeptide concentrations as potential biomarkers of behavioral impairments in rats with prenatal ultrasound stress experience,,Российский психиатрический журнал,,Rattus norvegicus,albino lab rat,Wistar rat,16 weeks,3 months,"Early, mid, late",all gestation,21,Continuous,24,Expossed to continuous variable frequencies,Ultrasound,Ultrasound,50,"20,000-45,000",Ambient sound,,"""all females with their pups were kept in individual cages under standard conditions without experimental intervention""",female,70,,none,,Anxiety,Elevated Plus Maze (EPM),,Overhangs,count,Count,Light phase,paper Table 1,abramova_2023_biopsy_data.xlsx,KON_m_,PS_m_,KON_PS_m_,Independent,No,Positive,,7.8,3.7947,10,1.2,,8.1,4.8083,8,1.7,,Mean±SEM,,,,,,,,yes,,,,FALSE,FALSE,FALSE,FALSE,FALSE,FALSE,FALSE,abramova_2023_biopsy_ex026,FALSE,FALSE,FALSE,FALSE,FALSE,FALSE,0.04793005797065385,0.06771590997561347
abramova_2023_biopsy,ex025,con021,out090,es188,No,"They had one level of exposure, and two experimental groups, female and males, and one control per group",Blood BDNF and neuropeptide concentrations as potential biomarkers of behavioral impairments in rats with prenatal ultrasound stress experience,,Российский психиатрический журнал,,Rattus norvegicus,albino lab rat,Wistar rat,16 weeks,3 months,"Early, mid, late",all gestation,21,Continuous,24,Expossed to continuous variable frequencies,Ultrasound,Ultrasound,50,"20,000-45,000",Ambient sound,,"""all females with their pups were kept in individual cages under standard conditions without experimental intervention""",male,70,,none,,Anxiety,Elevated Plus Maze (EPM),,Rearing frequency,count,Count,Light phase,paper Table 1,abramova_2023_biopsy_data.xlsx,KON_f_,PS_f_,KON_PS_f_,Independent,Yes,Negative,,14.9,5.4,9,1.8,,8,4.111,10,1.3,,Mean±SEM,,,,,,,,yes,,,,FALSE,FALSE,FALSE,FALSE,FALSE,FALSE,FALSE,abramova_2023_biopsy_ex025,FALSE,FALSE,FALSE,FALSE,FALSE,FALSE,0.6160132640953453,0.041000688772535585
abramova_2023_biopsy,ex026,con022,out090,es189,No,"They had one level of exposure, and two experimental groups, female and males, and one control per group",Blood BDNF and neuropeptide concentrations as potential biomarkers of behavioral impairments in rats with prenatal ultrasound stress experience,,Российский психиатрический журнал,,Rattus norvegicus,albino lab rat,Wistar rat,16 weeks,3 months,"Early, mid, late",all gestation,21,Continuous,24,Expossed to continuous variable frequencies,Ultrasound,Ultrasound,50,"20,000-45,000",Ambient sound,,"""all females with their pups were kept in individual cages under standard conditions without experimental intervention""",female,70,,none,,Anxiety,Elevated Plus Maze (EPM),,Rearing frequency,count,Count,Light phase,paper Table 1,abramova_2023_biopsy_data.xlsx,KON_m_,PS_m_,KON_PS_m_,Independent,Yes,Negative,,15.8,4.111,10,1.3,,15.2,3.9598,8,1.4,,Mean±SEM,,,,,,,,yes,,,,FALSE,FALSE,FALSE,FALSE,FALSE,FALSE,FALSE,abramova_2023_biopsy_ex026,FALSE,FALSE,FALSE,FALSE,FALSE,FALSE,0.037857756602379,0.015253265202449004
abramova_2023_biopsy,ex025,con021,out091,es190,No,"They had one level of exposure, and two experimental groups, female and males, and one control per group",Blood BDNF and neuropeptide concentrations as potential biomarkers of behavioral impairments in rats with prenatal ultrasound stress experience,,Российский психиатрический журнал,,Rattus norvegicus,albino lab rat,Wistar rat,16 weeks,3 months,"Early, mid, late",all gestation,21,Continuous,24,Expossed to continuous variable frequencies,Ultrasound,Ultrasound,50,"20,000-45,000",Ambient sound,,"""all females with their pups were kept in individual cages under standard conditions without experimental intervention""",male,70,,none,,Anxiety,Elevated Plus Maze (EPM),,Total freezing time,time,s,Light phase,paper Table 1,abramova_2023_biopsy_data.xlsx,KON_f_,PS_f_,KON_PS_f_,Independent,No,Positive,,1,0.01,9,0,,1.1333333333333333,1.978007968927645,10,0.6255010411774922,,estimated from Median(Q1;Q3),,0,0,0,1.1,0,2.3,yes,"adjust comments text, add Median(Q1, Q2) values",,,TRUE,TRUE,TRUE,TRUE,TRUE,TRUE,TRUE,abramova_2023_biopsy_ex025,TRUE,TRUE,TRUE,TRUE,TRUE,TRUE,0.27746139244287693,0.3046187211999642
abramova_2023_biopsy,ex026,con022,out091,es191,No,"They had one level of exposure, and two experimental groups, female and males, and one control per group",Blood BDNF and neuropeptide concentrations as potential biomarkers of behavioral impairments in rats with prenatal ultrasound stress experience,,Российский психиатрический журнал,,Rattus norvegicus,albino lab rat,Wistar rat,16 weeks,3 months,"Early, mid, late",all gestation,21,Continuous,24,Expossed to continuous variable frequencies,Ultrasound,Ultrasound,50,"20,000-45,000",Ambient sound,,"""all females with their pups were kept in individual cages under standard conditions without experimental intervention""",female,70,,none,,Anxiety,Elevated Plus Maze (EPM),,Total freezing time,time,s,Light phase,paper Table 1,abramova_2023_biopsy_data.xlsx,KON_m_,PS_m_,KON_PS_m_,Independent,No,Positive,,5.133333333333333,9.976040191113341,10,3.1547009033299607,,10.5,16.440541486569707,8,5.8126091857661,,estimated from Median(Q1;Q3),,3.8,0,11.6,7.3,2.9,21.3,yes,"adjust comments text, add Median(Q1, Q2) values",,,TRUE,TRUE,TRUE,TRUE,TRUE,TRUE,FALSE,abramova_2023_biopsy_ex026,TRUE,TRUE,TRUE,TRUE,TRUE,TRUE,0.6800092995517922,0.6841271525676338
abramova_2023_biopsy,ex025,con021,out092,es192,No,"They had one level of exposure, and two experimental groups, female and males, and one control per group",Blood BDNF and neuropeptide concentrations as potential biomarkers of behavioral impairments in rats with prenatal ultrasound stress experience,,Российский психиатрический журнал,,Rattus norvegicus,albino lab rat,Wistar rat,16 weeks,3 months,"Early, mid, late",all gestation,21,Continuous,24,Expossed to continuous variable frequencies,Ultrasound,Ultrasound,50,"20,000-45,000",Ambient sound,,"""all females with their pups were kept in individual cages under standard conditions without experimental intervention""",male,70,,none,,Anxiety,Elevated Plus Maze (EPM),,Total grooming time,time,s,Light phase,paper Table 1,abramova_2023_biopsy_data.xlsx,KON_f_,PS_f_,KON_PS_f_,Independent,No,Positive,,24.9,20.7,9,6.9,,46.8,20.871,10,6.6,,Mean±SEM,,,,,,,,yes,,,,FALSE,FALSE,FALSE,FALSE,FALSE,FALSE,FALSE,abramova_2023_biopsy_ex025,FALSE,FALSE,FALSE,FALSE,FALSE,FALSE,0.6025649421187725,0.09667725342572972
abramova_2023_biopsy,ex026,con022,out092,es193,No,"They had one level of exposure, and two experimental groups, female and males, and one control per group",Blood BDNF and neuropeptide concentrations as potential biomarkers of behavioral impairments in rats with prenatal ultrasound stress experience,,Российский психиатрический журнал,,Rattus norvegicus,albino lab rat,Wistar rat,16 weeks,3 months,"Early, mid, late",all gestation,21,Continuous,24,Expossed to continuous variable frequencies,Ultrasound,Ultrasound,50,"20,000-45,000",Ambient sound,,"""all females with their pups were kept in individual cages under standard conditions without experimental intervention""",female,70,,none,,Anxiety,Elevated Plus Maze (EPM),,Total grooming time,time,s,Light phase,paper Table 1,abramova_2023_biopsy_data.xlsx,KON_m_,PS_m_,KON_PS_m_,Independent,No,Positive,,24,14.8627,10,4.7,,29.7,28.5671,8,10.1,,Mean±SEM,,,,,,,,yes,,,,FALSE,FALSE,FALSE,FALSE,FALSE,FALSE,FALSE,abramova_2023_biopsy_ex026,FALSE,FALSE,FALSE,FALSE,FALSE,FALSE,0.25174072252477914,0.15399635138161374
abramova_2023_biopsy,ex025,con021,out093,es194,No,"They had one level of exposure, and two experimental groups, female and males, and one control per group",Blood BDNF and neuropeptide concentrations as potential biomarkers of behavioral impairments in rats with prenatal ultrasound stress experience,,Российский психиатрический журнал,,Rattus norvegicus,albino lab rat,Wistar rat,16 weeks,3 months,"Early, mid, late",all gestation,21,Continuous,24,Expossed to continuous variable frequencies,Ultrasound,Ultrasound,50,"20,000-45,000",Ambient sound,,"""all females with their pups were kept in individual cages under standard conditions without experimental intervention""",male,70,,none,,Anxiety,Elevated Plus Maze (EPM),,Grooming frequency,count,Count,Light phase,paper Table 1,abramova_2023_biopsy_data.xlsx,KON_f_,PS_f_,KON_PS_f_,Independent,No,Positive,,3,1.7493603130956201,9,0.5831201043652067,,2.566666666666667,2.8380114336787954,10,0.8974580156024888,,estimated from Median(Q1;Q3),,3,2,4,2,1.2,4.5,yes,"adjust comments text, add Median(Q1, Q2) values",,,TRUE,TRUE,TRUE,TRUE,TRUE,TRUE,FALSE,abramova_2023_biopsy_ex025,TRUE,TRUE,TRUE,TRUE,TRUE,TRUE,-0.11376405495111319,0.16004239952091137
abramova_2023_biopsy,ex026,con022,out093,es195,No,"They had one level of exposure, and two experimental groups, female and males, and one control per group",Blood BDNF and neuropeptide concentrations as potential biomarkers of behavioral impairments in rats with prenatal ultrasound stress experience,,Российский психиатрический журнал,,Rattus norvegicus,albino lab rat,Wistar rat,16 weeks,3 months,"Early, mid, late",all gestation,21,Continuous,24,Expossed to continuous variable frequencies,Ultrasound,Ultrasound,50,"20,000-45,000",Ambient sound,,"""all females with their pups were kept in individual cages under standard conditions without experimental intervention""",female,70,,none,,Anxiety,Elevated Plus Maze (EPM),,Grooming frequency,count,Count,Light phase,paper Table 1,abramova_2023_biopsy_data.xlsx,KON_m_,PS_m_,KON_PS_m_,Independent,No,Positive,,3.4,1.5480062365520701,10,0.4895225539649939,,2.966666666666667,4.467538447437421,8,1.5795133656973102,,estimated from Median(Q1;Q3),,4,2.2,4,2.5,0.7,5.7,yes,"adjust comments text, add Median(Q1, Q2) values",,,TRUE,TRUE,TRUE,TRUE,TRUE,TRUE,FALSE,abramova_2023_biopsy_ex026,TRUE,TRUE,TRUE,TRUE,TRUE,TRUE,-0.004965510090939651,0.3042007476906203
abramova_2023_biopsy,ex025,con021,out094,es196,No,"They had one level of exposure, and two experimental groups, female and males, and one control per group",Blood BDNF and neuropeptide concentrations as potential biomarkers of behavioral impairments in rats with prenatal ultrasound stress experience,,Российский психиатрический журнал,,Rattus norvegicus,albino lab rat,Wistar rat,16 weeks,3 months,"Early, mid, late",all gestation,21,Continuous,24,Expossed to continuous variable frequencies,Ultrasound,Ultrasound,50,"20,000-45,000",Ambient sound,,"""all females with their pups were kept in individual cages under standard conditions without experimental intervention""",male,70,,none,,Anxiety,Elevated Plus Maze (EPM),,Mean grooming duration,percentage,%,Light phase,paper Table 1,abramova_2023_biopsy_data.xlsx,KON_f_,PS_f_,KON_PS_f_,Independent,No,Positive,,6.8,5.4,9,1.8,,20.9,15.1789,10,4.8,,Mean±SEM,,,,,,,,yes,,,,FALSE,FALSE,FALSE,FALSE,FALSE,FALSE,FALSE,abramova_2023_biopsy_ex025,FALSE,FALSE,FALSE,FALSE,FALSE,FALSE,0.5876460622540294,0.03381828918359657
abramova_2023_biopsy,ex026,con022,out094,es197,No,"They had one level of exposure, and two experimental groups, female and males, and one control per group",Blood BDNF and neuropeptide concentrations as potential biomarkers of behavioral impairments in rats with prenatal ultrasound stress experience,,Российский психиатрический журнал,,Rattus norvegicus,albino lab rat,Wistar rat,16 weeks,3 months,"Early, mid, late",all gestation,21,Continuous,24,Expossed to continuous variable frequencies,Ultrasound,Ultrasound,50,"20,000-45,000",Ambient sound,,"""all females with their pups were kept in individual cages under standard conditions without experimental intervention""",female,70,,none,,Anxiety,Elevated Plus Maze (EPM),,Mean grooming duration,percentage,%,Light phase,paper Table 1,abramova_2023_biopsy_data.xlsx,KON_m_,PS_m_,KON_PS_m_,Independent,No,Positive,,6.4,2.846,10,0.9,,8.8,8.2024,8,2.9,,Mean±SEM,,,,,,,,yes,,,,FALSE,FALSE,FALSE,FALSE,FALSE,FALSE,FALSE,abramova_2023_biopsy_ex026,FALSE,FALSE,FALSE,FALSE,FALSE,FALSE,0.1634649471090162,0.034047737921637504
abramova_2023_biopsy,ex025,con021,out095,es198,No,"They had one level of exposure, and two experimental groups, female and males, and one control per group",Blood BDNF and neuropeptide concentrations as potential biomarkers of behavioral impairments in rats with prenatal ultrasound stress experience,,Российский психиатрический журнал,,Rattus norvegicus,albino lab rat,Wistar rat,16 weeks,3 months,"Early, mid, late",all gestation,21,Continuous,24,Expossed to continuous variable frequencies,Ultrasound,Ultrasound,50,"20,000-45,000",Ambient sound,,"""all females with their pups were kept in individual cages under standard conditions without experimental intervention""",male,80,,none,,Depression,Sucrose Preference Test (SPT),,Sucrose preference index,index,%,Light phase,paper Table 1,abramova_2023_biopsy_data.xlsx,KON_f_,PS_f_,KON_PS_f_,Independent,Yes,Negative,,63.5,17.4,9,5.8,,60.3,13.914,10,4.4,,Mean±SEM,,,,,,,,yes,,,,FALSE,FALSE,FALSE,FALSE,FALSE,FALSE,FALSE,abramova_2023_biopsy_ex025,FALSE,FALSE,FALSE,FALSE,FALSE,FALSE,0.05321697848329301,0.013667120735373125
abramova_2023_biopsy,ex026,con022,out095,es199,No,"They had one level of exposure, and two experimental groups, female and males, and one control per group",Blood BDNF and neuropeptide concentrations as potential biomarkers of behavioral impairments in rats with prenatal ultrasound stress experience,,Российский психиатрический журнал,,Rattus norvegicus,albino lab rat,Wistar rat,16 weeks,3 months,"Early, mid, late",all gestation,21,Continuous,24,Expossed to continuous variable frequencies,Ultrasound,Ultrasound,50,"20,000-45,000",Ambient sound,,"""all females with their pups were kept in individual cages under standard conditions without experimental intervention""",female,80,,none,,Depression,Sucrose Preference Test (SPT),,Sucrose preference index,index,%,Light phase,paper Table 1,abramova_2023_biopsy_data.xlsx,KON_m_,PS_m_,KON_PS_m_,Independent,Yes,Negative,,62.3,21.1873,10,6.7,,83.4,11.3137,8,4,,Mean±SEM,,,,,,,,yes,,,,FALSE,FALSE,FALSE,FALSE,FALSE,FALSE,FALSE,abramova_2023_biopsy_ex026,FALSE,FALSE,FALSE,FALSE,FALSE,FALSE,-0.2870541480350298,0.01386610019836396
abramova_2023_biopsy,ex025,con021,out096,es200,No,"They had one level of exposure, and two experimental groups, female and males, and one control per group",Blood BDNF and neuropeptide concentrations as potential biomarkers of behavioral impairments in rats with prenatal ultrasound stress experience,,Российский психиатрический журнал,,Rattus norvegicus,albino lab rat,Wistar rat,16 weeks,3 months,"Early, mid, late",all gestation,21,Continuous,24,Expossed to continuous variable frequencies,Ultrasound,Ultrasound,50,"20,000-45,000",Ambient sound,,"""all females with their pups were kept in individual cages under standard conditions without experimental intervention""",male,95,,none,,Depression,Forced Swimming Test (FST),,Total immobility time,time,s,Light phase,paper Table 1,abramova_2023_biopsy_data.xlsx,KON_f_,PS_f_,KON_PS_f_,Independent,No,Positive,,111.33333333333333,54.23016970596423,9,18.07672323532141,,135.33333333333334,53.32021481457131,10,16.86133241434979,,estimated from Median(Q1;Q3),,110,81,143,140,102,164,yes,"adjust comments text, add Median(Q1, Q2) values",,,TRUE,TRUE,TRUE,TRUE,TRUE,TRUE,FALSE,abramova_2023_biopsy_ex025,TRUE,TRUE,TRUE,TRUE,TRUE,TRUE,0.18979231812893854,0.041885594454936365
abramova_2023_biopsy,ex026,con022,out096,es201,No,"They had one level of exposure, and two experimental groups, female and males, and one control per group",Blood BDNF and neuropeptide concentrations as potential biomarkers of behavioral impairments in rats with prenatal ultrasound stress experience,,Российский психиатрический журнал,,Rattus norvegicus,albino lab rat,Wistar rat,16 weeks,3 months,"Early, mid, late",all gestation,21,Continuous,24,Expossed to continuous variable frequencies,Ultrasound,Ultrasound,50,"20,000-45,000",Ambient sound,,"""all females with their pups were kept in individual cages under standard conditions without experimental intervention""",female,95,,none,,Depression,Forced Swimming Test (FST),,Total immobility time,time,s,Light phase,paper Table 1,abramova_2023_biopsy_data.xlsx,KON_m_,PS_m_,KON_PS_m_,Independent,No,Positive,,64,32.68013166054371,10,10.334365028149872,,98.66666666666667,19.65716916872465,8,6.949858809068164,,estimated from Median(Q1;Q3),,64,45,83,100,87,109,yes,"adjust comments text, add Median(Q1, Q2) values",,,TRUE,TRUE,TRUE,TRUE,TRUE,TRUE,FALSE,abramova_2023_biopsy_ex026,TRUE,TRUE,TRUE,TRUE,TRUE,TRUE,0.42230782160936864,0.031035476934308043
abramova_2023_biopsy,ex025,con021,out097,es202,No,"They had one level of exposure, and two experimental groups, female and males, and one control per group",Blood BDNF and neuropeptide concentrations as potential biomarkers of behavioral impairments in rats with prenatal ultrasound stress experience,,Российский психиатрический журнал,,Rattus norvegicus,albino lab rat,Wistar rat,16 weeks,3 months,"Early, mid, late",all gestation,21,Continuous,24,Expossed to continuous variable frequencies,Ultrasound,Ultrasound,50,"20,000-45,000",Ambient sound,,"""all females with their pups were kept in individual cages under standard conditions without experimental intervention""",male,95,,none,,Depression,Forced Swimming Test (FST),,Total passive swimming,time,s,Light phase,paper Table 1,abramova_2023_biopsy_data.xlsx,KON_f_,PS_f_,KON_PS_f_,Independent,No,Positive,,202,39,9,13,,201,34.7851,10,11,,Mean±SEM,,,,,,,,yes,,,,FALSE,FALSE,FALSE,FALSE,FALSE,FALSE,FALSE,abramova_2023_biopsy_ex025,FALSE,FALSE,FALSE,FALSE,FALSE,FALSE,-0.005536173122519054,0.0071367340567084
abramova_2023_biopsy,ex026,con022,out097,es203,No,"They had one level of exposure, and two experimental groups, female and males, and one control per group",Blood BDNF and neuropeptide concentrations as potential biomarkers of behavioral impairments in rats with prenatal ultrasound stress experience,,Российский психиатрический журнал,,Rattus norvegicus,albino lab rat,Wistar rat,16 weeks,3 months,"Early, mid, late",all gestation,21,Continuous,24,Expossed to continuous variable frequencies,Ultrasound,Ultrasound,50,"20,000-45,000",Ambient sound,,"""all females with their pups were kept in individual cages under standard conditions without experimental intervention""",female,95,,none,,Depression,Forced Swimming Test (FST),,Total passive swimming,time,s,Light phase,paper Table 1,abramova_2023_biopsy_data.xlsx,KON_m_,PS_m_,KON_PS_m_,Independent,No,Positive,,223,82.2192,10,26,,228,22.6274,8,8,,Mean±SEM,,,,,,,,yes,,,,FALSE,FALSE,FALSE,FALSE,FALSE,FALSE,FALSE,abramova_2023_biopsy_ex026,FALSE,FALSE,FALSE,FALSE,FALSE,FALSE,0.015992594894122605,0.014824817592096386
abramova_2023_biopsy,ex025,con021,out098,es204,No,"They had one level of exposure, and two experimental groups, female and males, and one control per group",Blood BDNF and neuropeptide concentrations as potential biomarkers of behavioral impairments in rats with prenatal ultrasound stress experience,,Российский психиатрический журнал,,Rattus norvegicus,albino lab rat,Wistar rat,16 weeks,3 months,"Early, mid, late",all gestation,21,Continuous,24,Expossed to continuous variable frequencies,Ultrasound,Ultrasound,50,"20,000-45,000",Ambient sound,,"""all females with their pups were kept in individual cages under standard conditions without experimental intervention""",male,95,,none,,Depression,Forced Swimming Test (FST),,Total active swimming,time,s,Light phase,paper Table 1,abramova_2023_biopsy_data.xlsx,KON_f_,PS_f_,KON_PS_f_,Independent,Yes,Negative,,43,21,9,7,,22,15.8114,10,5,,Mean±SEM,,,,,,,,yes,,,,FALSE,FALSE,FALSE,FALSE,FALSE,FALSE,FALSE,abramova_2023_biopsy_ex025,FALSE,FALSE,FALSE,FALSE,FALSE,FALSE,0.6575815834599085,0.07815378024932397
abramova_2023_biopsy,ex026,con022,out098,es205,No,"They had one level of exposure, and two experimental groups, female and males, and one control per group",Blood BDNF and neuropeptide concentrations as potential biomarkers of behavioral impairments in rats with prenatal ultrasound stress experience,,Российский психиатрический журнал,,Rattus norvegicus,albino lab rat,Wistar rat,16 weeks,3 months,"Early, mid, late",all gestation,21,Continuous,24,Expossed to continuous variable frequencies,Ultrasound,Ultrasound,50,"20,000-45,000",Ambient sound,,"""all females with their pups were kept in individual cages under standard conditions without experimental intervention""",female,95,,none,,Depression,Forced Swimming Test (FST),,Total active swimming,time,s,Light phase,paper Table 1,abramova_2023_biopsy_data.xlsx,KON_m_,PS_m_,KON_PS_m_,Independent,Yes,Negative,,47,25.2982,10,8,,36,19.799,8,7,,Mean±SEM,,,,,,,,yes,,,,FALSE,FALSE,FALSE,FALSE,FALSE,FALSE,FALSE,abramova_2023_biopsy_ex026,FALSE,FALSE,FALSE,FALSE,FALSE,FALSE,0.2622104914032737,0.06678101760266258
abramova_2023_biopsy,ex025,con021,out099,es206,No,"They had one level of exposure, and two experimental groups, female and males, and one control per group",Blood BDNF and neuropeptide concentrations as potential biomarkers of behavioral impairments in rats with prenatal ultrasound stress experience,,Российский психиатрический журнал,,Rattus norvegicus,albino lab rat,Wistar rat,16 weeks,3 months,"Early, mid, late",all gestation,21,Continuous,24,Expossed to continuous variable frequencies,Ultrasound,Ultrasound,50,"20,000-45,000",Ambient sound,,"""all females with their pups were kept in individual cages under standard conditions without experimental intervention""",male,95,,none,,Depression,Forced Swimming Test (FST),,Number of dives,count,Count,Light phase,paper Table 1,abramova_2023_biopsy_data.xlsx,KON_f_,PS_f_,KON_PS_f_,Independent,Yes,Negative,,1.6666666666666667,3.4987206261912402,9,1.1662402087304133,,2.9,3.182012819579256,10,1.0062408053724876,,estimated from Median(Q1;Q3),,1,0,4,3,1,4.7,yes,"adjust comments text, add Median(Q1, Q2) values",,,TRUE,TRUE,TRUE,TRUE,TRUE,TRUE,FALSE,abramova_2023_biopsy_ex025,TRUE,TRUE,TRUE,TRUE,TRUE,TRUE,-0.3692616100886798,0.6100366753353663
abramova_2023_biopsy,ex026,con022,out099,es207,No,"They had one level of exposure, and two experimental groups, female and males, and one control per group",Blood BDNF and neuropeptide concentrations as potential biomarkers of behavioral impairments in rats with prenatal ultrasound stress experience,,Российский психиатрический журнал,,Rattus norvegicus,albino lab rat,Wistar rat,16 weeks,3 months,"Early, mid, late",all gestation,21,Continuous,24,Expossed to continuous variable frequencies,Ultrasound,Ultrasound,50,"20,000-45,000",Ambient sound,,"""all females with their pups were kept in individual cages under standard conditions without experimental intervention""",female,95,,none,,Depression,Forced Swimming Test (FST),,Number of dives,count,Count,Light phase,paper Table 1,abramova_2023_biopsy_data.xlsx,KON_m_,PS_m_,KON_PS_m_,Independent,Yes,Negative,,1,0.8600034647511502,10,0.2719569744249966,,1,1.787015378974968,8,0.631805346278924,,estimated from Median(Q1;Q3),,0,0,1,1,0,2,yes,"adjust comments text, add Median(Q1, Q2) values",,,TRUE,TRUE,TRUE,TRUE,TRUE,TRUE,TRUE,abramova_2023_biopsy_ex026,TRUE,TRUE,TRUE,TRUE,TRUE,TRUE,-0.1626086998241164,0.47313859152502935
