Timestamp,Email Address,extractor_id,study_id,title,doi,journal,publication_type,scope_single_species,sp_latin,sp_common_name,sp_context,sp_context_notes,bird_sex,bird_sex_notes,study_location,study_location_notes,experiment_context,experiment_context_notes,noise_type,noise_type_other,noise_type_notes,lifestage_during_exposure,exposure_design_type,n_groups,noise_characteristics,noise_notes,exposure_span,exposure_span_notes,exposure_type,exposure_session_duration,exposure_notes,exposure_timing,experimental_procedures_notes,randomization,randomization_notes,exposure_blinding,exposure_blinding_notes,control_conditions,control_conditions_other,control_sound_characteristics,control_sound_notes,outcome_type,lifestage_during_measurements,measurement_timing,outcome_notes,general_comment,study_protocol,study_protocol_notes,animal_care_statement,animal_care_statement_notes,animal_care_statement_approval_number,limitations_section,limitations_notes,conflict_interest_statement,conflict_interest_statement_notes,funding_statement,funding_statement_text,contributions_statement,contributions_statement_text,analysis_software,analysis_software_name,data_availability_statement,data_availability_statement_text,data_publicly_available,data_availability_notes,code_availability_statement,code_availability_statement_text,code_publicly_available,code_availability_notes,reporting_notes,study_notes
5-21-2026 16:47:28,lenzrive@ualberta.ca,AL,yao_2023,The effects of anthropogenic noise on nest predation with respect to predator species across different habitats and seasons,10.1016/j.avrs.2023.100121,Avian Research,Peer-reviewed,Yes,Coturnix japonica,Japanese quail,Lab colony/Domestic,,Mixed,,China,,Field-based,"Artificial ground-nest experiment in primary, secondary, and artificial forests in Kuankuoshui National Nature Reserve.",Urban,,,Embryo,Contrast,2,"""The peak frequency of the anthropogenic noise was 813 Hz and the volume was 44-64 dB, which is transmitted ca. 10 m.""",,15,,Intermittent,10,"Noise from the busy farmer's market in Suiyang County was played from 08:00 to 18:00 during the entire experiment (i.e., 15 d).",Light phase,,No,"The study explicitly reports that six line transects were randomly selected for each habitat. Within these transects, the units of analysis (the artificial nests) were assigned to treatments using an alternate arrangement, where noise and control nests were placed alternately along the transect at 30-meter intervals.",Unclear,,Ambient sound,,"""the recording was of the ambient sound of the nature reserve. The peak frequency was 625 Hz and the volume was 36-40 dB.""","""the recording was of the ambient sound of the nature reserve""","Reproductive/developmental, Fitness",Embryo,"Light phase, Dark phase","Noise playback did not significantly alter artificial-nest predation rates, survival probabilities, or predator diversity. Predation timing differed between treatments (P = 0.043), although most predators were nocturnal mammals and playback occurred only from 08:00 to 18:00.",,Missing,,Present,"""The experiments reported here comply with the current laws of China. Fieldwork was carried out under permission from Kuankuoshui National Nature Reserves. Experimental procedures were in agreement with the Ethical Evaluation Group for Animal Behavior Study (protocol code: EEGABS-003).""",EEGABS-003,Missing,,Present,"""The authors declare they have no competing interests""",Present,"""This research was funded by the Education Department of Hainan Province (No. HnjgY 2022-12), the National Natural Science Foundation of China (No. 32260127), and the Hainan Normal University Innovative Research Program for Graduates (No. hsyx 2021-7)""",Present,"""CY conceived and designed the experiments, XY and NW conducted the experiments. YC performed data analyses and wrote the draft manuscript, and CY improve the manuscript. All authors read and approved the final manuscript""",Present,R v.4.1.0 for Windows; MCMCglmm; survival; survminer; ecolTest; circular,Present,"""The data presented in this study are available on request from the corresponding author""",Missing,,Missing,,Missing,,,"Sample Size and Scope: The study utilized a total of 360 artificial nests (2 eggs per nest) distributed equally across three habitat types and two seasons, providing a robust sample for comparing predation dynamics"
5-22-2026 10:54:00,lenzrive@ualberta.ca,AL,sieving_2024,Intermittent and chronic noise impacts on hatching success and incubation behavior of Eastern Bluebirds (Sialia sialis),10.5751/ACE-02623-190115,Avian Conservation and Ecology,Peer-reviewed,Yes,Sialia sialis,Eastern Bluebird,Wild,,Mixed,,United States,,Field-based,"University of Florida campus and surrounding areas (Gainesville, Alachua County, Florida, USA; 29.6465° N, 82.3533° W), across urban land uses including fields, greenspace, buildings, hardscape, heavily trafficked areas, a golf course, pastures, and lawns.","Road traffic, Construction",,,"Adult, Embryo",Gradient,2,"""a gradient of chronic traffic noise (from approximately < 60 to > 75 dBA)... We summarized the mean dBA per nest box taking the mean of 3 minutes per day averaged over 4 days. The grand mean ambient traffic noise was 70 dBA, and we used this value to identify two classes of nest boxes: quieter (< 70 dBA) versus noisier (≥ 70 dBA). Range of noise overall was 55–88 dBA.""  ""Sound levels of all playbacks were normalized to 90% of
the maximum pressure levels, and playback volumes at each nest
were standardized to ~60 dBA""","The authors describe a chronic ambient traffic-noise gradient but analyze it categorically as quieter (< 70 dBA) versus noisier (≥ 70 dBA). Forty nests were analyzed. Construction-noise treatment nests received 1–4 playback days (8 h/day), separated by two silent days; control nests received 0 playback days. Playback volume was standardized to ~60 dBA at the nest hole.",2.5,"Construction-noise playback occurred on 1–4 treatment days; when more than one day was used, playback days were separated by two silent days.",Intermittent,8,"""We utilized a gradient of chronic traffic noise (from approximately < 60 to > 75 dBA) and experimentally added intermittent noise disturbances to nest boxes where females were incubating completed clutches of eggs in a combined comparative-experimental design.""... ""the total length of each playback file was 10 hours. On treatment days, the recordings were started manually between 8 and 10 AM, and ended between 6 and 8 PM such that each nest received 8 hours of exposure.""",Light phase,"On treatment days, the recordings were started manually between 8 and 10 AM, and ended between 6 and 8 PM such that each nest received 8 hours of exposure.",Yes,"""Active nests in boxes placed near and far from large roads were randomly assigned as treatments or controls for experimental playbacks during incubation.""",Unclear,,Ambient sound,,"""The grand mean ambient traffic noise was 70 dBA, and we used this value to identify two classes of nest boxes: quieter (< 70 dBA) versus noisier (≥ 70 dBA). Range of noise overall was 55–88 dBA.""","Control nests were those that ""received no additional playback treatments of construction noise""","Behavioural, Reproductive/developmental, Fitness","Adult, Embryo",Light phase,"they measured outcomes from ""10 AM and 6 PM"". Generalized linear models (all results are in Table 2) suggest that hatching success of nests placed in quieter areas (< 70 dBA ambient noise) was significantly greater than for noisy nest boxes (Fig. 2B) and the addition of construction noise playback to quieter nests caused significant reductions in hatching success, but not for already noisy nests (Fig. 3A).",,Missing,,Present,"""Our research protocol was (1) reviewed and approved by University of Florida’s Institutional Animal Care and Use Committee under protocol # 201910544, and (2) further permitted by Bird Banding master permit # 022541 (issued to KES) under USGS Federal Regulation number 16 U.S.C. 703-712 (Migratory Bird Treaty Act).""","201910544, 022541",Missing,,Missing,,Present,"Field work was supported by a small grant to Y. Liu from the Florida Bluebird Society and the Department of Wildlife Ecology and Conservation at University of Florida, Gainesville, provided a vehicle and other logistical support.",Present,"YL designed the study, conducted the field work and data curation, and wrote and defended a Master’s thesis based on the work. KES designed the study, analyzed the data, and drafted the manuscript for publication. OVJM assisted in analysis and interpretation of incubation behaviors.",Present,"STATA (version 17, BE)",Present,"""The data set used in these analyses is permanently archived here: https://original-ufdc.uflib.ufl.edu/IR00012055/00001.""",Present,,Missing,,Missing,,"In Stata, the best way to make an analysis replicable and shareable is to save the whole workflow as a do-file. They don't share it or mention it.",
5-22-2026 11:53:21,lenzrive@ualberta.ca,AL,hanafi_2022,Prenatal auditory stimulation induces physiological stress responses in developing embryos and newly hatched chicks,10.1016/j.psj.2022.102390,Poultry Science,Peer-reviewed,Yes,Gallus gallus domesticus,Chicken,Farm,,Mixed,The study was conducted on developing chicken embryos (Cobb 500 broiler eggs) and hatchlings,Malaysia,"The first author is affiliated with institutions in Terengganu and Selangor, Malaysia and the chicken eggs used in the study were sourced from a commercial hatchery located in Negeri Sembilan, Malaysia.",Lab-based,,Road traffic,,,"Hatchling, Embryo",Contrast,2,"""the eggs were exposed to pre-recorded traffic noise at 90 dB ( ±2 dB)"" ",,10,"""From ED 12 to ED 21, the eggs were exposed to pre-recorded traffic noise""",Intermittent,8,"Noise stimulation: The eggs were incubated under similar conditions to the controls. From ED 12 to ED 21, the eggs were exposed to pre-recorded traffic noise at 90 dB ( ±2 dB) for 20 min/h over 24 h (a total of 8 h/d).","Light phase, Dark phase",,Unclear,"""The remaining 390 eggs were equally allotted to 3 similar incubators.""",Unclear,,Ambient sound,,"""no additional sound stimuli except the compressor’s (40 dB) sound""","Control: The eggs were incubated and received no additional sound stimuli except the compressor’s (40dB) sound, which is unavoidable.","Physiological, Reproductive/developmental","Hatchling, Embryo",Unclear,"They tested stress hormones and effect on bodyweight on both embryos and hatchlings. ""MUSIC and NOISE elicited similar CORT, CPN, and AGP reactions at ED 15. Thus, it appears that MUSIC and NOISE of equal sound pressure (90 dB) are equally stressful to developing chicken embryos.""","They also used music as an stressor, but they didn't explictly call it ""noise""",Missing,,Present,"""The experiment was conducted following guidelines of the Research Policy of Universiti Putra Malaysia, as outlined in the Guide for the Care and Use of Experimental Animals (UPM/IACUC/AUP-R058/2019).""",UPM/IACUC/AUP-R058/2019,Missing,,Present,"""DISCLOSURES The authors declare that they have no conflict of interest.""",Present,"""The authors would like to thank the Malaysian Minis- try of Higher Education for supporting this study under the Higher Institution Centre of Excellence (HICoE) research program.""",Missing,,Present,SAS,Present,"""Data Availability Statement: The original contribu- tions presented in the study are included in the article, further inquiries can be directed to the corresponding author.""",Missing,,Missing,,Missing,,,
5-22-2026 12:37:17,lenzrive@ualberta.ca,AL,amjad_2024_a,Exploring the effects of noise pollution on physiology and ptilochronology of birds,10.1371/journal.pone.0305091,PLOS ONE,Peer-reviewed,Yes,Coturnix coturnix,Quail,Farm,,Male,,Pakistan,,Lab-based,They conducted the experiment in an open laboratory,"Road traffic, Military, Other","""Human activities (equipment, alarms, loud speakers, DVD/ CD players)""",,"Adult, Juvenile",Contrast,4,"""loud traffic... military... human activities noise recordings (90dB)...high intensity music in speakers (1125Hz)""","""Noise dose was applied through recorded high intensity music in speakers (1125Hz/ 90 dB)"" ",60,"""for 5–6 hours daily to three treatment groups (G2, G3 and G4) based on respective noise source for 60 days.",Intermittent,5.5,5–6 hours daily ,Unclear,,Unclear,,Unclear,,Unclear,,Unclear,"""18 birds were kept in the control Group (G1) while 54 bird were separated into three treatment groups (18 birds in each group), during experiment as all groups were kept in separate rooms at same site. Therefore, the noise source of one group did not overlap with other.""","Physiological, Reproductive/developmental",Adult,Light phase,"The did their observations in the morning and afternoon. They ran ""ptilochronology"" which studies the feather growth and quality. They look for ""faulty bars"" that are used as a proxy for bird's overall condition and developmental stress.","Concentration of creatinine, albumin, uric acid, cholesterol, triglycerides, bilirubin, total protein, glucose as well as the enzyme activities of ALT, AST, and ALP in the separated serum, total red blood cells count (TRBC), packed cell volume (PCV) or hematocrit, mean cell volume (MCV) and total white blood cells count (TWBC), gonadotropins (FSH and LH), thyroid stimulating hormone (TSH) and corticosterone (stress hormone) ; ault feagthers bars formation phenomenon.",Missing,,Present,"""The current treatment trial was analyzed and approved by the Institutional Animal care and Use Committee (285/Zool.) of Islamia University of Bahawalpur""",285/Zool.,Present,"""4.5 Limitations of study
Our research study suggests a link between noise pollution and fault bars in bird feathers,
more research is likely needed to confirm this relationship and to better understand the mechanisms behind it. Additionally, the use of ptilochronology as a biomarker has its own limitations and may not be applicable in all ecological contexts.""",Present,"""Competing interests: The authors have declared that no competing interests exist.""",Present,"""Funding: The authors received no specific funding for this work.""",Present,"""Author Contributions Conceptualization: Rida Amjad. Data curation: Muhammad Qamar Saeed, Maryam Arshad. Formal analysis: Samra Masood, Muhammad Qamar Saeed. Investigation: Rida Amjad, Qura-tul Ain Alvi, Afifa Khan, Muhammad Muazim Sharif. Resources: Rida Amjad, Muhammad Qamar Saeed. Software: Afifa Khan. Supervision: Tahira Ruby. Visualization: Ayesha Imtiaz, Saima Talib, Qura-tul Ain Alvi. Writing – original draft: Rida Amjad. Writing – review & editing: Kashif Ali, Muhammad Asad""",Present,SPSS,Present,"""All relevant data are within the manuscript and its Supporting Information files S1 File. (ZIP)""",Present,"Only the data, no code or statistical analysis code",Missing,,Missing,"They could've shared the SPSS Syntax, to replicate the analysis",,
5-22-2026 13:23:25,lenzrive@ualberta.ca,AL,walthers_2020,"Traffic noise as a potential stressor to offspring of an urban bird, the European Starling",10.1007/s10336-019-01733-z,Journal of Ornithology,Peer-reviewed,Yes,Sturnus vulgaris,European Starling,Wild,,Mixed,Unsexed hatchlings,Canada,,Field-based,"Urban area: ""We studied nestlings from ten early broods and eight late broods in the spring and summer of 2015, located in cedar nest boxes on trees at Saint Mary's University, in downtown Halifax""",Road traffic,,,Hatchling,Contrast,2,We found that the MP3 urban sound playback effectively increased the noise level by about 20 dBA; the noise was significantly greater in the experimental treatment (mean ± SE: 87 dBA ± 0.50) ,,11,day 5 to 15,Intermittent,7,"""The playback of traffic noise was of high enough amplitude to likely mask any incoming ambient sounds over those 7 h, but then ambient sounds were heard for the other 17 h each day.""",Light phase,"""On day 11, we handled nestlings mid-day during the 1-h period when no sound was playing in the experimental nests"", same in day 15",Yes,"""We assigned experimental and control treatments randomly within each pair by flipping a coin""",Unclear,"""We selected one blood smear for each of the two randomly selected nestlings from each nest box which was examined by the same person""....""When all smears were analyzed, ten randomly selected smears were re-analyzed and their H/L ratios were compared with the original results to ensure they were repeatable.""",Ambient sound,,"""the control (65 dBA ±0.82; W =45.00, n=9, P=0.004), although this difference might vary as ambient sound pressure levels typically change over the course of a day... 62.4–68.7 dBA over the noon hour (current study)."" ",,"Physiological, Reproductive/developmental, Fitness",Hatchling,Light phase,"H/L ratios, WVC, bode mass, condition, fledging success","""The study found no significant difference between the experimental (high noise) and control (ambient noise) groups for any of the measured outcomes, despite a 20 dBA difference in noise exposure.
It may be the unpredictability of traffic noise that causes stress in nestlings rather than the actual traffic sounds. Nest- lings in our control group experienced not only ambient urban noise that followed typical daily patterns, but also spontaneous, unpredictable sounds such as sirens, garbage trucks and barking dogs, which may serve as stressors. Nestlings in the experimental group may not have heard these sounds due to masking from the high volume of the playback""",Missing,,Missing,,,Missing,,Missing,,Present,"""We are very grateful to Saint Mary’s University for logistical support, and for the following funding: Faculty of Science Dean’s Award (ARW), and a Faculty of Graduate Studies and Research Award (CAB).""",Missing,,Present,GraphPad Prism 5.03,Missing,,Missing,,Missing,,Missing,,,
5-22-2026 14:18:19,lenzrive@ualberta.ca,AL,injaian_2018_a,"Effects of experimental chronic traffic noise exposure on adult and nestling corticosterone levels, and nestling body condition in a free-living bird",10.1016/j.yhbeh.2018.07.012,Hormones and Behavior,Peer-reviewed,Yes,Tachycineta bicolor,Tree swallow,Wild,Nest boxes mounted in the field,Mixed,"The study used both male and female adult tree swallows, as well as nestlings",United States,,Field-based,,Road traffic,,,"Adult, Hatchling, Embryo",Gradient,2,"""Playback amplitudes ranged from an Leq of 48.9 dBA to 59.4 dBA SPL, which is equivalent to being approximately 240 to 70 m from a two-lane highway, with medium to high traffic volume""","""The ambient noise levels at each site were typical of U.S. rural agricultural areas (Putah Creek Riparian Reserve: Leq of 43.35 ± 0.97 dBA SPL, South Fork Preserve: Leq of 41.1 ± 0.28 dBA SPL; EPA, 1971).""",62,"Start date: April 1, 2017, end date June 1, 2017 (after the last nestling in the study had fledge).",Intermittent,6,Traffic-noise playbacks ran daily from 0800 to 1400 h.,Light phase,,Unclear,,Unclear,,Ambient sound,,"Leq of 43.35 ± 0.97 dBA SPL, South Fork Preserve: Leq of 41.1 ± 0.28 dBA SPL.","The control group consisted of ""visual control"" nest boxes that were exposed to the natural ambient noise levels of the field sites. These ambient levels were measured prior to the start of the experiment and were found to be: Putah Creek Riparian Reserve: Leq of 43.35 ± 0.97 dBA SPL, South Fork Preserve: Leq of 41.1 ± 0.28 dBA SPL.","Behavioural, Physiological, Reproductive/developmental","Adult, Hatchling",Light phase,"""Overall, our results show that traffic noise is related to altered cort levels in free-living tree swallow adult females and nestlings. The negative relationship between traffic noise exposure and stress-induced cort in adult females is potentially maladaptive, as acute stress responses often allow animals to escape life threatening circumstances.""",,Missing,,Missing,,,Missing,,Present,"""The authors have no competing interesting to declare.""",Present,"""This work was supported by the Northern California Chapter of ARCS funds to A.S.I., and by UC Davis [USDA Hatch Project #CA-DEVE-2264-H] and National Science Foundation [IOS-1258217] funds to G.L.P.""",Missing,,Present,R,Present,"""Data accessibility - Data will be made available on Mendeley Data.""",Missing,"The legend says, the data will be available, but it's not available yet. I couldn't find any links for the code or data",Missing,,Missing,,,
5-22-2026 15:29:55,lenzrive@ualberta.ca,AL,pandit_2021,"Anthropogenic noise alters parental behavior and nestling developmental patterns, but not fledging condition",10.1093/beheco/arab015,Behavioural Ecology,Peer-reviewed,Yes,Sialia sialis,Eastern Bluebird,Wild,"Nest boxes, they did trap to place trackers and take blood samples. However, the observations were on the field and they returned the nestlings to the nest box after the blood samples, and body measurement, and released the adults",Mixed,Mothers and female and male hatchlings,United States,,Field-based,,Synthetic,,Brownian noise to emulate traffic noise,"Adult, Hatchling",Contrast,2,"""Brownian noise within the 1–2 kHz frequency range... Speaker Frequency Response at box opening: 28Hz–20 kHz; Acoustic Audio RS6Playback amplitude was standardized at 65 ± 2 dB at the box entrance.""","""Brownian noise because the lower frequencies of Brownian noise have higher energy, similar to anthropogenic noise having more energy within the 1–2 kHz frequency range""",16,,Intermittent,6,"""We started the noise treatment immediately after capture of the female bluebird, which was within 0–3 days post-hatch. Noise was played continuously for 6 h daily from 0530 to 1130 h because this was the peak parental visitation period within a day. Daily noise playback continued until the day the nestlings fledged""— They measured body conditions until day 14 post-hatch. And they stopped measuring adults parental care at day 16. So the birds were exposed to noise approximately 16 days",Light phase,"""Noise was played continuously for 6 h daily from 0530 to 1130 h because this was the peak parental visitation period""",Unclear,,Unclear,,Ambient sound,,"""Nests were assigned to either the control group, which only received the RFID reader setup"" and no noise playbacks",They didn't report dB or Hz,"Behavioural, Physiological, Reproductive/developmental","Adult, Hatchling",Light phase,"Nest visitation rates were calculated only for periods when the RFID readers were active (0500–2100). They measured hatchlings. They also assessed return rate the following spring, to see if females return to nest there.",,Missing,,Present,"""Statement on animal subjects The University of Oklahoma IACUC (protocol number: R16-010B), Calvin University IACUC (protocol number: BR2018-02), the Michigan Department of Fish and Wildlife (permit number: SC 1609), and the Federal Bird Banding Lab (permit number: 23215 and 23918) approved these research protocols.""","BR2018-02, SC 1609, 23215, 23918",Missing,,Present,"""Conflict of Interests: The authors report no conflict of interest. This study was conducted in compliance with United States laws, and IACUC protocols.""",Present,"""Funding for this project came from the National Science Foundation: NSF IDBR 1556313, NSF ABI 1458402, and NSF DGE 1545261. Additional grants were given by the George Miksch Suttton Scholarship, the North American Bluebird Society Research Grant, and the OU Biological Station Award.""",Missing,,Present,R,Present,"""Data Availability: Analyses reported in this article can be reproduced using the data provided by Pandit et al. 2021."" - link provided to the repo",Present,"Pandit MM, Eapen J, Pineda-Sabilon G, Caulfield M, Moreno A, Wilhelm J, Ruyle JE, Bridge ES, Proppe DS. 2021. Data from: anthropogenic noise alters parental behavior and nestling developmental patterns, but not fledging condition. Behav Ecol. doi:10.5061/dryad.ht76hdrf0.",Present,"""Data Availability: Analyses reported in this article can be reproduced using the data provided by Pandit et al. 2021."" ",Present,The repo has the data and scripts to reproduce the analysis,,
5-22-2026 15:53:39,lenzrive@ualberta.ca,AL,desbrisay_2022,Oil Infrastructure has Greater Impact than Noise on Stress and Habitat Selection in Three Grassland Songbirds,10.1007/s00267-022-01752-2,Environmental Management,Peer-reviewed,No,"Calcarius ornatus, Centronyx bairdii, Passerculus sandwichensis","Chestnut-collared Longspur, Baird’s Sparrow, Savannah Sparrow",Wild,Playback experiment in the grasslands and pastures in Alberta,Mixed,"passive acoustic monitoring, unsexed birds",Canada,pastures in Alberta,Field-based,,Energy,,Oil-well noise,"Adult, Hatchling",Contrast,3,"Screwpumps (n = 4, h = 2.7 m, ~80–90 dB(Z) at <10 m) were shorter, moved less, and produced higher sound pressure levels than pumpjacks (n = 3, h = 4.5 m, ~55–80 dB(Z) at <10 m). To distinguish the effects of noise from effects of the presence of physical infrastructure, in 2016 and 2017 we added sites with high-fidelity playback units (n = 6) broadcasting recordings of generator-powered screwpumps (simulated screwpump noise) ",Not specific information on the noise playback characteristics,92,,Continuous,24,"""24 h a day prior to territory establishment and throughout the breeding season (approx. May 1 to July 31)""","Light phase, Dark phase",,Unclear,,Unclear,,Ambient sound,,"""natural field conditions without oil wells noise""",They don't report control sound features,"Physiological, Reproductive/developmental","Adult, Hatchling",Unclear,"""Individual quality (female characteristics associated with higher productivity at the nest scale), and habitat selection (age, size, weight) and physiological responses (basal cort and stress response) to physical infrastructure and noise ant the landscape and site scale (sex, mass, and tarsus length, number of eggs per brood, circulating corticosterone, change in circulating corticosterone during handling (stress response)""",,Missing,,Present,"""Ethical Approval This research was conducted after the appropriate ethics and other approvals were obtained: University of Manitoba animal care protocol F15-005, Canadian bird banding permit 10840(A), Canadian Wildlife Service permit #11-MB/SKL/ABSC007, and Alberta Environment and Sustainable Research Development Research Permit #56016 and Collection License #56017.""","11-MB/SKL/ABSC007, 56016, 56017",Missing,,Present,"""The authors declare no competing interests.""",Present,"""Open Access provided by Environment & Climate Change Canada/ Funding was provided by the National Science and Engineering Research Council (RGPIN-2017-04038), Cenovus Energy, Alberta Conservation Association (D000000563-S007), Canadian Foundation for Innovation (18787), Manitoba Research and Innovations Fund, Clayton H. Riddell Endowment Fund of the University of Manitoba.""",Missing,,Present,R,Missing,,Missing,,Missing,,Missing,,,
5-25-2026 16:17:01,lenzrive@ualberta.ca,AL,potvin_2015_a,Traffic Noise Affects Embryo Mortality and Nestling Growth Rates in Captive Zebra Finches,10.1002/jez.1965,Journal of Experimental Zoology Part A: Ecological Genetics and Physiology,Peer-reviewed,Yes,Taeniopygia guttata,Zebra finch,Lab colony/Domestic,"""We used 20 pairs of adult zebra finches taken from our breeding
population.""",Mixed,Both parents and offspring,Canada,"University of Western Ontario, London, Canada (first-author affiliation; experimental location not otherwise stated).",Lab-based,,Road traffic,,"Traffic noise was sourced from recordings made by DAP from a busy urban park (Melbourne, Australia), along with soundtracks of trains, cars, motorcycles and lawnmowers","Adult, Hatchling, Embryo, Juvenile",Contrast,2,"Half of the chambers (10 zebra finch pairs) were
exposed to traffic noise during all ‘daylight’ hrs at a sound level
equivalent to an urban park (noise levels varied over time,
ranging from 40 to 80 dBA SPL within the recordings, replicating
variation experienced in urban parks; LAeq average sound level
65 dBA SPL),",Traffic Noise Treatment Group: Ten pairs of zebra finches were exposed to recordings of urban traffic noise during all daylight hours,167,Inferred range: approximately 166–168 days. Each pair was housed in the isolation chambers for six months; the pretreatment blood sample was taken 5–7 days after placement and one week before the noise treatment began. Midpoint = 167 days. The three-month time point applied only to the post-treatment blood sample for pairs that did not breed successfully.,Intermittent,14,"""Birds in the noise treatment group were exposed to the traffic recordings during all 'daylight' hours""—(14:10 hlight/dark cycle).",Light phase,all daylight hours,Unclear,,Unclear,,Ambient sound,,No noise playback; natural zebra finch background noise ranged from 25 dBA (all birds quiet) to 60 dBA SPL (loud bird chattering).,,"Physiological, Reproductive/developmental, Fitness","Adult, Hatchling, Embryo, Juvenile",Light phase,"""Whole nests in the noise treatment were much less likely to succeed, leading to more 27% more nest attempts by parents in the noise treatment (d (mean effect) 1⁄40.600, 95%CIs 1⁄4 1.367, 0.165; Fig. 1a). While the number of unfertilized eggs did not differ between the two groups (d 1⁄40.301, 95% CIs 1⁄41.95, 1.34), nests in the noise groups were 76% more likely to suffer embryo mortality (d 1⁄41.901, 95%CIs 1⁄4 3.867, 0.060; Fig. 1b). Although there was no evidence for an effect of noise treatment on latency to lay eggs (d 1⁄4 1.996, 95%CIs 1⁄47.32, 11.28), nests in the noise treatment did contain on average one more egg than nests in the silent treatment""",,Missing,,Present,"""Ethical Note: All birds were kept and treated in accordance with guidelines set by the Canadian Council on Animal Care, and all procedures in this study were approved by the University of Western Ontario Animal Use Subcommittee.""",,Missing,,Missing,,Present,Grant sponsor: National Science and Engineering Research Council of Canada; grant number: 217381 to SAM-S.,Missing,,Present,OpenBUGS,Missing,,Missing,,Missing,,Missing,"Authors state that Bayesian analyses were performed in OpenBUGS with flat priors, 100,000 burn-in samples, convergence checks, and 200,000 posterior samples, but no OpenBUGS model code or analysis script is reported in the main text.",,
6-23-2026 14:58:59,lenzrive@ualberta.ca,AL,berlow_2021,Experimental Exposure to Noise Alters Gut Microbiota in a Captive Songbird,10.1007/s00248-021-01924-3,Microbial Ecology,Peer-reviewed,Yes,Zonotrichia leucophrys nuttalli,Nuttall’s white-crowned sparrow,Wild-captured,"""Our experimental subjects were collected as nestlings (day 2–4 of age from 12 nests, males = 14, female = 12, total subjects = 26) from territories in San Francisco, CA, and then hand-reared in captivity in sound attenuation chambers (Industrial Acoustics Model Mac-1)""",Mixed,"males = 14, female = 12, total subjects = 26",United States,,Lab-based,,Urban,," ""The “city-like” noise playback was informed by noise recordings made on white-crowned sparrow breeding territories in San Francisco, CA.""",Adult,Contrast,2,"""We exposed birds to city-like noise, resulting in noise levelsof 74–74.8 dBA within chambers... up to 2.5 kHz""","The final exposure in Hz unclear. The noise spectrum was calibrated using the average of 16 background noise recordings, with outliers removed to limit bias from short temporal events like dog barks",5,,Intermittent,6,"The study used a ""balanced, repeated measures design"" where birds were exposed to four treatments: ""acclimation, noise, and recovery""",Light phase,,Unclear,,Unclear,,Ambient sound,,"""During “no-noise” treat- ments, noise levels were 48.5–60 dBA""","""(chambers varied in baseline ambient noise levels, ventilation fans in the cham-bers were the primary source of ambient noise).""","Behavioural, Physiological",Adult,Light phase,"They measured: Plasma Corticosterone Sampling, Gut Bacterial Sampling, Food Intake, and Bacterial Community Metrics","""Corticosterone levels tended to be lowest during acclimation (the first treatment period for all birds) as compared to all other treatments...Thus, corticosterone levels rose after the noise treatment was completed. It is important to note that we did see a difference between groups in the effect of noise on corticosterone... we found that food intake varied with treatment and tended to be highest during acclimation and lowest during the noise treatment...  we found evidence for direct effects of noise exposure on alpha diversity, particularly when considering total food intake or afternoon food intake""",Missing,,Present,"""Tulane Institutional Animal Care and Use Committee (IACUC) and National Park Service IACUC approved this research (IACUC protocol 0427-R)""",0427-R,Missing,,Missing,,Present,"""Funding This study was supported in part by funding from the Animal Behavior Society to MB (A18-1243–001), and NSF awards to HW (IOS-1553657) and EPD (IOS-1827290).""",Present,"""Author Contribution M. B. and E. P. D. designed the experiment. M. B. conducted the experiment. H. W. processed and analyzed blood samples for hormones. M. B. processed all other samples and conducted data analysis with consultation from E. P. D. and H. W. M. B. wrote manuscript with editing by E. P. D. and H. W.""",Present,R,Present,"""Data Accessibility All files necessary for replicating our processing and analysis are available on GitHub (https:// github. com/ mBerl ow/ WCSPnoise2 021) and sequences are available through the Sequence Read Archive (accession number SUB8852031).""",Present,"""Supplementary Information The online version contains supplementary material available at https:// doi. org/ 10. 1007/ s00248- 021- 01924-3.""",Present,All files necessary for replicating processing and analysis are available on GitHub (https://github.com/mBerlow/WCSPnoise2021).,Present,"They share data, but not the code",,
6-23-2026 15:26:30,lenzrive@ualberta.ca,AL,kesar_2013,Effect of prenatal chronic excessive sound exposure on auditory filial imprinting area of chick forebrain,10.1016/j.jasi.2013.11.004,Journal of the Anatomical Society of India,Peer-reviewed,Yes,Gallus domesticus,Chicken,Farm,"""obtained from a registered poultry farm.""",Mixed,Eggs,India,,Lab-based,"Eggs in the lab, gestational noise exposure",Other,"""unpatterned sound as noise""",They don't describe the noise source,Embryo,Contrast,2,"""The frequency of the sound ranging from 30 to 3000 Hz with peak at 2700 Hz was given at 110 dB sound pressure level.""",,11,"""The auditory stimuli were given for 15 min per hour, over the period of 24 h, beginning from day 10 and continued till the day of hatching.""",Intermittent,6,,"Light phase, Dark phase",,Unclear,,Unclear,,Ambient sound,,"""A background sound of 40 dB, emanating from the motor two to three times in an hour, will be audible to all the groups and cannot be eliminated.""",,"Physiological, Reproductive/developmental",Hatchling,Unclear,"Brain weight was significantly lower in the experimental group (p = 0.011)...An appreciable decrease in the neuronal diameter was evident in the experimental group exposed to chronic excessive acoustic stimulation as compared to the control""",,Missing,,Present,"""The number of animals used and procedures to minimize the suffering of the animals are in accordance with the ethics committee on animal experiments of All India Institute of Medical Sciences, Delhi.""",,Missing,,Present,"""Conflicts of interest The author has none to declare.""",Missing,,Missing,,Missing,,Missing,,Missing,,Missing,,Missing,,They don't report the statistical software or anything about funding or data and code availability,
6-24-2026 11:31:49,lenzrive@ualberta.ca,AL,swaddle_2016,A sonic net excludes birds from an airfield: implications for reducing bird strike and crop losses,10.1890/15-0829,Ecological Applications,Peer-reviewed,No,"Sturnus vulgaris, Hirundo rustica, Sturnella magna, Quiscalus quiscula, Agelaius phoeniceus, Icterus spurius, Molothrus ater","European Starling, Barn Swallow, Eastern Meadowlark, Common Grackle, Red-winged Blackbird, Orchard Oriole, Brown-headed Cowbird",Wild,,Mixed,,United States,,Field-based,,Synthetic,,Pink noise,Unclear,Contrast,3,"""We used a sports stadium directional speaker to broadcast pink noise from 2 to 10 kHz (which we term a “sonic net”), thus overlapping largely with the acoustic space in which most birds vocalize)""","They had the ""Reference 1 and 2"" (control groups), ""mid-noise"" and ""sonic-net area""",28,4 weeks,Continuous,24,"""This sonic net was maintained uninterrupted 24 h a day from the end of week 4 to the end of week 8.""","Light phase, Dark phase",,Yes,""" The order of site point counts was randomized each day""",Unclear,,Ambient sound,,"""two small “non-_ affected” areas by a sound pressure level below 65 dB SPL""","""The Reference 1 and Reference 2 areas did not experience additional noise.""",Ecological,Unclear,Light phase,Bird abundance and species richness,Point counts conducted 7:00-9:00 and 15:00-17:30,Missing,,Missing,,,Missing,,Missing,,Present,"""This work was supported by a grant from Virginia’s Center for Innovative Technology under their Commonwealth Research Commercialization Fund program, and by the College of William and Mary.""",Missing,,Present,R,Missing,,Missing,,Missing,,Missing,,,"""We defined the sonic net area by a sound pressure level greater than 80 dB SPL (decibel of sound pressure level), a “mid-_ noise” area by a sound pressure level between 65 and 80 dB SPL, and two small “non-_ affected” areas by a sound pressure level below 65 dB SPL"""
6-24-2026 13:07:22,lenzrive@ualberta.ca,AL,dominoni_2020,Multisensory pollution: Artificial light at night and anthropogenic noise have interactive effects on activity patterns of great tits (Parus major),10.1016/j.envpol.2019.113314,Environmental Pollution,Peer-reviewed,Yes,Parus major,Great tit,Wild-captured,,Male,"""Male great tits were caught in September 2017 in several rural (17 birds) and urban areas (16 birds) throughout the Netherlands""",Netherlands,,Lab-based,,Synthetic,,continuous pink noise (filtered white noise with a bias towards lower frequencies),Adult,Contrast,3,""" The noise was set to 60 dB SPL (as measured at the center of the cage with a Voltcraft SL 100 SPL meter, set to fast, max, and A-weighted)""","They had 2 groups of birds—urban and forest—and a control, but both bird groups were exposed to the same sound levels, but they came from different places and they analysed it separately.",5,,Continuous,,,"Light phase, Dark phase",,Yes,""" All birds received the full-factorial treatment in a randomised but balanced order""",Unclear,,Ambient sound,,"""The baseline noise levels inside cages receiving no noise playback ranged from 38 to 45 dB SPL.""",,Behavioural,Adult,"Light phase, Dark phase",Perch-hopping activity - total activity,"""noise alone had an opposite effect, as it strongly reduced total activity in both urban birds (back-transformed estimate_ - 50 min, c2 _ 9.4, p < 0.001, suppl. Table 1), and forest birds, although for the latter this effect was not signi cant (back-transformed estimate_- 23 min, c2 _ 1.01, p_ 0.313).""",Missing,,Present,"""The study was approved by an ethical committee (DEC-KNAW protocol NIOO 14.05, addendum 3 to MEV).""","DEC-KNAW protocol NIOO 14.05, addendum 3 to MEV",Missing,,Present,"""Declaration of competing interest We declare no con icting interests.""",Present,"""The research was funded through grants from the Dutch Science Foundation NWO, a Veni grant (#863.15.006) to WH and a Open Competition grant “Ageing in the light” (#260-25310) to DMD.""",Present,"""Author contributions DMD, JAHS, MEV, WH conceived the study and designed the experiment. DMD caught the birds in the wild. JAHS with the help of DMD and WH performed the experiment. JAHS analysed the data with input from DMD and WH. DMD wrote the paper with help from all co-authors. All authors agreed on the nal version of the manuscript.""",Present,R,Present,"""Appendix A. Supplementary data Supplementary data to this article can be found online at https://doi.org/10.1016/j.envpol.2019.113314.""",Present,They have a Dryad Digital repo with the data and code,Missing,,Missing,"The paper has no mention about the code or the analysis, they share a repo through the website, in their supplementary material: https://www.sciencedirect.com/science/article/pii/S0269749119342873?via%3Dihub#appsec1",,
6-24-2026 13:10:33,lenzrive@ualberta.ca,AL,mason_2016,Anthropogenic noise impairs owl hunting behavior,10.1016/j.biocon.2016.04.009,Biological Conservation,Peer-reviewed,Yes,Aegolius acadius,Northern saw-whet owl,Wild-captured,,Unclear,,United States,We conducted this study under Boise State University,Lab-based,"They ran the tests in a ""field-placed flight tent""",Energy,,"A compressor station (Gobbler’s Knob Compressor Station, WY) - Natural gas",Unclear,Gradient,1,"They used multiple specific noise levels (46–73 dBA) to test the dose-response relationship: ""each under a randomly selected noise condition (61–73 dBA in 2012, 46–55 dBA in 2013)""","The researchers utilised a single noise gradient derived from recordings at various distances from a single source: the Gobbler’s Knob Compressor Station in Wyoming, USA",3,,Intermittent,NR,"They don't give the length of the exposure. Only mention that they  ""Trials took place at night and consisted of 4 consecutive hunting opportunities over 2–3 nights""",Dark phase,,Yes,They randomly selected the noise each owl will be exposed ,Unclear,,Unclear,,The control averaged 29 dB(A)," Gradient, they don't specify more details about the control","Behavioural, Cognitive/sensory",Unclear,Dark phase,hunting behaviour and prey detection (sensory),,Missing,,Present,"""We conducted this study under Boise State University IACUC protocol 006-AC11-018.""",006-AC11-018,Missing,,Present,"""We have no competing interests.""",Present,"""Funding provided by Osher Institute, Animal Behaviour Society, Raptor Research Foundation, NSF GK-12 fellowship to JTM and NSF-CNH 1414171 to JRB.""",Present,"""Author contributions: JTM and JRB designed the research, JTM performed research, CJM and JTM conducted analyses. All authors wrote the paper.""",Present,R,Present,"""Data accessibility: Dryad""",Missing,There is no url,Missing,,Missing,They don't mention anything specifically about the code. Dryad shares the code via Zenodo,,
6-24-2026 13:32:12,lenzrive@ualberta.ca,AL,obomsawin_2021,Chronic noise exposure has context-dependent effects on stress physiology in nestling Tree Swallows (Tachycineta bicolor),10.1016/j.ygcen.2021.113834,General and Comparative Endocrinology,Peer-reviewed,Yes,Tachycineta bicolor,Tree Swallow,Wild,""" box-nestling population of Tree Swallows""",Mixed,,Canada,,Field-based,,Synthetic,,White noise,Hatchling,Contrast,2,"""The noise ranged in frequency from 0 to 22 kHz, which includes the frequency range of nestling calls (Fig. 1) and was played at 65 dB""",,12,"""We played noise continuously from day 3 to day 14 post-hatch""",Continuous,,,"Light phase, Dark phase",,No,"""At hatch, we alternately assigned nests to an experimental (i.e. continuous white noise playback; n =31) or control (i.e. no noise added; n =31) treatment. We balanced treatments for age and brood size""",Unclear,,Ambient sound,,"""ambient noise levels measured inside nest-boxes in the field (41 to 67 dB SPL""",,Physiological,Hatchling,Light phase,"They tested: Baseline and stress-induced plasma CORT concentrations,  Integrated feather CORT concentrations, and  Phytohemagglutinin (PHA) skin test",,Missing,,Present,"""The experiment conducted in this study followed both federal and institutional requirements for the use of animals in research and was approved by Dalhousie University’s Committee on Laboratory Animals (protocol #18–051).""",#18–051,Missing,,Present,"""Declaration of Competing Interest The authors declare that they have no known competing financial interests or personal relationships that could have appeared to influence the work reported in this paper.""",Present,"""Funding This work was supported by a National Sciences and Engineering Research Council of Canada Discovery Grant to M.L.L.""",Present,"""CRediT authorship contribution statement Anik P. Obomsawin: Conceptualization, Methodology, Investigation, Formal analysis, Writing - original draft. Gabriela F. Mastromonaco: Investigation, Resources. Marty L. Leonard: Conceptualization, Methodology, Writing - review & editing, Supervision, Funding acquisition.""",Present,R,Present,"""Appendix A. Supplementary data Supplementary data to this article can be found online at https://doi. org/10.1016/j.ygcen.2021.113834.""",Missing,Only Supplementary data,Missing,,Missing,,,
6-24-2026 14:07:10,lenzrive@ualberta.ca,AL,hawkins_2020,"Traffic noise alters individual social connectivity, but not space-use, of Red-backed Fairywrens",10.1080/01584197.2020.1830706,Emu - Austral Ornithology,Peer-reviewed,Yes,Malurus melanocephalus,Red-backed Fairywren,Wild,,Mixed,,Australia,,Field-based,,Road traffic,,,"Adult, Juvenile",Contrast,2,"""The speaker emitted an amplitude of ~85 dBA SPL 1 m from the source, and about 58 dBA SPL at 10 m from the source""","They added a table (Table 1) with loudness (dB) depending on the distance, but for the analysis they only use two groups, experimental and reference birds.",5,,Continuous,24,"The researchers conducted their experiments on familial groups of Red-backed Fairywrens during the non-breeding season, they exposed adult pairs, and young birds, likely offspring.","Light phase, Dark phase",,Unclear,,Unclear,,Ambient sound,,45.5 dBA SPL,,"Behavioural, Ecological","Adult, Juvenile",Light phase,"They measured ""weighted-degree"" to quantify the number of social partners and the frequency of interactions among individuals, and ""space-use""","measurement_timing inferred with the bird activity time. "" To collect social data from a familial group, we visually followed the focal group for 25 min and systematically recorded all interactions within the group""",Missing,,Present,"""Ethics Statement Research was approved by the College of William & Mary Institution for Animal Care and Use Committee (IACUC-2015-11-16-10,733-jpswad).""","IACUC-2015-11-16-10,733-jpswad",Missing,,Present,"""Disclosure statement No potential conflict of interest was reported by the authors.""",Present,"""This work was supported by the National Science Foundation International Research Experiences for Students (IRES) program (award #1460048) and a graduate fellowship from the Virginia Space Grant Consortium.""",Missing,,Present,R,Missing,,Missing,,Missing,,Missing,,No data or code in the journal website either.,
6-25-2026 10:31:26,lenzrive@ualberta.ca,AL,kluczek_1978,Zaburzenia niektórych procesów enzymatycznych u kur pod wp_ywem przewlek_ego stresu akustycznego / Disturbance of some enzymes processes in hens after the chronic influence of the noise stress,NA,Przegl_d Lekarski,Peer-reviewed,Yes,Gallus gallus domesticus,Leghorn hens (Lg); New Hampshire hens (NH),Farm,Domestic/farm laying hens housed in a chicken house (kurnik); experiments conducted during rearing/observation.,Female,The study repeatedly refers to hens/layers (kur-niosek; hens).,Poland,"Study country not explicitly stated; inferred from first-author affiliation/address in Bydgoszcz, Poland.",Lab-based,Captive poultry-house/chicken-house setting; birds were exposed to ventilator noise in the chicken house during rearing.,Other,ha_as wentylatorów w kurniku / ventilator's noise,,"Adult, Juvenile",Contrast,2,"""wentylatorów w kurniku o nat__eniu 80—100 dB (lin);"" ventilator's noise equal to 80—100 dB (lin); ""ha_asu powy_ej 80 i wi_cej dB""",Noise intensity was measured in the room with a sound-level meter and octave filter. The article reports ventilator noise in the chicken house.,140,"The paper says birds were exposed during the whole rearing/observation period, and reports they took blood samples of birds aged 4, 8, 14, and 20 weeks. The usualy rearing period of a chicken is 20 weeks (I googled it), this is 140 days of exposure. The exact exposure period is NR",Continuous,24,"The chickens lived with the ventilator, so I am assuming they where exposed 24 h/day for all the rearing period","Light phase, Dark phase",Birds were fed complete industrial mixtures D (chicks) and DN (adults) ad libitum; feeds were enriched with premixes and mineral mixture MM. AspAT and AlAT were measured using Test-Fermognost (INR); ChE was measured colorimetrically by Ellman's method. Results were analysed with Student's t-test and analysis of variance.,Unclear,,Unclear,,Unclear,,NR,"The paper compares results with control groups (grupy kontrolne/K), but does not report control sound level or sound-frequency characteristics.",Physiological,"Adult, Juvenile",Unclear,"Measured blood-serum enzyme activity: aminotransferases AspAT and AlAT, and cholinesterase ChE. Noise exposure was associated with increased AspAT/AlAT and decreased ChE relative to controls.",,Missing,,Missing,,,Missing,,Missing,,Missing,,Missing,,Missing,,Missing,,Missing,,Missing,,Missing,,,"AI translation note: Sample structure is partly ambiguous. The English abstract reports 4 generations of 150 Leghorn hens and 150 New Hampshire hens exposed during the whole observation period. Methods also mention 120 birds aged 4, 8, 14, and 20 weeks."
6-25-2026 11:56:10,lenzrive@ualberta.ca,AL,angelier_2016,No evidence for an effect of traffic noise on the development of the corticosterone stress response in an urban exploiter,10.1016/j.ygcen.2015.12.007,General and Comparative Endocrinology,Peer-reviewed,Yes,Passer domesticus,House sparrow,Wild,Nest boxes,Mixed,Nestlings: molecular sexing was conducted for 9-day-old chicks and sex was included in analyses; sex was not available for all hatched chicks.,France,,Field-based,"""we used an experimental protocol previ- ously detailed and validated (see Meillère et al. (2015a) for detailed methodology). At this rural site, we experimentally exposed some nest boxes to a traffic noise from April to July (‘‘disturbed” nest boxes, n = 21) while others remained undisturbed and exposed solely to the rural background noise (‘‘control” nest boxes, n = 46). Traffic noise was obtained through recording the sounds produced by a 4 lane highway close to Paris during 2 min.""",Road traffic,,,Hatchling,Contrast,2,"""Traffic noise was broadcast by an iPod shuffle (Apple Inc., Cupertino, connected to Logitech LS11 stereo speakers (Logitech, Fremont, CA; frequency response 70–20,000 Hz)...  noise level that was measured at different time of day in multiple urban sites where house sparrows breed ( 61 dBA).""","The methods are not described in detail on this paper, but on other that we also included:  ""we used an experimental protocol previously detailed and validated (see Meillère et al. (2015a) for detailed methodology).""",17,"Traffic-noise playback was applied to disturbed nest boxes from April to July, 6 h/day. Chicks were sampled at 9 days for CORT/hematocrit; fledging success was assessed at 17 days, so exposure likely continued through day 17 for chicks in disturbed nests, although the paper does not explicitly state ‘exposed until fledging‘.",Intermittent,6,"""This recording was broadcast in a loop 6 h a day (from 9 to 12 AM and from 2 to 5 PM)."" Disturbed nest boxes n=21; control nest boxes n=46. Speakers hidden approximately 3–4 m from nest boxes.",Light phase,,Unclear,,Unclear,,Ambient sound,,43 dBA,"The rural background noise was also measured at the CEBC in multiple occasions and averaged 43 dBA (see Meillère et al., 2015a for further details).""""","Physiological, Reproductive/developmental",Hatchling,Unclear,"Measured chick body mass, tarsus, bill, and wing length at 3 and 9 days; scaled mass index/body condition; fledging success by reaching 17 days; baseline CORT, stress-induced CORT, and hematocrit at 9 days. No significant effects of noise were detected on growth, body condition, fledging success, baseline CORT, stress-induced CORT, or hematocrit.","""In this study, we did not find any evidence for an effect of expo- sure to traffic noise on the CORT stress response in nestling House sparrows. Contrary to our prediction, baseline CORT levels did not differ between disturbed and control chicks, suggesting that dis- turbed chicks were not constrained by this experimental noise exposure. Moreover, we did not find any effect of our experimental treatment on the CORT stress response of 9 days old house sparrow chicks, demonstrating that noise exposure does not have a large impact on CORT regulation in this species....these results suggest that urban exploiters do not response to urban noise with elevated HPA axis activity during their development, which could poten- tially explain their ability to live in highly urbanized area.""",Missing,,Missing,,,Missing,,Missing,,Present,"""This work was supported by the Fyssen foundation (Grant to F. Angelier) and by the Centre National de la Recherche Scientifique. A. Meillère was supported by a Grant from the “Région Poitou-Charentes” and the “Conseil Départemental des Deux-Sèvres.”""",Missing,,Present, SAS statistical software,Missing,,Missing,,Missing,,Missing,,,"The exposure span was coded 17 as it was the last measurement they did and they exposed all birds to the same noise duration. But they don't explicitly say it, not even in the other paper they cite as a reference for the methods. "
6-25-2026 12:44:07,lenzrive@ualberta.ca,AL,meillere_2015_a,Impact of chronic noise exposure on antipredator behavior: an experiment in breeding house sparrows,10.1093/beheco/aru232,Behavioral Ecology,Peer-reviewed,Yes,Passer domesticus,House sparrow,Wild,Free-living house sparrows breeding in nest-boxes at a rural site.,Female,"""Behavioral observations of females were performed twice during the breeding period while the traffic noise recording was played (between 9 and 12 AM)""",France,,Field-based,"Study conducted at the Centre d’Etudes Biologiques de Chizé (46°09_N, 0°24_W), France; traffic noise was recorded near Paris for playback.",Road traffic,,Playback of a 2-min traffic-noise recording made 5 m from a 4-lane highway near Paris.,"Adult, Hatchling",Contrast,2,"""The traffic noise recording consisted of a 2-min-long digital sound file (44.1 kHz sampling rate, 16 bits)...The volume of the playback was adjusted to our urban noise reference level using the sound level meter at the position of the nest-box (average amplitude around 63 dB(A), see below).""","""The traffic noise recording was delivered by an iPod shuffle (Apple Inc., Cupertino, CA) connected to Logitech LS11 stereo speakers (Logitech, Fremont, CA; frequency response 70–20 000 Hz)""",49,"Traffic-noise playback started April 1, 2013. Mean laying date was May 6, 2013, corresponding to 35 days of exposure before laying. Behavioral observations occurred while playback was active, with the last observation during early brooding, defined as the first 3 days after hatching. Assuming incubation lasts 10–14 days, estimated exposure range to last behavioral observation is 45–52 days; midpoint = 48.5 days. Exact clutch completion and hatching dates NR.",Intermittent,6,Traffic noise was played in a loop 6 h/day: 9–12 AM and 2–5 PM. ,Light phase,,Unclear,,Unclear,,Ambient sound,,"43.04 ± 0.47 dB(A), 95% CI: 41.46–44.63 dB(A)",,"Behavioural, Reproductive/developmental","Adult, Hatchling",Light phase,"Measured female flushing distance during early incubation and early brooding; reproductive performance included occupancy, laying date, clutch size, hatching success, and fledging success. Reproductive nest-check timing was not explicitly reported.","""In this study, we experimentally showed for the first time that anthropogenic noise can affect one antipredator behavior of a wild bird species during the parental phase... we found that parent house sparrows increased their flushing distance when breeding under chronic noise... we did not find any significant effect of our noise manipulation on the reproductive performances of female house sparrows.  The proportion of eggs that hatched did not significantly differ between disturbed and control birds """,Missing,,Missing,,,Missing,,Missing,,Present,"""This work was supported by the Fyssen Foundation (grant to F.A.) and by the Centre National de la Recherche Scientifique. A.M. was supported by a grant from the “Région Poitou-Charentes” and the “Conseil Général des Deux-Sèvres.”",Missing,,Present,R,Missing,,Missing,,Missing,,Missing,,,
7-21-2026 12:09:23,lenzrive@ualberta.ca,AL,amjad_2024_b,Noise-induced hormonal & morphological malformations in breeding pigeons,10.1590/1519-6984.271945,Brazilian Journal of Biology,Peer-reviewed,Yes,Columba livia,Pigeon,Lab colony/Domestic,"""Twenty-four pigeon birds with suitable weight (80-100 g) were bought from market dealt with avian purchase/sale work under license and was kept in animal house of Department of Zoology, The Islamia university of Bahawalpur. """,Unclear,,Pakistan,"Department of Zoology, The Islamia university of Bahawalpur.",Lab-based,"Pigeons, the entire experiment was carried out during the breeding season, in the lab","Road traffic, Recreational, Military, Other","""machinery/equipment noise"" they classified it as human activity, but they don't specify what type of machinery or equipment","""1. Road traffic sources (both commercial and private  vehicles, including road traffic (motorcycles, automobiles, buses etc., and industrial noise source). 2. Military sources (gunfire, explosions, aircraft and  entire military training operations). 3. Human activity sources (machinery/equipment noise,  alarms, loud speakers, tape recorders, DVD/ CD players etc.).""",Adult,Contrast,4,"""Group 2: Six birds were exposed to loud traffic/industrial noise source recordings (90db, 5-6 hrs/per day) for a duration of 60 days. Group 3: Six birds were exposed to military noise recordings (90db, 5-6 hrs/per day) for a duration of 60 days. Group 4: Six birds were exposed to human activity sources noise recordings (90db, 5-6 hrs/per day) for a duration of 60 days.""",,60,,Intermittent,5.5,5-6 hours daily,Light phase,"They don't state the time but: ""Daily observations were recorded in the morning and afternoon.""",Unclear,,Unclear,,Ambient sound,,"dB or Hz not reported, only: ""Group 1: This was served as control group with six untreated birds for a duration of 60 days.""",,"Physiological, Reproductive/developmental",Adult,Light phase,"""This study is important to understand the impact of selected level of noise stress on physiological/morphological changes in breeding birds."" The study measured hormonal physiology (serum corticosterone, TSH, LH, FSH) and morphological malformations (feather fault bars) . To track stress-induced growth abnormalities, researchers used forced molting and ptilochronology to monitor new feather development","Key results showed that noise exposure significantly increased stress and metabolic hormones (corticosterone, TSH) while decreasing reproductive hormones (LH, FSH), indicating potential infertility . Additionally, a methodological ambiguity exists: the abstract mentions ""sacrificing"" birds for blood sampling, whereas the methodology describes non-lethal jugular vein sampling",Missing,,Present,"""Twenty-four pigeon birds with suitable weight (80-100 g) were bought from market dealt with avian purchase/sale work under license and was kept in animal house of Department of Zoology, The Islamia university of Bahawalpur.""",,Present,,Missing,,Missing,,Missing,,Present,IBM SPSS version 25.0,Missing,,Missing,,Missing,,Missing,,,It is concluded that Noise stress caused rise in serum levels of Corticosterone and TSH but fall in LH and FSH. Fault bars formation was also prominent in all treatment groups of breeding pigeons.
8-6-2026 10:35:27,lenzrive@ualberta.ca,AL,injaian_2018_b,"Experimental anthropogenic noise impacts avian parental behaviour, nestling growth and nestling oxidative stress",10.1016/j.anbehav.2017.12.003,Animal Behaviour,Peer-reviewed,Yes,Tachycineta bicolor,tree swallow,Wild,"""From April to June 2015, we monitored tree swallow activity at 30 nestboxes in Davis, CA (15 in Putah Creek Riparian Reserve and 15 in South Fork Preserve).""",Mixed,"""it was not possible to distinguish between male and female tree swallows in our videos;
therefore, the total behaviours for both parents were recorded per nest""",United States,,Field-based,"""Nestbox field experiment at Putah Creek Riparian Reserve and South Fork Preserve.""",Road traffic,,"""For traf c noise playbacks, four unique traf c noise WAV les (i.e. 5 min of cars, trucks, motorcycles passing along a highway at varying time intervals)""","Adult, Hatchling",Contrast,2,"""for each noise set-up was calibrated to 60 dBA immediately outside each nestbox using the sound level meter.""","""for each noise set-up was calibrated to 60 dBA immediately outside each nestbox using the sound level meter. This amplitude is approximately equivalent to being approximately 70 m from a two-lane highway, with medium to high traf c volume (Dooling & Popper, 2007),""",7,"""every other day from nestling day 2-14 posthatch.""",Intermittent,6,"""Playbacks ran for 6 h between 0700 and 1600 hours""",Light phase,"""Once incubation began, each nest was alternately assigned to the 'noise' (N = 15) or 'control' (N = 15) treatment, thus controlling for any seasonal effects of temperature or food availability. / A visual control (plastic bins of similar size, shape and colour to the noise playback system) was placed 5 m in front of each control nest. Control nests were visited in the same pattern as nestboxes in the noise treatment.""",No,"""was alternately assigned""",Yes,"""Videos were later scored by researchers who were blind to the goals of the study, as well as the presence/absence of noise (videos were muted).""",Ambient sound,,"""sites have ambient noise levels typical of U.S. rural agricultural areas (Putah Creek Riparian Reserve: 43.55 ±""",,"Behavioural, Physiological, Reproductive/developmental","Adult, Hatchling",Light phase,"""Here, we used an experimental field study to investigate impacts of short-term traffic noise exposure on parental behaviour (i.e. vigilance and feeding rate), nestling body size and oxidative stress (as measured by oxidative status) and nestling fledging success in tree swallows, Tachycineta bicolor."" ""Adult behaviour was recorded for 2 h during noise exposure at all nests.""",,Missing,,Present,"Our research protocols were approved by the University of California, Davis' IACUC (permit no. 18452), the California Dept. of Fish and Wildlife (permit no. 13136) and the U.S. Fish and Wildlife Service (permit no. MB75179B-0).","18452, 13136, MB75179B-0",Missing,,Missing,,Present,"""Funding for this study was provided by the Animal Behavior Society Student Research Grant and the Northern California Chapter of ARCS funds to A.S.I., and by UC Davis (USDA Hatch Project #CA-D-EVE-2264-H to G.L.P.) and National Science Foundation (IOS-1258217 to G.L.P).""",Missing,,Present,R,Missing,,Missing,,Missing,,Missing,,,
6-30-2026 14:11:30,lenzrive@ualberta.ca,AL,kathpalia_2019,In ovo Sound Stimulation Mediated Regulation of BDNF in the Auditory Cortex and Hippocampus of Neonatal Chicks,10.1016/j.neuroscience.2019.04.014,Neuroscience,Peer-reviewed,Yes,Gallus gallus domesticus,Chicken,Farm,,Mixed,embryos,India,"From the animal care statement ""All India Institute of Medical Sciences, New Delhi""",Lab-based,,Road traffic,,"""vehicle horn sound""",Embryo,Contrast,2,"""arrhythmic sound (traffic noise, 30–3000 Hz with a peak at 2700 Hz; n = 21)... The intensity of both sound stimuli was the only physical property that was matched, i.e., 110 ± 3 dB""",Only the arrhythmic traffic-noise/vehicle-horn treatment was extracted; sitar music treatment was excluded as music.,11,"They don't report the exact incubation span, but on average is 21 days, if they started on day 10 then the exposure was 11 days. ""Sound stimulation at 110 ± 3 dB for 15 min every hour was started at embryonic day 10 (E10) and provided until chicks hatched,"" ",Intermittent,6,"""In brief, recorded sounds of sitar music (rhythmic sound) and vehicle horn sound (arrhythmic sound) were presented to developing embryos daily for six hours""",Unclear,,Unclear,,Unclear,,Silence,,"""sound insulated egg incubator. """,,Physiological,"Hatchling, Embryo",Unclear,"""To further evaluate the effect of sound stimulation on the BDNF protein levels, immunoblotting was performed.""... ""On Embryonic day 11, Embryonic day 13 and post-hatch day 1 (PH1), chicks (n = 3/group) were sacrificed by decapitation, their brains removed, fixed in 4% paraformaldehyde in 0.1 M phosphate buffer (PB) overnight at 4 ¬∞ C and cryoprotected in 15-30% sucrose.""",,Missing,,Present,"""All animal experiments were conducted in accordance with the approval of the Institutional Animal Ethics Committee (783/IAEC/14, All India Institute of Medical Sciences, New Delhi).""",783/IAEC/14,Missing,,Present,"""CONFLICT OF INTEREST The authors share no conflict of interest.""",Present,"""This study was financially supported by grants from Council of Scientific and Industrial Research, New Delhi, India (37 (1420)/10/ EMR-II, SW).""",Present,"""AUTHOR CONTRIBUTIONS  P. K. planned, executed and analyzed the experiments. P. K. and T.C.N. planned and wrote the manuscript; M.B analyzed gene expression microarray; P.C., A.S., T.S.R. and S.W. provided ideas for the experiments and helped in the analysis of experiments and writing of the manuscript. All authors read the final draft of the manuscript.""",Present,GraphPad Prism 6,Present,"""All data are available from the corresponding author on request.""",Missing,,Missing,,Missing,,,
7-20-2026 15:24:45,lenzrive@ualberta.ca,AL,dorado_2018,Timing matters: traffic noise accelerates telomere loss rate differently across developmental stages,10.1186/s12983-018-0275-8,Frontiers in Zoology,Peer-reviewed,Yes,Taenopygia guttata,Zebra finch,Lab colony/Domestic,"""We bred adult zebra finches (2-3 years old) from the colonies at the Max Planck Institute for Ornithology in Seewiesen, Germany.""",Mixed,"Zebra finches (Taenopygia guttata) experienced three different treatment groups: 1) parents were exposed to traffic noise before and during breeding, together with their nestling young, 2) fledged juveniles but not their parents were exposed to traffic noise, and 3) control group birds were never exposed to traffic noise.",Germany,"""Max Planck Institute for Ornithology in Seewiesen, Germany.""",Lab-based,,Road traffic,,"""city traffic noise""","Adult, Juvenile, Hatchling",Contrast,3,"80 five-minute street traffic recordings; daytime 65-85 dB(A) re 20 µPa; nighttime 45-75 dB(A): ""During the daylight hours (06:30–20:30), the 80 recordings were played continuously, in randomized order, with playback levels (measured at the position of the nest boxes) averaging between 65 and 85 dB(A) re 20 _Pa. Nighttime playback (20:30–06:30) consisted of randomized playback of 40 noise recordings, which were less dense in the rate of passing than the daytime recordings and were reduced in overall amplitude, with playback level averages ranging between 45 and 75 dB(A). ""","""Noise playback consisted of 80, 5-min long recordings of street traffic noise, which was recorded at several busy intersections in Munich, Germany during April 2013. During the daylight hours"" ",103,"PNoise: NR; JNoise: 103: ""For the PNoise group, playback of noise began 4 weeks before the introduction of nesting materials and nest boxes and continued until the median juvenile in the room had fledged (the date when half of the offspring had fledged). For the JNoise group, the noise playback began when the median juvenile was 18 days post-hatch, and continued until all juveniles had reached 120 days.""",Continuous,,"""To determine if typical city traffic noise affects telomere dynamics in juvenile birds, we designed three noise exposure treatments: 1) the parents were exposed to noise during breeding, egg-laying and nestling care periods (PNoise), 2) juvenile birds were exposed to noise exposure from fledging throughout the sensory motor learning period, 18–120 days post-hatch (JNoise), and 3) a control group that was not exposed to noise at any time point
(NoNoise)""","Light phase, Dark phase",,Unclear,They randomize the nois,Unclear,,Ambient sound,,NR,,Physiological,Juvenile,Unclear,"""Telomere length and telomere loss rate at 21 and 120 days post-hatch.""",Extracted from a thesis dorado_2018 chapter II and a her published article. ,Missing,,Present,"""Ethics approval and consent to participate Animal housing and care was all in accordance with European and local laws governing the care and use of laboratory animals (Council of Europe Treaty ETS-123). All experimental procedures were approved by and done under license from the Government of Upper Bavaria (Regierung von Oberbayern), licence number 55.2–1–54-2532-51-2013.""",55.2–1–54-2532-51-2013,Missing,,Present,"""Competing interests The authors declare that they have no competing interests.""",Present,"""Funding Financial support was provided by the DFG (research grant BR 2309/7–1 and a Heisenberg Fellowship, BR 2309/8–1 and 8–2, to H.B.), and the KAAD and the International Max Planck Research School for Organismal Biology (personal funding to A.M.D.C.).""",Present,"""Authors’ contributions A.M.D.C. carried out the data analysis, drafted the manuscript, and participated in the design of the study and data collection; S.Z. participated in the data analysis, drafted the manuscript, and participated in the design of the study and data collection; B.H. participated in the data collection and analysis and helped finalize the manuscript; H.B. participated in the design of the study, coordinated the study and helped finalize the manuscript. All authors gave final approval for publication.""",Present,R,Present,"""Availability of data and materials Data available from Mendelay https://doi.org/10.17632/gz64tjzw4m.2""",Present,,Missing,,Missing,,,"Extracted for dorado_2018 thesis, Chapter III is also included, zollinger_2019"
7-20-2026 15:58:08,lenzrive@ualberta.ca,AL,zollinger_2019,Traffic noise exposure depresses plasma corticosterone and delays offspring growth in breeding zebra finches,10.1093/conphys/coz056,Conservation Physiology,Peer-reviewed,Yes,Taeniopygia guttata,Zebra finch,Lab colony/Domestic,"We allowed 88 adult zebra finches (2-3 years old) from the colonies at the Max Planck Institute for Ornithology in Seewiesen, Germany to breed in 6 aviaries.",Mixed,,Germany,"Max Planck Institute for Ornithology in Seewiesen, Germany; street traffic recordings from Munich.",Lab-based,Captive aviary experiment in experimental rooms.,Road traffic,,"""street traffic noise"" recorded at several busy intersections, four- to six-lane roads, and six- to eight-lane motorways in and around Munich, Germany","Adult, Hatchling, Embryo",Contrast,2,"During the daylight hours (06:30–20:30), the 80 recordings were played continuously, in randomized order, with playback levels fluctuating between 65 and 85 dB(A) re 20 _Pa at the position of the nest boxes. Nighttime playback (20:30–06:30) consisted of randomized playbacks of an additional 40 noise recordings, which were less dense in the rate of passing traffic than the daytime recordings and were reduced in peak amplitudes, with playback level averages fluctuating between 45 and 75 dB(A).",24h noise,NR,The exposure period for breeding adults and their offspring included a 28-day pre-breeding window and lasted until the median juvenile fledged (approx. 17–18 days post-hatch). The exact total duration is not clearly reported,Continuous,24,,"Light phase, Dark phase",,Unclear,The noise recordings were randomized,Unclear,,Ambient sound,,"During the control condition no noise playback occurred, and the noise levels in the rooms (exclusive of bird sounds) were 40–48 dB(A),",,"Physiological, Reproductive/developmental, Fitness","Adult, Juvenile, Hatchling, Embryo",Light phase,"""Each bird was sampled four times during the breeding cycle: 1) pre-treatment, 2) during the courtship period, 3) during the nesting period (incubating eggs, but before hatching) and 4) post-treatment. All blood samples were collected between 11:00 and 12:00 h. / To test the effect of traffic noise on immune function we used two tests: leukocyte profile and bacteria killing essay. / For every individual we counted the number of genetic offspring that reached adulthood (120 days old), the number of embryos that died before hatch (embryo mortality) and the number of babies that died in the first 2 days post-hatch (chick mortality). In addition, every offspring was weighed at day 10, 21 and 120 post-hatch.""—Chapter III Materials and methods, thesis pp. 68-70",,Missing,,Present,"All experimental procedures were approved by and done under license from the Government of Upper Bavaria (Regierung von Oberbayern), licence number 55.2-1-54-2532-51-2013.",55.2-1-54-2532-51-2013,Missing,,Missing,,Present,"""This work was supported by the German Research Foundation (award numbers BR 2309/7-1, BR 2309/8-1 and BR 2309/8-2) and the Max Planck Society.""",Present,"""S.Z. participated in the data analysis, drafted the manuscript, and participated in the design of the study and data collection; A.M.D.C. carried out the data analysis, drafted the manuscript, and participated in the data collection; W.G., W.F., U.K. and A.M.B. participated in the data collection and analysis and will help to finalize the manuscript; H.B. participated in the design of the study, coordinated the study and will help to finalize the manuscript""—thesis page, 121",Present,R,Present,"""Supplementary material  Supplementary material is available at Conservation Physiology online.""",Missing,,Missing,,Missing,,,This is Chapter III of dorado_2018 thesis
7-21-2026 11:33:27,lenzrive@ualberta.ca,AL,mcclure_2016,Noise from a phantom road experiment alters the age structure of a community of migrating birds,10.1111/acv.12302,Animal Conservation,Peer-reviewed,No,"Regulus calendula, Zonotrichia leucophrys, Junco hyemalis, Setophaga coronata, Empidonax oberholseri, Setophaga petechia, Piranga ludoviciana, Pipilo maculatus, Geothlypis tolmiei, Oreothlypis celata, Vireo gilvus, Vireo cassinii, Oreothlypis ruficapilla, Empidonax hammondii, Cardellina pusilla, Myadestes townsendi, Spizella passerina, Setophaga townsendi, Turdus migratorius, Catharus guttatus, Haemorhous cassinii, Poecile gambeli, Catharus ustulatus, Sitta canadensis, Pheucticus melanocephalus, Passerina amoena, Regulus satrapa, Spizella breweri, Spinus pinus, Empidonax occidentalis/difficilis, Passerella iliaca, Troglodytes aedon, Contopus sordidulus, Poecile atricapillus, Zonotrichia atricapilla, Empidonax wrightii, Certhia americana, Bombycilla cedrorum, Icterus bullockii, Empidonax traillii, Empidonax minimus, Melospiza linconii, Melospiza melodia, Pooecetes gramineus, Setophaga ruticilla, Setophaga tigrina, Coccothraustes vespertinus, Troglodytes pacificus, Pheucticus ludovicianus, Passerculus sandwichensis","Ruby-crowned Kinglet, White-crowned Sparrow, Dark-eyed Junco, Yellow-rumped Warbler, Dusky Flycatcher, Yellow Warbler, Western Tanager, Spotted Towhee, MacGillivray's warbler, Orange-crowned Warbler, Warbling Vireo, Cassin's Vireo, Nashville Warbler, Hammond's Flycatcher, Wilson's Warbler, Townsend's Solitaire, Chipping Sparrow, Townsend's Warbler, American Robin, Hermit Thrush, Cassin's Finch, Mountain Chickadee, Swainson's Thrush, Red-breasted Nuthatch, Black-headed Grosbeak, Lazuli Bunting, Golden-crowned Kinglet, Brewer's Sparrow, Pine Siskin, Western Flycatcher, Fox Sparrow, House Wren, Western-wood Pewee, Black-capped Chickadee, Golden-crowned Sparrow, Gray Flycatcher, Brown Creeper, Cedar Waxwing, Bullock's Oriole, Willow Flycatcher, Least Flycatcher, Lincoln's Sparrow, Song Sparrow, Vesper Sparrow, American Redstart, Cape May Warbler, Evening Grosbeak, Pacific Wren, Rose-breasted Grosbeak, Savannah Sparrow",Wild,"Multiple migrating bird species; full Latin names not reported in main text. Chat GPT noted some errors in the common names associated with the latin names. I copy pasted species as the are presented in Table Applendix 2. The errors spotted:""Song Sparrow: Melospiza melodia, not Setophaga ruticilla. Lincoln’s Sparrow: Melospiza lincolnii, not Melospiza linconii. Orange-crowned Warbler: Leiothlypis celata, formerly Oreothlypis celata. Nashville Warbler: Leiothlypis ruficapilla, formerly Oreothlypis ruficapilla. Western Flycatcher: Empidonax difficilis under the current AOS treatment, rather than Empidonax occidentalis/difficilis. Common-name formatting: “Western Wood-Pewee,” not “Western-wood Pewee.”",Mixed,,United States,"We conducted our study at two adjacent sites in south-western Idaho, USA (43°360N, 116°050W)",Field-based,Speakers in natural area—a reserve,Road traffic,,"phantom rode: ""The playback consisted of 720 pass-by events per hour of cars traveling at c. 45 miles per hour – similar to traffic in some of the most visited protected areas globally.""","Adult, Juvenile",Contrast,2,720 pass-by events per hour; cars traveling c. 45 mph; most energy 0-3 kHz with peak around 1 kHz; ~55 dB(A) at 50 m; 11-48 dB(A) increase at phantom road capture sites.,,4,"""We played noise in 4-day blocks, alternating 4 days noiseon with 4 days noise-off. During noise-on days, we played noise 0430–2100 local time, with a 30 min fade-in and fadeout period to avoid startling birds and mimic typical traffic patterns... Birds that use our site during autumn stopover remain for fewer than 8 days on average (Carlisle, Kaltenecker & Swanson, 2005). Each noise-on/noise-off block was therefore likely independent because individuals left during the block""",Intermittent,16.5,Exposure: 0430–2100 daily,"Light phase, Dark phase",,Unclear,,Unclear,,Ambient sound,,"the control site averaged only 2 dB(A) louder with noise on (41 dB(A),",Noise-off blocks and control site ambient conditions; control site averaged; 2 dB(A) higher during noise playback.,"Physiological, Ecological","Adult, Juvenile",Light phase,"Ecological outcome: ""Adult birds were negatively associated with dB(A) (b = 9.153e 5, SE = 3.107e 5), which indicates a linear effect of noise. Although hatch-year birds were negatively associated with the interaction between noise and site (b = 4.371e 3, SE = 1.130e 3), which indicates a binary response to noise."" For the physiological outcome: ""In addition to capture rates, measures of body condition of each age class were also negatively affected by noise. The AIC-best model of BCI for both adult (b = 2.56e 4, SE = 9.23e 5) and hatch-year (b = 9.46e 5, SE = 4.85e 5) birds included dB(A) with BCI declining during noise-on periods by 0.61 and 0.51 SD of the mean noise-off value, respectively""","We began netting at sunrise (0635–0755) and continued for 5 h, except occasions with heavy precipitation or high winds.",Missing,,Present,"""We sampled birds under the Intermountain Bird Observatory’s federal permit (# 22929) and Idaho Department of Fish and Game permit # 764-13-000039.""","22929, 764-13-000039",Missing,,Missing,,Present,"""This study was funded by the Natural Sounds and Night Skies Division of the National Park Service (CESUcH8R07060001). Boise State University Office of Research and Department of Biological Sciences, and the National Science Foundation (CNH1414171) provided additional funding.""",Missing,,Present,R,Present,"""Supporting information  Additional Supporting Information may be found in the online version of this article at the publisher’s web-site:  Appendix S1. Number of parameters (K), Akaike’s information criterion value (AIC), the difference between a given model and the model with the lowest AIC value (DAIC) and the AIC (wi) weight for models of the age ratios and capture rates of adults and hatch-year birds. Appendix S2. Species, scientific name and numbers caught of known-age adult and hatch-year birds.""",Present,Only supplementary data,Missing,,Missing,,The supplementary material included the bird species,
7-22-2026 11:20:15,lenzrive@ualberta.ca,AL,leonard_2008,Does ambient noise affect growth and begging call structure in nestling birds?,10.1093/beheco/arm161,Behavioral Ecology,Peer-reviewed,Yes,Tachycineta bicolor,Tree swallow,Wild,box-nesting tree swallows,Mixed,mixed hatchlings,Canada,"Gaspereau Valley of Nova Scotia, Canada, ",Field-based,,Synthetic,,White noise,"Adult, Hatchling",Contrast,2,"white noise that was computer synthesized, ranged from 0 to 22 kHz;  played at 65 dB SPL (reference level 20 lPa here and throughout),",,13,"When broods in each treatment were 3 days old (hatch day = day 1. When the broods were 15 days old, the speakers and CD player were removed from the nests.",Continuous,24,"They don't explicitly say the noise was continuous, however they don't give an schedule butthey imply it: ""We changed the CD batteries daily in the experimental treatment, and we mimicked these battery changes in the control treatment to control for disturbance.""","Light phase, Dark phase",,Yes,"""At hatch, pairs of broods matched for study site, age, and brood size were randomly assigned to an experimental (i.e., noise) or a control (i.e., no added noise) treatment.""",Unclear,,Ambient sound,,""" (41–67 dB SPL) of ambient noise mea- sured in nest-boxes in the field ""","""control (i.e., no added noise) treatment""","Behavioural, Communication, Reproductive/developmental","Adult, Hatchling",Unclear,"Even though in the methods they don't mention the parents were exposed to noise, they did measured outcomes to see if noise affected the feeding rates of the two parents combined, plus hatchling growth and call measurements.","They don't explicitly mention the measurement_timing, we could asume it was Light phase because they say they ""measured daily"", reffering to ""day time"" but its unclear.",Missing,,Missing,,,Missing,,Missing,,Present,"""FUNDING Natural Sciences and Engineering Research Council Discovery Grant (RGPIN/227150 to M.L.).""",Missing,,Present,"""JMP 6 (SAS Institute Inc. 2005).""",Missing,,Missing,,Missing,,Missing,"They don't share anything and JMP 6 can produce reproducible analysis code using the JMP Scripting Language (JSL). JSL existed before JMP 6, so analyses conducted in that version can be saved and rerun.",,
7-22-2026 13:19:49,lenzrive@ualberta.ca,AL,daria_2023,"Effects of anthropogenic noise on cognition, bill color, and growth in the zebra finch (Taeniopygia guttata)",10.1007/s10211-022-00406-0,Acta ethologica,Peer-reviewed,Yes,Taeniopygia guttata,Zebra finch,Lab colony/Domestic,"""They were housed in the Avian Research facility on the Florida Atlantic University Davie campus. These birds were imported from a colony at Kent State in 2018 and their ages were unknown.""",Mixed,"Study subjects were 27 adult finches (16 males, 11 females) and were estimated to be 2–4 years old. ",United States,,Lab-based,"""Study subjects were 27 adult finches (16 males, 11 females) and were estimated to be 2–4 years old. ""","Urban, Synthetic",,"Urban noise, pink noise and aviary sounds (ambient/no playback)...""urban noise combined with normal aviary sounds... Urban recordings consisted of sounds such as passing cars, helicopters, and airplanes, and the revving of engines from cars and motorcycles."" ","Adult, Juvenile, Hatchling, Embryo",Contrast,3,"""The urban playback stimuli ranged in amplitude from 65 to 85 dB(A) SPL (re 20 µPa @ 1 m) and averaged 75 dB throughout; however, the track contained occasional brief periods as low as 30 dB and very brief periods at 95 dB"" "" pink noise playbacks at the average amplitude of the urban noise playbacks, 75 dB(A) re 20 µPa. """,,92,They exposed the birds 2 days before hatching to 90 days post-hatched.,Intermittent,14,daily from 07:00 to 21:00,Light phase,"""No playbacks occurred at night and chamber doors were left open (21:00 to 07:00)""",Unclear,"It does not explicitly say the pairs, broods, cages, chambers, or offspring were randomly assigned to treatments. ""We reduced genetic and parental effects by keeping the same breeding pairs together but swapping them across the three treatment groups for the three rounds of breeding…For the first round of breeding, we divided pairs based on experience…”",Yes,"""Researchers who administered the cognition tests and scored the subjects’ responses were thus blind to the treatment each bird had received.""",Ambient sound,,"""Aviary sounds were typically at amplitudes between 50 and 65 dB(A) SPL (re 20 µPa @ 1 m); however, there were occa- sional periods of aviary sounds as high as 75 dB.""","aviary sounds, no playback","Reproductive/developmental, Cognitive/sensory","Adult, Juvenile, Hatchling",Light phase,"The authors explicitly measured cognitive performance after developmental exposure, using neophobia, novel motor skill, color association, spatial learning, and detour-reaching/inhibitory control tasks. They also measured morphological development, including bill coloration, wing chord length, body mass, and tarsus length during development.","Experiment 2 found no significant effects of developmental urban-noise exposure on adult cognitive performance after correction, and no effects on growth measures. The clearest effect was on adult bill colour: urban-noise females had redder bills, while no-noise males had brighter bills than noise-exposed males. Higher nestling mortality in the urban-noise group was also noted but not treated as a main formal outcome.",Missing,,Present,"""Ethics approval All animals were cared for in accordance with proto- cols approved by the Institutional Animal Care and Use Committee of Florida Atlantic University, permit no. A18-35.""",A18-35,Missing,,Present,"""Conflict of interest The authors declare no competing interests.""",Present,"""Funding The Florida Atlantic University Office of Undergraduate Research and Inquiry, FAU College of Science, and the FAU Department of Biological Sciences provided funding and logistical support""",Missing,,Present,R,Present,"""Data Availability The datasets generated during and/or analysed during the current study are available in the Figshare repository, https:// doi.org/ 10.6084/m9.figsh are.21706580.v2.""",Present,https:// doi.org/ 10.6084/m9.figsh are.21706580.v2,Missing,,Missing,,,
7-22-2026 14:43:28,lenzrive@ualberta.ca,AL,conomy_1998,Do Black Ducks and Wood Ducks Habituate to Aircraft Disturbance?,10.2307/3802568,The Journal of Wildlife Management,Peer-reviewed,No,"Anas rubripes, Aix sponsa","American black duck, Wood duck","Wild-captured, Lab colony/Domestic","“We conducted field experiments with captive, wild strain black ducks hatched in spring 1991 at a North Carolina State University (NCSU) experimental farm unit in Raleigh.” “The wood ducks were hatched in 1991 from eggs collected from nests of wild-strain birds in North Carolina.”",Mixed,"The study included both males and females. In the field experiment, black ducks at Piney Island were 11 M, 9 F, and the NCSU comparison group was 8 M, 10 F. In the simulated-noise experiment, black-duck groups were 2 M, 2 F, and wood-duck groups were described as mixed sexes.",United States,,Lab-based,Experiment 1: Captive American black ducks were housed in a 12 x 12 x 2.5-m aviary located on a military aircraft target range. Experiment 2: Captive American black ducks and wood ducks were studied in a 9.7 x 29.3-m pen constructed on an experimental farm unit pond,"Air traffic, Military",,"They simulated military and commercial aircraft noise: “we subjected captive, wild-strain American black ducks (Anas rubripes) and wood ducks (Aix sponsa) to actual and simulated activities of jet aircraft.” The field experiment took place near “Piney Island, a military aircraft target range,” and the simulated-noise experiment used “6 different recordings of jet noise.”",Juvenile,Contrast,2,"Playbacks: “We used tape recordings of 6 different aircraft overflights to simulate actual overflights (Table 2). “The rate at which the noise increased (onset rate) and decreased (offset rate) varied between recordings, but noise amplitudes were standardized to 84.8 dBA (Leq = 63.2).”",,3,"The Playback experiment: reported a range from 2, ducks were generally exposed to simulated aircraft noise for 4 days, but the last two black-duck replicate groups were exposed for only 2 days.",Intermittent,6,"Authors do not explicitly call the birds juveniles/immatures, but hatch year and winter exposure indicate juvenile/pre-breeding birds.",Light phase,simulated overflights between 0800 and 1400 each day,No,"The only explicit randomization is that the 36 overflights were played at random intervals, which refers to playback timing, not treatment allocation.",Unclear,,Ambient sound,,NR,"""Within-subject pre-exposure baseline: birds were placed in the same outdoor NCSU farm-pond pen, allowed to adjust to the surroundings for 1 day, and then observed for 2 days before simulated aircraft-noise disturbance began. No separate concurrent behavioural control group was used during the playback exposure phase. For the black-duck body-mass comparison, before beginning the experiment, two additional groups of four black ducks each were placed in pens and fed whole-kernel corn in the same manner as the experimental birds; these groups were not exposed to simulated overflights and served as controls for mass change.”","Behavioural, Physiological",Juvenile,Light phase,"Playback experiment measured behavioural habituation/time-activity budgets in response to simulated aircraft-noise playbacks, including aircraft-induced alert and swimming responses. It also measured black-duck body mass change before and after the simulated-noise experiment, used as a body-condition/energetic outcome.","For the playback experient: the authors concluded that simulated aircraft noise caused initial behavioural disturbance in both duck species, but the response pattern differed by species. Black ducks showed habituation: their aircraft-induced behaviours decreased from about 25% on the first exposure day to about 8% by day 4. Wood ducks did not show a consistent decline across groups, suggesting that habituation to aircraft noise may be species-specific. They also found no clear evidence that simulated noise caused additional body-mass loss, because mass loss did not differ between noise-exposed black ducks and non-noise controls.",Missing,,Present,“All animal handling and experimental protocols were reviewed and approved by NCSU Institutional Animal Care and Use Committee (no. 92-169).”,92-169,Missing,,Missing,,Missing,,Missing,,Present,SAS and SYSTAT,Missing,,Missing,,Missing,,Missing,,,
7-22-2026 15:59:14,lenzrive@ualberta.ca,AL,yorzinski_2016,Noise pollution has limited effects on nocturnal vigilance in peahens,10.7717/peerj.2525,PeerJ,Peer-reviewed,Yes,Pavo cristatus,Peafowl,Wild-captured,"""The peahens were captured from feral populations located in country areas or suburban neighborhoods at least two years prior to the onset of this study.""",Female,Peahens,United States," Purdue Wildlife Area in West Lafayette, IN, USA",Lab-based,,Synthetic,,White noise,Adult,Contrast,3,"""white Gaussian noise generated with Matlab; 16 bit; 44.1 Hz"" ""During medium noise trials (n =10), the white noise had a sound pressure level (SPL) of 75 dB (A weighting; slow setting) at the middle of the roost; during loud noise trials (n =10), the white noise measured 90 dB SPL at the middle of the roost""",,4,,Continuous,,"""During noise trials, the speaker continuously broadcast white noise (white Gaussian noise generated with Matlab; 16 bit; 44.1 Hz) during nights (and days) 2–5; no noise was broadcast on nights 1, 6, or 7."" “The white noise automatically turned on at noon on the second day and turned off at noon on the sixth day…”","Light phase, Dark phase",,Yes,"""we randomly selected 12 birds that we used in the first roost selection experiment and used them in this second experiment as well""",Unclear,,Ambient sound,,NR,"""During control trials (n =10), white noise was not broadcast on any of the seven nights.""",Behavioural,Adult,Dark phase,"""...during each night of the trial (starting 1 h after sunset and ending 1 h before sunrise; ‘nighttime period’)…”",“White-noise exposure had limited effects on nocturnal vigilance: peahens’ head-movement rates were similar during noise and no-noise nights within trials. Overall lower vigilance in noise trials may reflect reduced predator presence rather than a direct noise effect.”,Missing,,Present,"""Animal Ethics The following information was supplied relating to ethical approvals (i.e., approving body and any reference numbers): The study was approved by Purdue University Animal Care and Use Committee (# 1305000862 & 1504001232).""",1305000862 &1504001232,Missing,,Present,"""Competing Interests The authors declare there are no competing interests.""",Present,"""Funding This research was funded by the College of Agriculture and Life Sciences at Texas A&M University and Texas A&M AgriLife Research. The funders had no role in study design, data collection and analysis, decision to publish, or preparation of the manuscript. Grant Disclosures The following grant information was disclosed by the authors: College of Agriculture and Life Sciences at Texas A&M University. Texas A&M AgriLife Research.""",Present,"""Author Contributions •Jessica L. Yorzinski conceived and designed the experiments, performed the experiments, analyzed the data, contributed reagents/materials/analysis tools, wrote the paper, prepared figures and/or tables, reviewed drafts of the paper. •Fredrick S. Hermann performed the experiments, reviewed drafts of the paper.""",Present,SAS & Minitab,Present,"""The data supporting this article are available in Harvard Dataverse: http://dx.doi.org/10.7910/DVN/FFEZQC""",Present,"""Data Availability The following information was supplied regarding data availability: Yorzinski, Jessica. 2016. Vigilance Levels. Harvard Dataverse, V1. DOI: 10.7910/DVN/FFEZQC.""",Missing,,Missing,,,
7-23-2026 12:35:04,lenzrive@ualberta.ca,AL,meillere_2024,"Pre- and postnatal noise directly impairs avian development, with fitness consequences",10.1126/science.ade5868,Science,Peer-reviewed,Yes,Taeniopygia guttata castanotis,Australian zebra finch,Lab colony/Domestic,"“96 adult zebra finches ... from an existing breeding colony of wild-derived zebra finches at Deakin University (Waurn Ponds, Australia)” —but they worked with the offspring",Mixed,"Exposure started at embryo/nestling stages. Adult breeding follow-up included both sexes: 26 females and 14 males in the first breeding season; 15 females and 10 males in the fourth year. This is a full factorial design, but for this extraction we will focus on the embryo group exposed to noise (preNoise) and the hatchling group exposed prenatally and postnatally to noise (preNoise-postNoise). As the other embryo and hatchlings groups mix Noise exposure plus Bird song: ""prenoise-postnoise: n = 24, prenoise-postsong: n = 20, presong-postnoise: n= 21, presong-postsong: n = 22).""",Australia,,Lab-based,"""Captive experimental design: adults bred indoors; eggs were artificially incubated in playback incubators; nestlings were removed overnight to artificial nests for playback exposure; adults were later housed in outdoor breeding aviaries for reproductive assessment.""",Road traffic,,"Traffic noise soundtracks were sourced from recordings made at a busy urban street and additional traffic-noise recordings covering urban and roadside acoustic environments.They removed pedestrian or other loud sounds, they isolated traffic noise as best as possible.","Hatchling, Embryo",Contrast,2,"""The volume of both playbacks was adjusted to an average amplitude of 65 dB(A) (mean sound level: traffic noise treatment: 64.7 ± 4.9 dB(A) (min – max dB(A) within the 1h recording: 45.6 – 79.6)""",The 1-h playback sequence contained 45 min of traffic noise and 15 min of silence; it used 11 traffic-noise tracks of 40 s to 4 min 20 s.,15,"Same individuals in the prenoise-postnoise group were exposed to traffic-noise playback during the last 5 days of incubation, followed by a 4.5-day unmanipulated interval after hatching, and then exposed overnight from the evening of day 4 to the morning of day 13 post-hatch. Coded as 14 exposure days/sessions total: 5 prenatal + 9 postnatal overnight sessions.",Intermittent,6,"""Mimicking peak traffic hours or song chorus times, playback sequences of 1h were played
in a loop for a total of 6h (corresponding to 4.5h of acoustic stimulation) in evenings (from 19:00 to 23:00) and early mornings (from 05:00 to 07:00) from a) day 9 of incubation until hatching for the prenatal treatments and b) day 4 to day 13 post-hatch for the postnatal treatments.""","Light phase, Dark phase","Only offspring acoustic environment was manipulated. Parents remained unexposed. Eggs were moved to playback incubators; nestlings were removed from parental nests each evening, exposed overnight in artificial heated nests, and returned each morning. Eggs/sound cards and artificial nests/sound cards were swapped daily to reduce incubator/room bias.",Yes,"“Within each clutch, eggs were randomly distributed among the 3 prenatal acoustic treatments...” Supplementary methods, p. 2.",Unclear,,Ambient sound,,NR,"They used ""silent"" incubators, however they rearranged the eggs around the incubators to avoid any stimulus from the incubators. They were not noise isolated. No hz or dB of control: “a third prenatal acoustic treatment where eggs were not exposed to playbacks and were therefore incubated in silence (presilence).” Supplementary methods, p. 3; incubators described as silent, still-air/fanless on p. 4.","Physiological, Reproductive/developmental, Fitness","Adult, Juvenile, Hatchling, Embryo",Light phase,"Prenatal/embryonic outcomes included hatching success/embryonic survival and hatchling mass. Follow-up outcomes after prenatal exposure included nestling growth/body mass/tarsus, telomere length, hematocrit, day-40 measures, and adult reproductive output/realized fitness. Measurements were mainly made during daytime/morning checks; hatching checks occurred at 07:00, 10:00, 13:00 and 18:00.","Prenatal traffic-noise exposure reduced embryonic survival/hatching success compared with song playback, especially for heavier eggs, but did not significantly affect hatchling mass. Prenatal noise also showed carryover effects on postnatal development, telomeres and later reproductive output.",Missing,,Present,"""All experimental procedures were approved by the Animal Ethics Committee of Deakin University (permit G11-2018) and carried out in accordance with the Australian Code of Practice for the Care and Use of Animals for Scientific Purposes (National Health and Medical Research Council, 2013).""",G11-2018,Missing,,Present,"""Competing interests: The authors declare that they have no competing interests""",Present,"""Funding: Australian Research Council grant DE170100824 (MMM); Australian Research Council grant DP180101207 (K.L.B., M.M.M.); Australian Research Council grant DP210101238 (K.L.B., M.M.M.); Australian Research Council grant FT140100131 (K.L.B.); Alfred Deakin Postdoctoral Research Fellowship from Deakin University (A.M.); Spanish Ministry of Science, Innovation and Universities grant RYC2019-028066-I (M.M.M.).""",Present,"""Author contributions: Conceptualization: A.M., M.M.M., K.L.B. Methodology: A.M., M.M.M., J.R.E. Investigation: A.M., J.R.E., M.M.M Formal analysis: A.M. Visualization: A.M., M.M.M. Funding acquisition: M.M.M., K.L.B., A.M. Writing– original draft: A.M., M.M.M. Writing– review and editing: A.M., M.M.M., K.L.B., J.R.E.""",Present,R,Present,"""Data and materials availability: All data used in the analyses and associated code are available at Dryad.""",Present,Data publicly available in Dryad: https://doi.org/10.5061/dryad.47d7wm3mk,Present,"""Data and materials availability: All data used in the analyses and associated code are available at Dryad.""",Present,Analysis code is stated to be publicly available with the Dryad record: https://doi.org/10.5061/dryad.47d7wm3mk,,Extraction restricted to prenatal and post-natal traffic-noise playback versus prenatal and postnatal silence. Song playback groups are excluded from n_groups
7-23-2026 13:20:54,lenzrive@ualberta.ca,AL,ziegler_2025,Effects of short-term multi-pollutant exposure on the oxidative stress status of captive songbirds,10.1111/1365-2435.70027,Functional Ecology,Peer-reviewed,Yes,Taeniopygia guttata,Zebra finch,Lab colony/Domestic,"""This experiment was performed during April–May 2017, using captive zebra finches.""",Mixed,"""This design led to eight separate treatment groups of 39–43 birds per treatment group (approximately 50:50 female: male, Table S2)""",Sweden,"""Department of Biology. The study was approved by the Malmö/Lund"" University is in Sweden",Lab-based,,Road traffic,,"""anthropogenic noise by recordings from heavy traffic close to a city road (~70 db)""",Adult,Contrast,2,"""Recordings were running from 08:00 to 18:00, which resulted in a noise level of 70.7_±_0.4 dBA (mean_±_SD). During nights (19:00–07:00) without additional ALAN exposure, the noise level was on average 61.5_±_0.9 dBA (mean_±_SD)""",,5,"""Treatments were carried out consecutively, with a new treatment group started every week, including new birds, and the exposure lasted for 5_days for each group""",Intermittent,23,"""During the experiment, two loudspeakers were positioned on the chamber floor. Recordings were running from 08:00 to 18:00, which resulted in a noise level of 70.7_±_0.4 dBA (mean_±_SD). During nights (19:00–07:00) without additional ALAN exposure, the noise level was on average 61.5_±_0.9 dBA (mean_±_SD)."" The periods 18:00–19:00 and 07:00–08:00 were not clearly described, so daily exposure duration was coded as a range of 22–24 h/day; midpoint = 23 h/day.”","Light phase, Dark phase",,Yes,""" Males and females were kept in separate aviaries. They were randomly distributed into same-_ sex groups of five to six birds among eight cages""",Unclear,,Ambient sound,,"""background noise levels during weeks where no- noise treatment was applied were 42–45 dBA, mainly caused by the ventilation system and internal fan (when no birds were in the chamber).""",,Physiological,Adult,Light phase,"""In the morning 5_days prior to the start of the exposure treatment (i.e. 4_days into the acclimatization phase; Table S1), we took a baseline blood sample from the jugular vein of each bird. A second blood sample was taken at the end of the fifth (and last) day of exposure (Table S1).""",,Missing,,Present,"""The study was approved by the Malmö/Lund ethical committee (permit no. M108-_ 16).""",M108-_ 16,Missing,,Present,"""CONFLICT OF INTEREST STATEMENT This study has no conflicts of interest. Caroline Isaksson is an Associate Editor for Functional Ecology, but took no part in the peer review or decision-_ making process for this manuscript.""",Present,"""We thank FORMAS (2015-_ 00526; to CI) and Stiftelsen Lunds Djurskyddsfond (67/17; to AKZ) for funding.""",Present,"""AUTHOR CONTRIBUTIONS Ann-_ Kathrin Ziegler, Jenny Rissler, Anders Gudmundsson and Caroline Isaksson designed the experiment. Ann-_ Kathrin Ziegler, Jenny Rissler, Anders Gudmundsson and Caroline Isaksson con- ducted the experiment Ann-_ Kathrin Ziegler performed the labora- tory work. Ann-_ Kathrin Ziegler performed the statistical analysis. Ann-_ Kathrin Ziegler wrote the first draft. CI made all revisions. All authors edited and revised the manuscript. Ann-_ Kathrin Ziegler and Caroline Isaksson received funding.""",Present,R version 4.1.0; lmerTest,Present,"""DATA AVAIL ABILIT Y S TATEMENT Data deposited in the Dryad repository: https:// doi. org/ 10. 5061/ dryad. hx3ff bgqs (Isaksson et al., 2025).""",Present,https://doi.org/10.5061/dryad.hx3ffbgqs,Missing,,Missing,,,
7-23-2026 14:33:46,lenzrive@ualberta.ca,AL,halfwerk_2016,"Noise affects nest-box choice of 2 competing songbird species, but not their reproduction",10.1093/beheco/arw095,Behavioral Ecology,Peer-reviewed,No,"Parus major, Cyanistes caeruleus, Sitta europaea, Passer montanus, Poecile palustris, Ficedula hypoleuca","Great tit, blue tit, Eurasian nuthatch, tree sparrow, marsh tit, pied flycatcher",Wild,nest boxes,Mixed,"""The study primarily focused on the great tit (Parus major) and the blue tit (Cyanistes caeruleus) in its investigation of noise impacts on nest-box choice and reproductive success""",Netherlands,"“Nationaal Park Dwingelderveld” in the Netherlands""",Field-based,"""Nest-boxes were situated at 4 different sites""",Synthetic,,"""We exposed birds inside nest-boxes to artificially generated low-frequency traffic noise ((filtered white noise...""","Adult, Hatchling, Embryo",Contrast,3,"""Noise was played at ~65 dB (SPL, A-weighted, measured at the position of the female with a Cesva SC-30 sound analyzer)""","""day and night in 30-min loops with 10 s in between subsequent playback of the loop file with a ramp off to silence and a ramp up to full exposure again to avoid abrupt changes in noise level.",35.17,"Experiment 1 (""Noise laying"" group): 37 to 43 days = 40,  and (""Noise chick"" group): 23 to 28 days = 25.5. Experiment 2: 40 days. Midpoint of all = 35.17.",Continuous,24,"""noise started prior to egg laying (here after “noise laying”), noise started prior to hatching (here after “noise chick”), and a silent control condition (here after “control”)""","Light phase, Dark phase"," ""Previous measurements of temporal varia- tion in noise of a busy highway indicated that the level remains constant throughout most of the day and we therefore decided to play noise continuously at the same amplitude.""",Yes,"""Each nest-box of a triplet was randomly assigned 1 of 3 noise treatments"" and ""Nest-box treatments were alternated across the rows of the grids, with the treatment of the first nest-box in each row randomly assigned.""",Unclear,,Ambient sound,,"""Depending on the wind conditions, traffic noise could be heard faintly in all our sites. Nevertheless, noise levels measured at a subset of nest-boxes sampled from all 4 sites were relatively low at 36.9 dB (see Halfwerk et  al. 2012 for details), mainly caused by natural sounds such as wind or singing birds.""",,"Behavioural, Physiological, Reproductive/developmental, Ecological","Adult, Hatchling, Embryo",Light phase,Great tits avoided breeding in noisy nest-boxes when individual pairs had a choice available in theor territory. But settle in noisy nests if there is no other option.,,Missing,,Missing,,,Missing,,Missing,,Missing,,Missing,,Present,R,Present,"""Data accessibility: Analyses reported in this article can be reproduced using the data provided by Halfwerk et al. (2016).""",Present,,Missing,,Missing,,,"""To conclude, we have shown that anthropogenic noise exposure inside nest-boxes can affect nest site selection of birds but not necessarily their reproductive success."""
7-23-2026 15:35:21,lenzrive@ualberta.ca,AL,sutcliffe_2023,Impacts of oil well drilling noise on parental care and nestling condition of chestnut-collared longspurs (Calcarius ornatus),NA,The University of Manitoba,Grey literature,Yes,Calcarius ornatus,Chestnut-collared longspur,Wild,,Mixed," both female and male adult birds, as well as nestlings (hatchlings)",Canada,Alberta,Field-based,,Energy,,oil drilling noise,"Adult, Hatchling, Embryo",Contrast,2,NR,"This is the only thing they say: ""Each drilling playback plot played drilling noise previously recorded (see Curry et al. 2018) from different wells, to ensure independence among replicates.""",10,"""The average drilling period in southern Alberta is ten days long (Rosa
2019), thus I played the drilling treatment for ten days on, followed by ten days off, with start
times staggered throughout the drilling plots""",Continuous,24,"I am assuming the span and duration because it is not clearly reported! In AB oil activities last 24 h ""The average drilling period in southern Alberta is ten days long (Rosa 41 2019), thus I played the drilling treatment for ten days on, followed by ten days off, with start times staggered throughout the drilling plot""","Light phase, Dark phase",,Unclear,,Unclear,,Ambient sound,,NR,"""three control plots with no infrastructure and no sound,""","Behavioural, Reproductive/developmental","Adult, Hatchling",Light phase,"""Drilling noise influences parental care and nestling condition and age at fledge independently of one another: while male care was lower in the presence of drilling noise, changes in male care did not affect brood mass or age at fledge. Conversely, drilling noise did not impact female care, which did have an impact on brood mass and age at fledge. Thus, the impacts of noise on brood mass and age at fledge were independent of any effects of parental care.""",,Missing,,Missing,,,Missing,,Missing,,Missing,,Missing,,Present,R,Missing,,Missing,,Missing,,Missing,,,
7-24-2026 11:08:08,lenzrive@ualberta.ca,AL,mahjoub_2015,Using a “Sonic Net” to Deter Pest Bird Species: Excluding European Starlings from Food Sources by Disrupting Their Acoustic Communication,10.1002/wsb.529,Wildlife Society Bulletin,Peer-reviewed,Yes,Sturnus vulgaris,European starling,Wild-captured,"""Seventy wild-caught adult European starlings,""",Mixed,ratio of male or female not provided,United States,"""Bartlett Milling Co., L.P., Statesville, NC""",Lab-based,,Synthetic,,ultrasonic parametric arrays,Adult,Contrast,3,"""The 2- to 10-kHz sonic net could also have altered the birds’ behavior simply because it was a loud sound rather than specifically masking the perception of the alarm call; therefore, we also tested 14 flocks under a white noise broadcast in the 0.1- to 2-kHz range at 80-dB SPL using the same treatment sequence.""",,3,8 hours a day (from 0900 to 1700) over 3 consecutive day,Intermittent,8,,Light phase,,Yes,were conducted on 18 groups of 3 randomly chosen starlings (no birds were tested more than once) from,Unclear,,Ambient sound,,NR,,"Behavioural, Communication",Adult,Light phase,,,Missing,,Present,"""The College of William and Mary Institutional Animal Care and Use Committee approved the use of vertebrate animals in this study (IACUC-2012-11-23-8173-jpswad).""",IACUC-2012-11-23-8173-jpswad,Missing,,Missing,,Missing,,Missing,,Present,SPSS,Missing,,Missing,,Missing,,Missing,,,
7-24-2026 11:54:57,lenzrive@ualberta.ca,AL,cao_2023,Beneficial effects of instrumental music on the production performance of Xiandao green-shell layers housed under different stocking densities,10.1071/AN22288,Animal Production Science,Peer-reviewed,Yes,Gallus gallus domesticus,Chicken,Farm,,Female,Xiandao green-shell laying hen,China,"Jiangyan District, Taizhou City, Jiangsu Province, China",Lab-based,,Road traffic,,mixed road sound: a recording of traffic noises around Heheng Xiandao Poultry Company,Adult,Contrast,2,"""at a total level of 75 dB.""","""RS sounds were broadcast using SAST T-50 radio""",24,"""birds in the three rooms were exposed to NS, IS, and RS respectively, for 24 days.""",Intermittent,6,"""twice a day, for 3 h each time (from 0800 hours to 1100 hours, and from 1300 hours to 1600 hours)""",Light phase,,Yes,"""In total, 378 30-week-old hens with a similar body weight were randomly allocated to nine experimental treatments""",Unclear,,Ambient sound,,"""NS was the ambient noise of the chicken house (at a level of 65 dB)""","""caused mainly by fans and chicken vocalisations and referred to as background noises)""","Physiological, Reproductive/developmental",Adult,Unclear,"""noise were two negative factors in the laying performance of Xiandao green-shell layers that resulted in significantly decreased EPR, HU, and relative yolk weight.""",,Missing,,Present,"""All experimental procedures in the current study were approved by the Animal Care and Use Committee of Yangzhou University (ethical permit No. SJXY-2), Jiangsu Province, China.""",SJXY-2,Missing,,Present,"""Conflicts of interest. The authors declare no conflicts of interest.""",Present,"""Declaration of funding. This work was funded by the National key R&D Program of China (2018YFD0300804) from the Ministry of Science and Technology of China.""",Missing,,Present,SPSS 23.0,Present,"""Data availability. All the data used in this paper is available on request to the corresponding author.""",Missing,,Missing,,Missing,,,
8-6-2026 13:08:23,lenzrive@ualberta.ca,AL,mulholland_2018,Effects of Experimental Anthropogenic Noise Exposure on the Reproductive Success of Secondary Cavity Nesting Birds,10.1093/icb/icy079,Integrative and Comparative Biology,Peer-reviewed,No,"Sialia mexicana, Myiarchus cinerascens","Western bluebird, Ash-throated flycatcher",Wild,,Mixed,they exposed the nests when they started to be active,United States,"""Our nest box study system was established on California Polytechnic State University Lands and situated adjacent to campus in San Luis Obispo County on the central coast of California""",Field-based,,Road traffic,,"""experimental traffic noise—we recorded traffic noise on local highways""","Adult, Hatchling, Embryo",Contrast,2,"""We then standardize the playback stimulus in each box to approximately 65 dB(A) at 10 cm, an amplitude known to result in behavioral changes in other studies""",,NR,"""We exposed 26 western bluebird nests to experimental traffic noise and included 32 nests as controls during the 2015 and 2017 breeding seasons."" Noise generally began on the clutch-initiation day and continued throughout the entire nesting period, but the study does not report the total number or range of exposure days. Exposure also ended earlier in nests that failed or were abandoned, so a consistent duration cannot be calculated.",Continuous,24,,"Light phase, Dark phase",,No,"""Nest treatments were assigned such that the first active nest of the season was randomly assigned to either a treatment or control, but then subsequent nests’ assignments alternated to minimize differences in clutch initiation dates (CIDs) among the treatment and control nests.""",No,,Ambient sound,,"""Western Bluebirds: Control average Leq = 46.19 ± 3.99 SE dB(A) at 10 cm . Ash-throated Flycatchers: Control average Leq = 42.99 ± 1.67 SE dB(A)""","The sources do not provide a specific numerical frequency for the control sound but include a power spectra (Figure 2) showing the spectral profile of recordings made inside quiet control boxes across a range from 0 to 15,000 Hz. The study notes that the spectral range most audible to birds is 0.5–10 kHz",Reproductive/developmental,"Hatchling, Embryo",Unclear,"Reproductive/developmental: clutch size, brood size (number of hatchlings), number of fledglings, overall nest success, and nestling morphological measurements such as body mass, tarsus length, and wing chord lenght.",,Missing,,Present,"""This work was carried out in accordance with the approval of the Cal Poly Institutional Animal Care and Use Committee [Protocol #1411].""",1411,Missing,,Missing,,Present,"""Funding  This work was supported by the North American Bluebird Society, New York State Bluebird Society, and Animal Behavior Society to T.I.M., in addition to a CSUPERB and National Science Foundation Grant [CNH-1414171 to C.D.F.].""",Missing,,Present,R,Missing,,Missing,,Missing,,Missing,,,
7-24-2026 15:41:07,lenzrive@ualberta.ca,AL,brancaccio_2024,Urban noise effects on foraging activity of a hummingbird community,10.1676/23-00029,The Wilson Journal of Ornithology,Peer-reviewed,No,"Basilinna leucotis, Cynanthus latirostris, Lampornis clemenciae, Eugenes fulgens","White-eared Hummingbird, Broad-billed Hummingbird, Blue-throated Hummingbird, Magnificent Hummingbird",Wild,,Mixed,,Mexico,,Field-based,,Urban,,,Adult,Contrast,3,"""2 (Tr2) a speaker was placed near the feeder and emitted a recording of UN at a mean intensity of 70 dB, and in treatment 3 (Tr3) the speaker was placed near the feeder and emitted UN at an average intensity of 90 dB.""—""The speakers used for the treatment had a ""200Hz–20KHz frequency""",,NR,"""The 45 replicates were conducted at three sites between 18 July and 5 August 2022, spanning 19 calendar days, from 07:00 to 12:00 h. Each site had 15 replicates, but the study does not report the replicate dates or identify individual birds. Therefore, repeated exposure across days is possible, but the number of exposure days per bird cannot be determined.""",Intermittent,0.5,"The noise treatment remained on for 20 minutes during Time 1 plus 10 minutes during Time 2. Therefore, exposure_session_duration should be 0.5 hours,",Light phase,,Yes,"""we applied the corresponding noise treatment (i.e., Tr1, Tr2 or Tr3, chosen at random)""",Unclear,,Ambient sound,,"""Environmental urban noise (dB, mean ± 1 SE, n = 30): Site 1, 51.8 ± 0.5 dB; Site 2, 49.8 ± 0.6 dB; Site 3, 48.6 ± 0.5 dB. Tr1: speaker placed near the feeders but turned off. Frequency not reported.""—Table S1 Supplementary  material",,Behavioural,Adult,Light phase,“the number of visits per hummingbird species” and reported that feeders exposed to artificial noise above 70 dB “were visited significantly less frequently.”,,Missing,,Missing,,,Missing,,Missing,,Present,"Finally, we thank CONACyT (Project 258364) for supporting us with the materials used in this study.",Missing,,Present,STATISTICA,Missing,,Missing,,Missing,,Missing,,,
7-24-2026 16:08:01,lenzrive@ualberta.ca,AL,owens_2012,The effects of extended exposure to traffic noise on parid social and risk-taking behavior,10.1016/j.beproc.2012.05.010,Behavioural Processes,Peer-reviewed,No,"Poecile carolinensis, Baeolophus bicolor","Carolina chickadee, Tufted titmouse",Wild-captured,,Mixed,,United States,,Lab-based,,Synthetic,,Brownian noise,Adult,Contrast,2,"""For this study, noise was broadcast at 75 dB/SPL @ 1 m, the average amplitude of traffic noise recorded in a local chickadee/titmouse habitat... combination of background and experimental noise ranging in amplitude from 60 to 80 dB. Brownian noise (generated at intensity = 24 and Butterworth Low-pass filtered at 2 kHz in Cool Edit Pro v. 2.0)""",,24,"""The amount of noise that experimental subjects were exposed to varied between 22 and 26 days.""",Intermittent,8,"""Included in this total exposure subjects received between 9–12 days of noise during the acclimation phase, prior to data collection, and 11–16 days during data collection.""",Light phase,between the daylight hours of 0700–1700,Unclear,"""Additionally, the order subjects were observed within each aviary was randomized daily.""",No,"""Due to the presence or absence of noise in the aviary and on acoustic files, data could not be collected or analyzed blind.""",Ambient sound,,"""Inside the two aviaries located 550 m from the road the average SPL was 59.3 dB, with a range of 48–82 dB. Similar numbers were found for the second set of aviaries 850 m away from the road, whose average SPL was 54.9 dB with a range 49–65 dB.""",,Behavioural,Adult,Light phase,"""We present the first experimental evidence that traffic noise alters fundamentally important, species-typical, non-vocal behavior. The duration of noise exposure used in this study is significantly longer than the duration of any experimental noise exposure previously used in studies on anthropogenic noise effects. Because our study closely modeled both the duration and acoustic characteristics of real traffic noise, we believe these results are representative of behavioral adaptations to chronic sources of anthropogenic noise outside of the aviary context.""",,Missing,,Present,"All procedures including trapping, banding, research protocol and husbandry were completed in accordance with the University of Tennessee Institutional Animal Care and Use Committee’s approval (IACUC protocol # 1326).",1326,Missing,,Missing,,Missing,,Missing,,Present,SPSS v. 19,Missing,,Missing,,Missing,,Missing,,,
7-27-2026 12:20:51,lenzrive@ualberta.ca,AL,quinn_2006,"Noise, predation risk compensation and vigilance in the chaffinch Fringilla coelebs",10.1111/j.2006.0908-8857.03781.x,Journal of Avian Biology,Peer-reviewed,Yes,Fringilla coelebs,Chaffinch,Wild-captured,"""Twenty-nine chaffinches were caught under license from English Nature between November 2002 and February 2003 and kept in captivity for a maximum of one week at the Wytham Field Laboratory, Oxford.""",Mixed,,United Kingdom,"""Wytham Field Laboratory, Oxford.""",Lab-based,"""Experiments were conducted on all individuals within four days of capture (mean 1.92 days9/ 0.14).""",Synthetic,,White noise,Unclear,Contrast,2,"""The noise itself was a synthetic white noise with sound energy equally distributed across the frequencies (e.g. equally up to 22.1 kHz...The maximum noise level recorded was 68 dB (A)""",,5,"""Experiments were conducted on all individuals within four days of capture (mean 1.92 days9/ 0.14).""",Intermittent,NR,"Two trials: Exposure occurred during one trial per day across five days, but the daily duration was not consistently reported. In the first trial, noise was played for 2–4 periods of 30 seconds, totalling 1–2 minutes (midpoint 1.5 minutes = 0.025 h). During the following four daily trials, noise was continuous for the entire trial, but each trial’s duration was described only as “several minutes.",Unclear,,Yes,"""The order in which the data were collected for each of these noise states was randomised."" ""Nevertheless, all potential confounding effects of variation in treatment due to these alternative experiments were controlled for by randomising the incidental treatments for other experiments with respect to the background white noise treatment for the current experiment,""",Unclear,,Ambient sound,,NR,"During the within-individual comparison, the white-noise periods were interspersed with explicitly described 30-second periods of silence. The authors analysed one noise-on period and one noise-off period per bird. That was their control",Behavioural,Unclear,Unclear,"Foraging and vigilance: ""There was no evidence for habituation in response to the white noise during repeated trials because the proportion of time spent being vigilant actually increased slightly with repetition of the treatment, rather than the strength of response declining""",,Missing,,Present,"""Twenty-nine chaffinches were caught under license from English Nature between November 2002 and February 2003""",,Missing,,Missing,,Present,"""W. Cresswell was supported by a Royal Society University Research Fellowship, J. Quinn by a Leverhulme Trust Research Fellowship, Mark Whittingham by a BBSRC grant (no. 43/D13408) and Simon Butler by a BBSRC/RSPB studentship.""",Missing,,Present,SPSS,Missing,,Missing,,Missing,,Missing,,,
7-27-2026 12:49:46,lenzrive@ualberta.ca,AL,liu_2025,Growing up with chronic traffic noise exposure leads to transient but not long-term noise tolerance in a songbird,10.1098/rsbl.2024.0575,Biology Letters,Peer-reviewed,Yes,Taeniopygia castanotis,Zebra finch,Lab colony/Domestic,"""Subjects were wild-type outbred zebra finches from the Leiden University breeding colony.""",Mixed,"""Thirty breeding pairs reared 109 chicks (57 females/52 males) in two breeding rounds with two types of continuous noise exposure (see below). An additional 28 subadults (19 females/nine males, from nine breeding pairs) were raised without experimental noise exposure as a control group.""",Netherlands,"""Leiden University""",Lab-based,,Road traffic,,"""Birds received continuous playback of 24 h recordings from Dutch highways""","Adult, Juvenile, Hatchling, Embryo",Contrast,3,"""who had avoided the high-intensity noise (55–75 dB(A) re: 20 _Pa, recorded at 5–15 m distance from a busy highway) but tolerated the moderate-intensity noise (45–55 dB(A), recorded at 200–400 m distance). In comparison, noise levels in the colony room were from 35 to 41 (ambient noise) and to 61 dB(A) (loud bird calls).""",,NR,"""Birds received continuous playback of 24 h recordings from Dutch highways"" They started the exposure during breeding season""The noise levels during breeding. Then expossed the hatchlings: ""As subadults (65 ± 4 dph, days post hatch); they measured outcomes and exposed from 0-120 days post hatch"" --> “Breeding pairs were exposed to highway noise recordings from pre-egg-laying until their offspring reached subadulthood.” — Abstract, p. 1
""The breeding pairs and their offspring…were housed [in the noise-treatment rooms] until the offspring reached 65 ± 4 days old.” — Methods, Subjects, p. 2",Continuous,24,,"Light phase, Dark phase",,Unclear,,Yes,"""Videos were checked by QL (sound turned off and analysing videos with non-informative IDs to ensure that the analysis was conducted double-blinded),""",Ambient sound,,"""noise levels in the colony room were from 35 to 41 (ambient noise) and to 61 dB(A) (loud bird calls).""",,Behavioural,"Adult, Juvenile",Light phase,"""Testing started between 09.00 and 10.00 h the next morning.” The birds were maintained under a 14:10 h light:dark regime. — Methods, Spatial preference tests""",,Missing,,Present,"""Ethics. All procedures were reviewed and approved by the Centrale Commissie Dierproeven (CCD) of the Netherlands AVD1060020171409) and were monitored by the Animal Welfare Body of Leiden University and in adherence with national and legislation and ASAB/ABS guidelines for the treatment of animals in behavioural research and teaching (2018).""",AVD1060020171409,Missing,,Present,"""Conflict of interest declaration. We declare we have no competing interests.""",Present,"""Funding. Q.L. was funded by the Chinese Scholarship Council. This research was supported by the Dr. J. L Dobberke Foundation for Comparative Psychology (UPS/BP/3927 2015-19).""",Present,"""Authors’ contributions. Q.L.: conceptualization, data curation, formal analysis, funding acquisition, investigation, methodology, software, validation, visualization, writing—original draft, writing—review and editing; H.S.: conceptualization, methodology, supervision, writing—review and editing; K.R.: conceptualization, formal analysis, funding acquisition, methodology, project administration, resources, supervision, writingreview and editing.""",Present,R,Present,"""Data accessibility. The original data of this manuscript can be found in the electronic supplementary materials (file ‘Liu et al_chronic traffic noise exposure and noise tolerance.xlsx’). The R scripts for statistical analysis can be found in supplementary material file ‘Liu et al_ chronic traffic noise exposure and noise tolerance_analysis.R’. All electronic supplementary data are available from the Dryad Digital Repositor5y7][.  Electronic supplementary material is available online [58].""",Present,"""All electronic supplementary data are available from the Dryad Digital Repositor5y7][.  Electronic supplementary material is available online [58].""",Present,"""The R scripts for statistical analysis can be found in supplementary material file ‘Liu et al_ chronic traffic noise exposure and noise tolerance_analysis.R’. All electronic supplementary data are available from the Dryad Digital Repositor5y7]""",Present,"""Liu Q, Slabbekoorn H, Riebel K. 2024 Supplementary material from: Growing up with chronic traffic noise exposure leads to transient but not long-term noise tolerance in a  songbird. Figshare. (doi:10.6084/m9.figshare.c.7577655)""",,
8-4-2026 12:57:39,lenzrive@ualberta.ca,AL,cao_2024,"Different sound exposures causes alterations in stress-related serum indicators, behaviors, and cecal microbiota of green-shell egg-laying chickens under different stocking densities",10.7717/peerj.18544,PeerJ,Peer-reviewed,Yes,Gallus gallus domesticus,Chicken,Farm,,Female,Xiandao green-shell laying hens,China,"Jiangyan District, Taizhou City, Jiangsu Province, China",Lab-based,,Road traffic,,mixed road noise,Adult,Contrast,6,"""Music and mixed road sound were played at 65–75 dB using SAST T-50 radio""","""Based on a 3 _ 3 factorial arrangement with three levels of sound sources and three rates of stocking densities, layers were randomly assigned to nine groups"": MRL: Mixed Road Sound + Low Density, MRM: Mixed Road Sound + Medium Density, MRH: Mixed Road Sound + High Density; and the control groups: NL: Natural Sound + Low Density, NM: Natural Sound + Medium Density, NH: Natural Sound + High Density",24,"""The experiment lasted 24 days after a 1-week acclimatization period.""",Intermittent,6,"""twice a day from 8:00 to 11:00 in the morning and from 13:00 to 16:00 in the afternoon.""",Light phase,"""The lighting regime was 16 h of light and 8 h of darkness per day+""",Yes,"""layers were randomly assigned to nine groups""",Yes,"""The recorded behavior of these selected and labeled birds were analyzed using Noldus Observer XT (Version 7.0, Noldus Information Technology BV, Wageningen, Netherland) and by the same observer who was blind to the treatments.""",Ambient sound,,NR,"""NS was the ambient sound of the henhouse."" To prevent acoustic interference between the control and treatment groups, the study utilized three independent henhouses separated by a 19-meter-wide greenbelt.","Behavioural, Physiological",Adult,Light phase,"Physiological: adrenocorticotropic hormone (ACTH) and corticosterone (CORT), cecal microbiota. Behavioural: preening (a self-grooming behavior) and feather pecking (pecking towards the feathers of others)","""no significant interactions between sound source and stocking density on the serum levels of ACTH and CORT were observed."" ""MRS was always associated with significantly higher Freqpeck when compared with NS"" ""The present study confirmed that high density and noise were unfavorable factors associated with the elevated level of serum stress indicators (ACTH and CORT)""",Missing,,Present,"""Ethics  The handling of animals in this experiment was performed in compliance with the Chinese guidelines for animal welfare and approved by the Animal Care and Use Committee of Yangzhou University (No. 202104501), Jiangsu Province, PR China.""",202104501,Missing,,Present,"""Competing Interests  The authors declare that they have no competing interests.""",Present,"""Funding  This project was financially supported by the National Natural Science Foundation of China (NSFC) (Grant/Award Number: 31770422). The funders had no role in study design, data collection and analysis, decision to publish, or preparation of the manuscript.  Grant Disclosures  The following grant information was disclosed by the authors: National Natural Science Foundation of China (NSFC): 31770422.""",Present,"""Author Contributions  . Shiwen Cao performed the experiments, prepared figures and/or tables, authored or reviewed drafts of the article, and approved the final draft. . Manhong Ye analyzed the data, prepared figures and/or tables, authored or reviewed drafts of the article, and approved the final draft. . Wanhong Wei conceived and designed the experiments, authored or reviewed drafts of the article, and approved the final draft. . Fengping Yang conceived and designed the experiments, authored or reviewed drafts of the article, and approved the final draft.""",Present,"SPSS 22.0, R",Present,"""Data Availability  The following information was supplied regarding data availability: The raw data used for analysis is available in the Supplemental Files and at NCBI: PRJNA896261.""",Present,"""Supplemental Information  Supplemental information for this article can be found online at http://dx.doi.org/10.7717/ peerj.18544#supplemental-information.""",Missing,,Missing,,,
8-4-2026 14:06:39,lenzrive@ualberta.ca,AL,curry_2018,Ability to alter song in two grassland songbirds exposed to simulated anthropogenic noise is not related to pre-existing variability,10.1080/09524622.2017.1289123,Bioacoustics,Peer-reviewed,No,"Ammodramus bairdii, Passerculus sandwichensis","Baird’s sparrow, Savannah sparrow",Wild,"""We surveyed birds at three grazed, mixed-grass prairie sites""",Male,"""We sampled singing males within a ca. 400-m radius of the site centre points where the playback equipment was located""",Canada,"""The study was conducted southeast of Brooks, Alberta""",Field-based,,Energy,,drilling noise,Adult,Contrast,2,"""Drilling noise is a broadband sound, consisting of a wide frequency range from 0 Hz to 21 kHz, with more energy in the lower frequencies (Figure 1). The noise playback was broadcast at an average of 88 dB(C) at 10 m (C-weighted timeaverage sound pressure level for broadband sound; LCeq).""",,10,,Continuous,24,,"Light phase, Dark phase",,Unclear,,Unclear,,Ambient sound,,"""average sound pressure levels (sPL; Z-weighted time-average value of sPL, in decibels; LZeq)  of midpoint frequencies of one-third-octave frequency bands from 40 Hz to 20 kHz, measured at three drilling playback sites (n = 36 sound measurements) and background noise at 35 sites in our study area (including background sound measurements from the three drilling playback sites while noise was not being broadcast) (n = 50 background sound measurements)."""," They recorded: before, during, and after,  the noise treatment.",Communication,Adult,Light phase,"""we only recorded during standardized conditions (wind speed ≤ 15 km/ hr before 13:00)."" ""Baird’s sparrow usually decreasing frequency and Savannah sparrow increasing frequency""",,Missing,,Present,"""Ethics compliance statement  This study was approved under the University of Manitoba Council on Animal Care (F12010/1), Alberta Environment and Sustainable Resource Development (Research Permit #55492 Collection Licence #55491) and Canadian Fish and Wildlife Service (permit 11-MB/ SK/AB-SC007).""","#55492, #55491, 11-MB/ SK/AB-SC007",Missing,,Present,"""Disclosure statement  Some funding for the research was provided by Cenovus Energy to NK (supporting all other co-authors excepting MHW). The funding from industry had no effect on the research or our conclusions. Cenovus Energy contributed safety training and helped identify potential research sites, but all research was designed, analyzed, written and submitted for review by the co-authors without industry input, to maintain integrity.""",Present,"""Funding  This work was supported by grants to NK via Natural Sciences and Engineering Research Council of Canada [grant number CRDPJ 432934-12]; Cenovus Energy; the Manitoba Research and Innovation Fund and Canadian Foundation for Innovation [grant number 18787]; the University of Manitoba’s Clayton Riddell Faculty of Environment, Earth, and Resources; CMC was additionally supported by U.S. Department of Agriculture [grant number USDA-NIFA 2013-67009-20369] to E.S. Bridge.""",Missing,,Present,R,Missing,,Missing,,Missing,,Missing,,,
8-5-2026 10:55:51,lenzrive@ualberta.ca,AL,rosa_2023,Comparison of impacts of oil infrastructure on grassland songbirds between landscape-scale noise addition and noise removal experiments,10.3389/fevo.2023.1168585,Frontiers in Ecology and Evolution,Peer-reviewed,No,"Calcarius ornatus, Passerculus sandwichensis, Anthus spragueii, Pooecetes gramineus","Chestnut-collared Longspur, Savannah Sparrow, Sprague’s Pipit, Vesper Sparrow",Wild,,Mixed,"""Abundance and nesting searching of four grassland songbird species""",Canada,"""near Brooks, County of Newell, Alberta""",Field-based,"""we conducted noise addition and removal studies during migratory grassland bird breeding season (i.e., May to August)""",Energy,,"""Noise addition consisted of drilling playbacks (88±4.0dB(C); n=6), generator-powered pumpjack playbacks (73±5.2dB(C); n=6), power-grid pumpjack playbacks (62±2.8dB(C); n=6), infrastructure-only playbacks that mimicked the noise-producing ones, but did broadcast sound (n=6),""—full text. Additionally to: ""Chronic pumpjack noise was broadcasted 24 hours/day for approximately 90 days each  year, corresponding with the duration of the breeding season""—thesis Chapter 4","Adult, Hatchling, Embryo",Contrast,5,"""Drilling activity intermittent 88 ± 4.0 10 ± 0.6 x 2 periods; Generator pumpjack chronic 73 ± 5.2 95 ± 11.0; Power-grid pumpjack chronic 62 ± 2.8 87 ± 11.9; Infrastructure-only natural ambient 51 ± 3.3; Control natural ambient 51 ± 3.3""",,55,"They had two exposure durations, chronic pumpjack: continuous 90 days and simulated real drilling operations: intermittent 20 days with 15 days in between. ",Continuous,24,"Two treatments: Generator-powered pumpjack noise and Power-grid pumpjack noise  lasted 90 days per year. The Drilling-rig noise 20 days. The drilling noise was broadcasted continuosly but the patterns were intermittent to present different noises in different order, and they exposed the birds in 10 day blocks and stopped for 15. 
","Light phase, Dark phase",,Yes,"""Noise playback and infrastructure-only treatments were rotated  among sites randomly between 2014 and 2015""",Unclear,,Ambient sound,,"""Infrastructure-only natural ambient 51 ± 3.3; Control natural ambient 51 ± 3.3""",,"Physiological, Reproductive/developmental, Ecological, Fitness","Adult, Juvenile, Hatchling, Embryo",Light phase,"""nest searches at each site starting between 0630 and 0800h and completing before 1,200h"" ""behavioural cues (singing, carrying nesting matrial or food, territorial displays). Nest outcome: indices of predation, observation of nestling, fledging"" ""Reproductive output, corticosterone, and age and size of Chestnut-collared Longspurs"" and ""abundance"". — Paper. I selected fitness because they investigated this reproductive outcomes from 2012 to 2015",,Missing,,Present,"""Ethics statement  The animal study was reviewed and approved by University of Manitoba Animal Care Protocol F15-005 Canadian Bird Banding Permit 10,840(A) Canadian Wildlife Service Permit #11-MB/SKL/ AB-SC007 Alberta Environment and Sustainable Research Development Research Permit #56016 and Collection License #56017.""","11-MB/SKL/ AB-SC007, 56016, 56017",Missing,,Present,"""Conflict of interest  The authors declare that the research was conducted in the absence of any commercial or financial relationships that could be construed as a potential conflict of interest.""",Present,"""Funding  Funding was provided by the National Science and Engineering Research Council of Canada (RGPIN-2017-04038), Cenovus Energy, Alberta Conservation Association (D000000563-S007), Canadian Foundation for Innovation (18787), Manitoba Research and Innovations Fund, and Clayton H. Riddell Endowment Fund of the University of Manitoba. NK and PR received partial funding for the research from Cenovus Energy, but the company had no involvement in study design, data analysis, interpretation of findings, or any other related work. Their contribution was limited to providing safety training and access to study sites, and they were not consulted in writing the manuscript to ensure the study’s integrity.""",Present,"""Author contributions  PR and NK designed the experiment. PR collected and analyzed the field data and led the writing of the manuscript. NK supervised all""",Present,"R, SAS",Present,"""Data availability statement  The original contributions presented in the study are included in the article/Supplementary material, further inquiries can be directed to the corresponding author.""",Missing,,Missing,,Missing,,,
8-4-2026 17:26:43,lenzrive@ualberta.ca,AL,rosa_2021,Impacts of oil well drilling and operating noise on abundance and productivity of grassland songbirds,10.1111/1365-2664.14075,Journal of Applied Ecology,Peer-reviewed,No,"Calcarius ornatus, Passerculus sandwichensis, Anthus spragueii, Pooecetes gramineus","Chestnut-collared Longspur, Savannah Sparrow, Sprague’s Pipit, Vesper Sparrow",Wild,,Mixed,,Canada,"""near Brooks, County of Newell, Alberta""",Field-based,Playback studies in the field,Energy,,oil drilling sounds,"Adult, Hatchling, Embryo",Contrast,5,"""Drilling activity intermittent 88 ± 4.0 10 ± 0.6 x 2 periods; Generator pumpjack chronic 73 ± 5.2 95 ± 11.0; Power-grid pumpjack chronic 62 ± 2.8 87 ± 11.9; Infrastructure-only natural ambient 51 ± 3.3; Control natural ambient 51 ± 3.3""",The infrastructure only was a control with infrastructure but no sound,55,"They had two exposure durations, chronic pumpjack: continuous 90 days and simulated real drilling operations: intermittent 20 days with 15 days in between. ",Continuous,24,"Two treatments: Generator-powered pumpjack noise and Power-grid pumpjack noise  lasted 90 days per year. The Drilling-rig noise 20 days. The drilling noise was broadcasted continuosly but the patterns were intermittent to present different noises in different order, and they exposed the birds in 10 day blocks and stopped for 15. ","Light phase, Dark phase",,Yes,"""Noise playback and infrastructure-only treatments were rotated among sites randomly between 2014 and 2015 to ensure that differences among treatments were not caused by differences among sites, resulting in 41 replicates in total.""",Unclear,,Ambient sound,,"""Infrastructure-only natural ambient 51 ± 3.3; Control natural ambient 51 ± 3.3""",,"Physiological, Reproductive/developmental, Ecological","Adult, Juvenile, Hatchling, Embryo",Light phase,"Nestling success, Abundance, and Nestling body condition and clutch size",,Missing,,Present,"""Experiments were conducted under University of Manitoba animal  care protocol F15-005, Canadian Wildlife Service permit #11-MB/ SKL/AB-SC007, and Alberta Environment and Sustainable Research Development Research Permit #56016.""","11-MB/ SKL/AB-SC007, 56016",Missing,,Present,"""CONFLICT OF INTEREST  Despite providing partial funding for this research to N.K. and P.R., Cenovus Energy had no input in the study design, data analysis, results interpretation or written work submitted for review. Their contributions consisted of providing safety training and assisting in logistics related to locating potential study sites. To maintain integrity, they were not consulted on this manuscript.""",Present,"""ACKNOWLEDGEMENTS  We thank funding sources: Cenovus Energy, Natural Sciences and Engineering Research Council of Canada, Canadian Foundation for  Innovation, Manitoba Research and Innovation Fund, and University  of Manitoba Clayton Riddell Faculty of Environment, Earth, and  Resources.""",Present,"""AUTHORS' CONTRIBUTIONS  P.R. and N.K. designed the experiment; P.R. collected and analysed the field data and led the writing of the manuscript; N.K. supervised all work and the overall research programme. All authors contributed critically to drafts and gave final approval for publication.""",Present,SAS,Present,"""DATA AVAIL ABILITY STATEMENT  Data available via the Dryad Digital Repository https://doi.org/10.5061/dryad.3j9kd51jz (Rosa & Koper, 2021).""",Present,https://doi.org/10.5061/dryad.3j9kd51jz,Missing,,Missing,,,"This study came from a theses we included in the OpenAlex screening rosa_2018. This is Chapter 4. There is also rosa_2023 which is an extension of this article, but the extractable data is almost the same, the outcomes change a bit and they added infrastructure producing noise, not only experimental playback in that other study. "
8-5-2026 16:02:57,lenzrive@ualberta.ca,AL,campbell_2019,The effects of anthropogenic noise on feeding behaviour in black-capped chickadees (Poecile atricapillus),10.1016/j.beproc.2018.10.015,Behavioural Processes,Peer-reviewed,Yes,Poecile atricapillus,Black-capped chickadee,Wild-captured,"""Twelve wild-caught black-capped chickadees (six males, six females)""",Mixed,,Canada,"""Subjects were caught in January 2016 in Edmonton, AB (North Saskatchewan River Valley, 53°53 N, 113°53 W) or Stony Plain, AB (53°46 N, 114°01 W)""",Lab-based,"""Chickadees were housed in modified Jupiter Parakeet cages (30 _ 40 _ 40 cm) that were singly enclosed in ventilated sound-attenuating chambers.""",Synthetic,,Brown noise,Adult,Contrast,3,"""stimuli were presented at approximately 75 dB (measured approximately 20 cm from the speaker""","""(2) brown noise, and (3) a combination of chick-a-dee calls and brown noise (see Fig. 2).""",6,"birds were exposed to noise during two of the three experimental treatment blocks: the ""Noise Stimulus"" (brown noise) and the ""Call and Noise Stimulus"" (brown noise combined with conspecific calls). Each of these treatment blocks lasted for 3 days, totalling 6 days of noise exposure.These blocks were separated by at least one day of silence to allow the subjects' feeding behaviour to return to baseline",Intermittent,7,"During treatment days, the stimuli were presented for a total of 7 hours per day in 30-minute intervals of sound followed by 30 minutes of silence",Light phase,"""Stimulus playback started at 09:30...After this seven-hour stimulus, no sounds played for the rest of the day.""",Yes,"""Order of stimulus presentation was randomly assigned such that two individuals were assigned to each of the six possible stimulus presentation orders.*""",Unclear,,Silence,,"""Background sound levels in experimental chambers were approximately 60 dB""","""enclosed in ventilated sound-attenuating chambers.""",Behavioural,Adult,Light phase,"Feeding behaviour: ""In conclusion, we found that black-capped chickadees fed significantly less when presented with conspecific calls than when presented with brown noise (with or without calls). Chickadees also fed significantly more during the periods of silence between stimulus playback than during the playback itself, regardless of playback type.""",,Missing,,Present,"""Ethical note  Studies were conducted with approval from the Animal Care and Use Committee for Biosciences for the University of Alberta (AUP 108) and all procedures were in accordance with the Canadian Council on Animal Care (CCAC) Guidelines and Policies and the ARRIVE (Animal Research: Reporting of in vivo Experiments) guidelines. Chickadees were captured under an Environment Canada Canadian Wildlife Service Scientific permit, Alberta Fish and Wildlife Capture and Research permits, and City of Edmonton Parks Permit.""",AUP 108,Missing,,Missing,,Present,"""This research was supported by a Natural Sciences and Engineering Research Council of Canada (NSERC) Discovery Grant and Discovery Accelerator Supplement, an Alberta Ingenuity Fund (AIF) New Faculty Grant, a Canada Foundation for Innovation (CFI)New Opportunities Fund (NOF) and Infrastructure Operating Fund (IOF) grants along with start-up funding and CFI partner funding from the University of Alberta (UofA) to CBS. KAC was supported by an Alexander Graham Bell Canada Graduate ScholarshipDoctoral (NSERC CGS D).""",Missing,,Missing,,Missing,,Missing,,Missing,,Missing,,,
8-5-2026 16:28:07,lenzrive@ualberta.ca,AL,brischoux_2017,Traffic noise decreases nestlings’ metabolic rates in an urban exploiter,10.1111/jav.01139,Journal of Avian Biology,Peer-reviewed,Yes,Passer domesticus,House sparrow,Wild,"""wild house sparrows breeding in nest-boxes in a rural site""",Mixed,nestlings,France,"""Centre d’Etudes Biologiques de Chizé, France""",Field-based,,Road traffic,,"""Experimental noise exposure has been thoroughly described in a related article (Meillère et al. 2015—full text this paper. But Meillere: """"Playback of a 2-min traffic-noise recording made 5 m from a 4-lane highway near Paris.""","Adult, Hatchling, Embryo",Contrast,2,"""noise levels at the disturbed nest-boxes (63.32 _ 1.65 dB(A))""",,NR,"Exposure Span Notes: The sources state that wild house sparrows were exposed to traffic noise playbacks ""during the entire first breeding attempt (i.e. from nest construction to fledging)""",Intermittent,6,"""The traffic noise recording was played in a loop 6 h a day (from 9 to 12 am and from 2 to 5 pm).""",Light phase,,Unclear,,Unclear,,Ambient sound,,"""control nest-boxes (43.04 _ 0.47 dB(A)),""",,Reproductive/developmental,Hatchling,Light phase,"""Body size, body mass, body condition and growth rates""","""we found that the noise treatment did not influence nestling growth, but that nestlings chronically exposed to traffic noise display a reduced resting metabolic rate (RMR; whole organism and metabolic intensity) as compared to undisturbed nestlings.""",Missing,,Present,"""Permissions – All procedures were conducted in conformity with French laws and regulations and approved by the ‘Comité d’éthique Poitou-Charentes’ (approval number CE2013-3 to FA).""",CE2013-3 to FA,Missing,,Missing,,Present,"""Funding – Funding was provided by the Fondation Fyssen, the Région Poitou-Charentes, the Conseil Départemental des Deux-Sèvres, the ANR-16-CE02-0004-01 (Urbastress), and the Centre National de la Recherche Scientifique.""",Missing,,Present,Statistica 12,Missing,,Missing,,Missing,,Missing,,,
8-5-2026 17:53:09,lenzrive@ualberta.ca,AL,potvin_2015_b,Experimental chronic noise exposure affects adult song in zebra finches,10.1016/j.anbehav.2015.06.021,Animal Behaviour,Peer-reviewed,Yes,Taeniopygia guttata,Zebra finch,Lab colony/Domestic,"""We used 20 adult male zebra finches sourced from our breeding population at the University of Western Ontario's""",Mixed,"""Songs were recorded by placing a male in a solitary cage in a quiet (average background noise level 1⁄4 25 dBA SPL without birds), acoustically isolated chamber (modified audiometric testing booth) for 24 h, then introducing a randomly selected female into the chamber.""",Canada,,Lab-based,,Road traffic,,,Adult,Contrast,2,"""were exposed to traffic noise at levels equivalent to an urban park (noise levels varied over time, ranging from 40 to 80 dBA SPL within the recordings, replicating variation experienced in urban parks; LAeq average sound level ~65 dBA SPL; Fig. 1)""",,150,"""from 0700 to 1800 hours daily, starting 1 week after being placed in the chamber."" for 5 months",Intermittent,11,"""Each male was then placed in a cage with the female that elicited his singing behaviour, and both were placed in an acoustic isolation chamber for 5 months and fed ad libitum food and water on a 14:10 h light:dark cycle.""",Light phase,"0700 to 1800 hours daily,",Yes,"""acoustically isolated chamber (modified audiometric testing booth) for 24 h, then introducing a randomly selected female into the chamber.""",Yes,"""All song analysis was done blind to treatment and bird ID.""",Silence,,"""no noise, background noise level without birds was ca. 25 dBA SPL)""",acoustically isolated chamber,"Communication, Physiological",Adult,Light phase,"They did a song analysis and corticosterone: ""All songs were recorded between 0900 and 1000 hours"" ""All blood measurements were taken between 0900 and 1000 hours."" ","""we did not find a correlation between anthropogenic noise and baseline circulating corticosterone"" ""songs across all groups increased in length and number of notes per song: this effect was primarily due to an increase in within-song repetitions of pre-existing notes throughout the experimental period. We also observed that birds experiencing traffic noise for 5 months significantly increased the bandwidth of their songs by lowering their minimum frequencies over the course of the experiment, an effect that lasted through the 2-month post-experiment period. Interestingly, birds housed in noisy conditions did not appear to alter their songs to avoid masking, nor did they change their songs over time more than birds in the quiet environment. Since we also found no difference in baseline corticosterone level between treatment groups,""",Missing,,Present,"""Ethical Note  All birds were kept and treated in accordance with guidelines set by the Canadian Council on Animal Care, and all procedures in this study were approved by the University of Western Ontario Animal Use Subcommittee (protocol number 2007-089). Birds in both groups showed normal behaviour and did not appear to suffer from the experimental manipulations or blood collection.""",2007-089,Missing,,Missing,,Present,"""This research was funded by the Natural Sciences and Engineering Research Council of Canada (grant no. 217381).""",Missing,,Missing,,Present,"""Supplementary Material  Supplementary Material associated with this article is available, in the online version, at http://dx.doi.org/10.1016/j.anbehav.2015. 06.021.""",Present,http://dx.doi.org/10.1016/j.anbehav.2015. 06.021,Missing,,Missing,,"The data availability statement, they shared some word in the journal website. Supplementary material not data",
8-5-2026 18:15:14,lenzrive@ualberta.ca,AL,horn_2020,"Effect of noise on development of call discrimination by nestling tree swallows, Tachycineta bicolor",10.1016/j.anbehav.2020.04.008,Animal Behaviour,Peer-reviewed,Yes,Tachycineta bicolor,Tree swallow,Wild,"""box-nesting population of tree swallows near Wolfville, Nova Scotia, Canada""",Mixed,,Canada,,Field-based,nest boxes,Synthetic,,White noise,Hatchling,Contrast,2,"""continuous loop of computersynthesized white noise at 65 dB SPL, C weighting (as measured... White noise was synthesized in wav format (16 bits, 44 kHz) with Audacity v.2.1.2""",,12,Experimental noise exposure began when the broods were 3 days old. The white noise was then played as a continuous loop until day 15 post-hatch,Continuous,24,"""This player delivered a continuous loop of computersynthesized white noise""","Light phase, Dark phase",,Yes,"""randomly assigned the members of each pair to the experimental or control treatment""",Unclear,,Ambient sound,,"55 dB SPL, they say the treatment ""elevated approximately 10 dB (± 6 dB)"" from the control.",,"Behavioural, Communication",Hatchling,Light phase,The measured: parental provisioning calls and nestling calls,,Missing,,Present,"""The protocols of this study were approved by the Dalhousie University Committee on Laboratory Animals (Protocol 16e064).""",1.60E+65,Missing,,Missing,,Present,"""Research was supported by a Natural Sciences and Engineering Research Council of Canada (NSERC) Discovery Grant (RGPIN/227150) to M.L.L.""",Missing,,Present,JMP,Missing,,Missing,,Missing,,Missing,,,
8-6-2026 11:31:17,lenzrive@ualberta.ca,AL,ray_2016,Noise Induces Hypothyroidism and Gonadal Dysfunction Via Stimulation of Pineal–Adrenal Axis in Chicks,10.1007/s12595-016-0180-0,Proceedings of the Zoological Society,Peer-reviewed,Yes,Gallus gallus domesticus,Chicken,Farm,"""We used 1-day old venncobb chicks, available from COBB group, U.S.A. which is a variety of domestic chicken marketed in India (Bangur, Kolkata)""",Mixed,"""of either sex, weighing between 35–40 g were collected from a hatchery near Calcutta.""",India,,Lab-based,,Other,"""An electric bell fitted with a decibel meter""",,Hatchling,Contrast,4,"1 control (no noise) and 3 experimental: 60, 80, 100 dB. ""Group V, kept in a separate sound proof test room that served as control for chronic experiment""",,7,,Intermittent,6,"""Groups VI, VII and VIII were exposed to noise exposure at 60, 80 and 100 dB each for 6 h (3 h each twice, between 8–11 h and 15–18 h) daily for 7 consecutive days.""",Light phase,,Yes,"Only for outcome measurement, but not for allocation: ""Experimental chicks were randomly autopsied for studying different parameters.""",Unclear,,Silence,,"""Noise experiment was conducted in test room (300 cm 9 240 cm 9 300 cm) in adequate ventilation in the experimental room. The acoustic property (background sound level) of the test room was recorded at 7.02 ± 0.01 dB which was adjusted to 0 n/m2.""","""Group V, kept in a separate sound proof test room that served as control for chronic experiment.""","Behavioural, Physiological",Hatchling,Light phase,"Behaviour ""water and food intake"". Physiological ""glands weight morphology, stress hormones""","""Noise is a potent stress that decreases food intake and body weight but stimulates adrenal and pineal functions which in turn induces hypothyroidism and gonadal dysfunction in developing chicks. (b) Overstimulation of adrenal and pineal glands independently or jointly cause hypothyroidism. Reduced food intake may also be responsible for induction of hypothyroidism which leads to gonadal dysfunctions in chicks. (c) Noise exposure needs to be avoided for betterment of poultry industry.""",Missing,,Present,"""Animals were treated in accordance with the guidelines for the care and use of laboratory animals following the ‘Principles of Laboratory Animal Care’ (NIH Publication No. 85-23, revised in 1985) as well as the specific Indian laws of Animal Protection (Regn. no. 885/ac/05/PCSEA). All possible efforts were made to reduce animal suffering and minimize the number of animals used.""","85-23, 885/ac/05/PCSEA",Missing,,Missing,,Present,"""Acknowledgments This work was supported by a Grant (No. F.PSW-030/03-04) from the University Grants Commission, Government of India, awarded to P.P. Ray.""",Missing,,Missing,,Missing,,Missing,,Missing,,Missing,,,
8-6-2026 11:57:40,lenzrive@ualberta.ca,AL,liu_2021,Chronic exposure to urban noise during the vocal learning period does not lead to increased song frequencies in zebra finches,10.1007/s00265-020-02942-w,Behavioral Ecology and Sociobiology,Peer-reviewed,Yes,Taenopygia guttata,Zebra finch,Lab colony/Domestic,"""zebra finches used in the experiments were bred from 1- to 3year-old adult birds of mixed ancestry from the colonies at the Max Planck Institute for Ornithology in Seewiesen, Germany""",Mixed,,Germany,,Lab-based,"""We allowed pairs of adult zebra finches to breed in cages (42 _ 120 cm and 42 cm high) in custom-made soundshielded boxes (inner dimensions: 55 _ 149 cm and 61 cm high).""",Road traffic,,"""Urban noise was recorded during April 2013 in the city of Munich, Germany in several bird habitats close to busy roads.""","Juvenile, Hatchling",Contrast,4,"Experiment 1: ""noise was broadcast through both loudspeakers. The noise level ranged between 60 and 80 dB(A) SPL (at the position of the two perches) during the day. Nighttime playback (19:00–07:00) consisted of randomized playbacks of an additional 40 noise recordings, which were less dense in the rate of passing traffic than."" Experiment 2: ""with peak levels ranging between 65 and 85 dB(A) SPL during the day. The mean amplitude fluctuation across the 80 urban noise files of the combined set was 15.1 dB (range: 9.8–20.3 dB). During the night, the same set of noise files was used as in experiment 1, broadcast with peak levels between 45 and 75 dB(A) SPL.""","Experiment 1, harchlings, playback tutoring singing: ""In the noise treatment, the 52 5-min files with urban noise were played back constantly during the daylight hours in randomized order from 18 to 120 dph, using the same setup as for the tutor playback."" Experiment 2, hatchlings with parents: ""in the city of Munich. From 18 to 120 dph, the noise files were played back continuously, in randomized order,"" ",102,"In both Experiment 1 and Experiment 2, young zebra finches were exposed to urban noise playbacks from 18 to 120 days post-hatch (dph). This period encompasses their entire sensitive phase for song memorization through to the crystallization of their adult song. In Experiment 1, noise was played constantly during daylight hours, with lower-amplitude randomized noise played during the night. In Experiment 2, noise was played back continuously.",Continuous,24," Urban noise was played constantly during the 12-hour daylight period (0700 to 1900 hours). During the 12-hour nighttime period (1900 to 0700 hours), playback continued with randomized recordings that were reduced in peak amplitude.","Light phase, Dark phase",,Yes,Random playback noise and randomly selected song motifs to measure,Yes,"""Although the frequency measurements were done automatically by the software, we used a blinded protocol, in which the person conducting the measurements (YL) was not informed about the treatment of the experimental birds.""",Silence,,"""ranged between 31 and 33 dB(A) SPL and was mainly due to the ventilation system.""","""CONTROL treatment, only the tutor songs were played back and no urban noise files. The noise level inside the silent sound-shielded boxes (i.e., when no playback was broadcast and excluding bird noises)""",Communication,"Adult, Juvenile",Unclear," Experiment 1: Males were recorded at 120 days post-hatch. Experiment 2: Males were recorded between 1609 and 1988 days post-hatch, ","""We found that experimental exposure to realistic traffic noise during the sensorimotor learning period did not lead to increased song frequencies or any other systematic spectral differences in adult zebra finch song.""",Missing,,Present,"""Ethical approval The experiments were approved by the Animal Experimentation Committee of the Government of Upper Bavaria (permit number Az. 55.2.-1-54-2532-51-13). All applicable international, national, and/or institutional guidelines for the use of animals were followed.""",55.2.-1-54-2532-51-13,Missing,,Present,"""Conflict of interest The authors declare that they have no conflict of interest.""",Present,"""Funding Open Access funding enabled and organized by Projekt DEAL. Research funding was provided by the Deutsche Forschungsgemeinschaft to HB (awards BR 2309/7-1, BR 2309/8-1, and BR 2309/8-2), by the National Natural Science Foundation of China to YL (Grant no. 31770429), through a research fellowship awarded to YL by the Chinese Research Council, and by the Max Planck Society.""",Missing,,Present,R,Present,"""Data availability The data used in this study are available from the Open Research Data Repository of the Max Planck Society at https://edmond.mpdl.mpg.de/imeji/collection/1n0IgHJlAmPF3bZ""",Present,https://edmond.mpdl.mpg.de/imeji/collection/1n0IgHJlAmPF3bZ,Missing,,Missing,,,
8-6-2026 12:31:08,lenzrive@ualberta.ca,AL,injaian_2018_c,Effects of experimental anthropogenic noise on avian settlement patterns and reproductive success,10.1093/beheco/ary097,Behavioral Ecology,Peer-reviewed,Yes,Tachycineta bicolor,Tree swallow,Wild,,Mixed,Parents and nestlings. From the nest settlement to fledging ,United States,"""in areas surrounding Davis, CA. Peak""",Field-based,nest boxes,Road traffic,,"""Four unique traffic noise WAV files (i.e. 5 min of cars, trucks, motorcycles passing along a highway at varying time intervals)""","Adult, Juvenile, Hatchling",Contrast,2,"""The mean amplitude at nest boxes in the noise clusters (n = 19) was an Leq of 55.3 dBA ± 3.6 (SD) SPL re 20 _Pa,""","They give more dB from calibration of the equipment and the actual tracks, but I am using the final site measurements, in both treatment and control",61,"They started February 1 and stopped April 1, 2016",Intermittent,6,"""Traffic noise playbacks ran daily from 0800 to1400 h (""",Light phase,,Yes,"""we randomized this assignment, such that some nest boxes were in general regions of the field site""",Unclear,,Ambient sound,,"""the mean amplitude at nest boxes in the control clusters (n = 16) was an Leq of 44.7 dBA ± 1.8 (SD) SPL re 20 _Pa.""",nest boxes with no playback,"Behavioural, Reproductive/developmental","Adult, Hatchling",Unclear,"Behavioural: Female and Male Settlement Rank. Reproductive/Developmental: brood size, nestling body condition, nestling measurements (body size), clutch size, fledging","""There was a positive relationship between “egg-laying date” and “noise,” such that egg-laying date was delayed by approximately 3.8 days in the noise-exposed nests, compared with the controls"" ""we show that noise exposure during settlement degraded habitat quality and decreased reproductive success for tree swallows through multiple pathways. Specifically, decreased clutch size and BCI for nestlings born to noise-exposed females highlights the potential for direct negative effects of traffic noise on avian populations, given that these reductions in reproductive success are not explained by female quality alone. Also, our results confirm that the decreased reproductive success near roadways found in past observational studies is likely due to traffic noise exposure rather than other disturbances associated with roadways (e.g. light pollution, visual disturbance of vehicles, etc.;""",Missing,,Present,"""Statement on animal subjects  Our research protocols were approved by the University of California, Davis’ IACUC (protocol no. 18452), the California Department of Fish and Wildlife (permit no. 13136), the US Fish and Wildlife service (permit no. MB75179B-0), and the Federal Bird Banding Lab (permit no. 22712).""","18452, 13136, MB75179B-0, 22712",Missing,,Missing,,Present,"""This work was supported by the Northern California Chapter of ARCS funds to A.S.I., UC Davis (USDA Hatch Project #CA-D-EVE-2264-H) and the National Science Foundation (IOS-1258217) funds to G.L.P.""",Missing,,Present,R,Present,"""Data accessibility: Analyses reported in this article can be reproduced using the data provided by Injaian et al. (2018a).""",Present,"""Injaian AS, Poon LY, Patricelli GL. 2018a. Data from: effects of experimental anthropogenic noise on avian settlement patterns and reproductive success.""",Missing,,Missing,,,
8-6-2026 13:02:05,lenzrive@ualberta.ca,AL,ferraro_2020,Combined effect of anthropogenic noise and artificial night lighting negatively affect Western Bluebird chick development,10.1093/condor/duaa037,The Condor: Ornithological Applications,Peer-reviewed,Yes,Sialia mexicana,Western Bluebird,Wild,"""The nest box system included 200 nest boxes placed on fence posts or trees in grasslands and in riparian and oak woodlands.""",Mixed,,United States,"""San Luis Obispo County on the central coast of California""",Field-based,,Road traffic,,"""Each noisetreated nest was exposed to a randomly assigned playback file (n = 24) of traffic noise from highways in and around San Luis Obispo recorded""","Adult, Hatchling, Embryo",Contrast,2,"""Speakers broadcasted traffic noise at approximately 65 dB (A-weighting, Leq, fast response, re. 20 _Pa)""","the used the same sound and setting than ""see Mulholland et al. 2018 for details""",NR,"The researchers state that treatments were typically applied on the day the first egg was laid and lasted for the ""entire nesting period"" until the nestlings fledged. Incubation Period: The median duration was approximately 14 days, though it was about half a day longer (~14.5 days) in light-treated nests. Nestling Period: This stage lasted approximately 21 days for control nests and was significantly longer—roughly 22 days—for nests in the noise and combination treatments. Laying Period: The duration of the egg-laying phase (from the first egg until the clutch was complete) is not explicitly reported in days
",Continuous,24," ""looped continuously""","Light phase, Dark phase",,Yes,"""randomly assigned playback file (n = 24) of traffic noise from highways"" ""treatments were applied in a randomized predetermined order""",Unclear,,Ambient sound,,"~40 dB: ""sound levels in control nests because previous work in this system found that ambient sound levels in control nests were ~20 dB(A) lower than noise treatment boxes""","They report that Mulholland et al. 2018 measured the control characteristics, they didn‘t mesure",Reproductive/developmental,"Adult, Hatchling, Embryo",Unclear,"they measured: clutch size, nest predation, nestling period lenght, incubation lenght, number of fledggings, nestling morphology","Reduced Predation: Nests exposed to noise experienced significantly lower rates of predation compared to control nests, Increased Nest Success: Because of the reduction in predation. Reduced Mass: Despite no significant difference in overall body condition. ",Missing,,Present,"""Ethics statement: This work was conducted under the California Polytechnic State University Animal Care and Use Committee Protocol no. 1802.""",1802,Missing,,Missing,,Present,"""Funding statement: This project was funded by the National Science Foundation (CNH-1414171) and the Natural Sounds and Night Skies Division of the National Park Service (P17AC01178).""",Present,"""Author contributions: D.M.F. and C.D.F. conceived the idea, design, experiment (supervised research, formulated question or hypothesis). D.M.F. and M.T.L. performed the experiments (collected data, conducted the research). D.M.F. and C.D.F. wrote the paper. M.T.L. and C.D.F. deve-l oped or designed methods. D.M.F. and C.D.F. analyzed the data. C.D.F. contributed substantial materials, resources, and funding.""",Present,R,Present,"""Data depository: Analyses reported in this article can be reproduced using the data provided by Ferraro et al. (2020).""",Present,"""Ferraro,D.M., M.T.Le, and C.D.Francis (2020) Data from: Combined effect of anthropogenic noise and artificial night lighting negatively affect Western Bluebird chick development. The Condor: Ornithological Applications 122:1–12. doi:10.5061/ dryad.9zw3r22bk""",Missing,,Missing,,,"This study used the same site, set-up and noise treatment as mulholland_2018"
8-6-2026 13:46:40,lenzrive@ualberta.ca,AL,alpert_2023,Chapter 2: Effects of Intermittent Noise on Grassland Songbird Abundance & Nesting,NA,University of Manitoba,Grey literature,No,"Calcarius ornatus, Passerculus sandwichensis","Chestnut-collared longspur, Savannah sparrow",Wild,,Mixed,,Canada,"near Brooks, Alberta",Field-based,,Energy,,"pump noise, drilling noise, screw pump noise","Adult, Hatchling, Embryo",Contrast,5,"""Drilling playbacks broadcasted at an average of 88 dB(C) and screw pump playbacks  broadcasted at an average of 78 dB(C) at 10m away from the source (LCeq; C-weighted timeaverage sound pressure level),""",,60,"""Chronic screw pump noise played for 24 hours a day for the  entirety of the breeding season; drilling noise played in three rounds of 10 days on and 10 days  off for the entirety of the breeding season; and intermittent screw pump noise played for 24 hours  a day with random variation in on/off intervals for the entirety of the breeding season."" Exposure duration ranged from 30 to approximately 90 days per breeding season. Drilling noise was broadcast during three 10-day periods, separated by 10-day quiet periods, for 30 actual exposure days. Chronic and intermittent screw-pump treatments occurred throughout the approximately 90-day breeding season; intermittent screw-pump noise was played for 50% of each day. Midpoint of the 30–90-day range = 60 days.",Continuous,24,"Daily exposure duration ranged from 12 to 24 h/day across intermittent treatments. Intermittent screw-pump noise was broadcast for 50% of each day, equivalent to 12 h/day, using randomly varying on/off intervals of at least 15 min. Drilling noise was broadcast continuously for 24 h/day during three 10-day exposure periods, each separated by 10 days without playback. Midpoint of the 12–24 h/day range = 18 h/day.","Light phase, Dark phase",,Yes,"""randomly selected on and off intervals in intervals of a minimum of 15 minutes"" ""All treatment plots were randomly selected in the region with the limitation that they were  located at least 1.2 kilometers away from other treatment plots""",Unclear,,Ambient sound,,NR,"The study utilized two types of control conditions to isolate the effects of noise and the physical presence of equipment: Control plots with no infrastructure (no playback set-up), and Silent control plots with infrastructure (infrastructure-only)","Behavioural, Reproductive/developmental, Ecological","Adult, Hatchling, Embryo",Light phase,"they measured: mean abundance, probability of occurrence, nestling mass, nest survival","""While these results do not  support my hypotheses specific to intermittent noise, my results demonstrate some species  avoided or selected sites exposed to anthropogenic noise, which suggests that anthropogenic  noise can still impact bird habitat selection behaviors, and ultimately, populations.""",Missing,,Missing,,,Missing,,Missing,,Present,"""Thanks go to my funding sources for making this project financially possible: the Natural Sciences and Engineering Research Council of Canada, the Alberta Conservation Association, and the University of Manitoba Graduate Fellowship.""",Missing,,Present,R,Missing,,Missing,,Missing,,Missing,,,"They used the same method than rosa_2018 thesis, and their subsequent aticles"
8-6-2026 14:33:28,lenzrive@ualberta.ca,AL,cinto_2019,Large-scale manipulation of the acoustic environment can alter the abundance of breeding birds: Evidence from a phantom natural gas field,10.1111/1365-2664.13449,Journal of Applied Ecology,Peer-reviewed,No,"Spizella breweri, Eremophila alpestris, Sturnella neglecta, Artemisiospiza nevadensis, Oreoscoptes montanus","Brewer’s sparrow, horned lark, western meadowlark, sagebrush sparrow, sage thrasher",Wild,,Mixed,,United States,"""We played compressor station noise in the sagebrush steppe of  Southwest Idaho (USA)""",Field-based,,Energy,,"compressor station noise, from a natural gas field",Adult,Gradient,3,"""narrowband playback (Figure 1a), sound levels at  50 m from the speaker arrays averaged 56.3 ± 1.7 dBA (mean ± SE)  at noise sites... At 250 m, noise  sites averaged 46 ± 1.5 dBA"" ""broader bandwidth and higher intensity playback  (Figure 1b), sound levels at 50 m averaged 58 ± 1 dBA at noise sites  and 30.6 ± 1 dBA... At 250 m, noise sites averaged  39.8 ± 1 dBA""","They had two types of noise, narrow and broadband, but they measured a gradient from the source",198,Two years: 198 days inclusive of both 1 April and 15 October,Continuous,24,"Compressor noise was broadcast continuously for 24 h/day from 1 April to 15 October, equivalent to 198 exposure days per year. The experiment was conducted in 2014 with narrowband noise and repeated in 2015 with broadband noise. Exposure span was coded per experimental season and was not summed across years. The abstract describes exposure as “three continuous months,” but the exact dates reported in the Methods were used.","Light phase, Dark phase",,Yes,"""We selected experimental sites, and randomly assigned them to noise versus control  treatments""",Unclear,,Ambient sound,,"for the narrowband, 50 m from speaker group ""37 ± 0.7 dBA."" Broadband 50 m ""30.6 ± 1 dBA at control sites."" At 250 m ""control sites averaged 33 ± 0.9 dBA.""","""Across our study site, the  gradient of background noise ranged from ~30 dB(A) to 65 dB(A) under which we  sampled songbird abundance (Figure 1.2)."" ""It is important to note sound levels of our control sites were higher than many  natural environments (Buxton et al., 2017) due to military training  and recreational activity in our study area""",Ecological,Adult,Light phase,"Ecological outcome measured as breeding bird abundance at point-count locations 50 and 250 m from speaker arrays. Abundance was analysed for five focal songbird species individually and for all focal species combined, in relation to noise treatment and measured sound level.","""narrowband noise altered the abundance of only one species, supporting our prediction that a higher bandwidth and level of noise  would result in a stronger negative effect on bird populations. We  demonstrate that noise alone can recreate similar patterns of songbird space use found in natural gas extraction fields.""",Missing,,Missing,,,Missing,,Missing,,Present,"""We thank the American Philosophical Society  (Franklin Research Grant to CJWM), the National Park Service  Natural Sounds and Night Skies Division (CESU Pl3AC01172 to  JRB) and the National Science Foundation (CNH 1414171 to JRB)  for funding.""",Present,"""AUTHORS’ CONTRIBUTIONS  E.C.M., J.R.B. and C.J.W.M. designed the experiment and methodology; E.C.M. collected the data; E.C.M., J.R.B., and C.J.W.M. analysed the data; E.C.M. and J.R.B. led the writing of the manuscript.  All authors contributed critically to manuscript drafts and gave final  approval for publication.""",Present,R,Present,"""DATA AVAIL ABILIT Y STATEMENT  Data available via the Dryad Digital Repository https://doi.org/10.5061/dryad.7d069p5 (Cinto Mejia, McClure, & Barber, 2019).""",Present,https://doi.  org/10.5061/dryad.7d069p5,Missing,,Missing,,,
8-6-2026 14:56:43,lenzrive@ualberta.ca,AL,williams_2021,Experimental playback of natural gas compressor noise reduces incubation time and hatching success in two secondary cavity-nesting bird species,10.1093/ornithapp/duaa066,Ornithological Applications,Peer-reviewed,No,"Sialia sialis, Tachycineta bicolor","Eastern Bluebird, Tree Swallow",Wild,,Mixed,female bird and nestlings,United States,"""We conducted our study at Penn State’s Russell E. Larson Agricultural Research Center (RELARC), outside State College, Pennsylvania.""",Field-based,nest box,Energy,,"""active compressor station over a 2-week period""","Adult, Hatchling, Embryo",Contrast,2,,,"""Compressors generate considerable acoustic energy, with a large proportion of this energy occurring between 0 and 200 Hz and continuing on to ~10,000 kHz. The speakers used in our study had a nominally flat response from 45 Hz to 10,000 kHz,"" ""an average power level of 84.3 ± 1.9 dB(C) immediately outside nest boxes.""","""Introduced noise raised sound pressure levels by 29.1 ± 3.3 dB(C) over ambient""",Continuous,24,"""Experimental compressor noise began shortly after nest-box installation in mid-March 2017, before territory establishment, and continued throughout the nesting cycle. Noise played continuously except while batteries were charged overnight twice weekly. The exact playback end date and total number of exposure days were not reported.""","Light phase, Dark phase","""Noise played continuously except while the speaker batteries charged overnight twice a week.""",No,"""Pairs of boxes were in lines with alternating pairs designated as control or treatment, resulting in 20 pairs of control boxes (quiet) alternating with 20 pairs of treatment boxes (noisy)."" Only control was random ""Five randomly selected pairs of control boxes served as silent controls""",Unclear,,Ambient sound,,"Approximately 55.2 dB ""Introduced noise raised sound pressure levels by 29.1 ± 3.3 dB(C) over ambient, which resulted in an average power level of 84.3 ± 1.9 dB(C) immediately outside nest boxes.""","""silent controls, with a silent noise file playing through the speakers.""","Behavioural, Reproductive/developmental","Adult, Hatchling, Embryo",Light phase,"""reproductive output and success including clutch size, proportion of eggs that hatched (hatching success), proportion of young that fledged (fledging rate), as well as proportion of eggs that produced fledglings (fledging success)."" ""We quantified the amount of time each female spent on the nest during the 3-hr incubation"" and provisioning rates","""Clutch size did not differ significantly between noisy and control boxes...ncubation rates were lower in noisy boxes for both bluebirds and Tree Swallows across a range of temperatures...For both species, the noise had a negative effect on hatching success...There were no significant differences in provisioning rates (food delivered per nestling) between noisy and control boxes in either nests with younger (GLM, _Noise = 0.0002, P = 1.0) or older nestlings""",Missing,,Present,"""We captured adults of both species using mist nets and hand capture in the boxes and banded them with a USGS aluminum band (banding permit #23938).""",23938,Missing,,Missing,,Present,"""Funding statement: This work was supported by the USDA National Institute of Food and Agriculture Hatch Project 1019213 PEN04702, the Pennsylvania State University, the Schreyer Institute for Teaching Excellence, the Association of Field Ornithologists Bergstrom Award, and the NASA Pennsylvania Space Grant Consortium Graduate Fellowship. Funding sources had no role in study design, the collection, analysis and interpretation of data, the writing of the report, or the decision to submit the article for publication. The findings and conclusions do not necessarily reflect the views of the funding agencies.""",Present,"""Author contributions: D.P.W., J.D.A., and M.C.B. designed the study and conceived the idea. T.B.G. created and provided sound files and advised on noise playback and equipment setup. D.P.W. and J.D.A. collected data and conducted research. D.P.W. and M.C.B. analyzed the data. D.P.W., M.C.B., and J.D.A. wrote and edited the manuscript.""",Present,R,Present,"""Data availability: Analyses reported in this article can be reproduced using the data provided by Williams et al. (2021).""",Present,"""Williams, D. P., J. D. Avery, T. B. Gabrielson, and M. C. Brittingham (2021). Data from:. Experimental playback of natural gas compressor noise reduces incubation time and hatching success in 2 secondary cavity-nesting bird species. Ornithological Applications 123:1–11. doi:10.5061/dryad.fn2z34ts9""",Missing,,Missing,,,
8-6-2026 15:27:01,lenzrive@ualberta.ca,AL,ware_2015,A phantom road experiment reveals traffic noise is an invisible source of habitat degradation,10.1073/pnas.1504710112,Proceedings of the National Academy of Sciences,Peer-reviewed,No,"Regulus calendula, Zonotrichia leucophrys, Junco hyemalis, Setophaga coronata, Empidonax oberholseri, Piranga ludoviciana, Setophaga petechia, Pipilo maculatus, Oreothlypis celata, Geothlypis tolmiei, Vireo gilvus, Vireo cassinii, Empidonax hammondii, Cardellina pusilla, Oreothlypis ruficapilla, Myadestes townsendi, Setophaga townsendi, Spizella passerina, Turdus migratorius, Catharus guttatus, Haemorhous cassinii, Catharus ustulatus, Poecile gambeli, Sitta canadensis, Pheucticus melanocephalus, Passerina amoena, Regulus satrapa, Spizella breweri, Spinus pinus, Empidonax occidentalis/difficilis, Passerella iliaca, Troglodytes aedon, Contopus sordidulus, Poecile atricapillus, Zonotrichia atricapilla, Certhia americana, Empidonax wrightii, Bombycilla cedrorum, Empidonax traillii, Icterus bullockii, Empidonax minimus, Melospiza linconii, Setophaga ruticilla, Melospiza melodia, Pooecetes gramineus, Setophaga tigrina, Coccothraustes vespertinus, Troglodytes pacificus, Pheucticus ludovicianus, Passerculus sandwichensis, Cyanocitta stelleri.","Ruby-crowned kinglet, White-crowned sparrow, Dark-eyed junco, Yellow-rumped warbler, Dusky flycatcher, Western tanager, Yellow warbler, Spotted towhee, Orange-crowned warbler, MacGillivray’s warbler, Warbling vireo, Cassin’s vireo, Hammond’s flycatcher, Wilson’s warbler, Nashville warbler, Townsend’s solitaire, Townsend’s warbler, Chipping sparrow, American robin, Hermit thrush, Cassin’s finch, Swainson’s thrush, Mountain chickadee, Red-breasted nuthatch, Black-headed grosbeak, Lazuli bunting, Golden-crowned kinglet, Brewer’s sparrow, Pine siskin, “Western” flycatcher species complex, Fox sparrow, House wren, Western wood-pewee, Black-capped chickadee, Golden-crowned sparrow, Brown creeper, Gray flycatcher, Cedar waxwing, Willow flycatcher, Bullock’s oriole, Least flycatcher, Lincoln’s sparrow, American redstart, Song sparrow, Vesper sparrow, Cape May warbler, Evening grosbeak, Pacific wren, Rose-breasted grosbeak, Savannah sparrow, Steller’s jay.",Wild,,Mixed,,United States,"""two adjacent sites in southwestern Idaho""",Field-based,"I only extracted from Experiment 1, the phantom road, the second experiment doesn't meet the duration criteria",Road traffic,,"""We played traffic noise recorded within Glacier National Park.""",Adult,Contrast,2,"""We set the speaker levels so that the 1 min LEQ reading was _55 dB(A) (±3 dB) at 50 m from the phantom road."" ",,4,"Traffic noise was broadcast during repeated four-day noise-on blocks alternating with four-day noise-off blocks across the 2012 and 2013 autumn migration seasons. Exposure span was coded as four days per noise-on block rather than summed across blocks or years. Because birds arrived and departed throughout each block, the exact exposure duration of individual birds may have been shorter than four days. Noise played from 04:30 to 21:00 on each exposure day.",Intermittent,16.5,"During each four-day noise-on block, traffic-noise playback operated from 04:30 to 21:00, equivalent to 16.5 h/day. Playback included a 30-minute fade-in and a 30-minute fade-out to approximate daily traffic patterns and avoid startling birds.",Light phase,,Unclear,,Unclear,,Ambient sound,,"""With noise off, sound levels averaged 39 dB(A) (SE = 0.2) at the control capture sites and"".","""With the noise on, mean sound levels at the phantom road capture sites increased by 11 dB(A) to 48 dB(A) (SE = 0.3), whereas the control site averaged 2 dB(A) louder with noise on (mean ± SE; 41 dB(A) ± 0.2).”""","Physiological, Ecological",Adult,Light phase,"Field outcomes included relative abundance/distribution measured as mist-net capture rate, body condition index calculated as body mass divided by wing chord, and stopover efficiency estimated from the relationship between body condition and capture time.","traffic noise alone degraded migratory stopover habitat. About 31% of the bird community avoided the noisy site, while some birds that remained showed poorer body condition and altered stopover efficiency. Responses varied among species, but the study showed that birds may still occupy noisy habitat while experiencing substantial energetic costs.",Missing,,Present,"""All birds caught during this project were mist-netted and banded under the Intermountain Bird Observatory’s federal permit (22929) and Idaho Department of Fish and Game permit (764–13-000039). All experiments were approved by Boise State University’s Institutional Animal Care and Use Committee (006-AC12-007 and 006-AC13-002).""","764–13-000039, 006-AC12-007, 006-AC13-002",Missing,,Present,"""The authors declare no conflict of interest.""",Present,"""This study was funded by the Natural Sounds and Night Skies Division of the National Park Service (CESUcH8R07060001). Boise State University Office of Research and Department of Biological Sciences, and the National Science Foundation (CNH1414171) provided additional funding. Addison Mohler and the Deer Flat National Wildlife Refuge provided support for our laboratory project.""",Present,"""Author contributions: H.E.W., C.J.W.M., J.D.C., and J.R.B. designed research; H.E.W., C.J.W.M., J.D.C., and J.R.B. performed research; H.E.W. and C.J.W.M. analyzed data; H.E.W., C.J.W.M., J.D.C., and J.R.B. wrote the paper.""",Present,R,Present,"""Other Supporting Information Files  Dataset S1 (XLSX) Dataset S2 (CSV) Dataset S3 (CSV) Dataset S4 (CSV)""",Present,,Missing,,Missing,,,
8-7-2026 16:41:05,lenzrive@ualberta.ca,AL,senzaki_2020,Direct and indirect effects of noise pollution alter biological communities in and near noise-exposed environments,10.1098/rspb.2020.0176,Proceedings of the Royal Society B: Biological Sciences,Peer-reviewed,No,"Anthus hodgsoni, Ficedula narcissina, Saxicola stejnegeri, Emberiza fucata","Olive-backed Pipit, Narcissus Flycatcher, Stejneger’s Stonechat, Chestnut-eared Bunting",Wild,"The study recorded wild 39 forest and 40 grassland bird species, but only these four Latin names are explicitly reported in the article; the complete species inventory was unavailable.",Mixed,,Japan,"""Hokkaido, northern Japan""",Field-based,,Road traffic,,"""We recorded vehicle noise at a roadway in our study area""","Adult, Juvenile",Contrast,3,"""For the grassland sites, the average sound pressure levels (±s.d.) were 48.85 ± 1.07 dBA for the near ranges during playback (n = 6, hereafter ‘near treatment range’), 36.56 ± 0.95 dBA for the far ranges during playback (n = 6, hereafter ‘far treatment range’) and... For the forest sites, the average sound pressure levels were 46.58 ± 6.15 dBA for the near treatment ranges (n = 6), 35.76 ± 1.02 dBA for the far treatment ranges (n = 6)""",,NR,"""traffic noise from late June to mid-July for birds in forest and grassland sites and late-August to mid-September for the other two taxa in the grassland sites""",Intermittent,19,They stopped from 23:00 to 4:00 ,"Light phase, Dark phase",,Yes,"""Half of the grassland and forest sites were randomly assigned as phantom road treatment sites and the remaining were left as control sites.""",Unclear,,Ambient sound,,"""For the grasslands, 34.17 ± 2.09 dBA for ambient condition...For the forest sites: 34.66 ± 3.96 dBA for ambient condition (n = 18).""",,Ecological,"Adult, Juvenile",Light phase,abundance and richness,"""We show that acoustically oriented birds have reduced species richness and abundance and different community compositions in experimentally noiseexposed areas relative to comparable quiet locations.""",Missing,,Present,"""Ethics. Data used in this study was compiled in accordance with the current laws of Japan and with relevant guidelines and regulations.""",,Missing,,Present,"""Competing interests. We declare we have no competing interests.""",Present,"""Funding. This study was funded by a Japanese Society for the Promotion of Science (JSPS) KAKENHI grant (no. 17J00646) to M.S. and a National Science Foundation grant (no. 1556192) to C.D.F.""",Present,"""Authors’ contributions. M.S. designed the study, carried out the field sampling, conducted the statistical analysis and drafted the manuscript. T.K. and C.D.F. participated in the design of the study and helped analyse the data and draft the manuscript. All authors participated in the discussion of the results and gave final approval for publication.""",Present,R,Present,"""Data accessibility. The datasets supporting this article have been deposited in the Dryad Digital Repository: https://dx.doi.org/10.5061/ dryad.qz612jmb1 [68].""",Present,https://dx.doi.org/10.5061/ dryad.qz612jmb1,Missing,,Missing,,,
8-7-2026 17:46:39,lenzrive@ualberta.ca,AL,potvin_2016,Experimental exposure to urban and pink noise affects brain development and song learning in zebra finches (Taenopygia guttata),10.7717/peerj.2287,PeerJ,Peer-reviewed,Yes,Taenopygia guttata,Zebra finch,Lab colony/Domestic,"""We sourced twenty breeding pairs of zebra finches from a previously established domestic flock at the Advanced Facility for Avian Research at the University of Western Ontario""",Mixed,,Canada,,Lab-based,,"Urban, Synthetic",,pink noise,"Adult, Hatchling, Embryo",Contrast,2,"""The treatment noise was a 0.1–3 kHz pink noise (white noise bandpass filtered at 3 kHz), played back at 75 dBA SPL""","Only extracting for Experiment 2. The first one has cross-fostering, not factorial.",200,hatch day to 200 post hatch day,Continuous,24,,"Light phase, Dark phase",,Yes,"""Twenty-four pairs of zebra finches were housed in breeding cages (34_39_75 cm), randomly selected from a large outbred stock population, in two separate rooms (12 pairs in each room).""",Yes,"""All song measurements were made by one author (DAP) who was blind to treatment during analyses...All tracing was done blind to treatment group.""",Ambient sound,,"""The control room had some background noise from the surrounding animal facility, but this remained between 50 to 55 dBA SPL (measured in the center of each cage) throughout the study.""",,"Communication, Physiological, Cognitive/sensory",Juvenile,Light phase,"they measured song structure and physiological stress, congnitive regions of the brain","""While male zebra finches tended to copy syllables accurately from tutors regardless of noise environment, syntax (the ordering of syllables within songs) was incorrectly copied affected by juveniles exposed to noise. Noise did not affect baseline corticosterone, but did affect the size of brain regions associated with song learning: these regions were smaller in males that had been had been exposed to recorded traffic urban noise in early development. These findings provide a possible mechanism by which noise affects behaviour, leading to potential population differences between wild animals occupying noisier urban environments compared with those in quieter habitats.""",Missing,,Present,"""Animal Ethics  The following information was supplied relating to ethical approvals (i.e., approving body and any reference numbers):  All birds in Group 1 were kept and treated in accordance with guidelines set by the Canadian Council on Animal Care, and all procedures in this study were approved by the University of Western Ontario Animal Use Subcommittee (protocol number 2007-089). Group 2 protocols were approved by the College of William and Mary Institutional Animal Care and Use Committee (IACUC-2012-11-23-8173-jpswad).""",IACUC-2012-11-23-8173-jpswad,Missing,,Present,"""Competing Interests  The authors declare there are no competing interests.""",Present,"""Funding  Funding for this project was provided by NSERC Canada grants to SAM-S, a TD Friends of the Environment grant to DAP, and a National Science Foundation grant IOS-1257590 to JPS. The funders had no role in study design, data collection and analysis, decision to publish, or preparation of the manuscript.""",Present,"""Author Contributions  • Dominique A. Potvin conceived and designed the experiments, performed the  experiments, analyzed the data, wrote the paper, prepared figures and/or tables, reviewed drafts of the paper. • Michael T. Curcio performed the experiments, analyzed the data, wrote the paper,  reviewed drafts of the paper. John P. Swaddle and Scott A. MacDougall-Shackleton conceived and designed the  experiments, performed the experiments, contributed reagents/materials/analysis tools, wrote the paper, reviewed drafts of the paper.""",Present,WinBUGS,Present,"""Data Availability  The following information was supplied regarding data availability:  The raw data has been supplied as Supplemental Files.""",Present,http://dx.doi.org/10.7717/peerj.2287/supplemental-information,Missing,,Missing,,,
8-7-2026 17:59:14,lenzrive@ualberta.ca,AL,meillere_2015_b,Traffic noise exposure affects telomere length in nestling house sparrows,10.1098/rsbl.2015.0559,Biology Letters,Peer-reviewed,Yes,Passer domesticus,House sparrow,Wild,nest boxes,Mixed,,France,"""The field experiment was conducted on a population of house sparrows breeding in nest boxes at the Centre d’Etudes Biologiques de Chiz__e (4680805200 N, 082503400 W), France""",Field-based,,Road traffic,,"""nest boxes were exposed to either a playback of traffic noise (""","Hatchling, Embryo",Contrast,2,"""traffic noise (‘disturbed treatment’, noise levels at the entrance hole: 63.3 + 1.7 dB(A), 21 nest boxes)""",,NR,"""Treatment began several weeks before egg-laying and ended at the end of the chick-rearing period,""",Intermittent,6,"""a traffic noise recording that was played for 6 h a day, 7 days a week,""",Light phase,,Unclear,,Unclear,,Ambient sound,,"""rural background noise of the study site (‘control treatment’, noise levels: 43.0 + 0.5 dB(A), 46 nest boxes).""",,"Physiological, Reproductive/developmental",Hatchling,Unclear,"body size, body condition, baseline corticosterone, and telomere lenght, they also measured fledging success after 17 days of hatching","""We showed that despite the absence of any obvious immediate consequences (growth and fledging success), nestlings reared under traffic noise exposure exhibited reduced telomere lengths compared with their unexposed neighbours.""",Missing,,Present,"""Ethics. All applicable institutional and/or national guidelines for the care and use of animals were followed and all experimental procedures were approved by the ‘Comit__e d’Ethique en Expe__rimentation Animale Poitou-Charentes’, France (permit no.: CE2013-3).""",CE2013-3,Missing,,Present,"""Competing interests. The authors have no competing interests.""",Present,"""Funding. This work was supported by the Fyssen Foundation and by the CNRS. A.M. was supported by the ‘R__egion Poitou-Charentes’ and the ‘Conseil G__en__eral des Deux-S`evres’.""",Present,"""Authors’ contributions. A.M., F.B. and F.A. conceived and designed the field experiment. A.M. collected and analysed the data. F.A. and C.R. performed telomere assays. A.M., F.B. and F.A. drafted the manuscript with intellectual input from C.R. All authors contributed to and approved the final version of the manuscript.""",Present,R,Present,Data accessibility. Raw data are provided in the electronic supplementary material.,Present,,Missing,,Missing,,,
8-7-2026 18:14:49,lenzrive@ualberta.ca,AL,leonard_2015,Effect of ambient noise on parent-offspring interactions in tree swallows,10.1016/j.anbehav.2015.07.036,Animal Behaviour,Peer-reviewed,Yes,Tachycineta bicolor,Tree swallow,Wild,nest box in a free population,Mixed,,Canada,"""We conducted this study in the Gaspereau Valley of Nova Scotia, Canada""",Field-based,,Synthetic,,white noise,Hatchling,Contrast,2,"""we played computer-generated white noise at a resolution of 16 bits, a sampling rate of 44.1 kHz. The noise ranged from 0 to 22 kHz, which encompasses the frequency range of nestling calls (2e10 kHz) and was played at 65 dB SPL (measured in the box as described below; reference level 20 mPa here and throughout),""",,4,started day 3 post hatch and stopped day 6 ,Continuous,24,Noise played continuously between days 3 and 6 post-hatch.,"Light phase, Dark phase",,Yes,"""We then randomly assigned each to either an experimental (white noise added) or a control (no noise added) treatment.""",Unclear,,Ambient sound,,"""amplitude range (41e67 dB SPL) of ambient noise measured inside nestboxes in the field""",,"Behavioural, Communication","Adult, Hatchling",Light phase,"Trials were completed between 0630 and 1230 hours and 13:30 and 18:30 h. they measured behaviour, provisioning, number of begging, postural score, begging duration, parental call feature, nestling call feature","""When we played back nestling begging calls during parental visits to stimulate higher feeding rates, parents increased their feeding rates at control nests, but not at experimental nests. Our results show that noise can alter parenteoffspring interactions and interfere with parental responses to begging calls. Nestlings may be able to compensate for moderate increases in noise by enhancing the conspicuousness of their begging signal, although at higher noise levels these adjustments may prove ineffective or the extra begging effort may be physiologically costly.""",Missing,,Present,"""We conducted this study in the Gaspereau Valley of Nova Scotia, Canada between May and July 2013 (study sites described in Leonard & Horn, 1996) using a population of box-nesting tree swallows. The protocols of this study were approved by the Dalhousie University Committee on Laboratory Animals (Protocol 13041).""",,Missing,,Missing,,Present,"""This work was funded by a Natural Sciences and Engineering Research Council of Canada Discovery Grant (RGPIN/227150 to M.L.).""",Missing,,Present,JMP,Missing,,Missing,,Missing,,Missing,,,
8-7-2026 18:36:19,lenzrive@ualberta.ca,AL,kumar_2014_a,High resolution 1H NMR-based metabonomic study of the auditory cortex analogue of developing chick (Gallus gallus domesticus) following prenatal chronic loud music and noise exposure,10.1016/j.neuint.2014.07.002,Neurochemistry International,Peer-reviewed,Yes,Gallus gallus domesticus,Chicken,Farm,,Mixed,,India,"""White Leghorn domestic chicks (Gallus gallus domesticus) were obtained from a registered poultry farm (Venkys (India) Ltd., Haryana, India)""",Lab-based,,Road traffic,,Vehicle horn sound,Embryo,Contrast,2,"""Embryos exposed to arrhythmic vehicle horn noise of frequency range 30–3000 Hz (with a peak at 2700 Hz) at 110 dB SPL from E10 until hatching.""",,10,"""(last 10 days of incubation),""",Intermittent,6,"""developing chick embryos were exposed to 110 dB SPL music or noise for 15 min every hour (total 6 h exposure per day""","Light phase, Dark phase",,Unclear,,Unclear,,Ambient sound,,NR,"""Control: Control conditions (no external sound stimulation).""","Physiological, Reproductive/developmental",Hatchling,Unclear,"""This is the first study to report a comprehensive metabolic profile of chick AuL using 1H NMR spectroscopy which also allowed examining the effects of prenatal chronic 110 dB SPL music and noise on the ‘metabolism’ of developing AuL. Using the high resolution 1H NMR spectra from the perchloric acid extracts of AuL tissue, a total of 48 metabolites were assigned.""","""Thus prenatal exposure to loud sound especially noise alters the metabolic activity in the AuL which can certainly affect its proper functional development and associated cognition in neonatal or adult stage.""",Missing,,Present,"""The protocol and number of animals used in the experiments were approved by the Institution Animal Ethics Committee (546/ IAEC/10), AIIMS, New Delhi, which are in agreement with the guidelines of the NIH (USA) regarding the care and use of animals for experimental procedures.""",546/ IAEC/10,Missing,,Present,"""Declaration  The authors do not have financial relationship with the organization for the research""",Present,"""Acknowledgements  We are grateful to Council for Scientific and Industrial Research (CSIR), Government of India for providing financial support to this work.""",Missing,,Present,SPSS,Missing,"They don't share data only supplementary data associated but not raw data ""Appendix A. Supplementary data  Supplementary data associated with this article can be found, in the online version, at http://dx.doi.org/10.1016/j.neuint.2014.07. 002.""",Missing,,Missing,,Missing,,,
8-10-2026 14:28:28,lenzrive@ualberta.ca,AL,crino_2013,"Effects of experimentally elevated traffic noise on nestling white-crowned sparrow stress physiology, immune function and life history",10.1242/jeb.081109,The Journal of Experimental Biology,Peer-reviewed,Yes,Zonotrichia leucophrys oriantha,White-crowned sparrow,Wild,"""nestlings from a population located in Tioga Pass Meadow located directly outside the easternmost entrance to Yosemite National Park""",Mixed,nestling,United States,Yosemite National Park,Field-based,,Road traffic,,"We recorded 130 sound clips of cars, motorcycles, trucks and other vehicles on Highway""",Hatchling,Contrast,2,"""The amplitude was adjusted until the Lmax of the playback was 60±1.5_dBA at the nest.""","""The Leq for playback of five standardized traffic noise files ranged from 58.5 to 60.6_dBA (mean=59.53±0.94_dBA).""",5,"""Nests were exposed to treatments for 5_days starting 1_day after hatching.""",Continuous,24,"""these files were played back on random shuffle 24_h a day throughout the experiment. We played files continually, rather than mimicking diurnal changes in traffic patterns, in order to decrease investigator disturbance at nests.""","Light phase, Dark phase",,Yes,"""Nests were randomly assigned to either a control or traffic noise playback treatment (N=8 for traffic noise, N=5 for control).""",Unclear,,Ambient sound,,"""Ambient noise at control nests ranged from a 5-min Leq of 42.4 to 46.4_dBA (mean=44.53±1.47_dBA)."" ""Mean ambient noise at control sites was 42.74±0.34_dBA.""",,"Physiological, Reproductive/developmental",Hatchling,Unclear,"""Nestlings – stress, immune, morphological and condition measurements, Nestling fledging success, CORT and corticosteroid binding globulin assays""","""Our data suggest that nestling white-crowned sparrows experience phenotypic effects in response to elevated levels of traffic noise. However, contrary to our predictions, nestlings exposed to traffic noise responded with decreased CORT responses and increased condition compared with control nestlings. These results indicate that anthropogenic noise may affect nestling development, but noise alone does not explain the previously observed negative impact of roads on nestling development (Crino et al., 2011). This suggests that factors other than noise, such as chemical pollution, mechanical vibration, dust, increased predation and edge effects, may be more important in causing road impacts in this species.""",Missing,,Missing,,,Missing,,Present,"""COMPETING INTERESTS No competing interests declared.""",Present,"""FUNDING  This research was supported by an Animal Behavior Society Student Research Grant [to O.L.C.] and the National Science Foundation [NSF IOS 0747361 to C.W.B.].""",Present,"""AUTHOR CONTRIBUTIONS  O.L.C., C.W.B., J.L.B. and G.L.P. made significant contributions to the conception and design of the study, interpretation of the findings and revision of the article. Additionally, O.L.C. made significant contributions to the execution of the study and drafting the article. E.E.J. made significant contributions to the execution of the study.""",Missing,,Missing,,Missing,,Missing,,Missing,,,
8-10-2026 14:52:52,lenzrive@ualberta.ca,AL,blickley_2012_a,Experimental Evidence for the Effects of Chronic Anthropogenic Noise on Abundance of Greater Sage-Grouse at Leks,10.1111/j.1523-1739.2012.01840.x,Conservation Biology,Peer-reviewed,Yes,Centrocercus urophasianus,Greater Sage-Grouse,Wild,,Mixed,"""We assessed changes in early-, mid-, and late-season peak male attendance from this 4-year baseline attendance. Female attendance was highly variable throughout the season with a short (1–3 day) peak in attendance at each lek.""",United States,"""Our study area included 16 leks (Table 1 & Supporting Information) on public land in Fremont County, Wyoming, U.S.A.""",Field-based,,"Road traffic, Energy",,"""We recorded noise used for playback near natural gas drilling sites and gas-field access roads in a region of extensive deep natural gas development in Sublette County, Wyoming""",Adult,Contrast,3,"""We played drilling noise and road noise on leks at 70 dB(F) sound pressure level (unweighted decibels) measured 16 m directly in front of the speakers (Fig. 1 & Supporting Information).""","They don't state traffic noise loudness: ""On leks treated with road noise, where the amplitude of the noise varied during playback to simulate the passing of vehicles, we calibrated the playback level by measuring the maximum sound level (Lmax [highest root-mean-square sound pressure level within the measurement period]).""",NR,"""Noise playback on experimental leks continued throughout April in 2006, from mid February or early March through late April in 2007, and from late February through late April in 2008.""",Continuous,24,"""We played back noise on leks 24 hours/day""","Light phase, Dark phase",,Yes,"""randomly assigned to receive experimental noise treatment and the other lek was designated a control.""",Unclear,,Ambient sound,,"""Ambient levels of noise at control leks ranged from 30 to 35 dB(A).""",,Ecological,Adult,Light phase,"""Response Variables and Baseline Attendance Levels"" ""We visited paired leks sequentially on the same days between 05:00 and 09:00, alternating the order in which each member of the pair was visited.""","""Our results suggest that males and possibly females avoid leks exposed to anthropogenic noise. A potential cause of avoidance is the masking of communication.""",Missing,,Present,"""This experimental protocol was reviewed and approved by the Animal Care and Use Committee at University of California, Davis (protocol 16435).""",16435,Missing,,Missing,,Present,"""Funding was provided by the University of California, Davis, U.S. Bureau of Land Management, U.S. National Fish & Wildlife Foundation, Wyoming Sage-Grouse Conservation Fund, and the Wyoming Community Foundation Tom Thorne Sage-Grouse Conservation Fund.""",Missing,,Present,R,Present,"""Supporting Information  Spectrograms and power spectrums of drilling noise, road noise and male sage-grouse vocal display (Appendix S1), map of experimental and control leks (Appendix S2), and noise playback levels on experimental leks (Appendix S3) are available online. The authors are solely responsible for the content and functionality of these materials. Queries (other than absence of the material) should be directed to the corresponding author.""",Missing,,Missing,,Missing,,,
8-10-2026 15:12:47,lenzrive@ualberta.ca,AL,blickley_2012_b,Experimental Chronic Noise Is Related to Elevated Fecal Corticosteroid Metabolites in Lekking Male Greater Sage-Grouse (Centrocercus urophasianus),10.1371/journal.pone.0050462,PLoS ONE,Peer-reviewed,Yes,Centrocercus urophasianus,Greater Sage-Grouse,Wild,,Male,,United States,"""Study sites were located on federal land relatively undisturbed by human development in Fremont County, Wyoming""",Field-based,,"Road traffic, Energy",,"""‘‘drilling pairs’’, each including one lek exposed to drilling noise and a similar lek as its control, and 4 ‘‘road pairs,’’ each with one road noise""",Adult,Contrast,3,"""Drilling-noise recordings were broadcast on experimental leks at an equivalent sound level (Leq) of 71.461.7 dBF (unweighted decibels) SPL re 20 mPa (56.160.5 dBA [A-weighted decibels])... simulated passing of vehicles, noise was broadcast at an Lmax (maximum RMS amplitude) of 67.662.0 dBF SPL (51.760.8 dBA)""","""see Blickley, et al. [43], for detailed noiseexposure measurements""",NR,"""Noise was played beginning in mid-February to early March and continuing through the end of April of each year.""",Continuous,24,"""noise was broadcast continuously day and night""","Light phase, Dark phase",,Yes,"""within a pair was randomly assigned to the treatment (noise) group and the other assigned as control.""",Unclear,,Ambient sound,,"""Ambient levels of noise at control leks ranged from 30 to 35 dB(A).""-brickley_2012_a",I can extracted control noise from brickley_2012_a,Physiological,Adult,Light phase,"""Fecal samples, glucocorticoid metabolites"" ""Fecal samples were collected from leks soon after all sage-grouse had left the lek for the morning.""","""We non-invasively measured immunoreactive corticosterone metabolites from fecal samples (FCMs) of males on both noise-treated and control leks (display grounds) in two breeding seasons. We found strong support for an impact of noise playback on stress levels, with 16.7% higher mean FCM levels in samples from noise leks compared with samples from paired control leks. Taken together with results from a previous study finding declines in male lek attendance in response to noise playbacks, these results suggest that chronic noise pollution can cause greater sage-grouse to avoid otherwise suitable habitat, and can cause elevated stress levels in the birds who remain in noisy areas.""",Missing,,Present,"""This experimental protocol was reviewed and approved by the Animal Care and Use Committee at UC Davis (Protocol # 16435) and the Wyoming Game and Fish Department (Permit # 33–405).""","16435, 33–405",Missing,,Present,"""Competing Interests: The authors have declared that no competing interests exist.""",Present,"""Funding: Funding was provided by the National Parks Service, US Bureau of Land Management, Wyoming Sage-Grouse Conservation Fund (State of Wyoming), National Fish and Wildlife Foundation, the Wyoming Community Foundation Tom Thorne Sage-Grouse Conservation Fund, UC Davis, and the National Science Foundation (IOS-0925038). The funders had no role in study design, data collection and analysis, decision to publish, or preparation of the manuscript.'",Present,"""Author Contributions  Conceived and designed the experiments: JLB GLP AHK SNS. Performed the experiments: JLB AHK GLP SNS KRW JLP JCW. Analyzed the data: JLB KRW GLP AHK JLP CCT JCW. Contributed reagents/materials/ analysis tools: GLP JCW. Wrote the paper: JLB KRW GLP.""",Present,R,Missing,,Missing,,Missing,,Missing,,,
8-11-2026 16:09:27,lenzrive@ualberta.ca,AL,voslarova_2011,The effects of chronic intermittent noise exposure on broiler chicken performance,10.1111/j.1740-0929.2011.00877.x,Animal Science Journal,Peer-reviewed,Yes,Gallus gallus domesticus,Chicken,Farm,,Mixed,"""From the first day after hatching, a total of 250 unsexed Ross 308 broiler chickens""",Czech Republic,I took the location from the affiliation,Lab-based,,Other,"""sounds typical for commercial broiler housings, with the noise of ventilation fans predominating.""",,Hatchling,Contrast,5,"""(70 or 80 dB)""","""70dB1 group was exposed to intermittent 70 dB noise from day 1 of age, the 70dB7 group was exposed to an intermittent 70 dB noise from day 7 of age, the 80dB1 group was exposed to intermittent 80 dB noise from day 1 of age, and the 80dB7 group was exposed to intermittent 80 dB noise from day 7 of age.""",39,"Mid point 36 + 42 / 2 = 39  ""from day 1 or day 7 after hatching) until the end of the fattening period (day 42)""",Intermittent,8,"""The pattern of a 5-min period of an elevated noise level followed by a 10-min interval of no elevated noise exposure was maintained, day and night""","Light phase, Dark phase",,Yes,"""At one day of age, broilers were randomly divided into five groups kept in separate aviaries with 50 broilers each.""",Unclear,,Ambient sound,,"""control broiler group aviary and in the experimental groups aviaries during reduced noise periods were 35–40 dB (week 1 of age), 45–50 dB (week 2 of age), 50–55 dB (weeks 3 and 4 of age) and 55 dB (week 6 of age).""","""The main sources of noise were animal vocalizations and the fans.""",Physiological,"Juvenile, Hatchling",Unclear,"They measured live body weight, mortality and health conditions","""The chickens exposed to intermittent noise from day 1 of age showed lower mean live weight throughout the fattening period compared to chickens exposed to the same level of intermittent noise only from day 7 of age, although at the end of fattening the difference was statistically significant only in chickens exposed to the higher level of intermittent noise (80 dB).""",Missing,,Missing,,,Missing,,Missing,,Present,"""ACKNOWLEDGMENTS  This study was supported by the Research Project No MSM62157124""",Missing,,Present,Unistat 5.1.,Missing,,Missing,,Missing,,Missing,,,
8-12-2026 12:02:59,lenzrive@ualberta.ca,AL,mcclure_2013,An experimental investigation into the effects of traffic noise on distributions of birds: avoiding the phantom road,10.1098/rspb.2013.2290,Proceedings of the Royal Society B: Biological Sciences,Peer-reviewed,No,"Turdus migratorius, Regulus calendula, Pipilo maculatus, Junco hyemalis, Zonotrichia leucophrys, Setophaga coronata, Sitta canadensis, Haemorhous cassinii, Vireo cassinii, Bombycilla cedrorum, Spinus pinus, Piranga ludoviciana, Spizella passerina, Poecile gambeli, Geothlypis tolmiei, Myadestes townsendi, Setophaga petechia, Passerina amoena, Regulus satrapa, Empidonax oberholseri, Setophaga townsendi, Coccothraustes vespertinus, Certhia americana, Cardellina pusilla, Pheucticus melanocephalus, Poecile atricapillus, Vireo gilvus, Colaptes auratus, Oreothlypis celata, Empidonax hammondii, Catharus guttatus, Oreothlypis ruficapilla, Cyanocitta stelleri, Dendragapus obscurus, Picoides villosus, Troglodytes aedon, Sialia currucoides, Contopus sordidulus, Accipiter striatus, Spinus tristis, Selasphorus calliope, Loxia curvirostra, Catharus ustulatus, Nucifraga columbiana, Corvus corax, Sitta carolinensis, Empidonax difficilis, Pica hudsonia, Icterus bullockii, Glaucidium gnoma, Falco sparverius, Archilochus alexandri, Spizella breweri, Patagioenas fasciata, Accipiter cooperii, Circus cyaneus, Contopus cooperi, Buteo jamaicensis, Ixoreus naevius.","American robin, ruby-crowned kinglet, spotted towhee, dark-eyed junco, white-crowned sparrow, yellow-rumped warbler, red-breasted nuthatch, Cassin’s finch, Cassin’s vireo, cedar waxwing, pine siskin, western tanager, chipping sparrow, mountain chickadee, MacGillivray’s warbler, Townsend’s solitaire, yellow warbler, lazuli bunting, golden-crowned kinglet, dusky flycatcher, Townsend’s warbler, evening grosbeak, brown creeper, Wilson’s warbler, black-headed grosbeak, black-capped chickadee, warbling vireo, northern flicker, orange-crowned warbler, Hammond’s flycatcher, hermit thrush, Nashville warbler, Steller’s jay, dusky grouse, hairy woodpecker, house wren, mountain bluebird, western wood-pewee, sharp-shinned hawk, American goldfinch, calliope hummingbird, red crossbill, Swainson’s thrush, Clark’s nutcracker, common raven, white-breasted nuthatch, western flycatcher, black-billed magpie, Bullock’s oriole, northern pygmy-owl, American kestrel, black-chinned hummingbird, Brewer’s sparrow, band-tailed pigeon, Cooper’s hawk, northern harrier, olive-sided flycatcher, red-tailed hawk, varied thrush.",Wild,point count in the field,Mixed,,United States,"""Glacier National Park""",Field-based,,Road traffic,,"""We played traffic noise recorded within Glacier National Park.""",Unclear,Contrast,2,"“Our playback file further simulated the frequency profile of typical traffic noise with most of the energy of the noise between 0 and 3 kHz with a peak around 1 kHz.”
“We manipulated the source level of each set of speakers to produce a background decibel level of roughly 55–60 dB(A) hourly level-equivalent (LEQ) at each of the three point count locations along the phantom road.”",“The noise-on LEQ at point count locations near the phantom road averaged 55 (s.e. = 0.6) dB(A)” and was 11 (s.e. = 2.6) dB(A) greater than the average noise-off LEQ.,4,"""We replicated the sound of a roadway at intervals—alternating 4 days of noise on with 4 days off"" —individual migratory birds were expected to occur during only one noise-on period.",Intermittent,16.5,"""We attempted to mimic normal traffic patterns by beginning noise playback at 04.30 and ending it at 21.00 local time each day during noise on blocks.""","Light phase, Dark phase","August to October, in fall 21:00 is dark",Unclear,,Unclear,,Ambient sound,,"""Whereas, noise-on LEQ at control locations averaged 41 (s.e. 1⁄4 1.8) dB(A) and was 1 (s.e. 1⁄4 0.2) dB(A) greater than the noise-off LEQ.""",,Ecological,Adult,Light phase,abundance: numbers of birds present per survey during noise-on and noise-off periods,""". We document over a one-quarter decline in bird abundance and almost complete avoidance by some species between noise-on and noise-off periods along the phantom road and no such effects at control sites—suggesting that traffic noise is a major driver of effects of roads on populations of animals.""",Missing,,Present,"""This work was conducted under Boise State University Animal Care and Use Committee Protocol no. 006-AC12-007.""",006-AC12-007,Missing,,Missing,,Present,"""Funding statement. This study was funded by the Natural Sounds and Night Skies Division of the National Park Service.""",Missing,,Present,R; MARK (via RMark); nlme,Present,"""Data accessibility. We have uploaded our data as an electronic supplementary file.""",Missing,,Missing,,Missing,,,
8-12-2026 14:13:21,lenzrive@ualberta.ca,AL,lackey_2012,Experimental Determination of the Response of Golden-Cheeked Warblers (Setophaga chrysoparia) to Road Construction Noise,10.1525/om.2012.74.1.91,Ornithological Monographs,Peer-reviewed,Yes,Setophaga chrysoparia,Golden-cheeked Warbler,Wild,,Mixed,"""Broadcast units were placed at breeding territories identified using territorial males, but both males and females occupying those territories were potentially exposed and included in reproductive-success observations""",United States,"""Uvalde counties in central Texas""",Field-based,,Construction,,"""the broadcast units were placed within the construction study site adjacent to Highway 83, where birds were also naturally exposed to background road traffic noise."" back-up warning beepers, excavation, diesel-engine noise, loading dump trucks, and human voices",Adult,Contrast,2,"""Broadcast units played at 80 dB(A), the level of a typical road-construction site""","""Noise was intermittent and played at random intervals and durations in order to mimic the actual construction noise. Each unit broadcast noise at least once every hour, and each bout lasted between 5 and 30 min.""",NR,"Broadcast units were installed before 15 March and remained in place throughout the breeding season. Construction noise was broadcast on weekdays only, but the exact first and last playback dates—and therefore the total number of exposure days—were not reported.",Intermittent,NR,"""Each unit broadcast noise at least once every hour, and each bout lasted between 5 and 30 min.""",Light phase,"""Construction noise was broadcast on weekdays only, between 0700 and 1400 hours""",Yes,"""because all broadcast units were located in the construction site, we used a t-test to compare shifts in broadcast-unit territory locations with shifts of six randomly chosen non-broadcast territories in the same site for each year.""",Unclear,,Ambient sound,,NR,"""a control site with road noise only, where traffic noise and disturbance existed but no construction activity occurred""","Behavioural, Reproductive/developmental","Adult, Hatchling",Light phase,"Habituation and ""We surveyed broadcast-unit territories at least once every 7 days in order to accurately map territory boundaries and determine reproductive success."" they also registered fledging of the nestlings","""We found no significant difference in mean territory shifts for territories with and without broadcast units, and territory shifts showed no patterns in directionality or reproductive success. Our results suggest that birds located in the noisiest areas have habituated to construction noise, whereas those in the quietest areas have not habituated; however, the very low number of observed responses indicated that the majority of Golden-cheeked Warblers have habituated to road and construction noise""",Missing,,Missing,,,Missing,,Missing,,Present,"""We acknowledge N. Fisher and C. Newnam of the Texas Department of Transportation (TxDOT) for overseeing this project (“Analysis of the potential impacts of highway construction noise and activity on birds with an emphasis on the Goldencheeked Warbler”; contract no. 7-7XXIA001); funding was provided by TxDOT.""",Missing,,Missing,,Missing,,Missing,,Missing,,Missing,,,
8-12-2026 14:36:39,lenzrive@ualberta.ca,AL,isaksson_2024,"Transcriptome analysis of avian livers reveals different molecular changes to three urban pollutants: Soot, artificial light at night and noise",10.1016/j.envpol.2024.124461,Environmental Pollution,Peer-reviewed,Yes,Taeniopygia guttata,Zebra finch,Lab colony/Domestic,,Female,,Sweden,"""One night prior to the start of the experiment (for each group), the birds were transferred to the aerosol facility at Department of Design Sciences, Lund University, Sweden.""",Lab-based,"""using captive breed female zebra finches - a model species for experimental work on birds. The captive population was held in outdoor aviaries at the Department of Biology, Lund University in Southern Sweden.""",Road traffic,,"""15-min street traffic noise recording from a busy street in Copenhagen, Denmark, that ran in a loop... driving cars, trucks, and busses, including honking and acceleration""",Adult,Contrast,2,"Without birds the noise was set at 70 dBA during the day (08:00–18:00) and 45 dBA during the night (19:00–07:00). To simulate the morning and evening gradual increase and decrease, respectively, of a city rush-hour noise, we ramped the noise recording up and down between the hours 07:00–08:00 in the morning and 18:00–19:00 in the evening. The measured noise level with the birds in the chamber was during daytime 70.7 ± 0.4 dBA (mean ± SD) and from 19:00–07:00 61.5 ± 0.9 dBA (mean ± SD).",,5,“The exposure lasted for five consecutive days for each treatment group.”,Continuous,24,,"Light phase, Dark phase",,Unclear,,Unclear,,Ambient sound,,"""Baseline noise level during the day was 68.0 ± 1.1 dBA and caused by the birds themselves, ventilation system and internal fan. During night (with and without ALAN exposure) it was 63.1 ± 1.0 dBA and 61.1 ± 1.1 dBA, respectively. Without birds the baseline noise level was 42–45 dBA.""",,Physiological,Adult,Light phase,"""Transcriptome perturbations of bird liver in relation to three anthropogenic pollutants, Differential gene expression in relation to traffic noise pollution""","""disturbances of anthropogenic noise caused a larger transcriptomic perturbation on genes associated with neuronal function than ALAN did, and also responses in biological functions that are known to be under selection in the urban habitat."" ""In addition to neuronal effects, traffic noise affected the expression of two genes associated with the function of serotonin, a pathway known to be under selection in urban birds""",Missing,,Present,"""The study was approved by the Malm _o/Lund ethical committee (permit no. M108-16).""",M108-16,Missing,,Present,"""Declaration of competing interest  The authors declare that they have no known competing financial interests or personal relationships that could have appeared to influence the work reported in this paper.""",Present,"""The project was financed by FORMAS (no. 2015-00526 to CI) and the Royal Physiographic Society of Lund, Endowments for the natural sciences, medicine, and technology (38802 to AKZ).""",Present,"""CRediT authorship contribution statement  C. Isaksson: Writing – original draft, Resources, Project administration, Methodology, Investigation, Funding acquisition, Conceptualization. A-K. Ziegler: Writing – review & editing, Project administration, Methodology, Investigation, Funding acquisition. D. Powell: Writing review & editing, Visualization, Formal analysis, Data curation. A. Gudmundsson: Writing – review & editing, Resources, Project administration, Methodology, Investigation. M.N. Andersson: Writing – review & editing, Methodology. J. Rissler: Writing – review & editing, Resources, Project administration, Methodology, Investigation.""",Present,R,Present,"""Appendix A. Supplementary data  Supplementary data to this article can be found online at https://doi. org/10.1016/j.envpol.2024.124461.""",Missing,"They don't specify if the share the raw data, only supplementary data",Missing,,Missing,,,
8-12-2026 16:05:12,lenzrive@ualberta.ca,AL,hawkins_2023,Zebra finches increase social behavior in traffic noise: Implications for urban songbirds,10.1007/s10211-023-00434-4,Acta ethologica,Peer-reviewed,Yes,Taeniopygia guttata,Zebra finch,Lab colony/Domestic,"""We used a large colony of outbred, domesticated zebra finches that were housed in outdoor aviaries at William & Mary (Williamsburg, Virginia, USA""",Mixed,Each trial used 12 adult zebra finches per aviary: six males and six females.,United States,"""housed in outdoor aviaries at William & Mary (Williamsburg, Virginia, USA""",Lab-based,,Road traffic,,"""The birds in our study were exposed to chronic traffic noise over 72 h,” ([Hawkins et al., 2024, p. 21](zotero://select/library/items/EH3QY2JE)) ([pdf](zotero://open-pdf/library/items/KW629IP7?page=9&annotation=AE2QF4H7))""",Adult,Contrast,2,"“the high-amplitude aviary during traffic noise playback, peak amplitude in the room with noise playback averaged 80.09 dBA SPL ± 0.99 SE and 70.94 dBA SPL ± 2.94 SE in the room furthest from the playback speaker (n = 11).”  “lower-amplitude aviary during the traffic noise playback, peak amplitude averaged 62.53 dBA SPL ± 0.75 SE in the room closest to the high-amplitude aviary and 61.96 dBA SPL ± 0.98 SE in the furthest room (n = 11).” ([Hawkins et al., 2024, p. 16](zotero://select/library/items/EH3QY2JE)) ([pdf](zotero://open-pdf/library/items/KW629IP7?page=4&annotation=CI87L6F4))",,3,"""each trial consisted of three additional 72-h experimental phases"" ""Speakers were turned on at the conclusion of the 72-h before phase … played traffic noise continuously day and night, and then turned off at the conclusion of the 72-h noise phase.""",Continuous,24,"Traffic noise was played continuously, day and night, for one 72-h noise phase (3 consecutive days) per trial. The same birds remained in their assigned aviary throughout that phase.","Light phase, Dark phase",,Yes,"""We used a pseudo-randomized blocking procedure to determine the aviary and room that would receive sound treatment;""",Unclear,,Ambient sound,,"“With no noise playing, peak amplitude of ambient noise pressure in the outdoor aviaries averaged 60.62 ± 0.52 standard error dBA SPL; this average was calculated by using all measurements from rooms 1 and 3 in both high- and lower-amplitude treatments from the before and after phases when there was no noise playback (n = 85).” ([Hawkins et al., 2024, p. 16](zotero://select/library/items/EH3QY2JE)) ([pdf](zotero://open-pdf/library/items/KW629IP7?page=4&annotation=S6P6NRFF))","Within-group no-playback periods before and after the 72-h noise exposure; additionally, a lower-amplitude reference treatment was run concurrently.",Behavioural,Adult,Light phase,"They measured morning 9:00 and afternoon 12:00. ""Changes to individual sociality (weighted degree), Changes to flock (global clustering coefficient), Changes to space use""","""our study provides evidence that traffic noise alters individual sociality and flock clustering in a population chronically exposed to anthropogenic noise.We suggest that the observed changes are driven by factors other than noise-induced constraints on space use and propose hypotheses related to perceived predation risk, social buffering to stress, vigilance, and cross-sensory interference.""",Missing,,Present,"""All procedures used on animals were approved by the Institutional Animal Care and Use Committee at William & Mary (IACUC-2015-11-16-10733-jpswad).""",IACUC-2015-11-16-10733-jpswad,Missing,,Present,"""Conflict of interest The authors declare no competing interests.""",Present,"""Funding This material is based upon work supported by awards to C. E. Hawkins from the Virginia Space Grant Consortium, the Coastal Virginia Wildlife Observatory, the Williamsburg Bird Club, and the Arts & Science Graduate School at William & Mary. We are immensely grateful for their contributions to this project.""",Missing,,Present,"Python, R",Present,"""Data availability The audio file for playback, datasets, and code for the statistical analyses described in this manuscript are provided here https://zenodo.org/doi/10.5281/zenodo.7869070.""",Present,"""Data availability The audio file for playback, datasets, and code for the statistical analyses described in this manuscript are provided here https://zenodo.org/doi/10.5281/zenodo.7869070.""",Present,"""code for the statistical analyses described in this manuscript are provided here https://zenodo.org/doi/10.5281/zenodo.7869070.""",Present,zenodo,,
8-12-2026 16:50:32,lenzrive@ualberta.ca,AL,caufman_2025,"Poke, gape, or escape? Diurnal anthropogenic noise disrupts Eastern Bluebird (Sialia sialis) incubation and nest attendance behavior",10.5751/JFO-00718-960403,Journal of Field Ornithology,Peer-reviewed,Yes,Sialia sialis,Eastern Bluebird,Wild,nest boxes,Mixed,"""(males, females) and in-nest incubation behaviors (females)""",United States,north central Florida,Field-based,"“Because half the boxes were chronically exposed to either more or less than 70 dBA, we grouped nests into quiet or high noise categories around this threshold; > 65 dB was considered very loud and 50 dB was very quiet (reviewed in Grade and Sieving 2016). Playback treatments were randomly assigned to half of the occupied boxes in each noise category to minimize impacts of individual-specific factors (age, clutch size, experience)” ([Caufman and Sieving, 2025, p. 2](zotero://select/library/items/SDNS8NTT)) ([pdf](zotero://open-pdf/library/items/D997FC8Q?page=2&annotation=P9C4L8VG))",Construction,,"“In playback treatments, construction noise playback was broadcast... The recording contained bursts of noise (jackhammers, engine noise, etc.)” ([Caufman and Sieving, 2025, p. 2](zotero://select/library/items/SDNS8NTT)) ([pdf](zotero://open-pdf/library/items/D997FC8Q?page=2&annotation=A5G9NFZX))",Adult,Contrast,2,NR,"The paper does not report a dB level or frequency range for the experimental construction-noise playback. The <70 dBA and >70 dBA values refer to the ambient traffic-noise categories, so I would not include those in noise_characteristics for the experimental treatment.",2.5,"""Playback was activated for one day, then inactivated for two days; this cycle of playback on and off was repeated at an incubating nest until hatching."" ""these small drops in temperature increased substantially in nests receiving more days of playback (range from 0 to 4 days) during the incubation stage."" 0 was control so. midpoint (1 + 4) / 2 = 2.5 days",Intermittent,3,"Derived from the reported schedule. On playback days, construction-noise bursts lasted 5–15 min every 30 min, with a 2-h midday quiet period; playback started 08:00–10:00 and ended 18:00–20:00. Estimated daily noise exposure range = 1–5 h/day; midpoint = 3 h/day.",Light phase,,Yes,"""Playback treatments were randomly assigned to half of the occupied boxes in each noise category to minimize impacts of individual-specific factors (age, clutch size, experience)""",Unclear,,Ambient sound,,"""Because half the boxes were chronically exposed to either more or less than 70 dBA, we grouped nests into quiet or high noise categories around this threshold.""","Because playback was randomized within both ambient-noise categories, the no-playback controls included both <70 dBA and >70 dBA background conditions; there was no standardized silent control sound. But it was the ambient noise of each site",Behavioural,Adult,Light phase,nest attendance (females and males) and nest incubation (females),"“Playback significantly increased the frequency of peeking and poking from the nest hole by females; males spent more time atop nest boxes in traffic noise-exposed sites; and males spent almost no time on quiet boxes exposed to playback. Findings are consistent with current understanding that anthropogenic noise, especially intermittent loud bursts, disrupts incubation stage behaviors in birds, reducing incubation constancy and, in turn, hatching success.” ([Caufman and Sieving, 2025, p. 1](zotero://select/library/items/SDNS8NTT)) ([pdf](zotero://open-pdf/library/items/D997FC8Q?page=1&annotation=GFIIH4VN))",Missing,,Missing,,,Missing,,Missing,,Missing,,Present,"""Author Contributions:  MC conducted all data acquisition and screening, crafted the hypotheses, and drafted the manuscript. KS led on statistical analysis and revision efforts.""",Present,Stata,Present,"""Data Availability:  Data are available at https://zenodo.org/records/15284692.""",Present,https://zenodo.org/records/15284692.,Missing,,Missing,,,
8-13-2026 12:34:23,lenzrive@ualberta.ca,AL,wang_2024,Prolonged exposure to a music-enriched environment mitigates acute noise-induced inflammation and apoptosis in the chicken spleen by modulating the Keap-1/Nrf2 and NF-kB pathways,10.1016/j.psj.2024.104100,Poultry Science,Peer-reviewed,Yes,Gallus gallus domesticus,Chicken,Farm,,Male,"“Male Arbor Acres (AA) broilers were divided into four groups:” ([Wang et al., 2024, p. 1](zotero://select/library/items/7KPGLI2G)) ([pdf](zotero://open-pdf/library/items/KII4ESLI?page=1&annotation=4629YENU))",China,"""conducted in this study (Heilongjiang Province, China).""",Lab-based,,Synthetic,,Simulating sudden intensity noise,Hatchling,Contrast,2,"""the NS and NSM groups were exposed to 115-120 dB of acute noise stress""","“14 to d 20 of age, the NS and NSM groups were exposed to 115-120 dB of acute noise stress for 10 min/day (8:30-8:40 AM), simulating sudden intensity noise, which was broadcast from an external source and measured to be around 115120 dB.” ([Wang et al., 2024, p. 3](zotero://select/library/items/7KPGLI2G)) ([pdf](zotero://open-pdf/library/items/KII4ESLI?page=3&annotation=MQHA5UZW))",7,"Figure 1 shows the time flowchart, 120 dB noise for 10 minutes per day for 7 days",Intermittent,0.16,10 minutes per day,Light phase,,Yes,"“At seven days of age, the chicks were randomly assigned to four environmentally controlled rooms, each room” ([Wang et al., 2024, p. 2](zotero://select/library/items/7KPGLI2G)) ([pdf](zotero://open-pdf/library/items/KII4ESLI?page=2&annotation=TJ853SH2))",Unclear,,Ambient sound,,"""Until 14 d of age, all chicks were reared under background white noise (<50 dB), ""","“The control group was left untreated experiment. Until 14 d of age, all chicks were reared under background white noise (<50 dB), measured using a sound decibel meter (TASI, Jiangsu, China).” ([Wang et al., 2024, p. 3](zotero://select/library/items/7KPGLI2G)) ([pdf](zotero://open-pdf/library/items/KII4ESLI?page=3&annotation=NBPPX73W))",Physiological,Juvenile,Unclear,"""Histopathological Examination and Ultrastructural Analysis, Detection of Antioxidant Activity, RNA Isolation and Quantitative Real-Time Polymerase Chain Reaction, Detection of Apoptosis by the Terminal Deoxynucleotidyl Transferase-Mediated dUTP Nick-End Labeling (TUNEL) Assay, Enzyme-Linked Immunosorbent Assay""","""The results showed that noise stimulation significantly activated the Keap-1/Nrf2 and NF-kB signaling pathways....the NS group exhibited significantly elevated oxidative stress parameters."" “Additionally, noise stimulation activated the NF-kB pathway, upregulating the downstream genes of the inflammatory factors IL-1b, IL-6, and TNF-a. Noise-induced mitochondrial damage led to apoptosis, as observed by TUNEL staining, along with increased gene and protein expression of Bcl-2, Bax, Cyt-C, Casp-3, Casp-8, and Casp-9. These findings indicate that acute noise exposure can induce splenic damage via oxidative stress, inflammation, and apoptosis by modulating the Keap-1/Nrf2 and NF-kB pathways.” ([Wang et al., 2024, p. 1](zotero://select/library/items/7KPGLI2G)) ([pdf](zotero://open-pdf/library/items/KII4ESLI?page=1&annotation=TTFQN486))",Missing,,Present,"“The Institutional Animal Care and Use Committee of Northeast Agricultural University in Heilongjiang Province, China, approved the experimental procedures (No. NEAUEC20210234) conducted in this study (Heilongjiang Province, China).” ([Wang et al., 2024, p. 2](zotero://select/library/items/7KPGLI2G)) ([pdf](zotero://open-pdf/library/items/KII4ESLI?page=2&annotation=UH3X8PBV))",NEAUEC20210234,Missing,,Present,"""DISCLOSURES  The authors declare no conflicts of interest.""",Present,"“The study was supported by the National Natural Science Foundation of China (Grant No. 32172788, 31772645).”",Present,"""Author Contributions: Haowen Wang: Laboratory animal husbandry, data handling, and paper writing. Yulai Wang: Feeding of test animals and correction of  articles. Haoran Zhang and Qingqing Chang: Changes to the articles with formatting problems. Jianhong Li provided experimental design ideas. Runxiang Zhang and Jun Bao: Provide article design ideas, page charges, experimental funding, and correct problems with the article.""",Present,GraphPad Prism,Present,"""Data Availability: If necessary, part of the data could be requested from the first author or the corresponding author with the author’s consent.""",Missing,,Missing,,Missing,,,
8-13-2026 12:56:41,lenzrive@ualberta.ca,AL,kumar_2014_b,DIFFERENTIAL EFFECTS OF PRENATAL CHRONIC HIGH-DECIBEL NOISE AND MUSIC EXPOSURE ON THE EXCITATORY AND INHIBITORY SYNAPTIC COMPONENTS OF THE AUDITORY CORTEX ANALOG IN DEVELOPING CHICKS (GALLUS GALLUS DOMESTICUS),10.1016/j.neuroscience.2014.03.061,Neuroscience,Peer-reviewed,Yes,Gallus gallus domesticus,Chicken,Farm,,Mixed,"prenatal exposure, embryos",India,"""chicks (Gallus gallus domesticus) weighing 50–60 g, were obtained from a registered poultry farm (Venkys (India) Ltd., Haryana, India).""",Lab-based,,Road traffic,,"""Embryos exposed to arrhythmic vehicle horn noise""",Embryo,Contrast,2,“noise of frequency range 30–3000 Hz at 110-dB SPL”,"“Embryos exposed to arrhythmic vehicle horn noise of frequency range 30–3000 Hz at 110-dB SPL from E10 until hatching.” ([Kumar et al., 2014, p. 303](zotero://select/library/items/5SAD53GC)) ([pdf](zotero://open-pdf/library/items/XKUUHZPR?page=2&annotation=9MDVSYZC))",11,"from day E10 until hatch, they hatch in 21 days so 11 days of exposure",Intermittent,6,"“Considering the ethical point, the exposure was divided into several time periods instead of a continuous 6-h exposure per day.” ([Kumar et al., 2014, p. 303](zotero://select/library/items/5SAD53GC)) ([pdf](zotero://open-pdf/library/items/XKUUHZPR?page=2&annotation=G4645NHD))","Light phase, Dark phase","""developing chick embryos were exposed to noise or music at 110-dB SPL for 15 min per hour throughout the day (total 6 h per day).""",Unclear,,Unclear,,Ambient sound,,NR,"""Group I: Control. Incubated under normal conditions with no additional sound exposure.""",Physiological,"Hatchling, Embryo",Unclear,"""Brain samples were collected from embryonic day 16 (E16) and E18 and post hatch day 1 (PH1) chicks. For Western blotting, real time PCR and NMR spectroscopy, AuL tissues were quickly removed from 4-mm-coronal-thick forebrain sections using a Harris tissue micropunch of 2-mm diameter""","""Our findings suggest that narrow frequency-dominant arrhythmic loud noise (spectrally degraded sound) exposure during early development disturbs the E/I balance (increased excitation and decreased inhibition) and decreases the expression of synaptic stability proteins. Consequential disruption or delay in the development and maturation of the ACx leads to an impairment of auditory-associated behavior.""",Missing,,Present,"“The Institution Animal Ethics Committee (546/IAEC/10), AIIMS, New Delhi approved the protocol and number of animals used in the experiments, adhering to the guidelines laid down by the NIH (USA) regarding the care and use of animals for experimental procedures.” ([Kumar et al., 2014, p. 303](zotero://select/library/items/5SAD53GC)) ([pdf](zotero://open-pdf/library/items/XKUUHZPR?page=2&annotation=AHU6ASFZ))",546/IAEC/10,Missing,,Present,"""CONFLICT OF INTEREST  The authors declare that they have no conflict of interest."" ""DECLARATION  The authors do not have financial relationship with the organization for the research.""",Present,"""Acknowledgments—We are grateful for the financial support from the Council of Scientific and Industrial Research (CSIR), New Delhi, India.""",Missing,They have some acknowledgements but not all authors are mentioned in the contributions,Present,SPSS,Missing,,Missing,,Missing,,Missing,,,
8-13-2026 13:44:41,lenzrive@ualberta.ca,AL,halfwerk_2012,Male great tit song perch selection in response to noise-dependent female feedback,10.1111/j.1365-2435.2012.02018.x,Functional Ecology,Peer-reviewed,Yes,Parus major,Great tit,Wild,"“nest box population of great tits at ‘Nationaal Park Dwingelderveld’, the Netherlands,” ([Halfwerk et al., 2012, p. 1340](zotero://select/library/items/PFJC7DBV)) ([pdf](zotero://open-pdf/library/items/PSWG6YU9?page=2&annotation=7CUTHNY3))",Mixed,,Netherlands,,Field-based,,Synthetic,,"“Noise playback of artificially generated low-frequency traffic noise (filtered white noise"" ([Halfwerk et al., 2012, p. 1341](zotero://select/library/items/PFJC7DBV)) ([pdf](zotero://open-pdf/library/items/PSWG6YU9?page=3&annotation=3VMVK24T))",Adult,Contrast,2,"""in the range of 1–10 kHz with a decrease of 6·5 dB/kHz... On the first day of the experiment, we increased the noise level to ~56 dB (SPLA-weighted, measured at the position of the female with a Cesva SC-30 sound analyser). The second day, we increased the noise to ~65 dB"" ""Noise levels at the position of the female inside the nest box differed substantially between treatment groups (noise = 67·7 ± 1·8 SD,""","They exposed to noise gradually, and took 2 days until full noise exposure",5,"“Observations were carried out after 3 days of full noise exposure (which was 5 days after the start of the experiment).” ([Halfwerk et al., 2012, p. 1342](zotero://select/library/items/PFJC7DBV)) ([pdf](zotero://open-pdf/library/items/PSWG6YU9?page=4&annotation=E8DUKARE))",Continuous,24,"“Noise was played continuously day and night in 30 min loops with 10 s in between subsequent playback of the loop file with a ramp off to silence and a ramp on to full exposure again to avoid abrupt changes in noise level.” ([Halfwerk et al., 2012, p. 1341](zotero://select/library/items/PFJC7DBV)) ([pdf](zotero://open-pdf/library/items/PSWG6YU9?page=3&annotation=VBQCUWHF))","Light phase, Dark phase",,Yes,"""Nest box treatment was randomly assigned and 67 great tit pairs started nest building in a control box, whereas 68 pairs started building in noise box.""",Unclear,,Ambient sound,,"“control = 36·9 ± 3·2 SD dB SPL, A-weighted),” ([Halfwerk et al., 2012, p. 1343](zotero://select/library/items/PFJC7DBV)) ([pdf](zotero://open-pdf/library/items/PSWG6YU9?page=5&annotation=LU4TT43Z))",,Communication,Adult,Light phase,"""We analysed male and female acoustic behaviour on the first day (Noise Day 1) of full noise exposure (which was the third day of the experiment for the control treatment group) and compared this with measurements taken 2 days later (Noise Day 3).""","""We found a delay in female response latencies to male song in the noisy condition compared to the control condition on the first day of noise exposure. Males from the noise treatment group, not directly exposed to noise themselves, sang closer to the nest box within 3 days after the start of exposure. 4. The male’s closer proximity to the nest box most likely led to the observed higher song amplitudes at the noisy nest boxes compared to quiet control nest boxes, and explains why the inside signal-to-noise ratios were restored to equal levels between treatment and control nest boxes after several days of exposure. 5. The initial difference between treatment groups in female response latencies at the start of exposure also disappeared accordingly. 6. Our results strongly suggest an active role for female birds in steering male song behaviour under noisy conditions. Males did not receive direct exposure during intra-pair communication, but adjusted their behaviour in the predicted direction. These data are important to understand the mechanisms related to communication in noise and reveal the critical role of ecology in shaping animal interactions.""",Missing,,Missing,,,Missing,,Present,"""The authors report no conflict of interest.""",Present,"""This study was funded through a NWO grant (no. 817·01·003) to H.S.""",Missing,,Present,SPSS,Missing,,Missing,,Missing,,Missing,,,
8-13-2026 14:12:20,lenzrive@ualberta.ca,AL,flores_2018,Creciendo en un ambiente ruidoso: efectos del ruido urbano sobre aspectos fisiológicos y el aprendizaje en un ave de desarrollo precoz,NA,Universidad de Chile,Grey literature,Yes,Coturnix japonica,Japanese quail,Farm,,Mixed,,Chile,"""La codorniz japonesa C. japonica es una galliforme presente en Chile con fines  comerciales.""",Lab-based,,Urban,,"“grabaciones de ruidos urbanos se llevaron a cabo en el centro de Santiago en avenidas (n = 5), autopistas (n= 4) y una estación de metro (n= 1) u” ([pdf](zotero://open-pdf/library/items/MGTLBL68?page=20&annotation=9VJMUYCB))",Hatchling,Contrast,2,"mean sound preassure 82,12 (_ 1,74)","“Los dB promedio del cuarto ruido ciudad fueron 82,12 (_ 1,74).” ([pdf](zotero://open-pdf/library/items/MGTLBL68?page=21&annotation=9GX57KA4))",8,"""el experimento  abarcó del día 1 al día 8.""",Intermittent,8,"“ruido de ciudad se les reprodujo el ruido de Santiago centro durante 8 horas (de 10:00 a 18:00 hs) en una  habitación aislada acústicamente (goma, plumavit y madera) y forrada con espuma  acústica para evitar ecos dentro de la habitación” ([pdf](zotero://open-pdf/library/items/MGTLBL68?page=21&annotation=UJQ5433G))",Light phase,,Unclear,,Unclear,,Ambient sound,,"“63,23 (_ 5,83) dB.”","“ruido rural estuvieron en otra habitación en las mismas condiciones de alimentación y temperatura, pero sin la exposición al ruido de ciudad. Esta habitación que no estaba aislada acústicamente permitía el ingreso del ruido de la localidad de Colina (caballos, gallinas y tráfico esporádico de vehículos). Los dB promedio del cuarto ruido rural fueron 63,23 (_ 5,83).” ([pdf](zotero://open-pdf/library/items/MGTLBL68?page=21&annotation=556XIMUQ))","Behavioural, Physiological, Cognitive/sensory",Hatchling,Unclear,"tonic immobility, learning and memory, body weight, glutathione levels, GSH levels","""El ruido de ciudad representa un factor de estrés para las codornices, demostrado  mediante un mayor desempeño del sistema antioxidante glutatión. A la vez, las  codornices que crecen en ambientes con ruido urbano presentan dificultades en las  capacidades de aprendizaje y memoria.""",Missing,,Present,"""La investigación se realizó con el permiso de Comité  Institucional de Cuidado y Uso de Animales (CICUA), Universidad de Chile (N°: 18112FCS-UCH).""",18112FCS-UCH,Missing,,Missing,,Present,"""Para la realización de esta tesis se recibió el financiamiento del siguiente fondo de la  Universidad Andrés Bello: Proyecto regular_UNAB: DI-12-17/RG.""",Missing,,Present,SPSS,Missing,,Missing,,Missing,,Missing,,,
8-13-2026 14:36:30,lenzrive@ualberta.ca,AL,dharmasiri_2022,Nestling European Starlings (Sturnus vulgaris) adjust their begging calls in noise,10.1080/09524622.2021.2008495,Bioacoustics,Peer-reviewed,Yes,Sturnus vulgaris,European Starling,Wild,"""There are 45 nest boxes attached to trees across campus.""",Mixed,parents and hatchlings,Canada,"“The study was conducted in the spring and summer of 2015 at Saint Mary’s University in Halifax, Nova Scotia, Canada” ([Dharmasiri et al., 2022, p. 597](zotero://select/library/items/B5DZ4SPC)) ([pdf](zotero://open-pdf/library/items/RMV6JI7U?page=5&annotation=DKB4R6VI))",Field-based,,Urban,,"“One three-minute traffic and city ambient noise audio clip which consisted of police sirens, honking, movement of vehicles and background human conversation was played continuously on loop at every experimental nest box” ([Dharmasiri et al., 2022, p. 598](zotero://select/library/items/B5DZ4SPC)) ([pdf](zotero://open-pdf/library/items/RMV6JI7U?page=6&annotation=HNQF3334))","Adult, Hatchling",Contrast,2,"“played continuously at 80 to 90 decibels dBA,” ([Dharmasiri et al., 2022, p. 598](zotero://select/library/items/B5DZ4SPC)) ([pdf](zotero://open-pdf/library/items/RMV6JI7U?page=6&annotation=AT6UNKGP))","“One three-minute traffic and city ambient noise audio clip which consisted of police sirens, honking, movement of vehicles and background human conversation was played continuously on loop at every experimental nest box” ([Dharmasiri et al., 2022, p. 598](zotero://select/library/items/B5DZ4SPC)) ([pdf](zotero://open-pdf/library/items/RMV6JI7U?page=6&annotation=HNQF3334))",10,"""Nestlings in the experimental broods were exposed to the traffic-noise playback starting on day 5 of the nestling period (day 0 is hatch day) until day 14""",Intermittent,7,"“3.5 hours in each of the morning and afternoon.” ([Dharmasiri et al., 2022, p. 598](zotero://select/library/items/B5DZ4SPC)) ([pdf](zotero://open-pdf/library/items/RMV6JI7U?page=6&annotation=NJKWGSHH))",Light phase,,Yes,"“boxes were randomly assigned their treatment such that one experimental and one control nest box” ([Dharmasiri et al., 2022, p. 597](zotero://select/library/items/B5DZ4SPC)) ([pdf](zotero://open-pdf/library/items/RMV6JI7U?page=5&annotation=G2CKNGD4))",Unclear,,Ambient sound,,We determined that the level of noise during the traffic-noise playback was an average of 23dBA (decibels) higher at the experimental nests than at the control nests” ,"Control nests were exposed only to baseline ambient (natural) traffic noise. Experimental nests were on average 23 dBA louder than controls; based on the reported 80–90 dBA experimental range, the inferred control level is approximately 57–67 dBA (midpoint ≈ 62 dBA). Frequency NR. “Control nest boxes were also equipped with headphones and an MP3 player but were exposed only to baseline ambient (natural) traffic noise.”","Behavioural, Communication, Reproductive/developmental","Adult, Hatchling",Light phase,"parental provisioning and nestling condition, offspring provisioning and fledging success, begging call","""We found that the minimum frequency of the begging calls was higher in nestlings within experimental broods (exposed to traffic-noise playback) compared to that of nestlings in the control broods (exposed only to ambient noise). Also, nestlings in experimental broods continued to beg at a higher minimum frequency but with a narrowed bandwidth after the playback was stopped. Parental provisioning rates did not differ between control and experimental broods, nor did fledging success, although nestlings in the experimental group were in poorer condition. Our findings suggest that urban thrivers are affected by increasing traffic noise but have the phenotypic flexibility to adapt at a young age to maintain critical parent-offspring communication.""",Missing,,Missing,,,Missing,,Present,"""Disclosure statement  No potential conflict of interest was reported by the author(s).""",Present,"""Financial support from Saint Mary’s  608 M. E. DHARMASIRI ET AL. University was provided to CAB through a Faculty of Graduate Studies Research Award and a SMUworks Award."" ""Funding  This work was supported by the Saint Mary’s University""",Missing,,Present,R,Missing,,Missing,,Missing,,Missing,,,
8-13-2026 14:51:48,lenzrive@ualberta.ca,AL,ahmad_2024,Prenatal auditory stimulation and impacts on physiological response to feed restriction in broiler chickens at market age,10.1016/j.psj.2024.103948,Poultry Science,Peer-reviewed,Yes,Gallus domesticus,Chicken,Farm,,Mixed,hatchlings,Malaysia,"""experiment was conducted following the guidelines of the Research Policy of Universiti Putra Malaysia,""",Lab-based,incubators,Road traffic,,"""exposure to pre-recorded traffic""","Hatchling, Embryo",Contrast,2,"""noise at 90 dB (NOISE)""",,9,"""From ED 12 to ED 21, the eggs were exposed to pre-recorded traffic noise at""",Intermittent,8,90 dB (§ 2 dB) for 20 min/h over 24 h (a total of 8 h/d).,"Light phase, Dark phase",,Yes,They selected randomly the chicks to measure the outcomes/take samples,Unclear,,Ambient sound,,"""40 dB (CONTROL)""","“1) no additional sound treatment other than the background sound of the incubator’s compressors at 40 dB (CONTROL),” ([Ahmad-Hanafi et al., 2024, p. 1](zotero://select/library/items/TEPUUXMP)) ([pdf](zotero://open-pdf/library/items/78SUPJNU?page=1&annotation=DMBAWF3E))",Physiological,Hatchling,Light phase,"Blood Sampling (serum levels of corticosterone (CORT), ceruloplasmin (CPN), alpha1-acid glycoprotein (AGP), and heat shock protein (HSP) 70.) Determination of Brain mRNA Gene Expressions of GR and HSP70, Determination of Gut Microflora Population","“NOISE, led to lower serum levels of CORT and alpha-1-acid glycoprotein (AGP) levels compared to the CONTROL group. Additionally, NOISE significantly increased brain mRNA glucocorticoid receptor and HSP70 gene expression. The cecal population of E. coli and Lactobacillus spp. was not significantly affected by prenatal auditory stimulation. In conclusion, our findings suggest that prenatal auditory stimulation, particularly NOISE, positively impacts broiler chickens’ ability to cope with feed restriction.” ([Ahmad-Hanafi et al., 2024, p. 1](zotero://select/library/items/TEPUUXMP)) ([pdf](zotero://open-pdf/library/items/78SUPJNU?page=1&annotation=L3AQLFWZ))",Missing,,Present,"“The experiment was conducted following the guidelines of the Research Policy of Universiti Putra Malaysia, as outlined in the Guide for the Care and Use of Experimental Animals (UPM/IACUC/AUP-R058/2019).”",UPM/IACUC/AUP-R058/2019,Missing,,Present,"""DISCLOSURES  The authors declare no conflict of interest.""",Present,"""ACKNOWLEDGMENTS  The authors would like to thank Universiti Putra Malaysia for financial support of this research under the Putra Research Grant Programme (Grant No. 9696600).""",Missing,,Present,SAS,Missing,,Missing,,Missing,,Missing,,,
,,,,,,,,,,,,,,,,,,,,,,,,,,,,,,,,,,,,,,,,,,,,,,,,,,,,,,,,,,,,,,,,,,,,,,,