package,study_id,es_id,source_csv_row,field,old_value_v3,new_value_v4,status,source,rationale
1 – Uygur 2011 outcome units,uygur_2011_ankarauniv,es068,69,data_type,Count,Time,Corrected transcription,"included_studies/uygur_2011_ankarauniv.pdf, Methods and Table 2","The paper reports total time spent in diving or jumping, not event counts."
1 – Uygur 2011 outcome units,uygur_2011_ankarauniv,es068,69,data_units,Count,s,Corrected transcription,"included_studies/uygur_2011_ankarauniv.pdf, Methods and Table 2",The outcome is a duration in seconds.
1 – Uygur 2011 outcome units,uygur_2011_ankarauniv,es069,70,data_type,Count,Time,Corrected transcription,"included_studies/uygur_2011_ankarauniv.pdf, Methods and Table 2","The paper reports total time spent in diving or jumping, not event counts."
1 – Uygur 2011 outcome units,uygur_2011_ankarauniv,es069,70,data_units,Count,s,Corrected transcription,"included_studies/uygur_2011_ankarauniv.pdf, Methods and Table 2",The outcome is a duration in seconds.
1 – Uygur 2011 outcome units,uygur_2011_ankarauniv,es070,71,data_type,Count,Time,Corrected transcription,"included_studies/uygur_2011_ankarauniv.pdf, Methods and Table 2","The paper reports total time spent in diving or jumping, not event counts."
1 – Uygur 2011 outcome units,uygur_2011_ankarauniv,es070,71,data_units,Count,s,Corrected transcription,"included_studies/uygur_2011_ankarauniv.pdf, Methods and Table 2",The outcome is a duration in seconds.
1 – Uygur 2011 outcome units,uygur_2011_ankarauniv,es071,72,data_type,Count,Time,Corrected transcription,"included_studies/uygur_2011_ankarauniv.pdf, Methods and Table 2","The paper reports total time spent in diving or jumping, not event counts."
1 – Uygur 2011 outcome units,uygur_2011_ankarauniv,es071,72,data_units,Count,s,Corrected transcription,"included_studies/uygur_2011_ankarauniv.pdf, Methods and Table 2",The outcome is a duration in seconds.
2 – Uygur 2010 exposure and sample sizes,uygur_2010_aphyhun,es001,2,c_n,9,10,Corrected transcription,"included_studies/uygur_2010_aphyhun.pdf, Methods and Table II","Table II identifies the control group as CON, n=10."
2 – Uygur 2010 exposure and sample sizes,uygur_2010_aphyhun,es001,2,ex_n,10,9,Corrected transcription,"included_studies/uygur_2010_aphyhun.pdf, Methods and Table II","Table II identifies the prenatal-stress group as PSN, n=9."
2 – Uygur 2010 exposure and sample sizes,uygur_2010_aphyhun,es001,2,exposure_session_duration_h,0.66,0.75,Corrected transcription,"included_studies/uygur_2010_aphyhun.pdf, Methods and Table II",The paper reports 45 minutes per day; 45/60 = 0.75 hours.
2 – Uygur 2010 exposure and sample sizes,uygur_2010_aphyhun,es002,3,c_n,9,10,Corrected transcription,"included_studies/uygur_2010_aphyhun.pdf, Methods and Table II","Table II identifies the control group as CON, n=10."
2 – Uygur 2010 exposure and sample sizes,uygur_2010_aphyhun,es002,3,ex_n,10,9,Corrected transcription,"included_studies/uygur_2010_aphyhun.pdf, Methods and Table II","Table II identifies the prenatal-stress group as PSN, n=9."
2 – Uygur 2010 exposure and sample sizes,uygur_2010_aphyhun,es002,3,exposure_session_duration_h,0.66,0.75,Corrected transcription,"included_studies/uygur_2010_aphyhun.pdf, Methods and Table II",The paper reports 45 minutes per day; 45/60 = 0.75 hours.
2 – Uygur 2010 exposure and sample sizes,uygur_2010_aphyhun,es003,4,c_n,9,10,Corrected transcription,"included_studies/uygur_2010_aphyhun.pdf, Methods and Table II","Table II identifies the control group as CON, n=10."
2 – Uygur 2010 exposure and sample sizes,uygur_2010_aphyhun,es003,4,ex_n,10,9,Corrected transcription,"included_studies/uygur_2010_aphyhun.pdf, Methods and Table II","Table II identifies the prenatal-stress group as PSN, n=9."
2 – Uygur 2010 exposure and sample sizes,uygur_2010_aphyhun,es003,4,exposure_session_duration_h,0.66,0.75,Corrected transcription,"included_studies/uygur_2010_aphyhun.pdf, Methods and Table II",The paper reports 45 minutes per day; 45/60 = 0.75 hours.
3 – Arjunan 2023 acoustic exposure,arjunan_2023_stress,es013,14,frequency_Hz,"0-2,000","0-20,000",Corrected transcription,"included_studies/arjunan_2023_stress.pdf, Methods section 4.3",The source states all frequencies from 0 to 20 kHz.
3 – Arjunan 2023 acoustic exposure,arjunan_2023_stress,es013,14,noise_type,Ultrasound,White noise,Corrected transcription,"included_studies/arjunan_2023_stress.pdf, Methods section 4.3","The source describes a white-noise generator, not ultrasound."
3 – Arjunan 2023 acoustic exposure,arjunan_2023_stress,es013,14,noise_frequency_range,Ultrasound,Audible,Corrected transcription,"included_studies/arjunan_2023_stress.pdf, Methods section 4.3",The stated range is within the audible/broadband band used in this review.
3 – Arjunan 2023 acoustic exposure,arjunan_2023_stress,es014,15,data_file,arjunan_2023_stress_fig3B_per,arjunan_2023_stress_fig3B_peri.png,Corrected transcription,Metadigitise_figs/arjunan_2023_stress_fig3B_peri.png,Use the exact saved image filename for reproducibility.
3 – Arjunan 2023 acoustic exposure,arjunan_2023_stress,es014,15,frequency_Hz,"0-2,000","0-20,000",Corrected transcription,"included_studies/arjunan_2023_stress.pdf, Methods section 4.3",The source states all frequencies from 0 to 20 kHz.
3 – Arjunan 2023 acoustic exposure,arjunan_2023_stress,es014,15,noise_type,Ultrasound,White noise,Corrected transcription,"included_studies/arjunan_2023_stress.pdf, Methods section 4.3","The source describes a white-noise generator, not ultrasound."
3 – Arjunan 2023 acoustic exposure,arjunan_2023_stress,es014,15,noise_frequency_range,Ultrasound,Audible,Corrected transcription,"included_studies/arjunan_2023_stress.pdf, Methods section 4.3",The stated range is within the audible/broadband band used in this review.
3 – Arjunan 2023 acoustic exposure,arjunan_2023_stress,es015,16,frequency_Hz,"0-2,000","0-20,000",Corrected transcription,"included_studies/arjunan_2023_stress.pdf, Methods section 4.3",The source states all frequencies from 0 to 20 kHz.
3 – Arjunan 2023 acoustic exposure,arjunan_2023_stress,es015,16,noise_type,Ultrasound,White noise,Corrected transcription,"included_studies/arjunan_2023_stress.pdf, Methods section 4.3","The source describes a white-noise generator, not ultrasound."
3 – Arjunan 2023 acoustic exposure,arjunan_2023_stress,es015,16,noise_frequency_range,Ultrasound,Audible,Corrected transcription,"included_studies/arjunan_2023_stress.pdf, Methods section 4.3",The stated range is within the audible/broadband band used in this review.
3 – Arjunan 2023 acoustic exposure,arjunan_2023_stress,es016,17,data_file,arjunan_2023_stress_fig3B_per,arjunan_2023_stress_fig3B_peri.png,Corrected transcription,Metadigitise_figs/arjunan_2023_stress_fig3B_peri.png,Use the exact saved image filename for reproducibility.
3 – Arjunan 2023 acoustic exposure,arjunan_2023_stress,es016,17,frequency_Hz,"0-2,000","0-20,000",Corrected transcription,"included_studies/arjunan_2023_stress.pdf, Methods section 4.3",The source states all frequencies from 0 to 20 kHz.
3 – Arjunan 2023 acoustic exposure,arjunan_2023_stress,es016,17,noise_type,Ultrasound,White noise,Corrected transcription,"included_studies/arjunan_2023_stress.pdf, Methods section 4.3","The source describes a white-noise generator, not ultrasound."
3 – Arjunan 2023 acoustic exposure,arjunan_2023_stress,es016,17,noise_frequency_range,Ultrasound,Audible,Corrected transcription,"included_studies/arjunan_2023_stress.pdf, Methods section 4.3",The stated range is within the audible/broadband band used in this review.
3 – Arjunan 2023 acoustic exposure,arjunan_2023_stress,es017,18,frequency_Hz,"0-2,000","0-20,000",Corrected transcription,"included_studies/arjunan_2023_stress.pdf, Methods section 4.3",The source states all frequencies from 0 to 20 kHz.
3 – Arjunan 2023 acoustic exposure,arjunan_2023_stress,es017,18,noise_type,Ultrasound,White noise,Corrected transcription,"included_studies/arjunan_2023_stress.pdf, Methods section 4.3","The source describes a white-noise generator, not ultrasound."
3 – Arjunan 2023 acoustic exposure,arjunan_2023_stress,es017,18,noise_frequency_range,Ultrasound,Audible,Corrected transcription,"included_studies/arjunan_2023_stress.pdf, Methods section 4.3",The stated range is within the audible/broadband band used in this review.
3 – Arjunan 2023 acoustic exposure,arjunan_2023_stress,es018,19,data_file,arjunan_2023_stress_fig3B_per,arjunan_2023_stress_fig3B_peri.png,Corrected transcription,Metadigitise_figs/arjunan_2023_stress_fig3B_peri.png,Use the exact saved image filename for reproducibility.
3 – Arjunan 2023 acoustic exposure,arjunan_2023_stress,es018,19,frequency_Hz,"0-2,000","0-20,000",Corrected transcription,"included_studies/arjunan_2023_stress.pdf, Methods section 4.3",The source states all frequencies from 0 to 20 kHz.
3 – Arjunan 2023 acoustic exposure,arjunan_2023_stress,es018,19,noise_type,Ultrasound,White noise,Corrected transcription,"included_studies/arjunan_2023_stress.pdf, Methods section 4.3","The source describes a white-noise generator, not ultrasound."
3 – Arjunan 2023 acoustic exposure,arjunan_2023_stress,es018,19,noise_frequency_range,Ultrasound,Audible,Corrected transcription,"included_studies/arjunan_2023_stress.pdf, Methods section 4.3",The stated range is within the audible/broadband band used in this review.
4 – Barzegar 2014 title and SEM,barzegar_2014_hippo,es004,5,data_file,barzegar_2014_figure2,barzegar_2014_figure2a.png,Corrected transcription,Metadigitise_figs/barzegar_2014_figure2a.png,Use the exact saved image filename for reproducibility.
4 – Barzegar 2014 title and SEM,barzegar_2014_hippo,es004,5,title,Effects of chronic stress on cognitive functions and anxiety related behaviors in rats,"Prenatal Exposure to Noise Stress: Anxiety, Impaired Spatial Memory, and Deteriorated Hippocampal Plasticity in Postnatal Life",Corrected transcription,included_studies/barzegar_2014_hippo.pdf,Replace the title copied from another study with the Barzegar paper title.
4 – Barzegar 2014 title and SEM,barzegar_2014_hippo,es005,6,data_file,barzegar_2014_figure2,barzegar_2014_figure2b.png,Corrected transcription,Metadigitise_figs/barzegar_2014_figure2b.png,Use the exact saved image filename for reproducibility.
4 – Barzegar 2014 title and SEM,barzegar_2014_hippo,es006,7,data_file,barzegar_2014_figure2,barzegar_2014_figure2a.png,Corrected transcription,Metadigitise_figs/barzegar_2014_figure2a.png,Use the exact saved image filename for reproducibility.
4 – Barzegar 2014 title and SEM,barzegar_2014_hippo,es006,7,ex_se_reported,8.43,2.666667,Corrected transcription,"Metadigitise_figs/metaDigitise_output.csv; barzegar_2014_figure2a, N2","The digitised figure error is SEM; 8.43 is the corresponding SD, not the reported SEM."
4 – Barzegar 2014 title and SEM,barzegar_2014_hippo,es007,8,data_file,barzegar_2014_figure2,barzegar_2014_figure2b.png,Corrected transcription,Metadigitise_figs/barzegar_2014_figure2b.png,Use the exact saved image filename for reproducibility.
4 – Barzegar 2014 title and SEM,barzegar_2014_hippo,es008,9,data_file,barzegar_2014_figure2,barzegar_2014_figure2a.png,Corrected transcription,Metadigitise_figs/barzegar_2014_figure2a.png,Use the exact saved image filename for reproducibility.
4 – Barzegar 2014 title and SEM,barzegar_2014_hippo,es009,10,data_file,barzegar_2014_figure2b,barzegar_2014_figure2b.png,Corrected transcription,Metadigitise_figs/barzegar_2014_figure2b.png,Use the exact saved image filename for reproducibility.
5 – Abramova 2020 derived SEs,abramova_2020_genpath,es130,131,c_se_analysis,18.1638,5.948995,Corrected derived value,"included_studies/abramova_2020_genpath/abramova2020_descriptives.xlsx, tidy_all",Retain the author-data SD and n; correct only the deterministic SE derivation.
5 – Abramova 2020 derived SEs,abramova_2020_genpath,es131,132,c_se_analysis,23.1577,6.011893,Corrected derived value,"included_studies/abramova_2020_genpath/abramova2020_descriptives.xlsx, tidy_all",Retain the author-data SD and n; correct only the deterministic SE derivation.
5 – Abramova 2020 derived SEs,abramova_2020_genpath,es131,132,ex_se_analysis,14.9063,4.86045,Corrected derived value,"included_studies/abramova_2020_genpath/abramova2020_descriptives.xlsx, tidy_all",Retain the author-data SD and n; correct only the deterministic SE derivation.
5 – Abramova 2020 derived SEs,abramova_2020_genpath,es132,133,c_se_analysis,8.3527,2.38249,Corrected derived value,"included_studies/abramova_2020_genpath/abramova2020_descriptives.xlsx, tidy_all",Retain the author-data SD and n; correct only the deterministic SE derivation.
5 – Abramova 2020 derived SEs,abramova_2020_genpath,es133,134,c_se_analysis,9.9437,2.286889,Corrected derived value,"included_studies/abramova_2020_genpath/abramova2020_descriptives.xlsx, tidy_all",Retain the author-data SD and n; correct only the deterministic SE derivation.
5 – Abramova 2020 derived SEs,abramova_2020_genpath,es133,134,ex_se_analysis,7.0469,2.22715,Corrected derived value,"included_studies/abramova_2020_genpath/abramova2020_descriptives.xlsx, tidy_all",Retain the author-data SD and n; correct only the deterministic SE derivation.
5 – Abramova 2020 derived SEs,abramova_2020_genpath,es134,135,c_se_analysis,0.6629,1.0596,Corrected derived value,"included_studies/abramova_2020_genpath/abramova2020_descriptives.xlsx, tidy_all",Retain the author-data SD and n; correct only the deterministic SE derivation.
5 – Abramova 2020 derived SEs,abramova_2020_genpath,es135,136,c_se_analysis,0.9723,0.647816,Corrected derived value,"included_studies/abramova_2020_genpath/abramova2020_descriptives.xlsx, tidy_all",Retain the author-data SD and n; correct only the deterministic SE derivation.
5 – Abramova 2020 derived SEs,abramova_2020_genpath,es135,136,ex_se_analysis,0.3125,0.232725,Corrected derived value,"included_studies/abramova_2020_genpath/abramova2020_descriptives.xlsx, tidy_all",Retain the author-data SD and n; correct only the deterministic SE derivation.
5 – Abramova 2020 derived SEs,abramova_2020_genpath,es136,137,c_se_analysis,4.4207,3.898315,Corrected derived value,"included_studies/abramova_2020_genpath/abramova2020_descriptives.xlsx, tidy_all",Retain the author-data SD and n; correct only the deterministic SE derivation.
5 – Abramova 2020 derived SEs,abramova_2020_genpath,es137,138,c_se_analysis,4.9042,4.774845,Corrected derived value,"included_studies/abramova_2020_genpath/abramova2020_descriptives.xlsx, tidy_all",Retain the author-data SD and n; correct only the deterministic SE derivation.
5 – Abramova 2020 derived SEs,abramova_2020_genpath,es137,138,ex_se_analysis,4.2813,3.074025,Corrected derived value,"included_studies/abramova_2020_genpath/abramova2020_descriptives.xlsx, tidy_all",Retain the author-data SD and n; correct only the deterministic SE derivation.
5 – Abramova 2020 derived SEs,abramova_2020_genpath,es138,139,c_se_analysis,3.3508,5.49871,Corrected derived value,"included_studies/abramova_2020_genpath/abramova2020_descriptives.xlsx, tidy_all",Retain the author-data SD and n; correct only the deterministic SE derivation.
5 – Abramova 2020 derived SEs,abramova_2020_genpath,es139,140,c_se_analysis,2.919,7.584251,Corrected derived value,"included_studies/abramova_2020_genpath/abramova2020_descriptives.xlsx, tidy_all",Retain the author-data SD and n; correct only the deterministic SE derivation.
5 – Abramova 2020 derived SEs,abramova_2020_genpath,es139,140,ex_se_analysis,8.1981,7.162475,Corrected derived value,"included_studies/abramova_2020_genpath/abramova2020_descriptives.xlsx, tidy_all",Retain the author-data SD and n; correct only the deterministic SE derivation.
5 – Abramova 2020 derived SEs,abramova_2020_genpath,es140,141,c_se_analysis,1.6352,1.308466,Corrected derived value,"included_studies/abramova_2020_genpath/abramova2020_descriptives.xlsx, tidy_all",Retain the author-data SD and n; correct only the deterministic SE derivation.
5 – Abramova 2020 derived SEs,abramova_2020_genpath,es141,142,c_se_analysis,1.0165,0.639118,Corrected derived value,"included_studies/abramova_2020_genpath/abramova2020_descriptives.xlsx, tidy_all",Retain the author-data SD and n; correct only the deterministic SE derivation.
5 – Abramova 2020 derived SEs,abramova_2020_genpath,es141,142,ex_se_analysis,0.75,0.341575,Corrected derived value,"included_studies/abramova_2020_genpath/abramova2020_descriptives.xlsx, tidy_all",Retain the author-data SD and n; correct only the deterministic SE derivation.
5 – Abramova 2020 derived SEs,abramova_2020_genpath,es142,143,c_se_analysis,63.1059,3.82068,Corrected derived value,"included_studies/abramova_2020_genpath/abramova2020_descriptives.xlsx, tidy_all",Retain the author-data SD and n; correct only the deterministic SE derivation.
5 – Abramova 2020 derived SEs,abramova_2020_genpath,es143,144,c_se_analysis,63.7452,5.562291,Corrected derived value,"included_studies/abramova_2020_genpath/abramova2020_descriptives.xlsx, tidy_all",Retain the author-data SD and n; correct only the deterministic SE derivation.
5 – Abramova 2020 derived SEs,abramova_2020_genpath,es144,145,c_se_analysis,3.4941,3.644701,Corrected derived value,"included_studies/abramova_2020_genpath/abramova2020_descriptives.xlsx, tidy_all",Retain the author-data SD and n; correct only the deterministic SE derivation.
5 – Abramova 2020 derived SEs,abramova_2020_genpath,es145,146,c_se_analysis,6.324,5.168479,Corrected derived value,"included_studies/abramova_2020_genpath/abramova2020_descriptives.xlsx, tidy_all",Retain the author-data SD and n; correct only the deterministic SE derivation.
5 – Abramova 2020 derived SEs,abramova_2020_genpath,es146,147,c_se_analysis,0.436,0.467204,Corrected derived value,"included_studies/abramova_2020_genpath/abramova2020_descriptives.xlsx, tidy_all",Retain the author-data SD and n; correct only the deterministic SE derivation.
5 – Abramova 2020 derived SEs,abramova_2020_genpath,es147,148,c_se_analysis,1.0345,0.616432,Corrected derived value,"included_studies/abramova_2020_genpath/abramova2020_descriptives.xlsx, tidy_all",Retain the author-data SD and n; correct only the deterministic SE derivation.
5 – Abramova 2020 derived SEs,abramova_2020_genpath,es148,149,c_se_analysis,0.6485,0.280045,Corrected derived value,"included_studies/abramova_2020_genpath/abramova2020_descriptives.xlsx, tidy_all",Retain the author-data SD and n; correct only the deterministic SE derivation.
5 – Abramova 2020 derived SEs,abramova_2020_genpath,es149,150,c_se_analysis,0.8773,0.441376,Corrected derived value,"included_studies/abramova_2020_genpath/abramova2020_descriptives.xlsx, tidy_all",Retain the author-data SD and n; correct only the deterministic SE derivation.
5 – Abramova 2020 derived SEs,abramova_2020_genpath,es150,151,c_se_analysis,0.6596,0.682381,Corrected derived value,"included_studies/abramova_2020_genpath/abramova2020_descriptives.xlsx, tidy_all",Retain the author-data SD and n; correct only the deterministic SE derivation.
5 – Abramova 2020 derived SEs,abramova_2020_genpath,es151,152,c_se_analysis,1.3618,1.164723,Corrected derived value,"included_studies/abramova_2020_genpath/abramova2020_descriptives.xlsx, tidy_all",Retain the author-data SD and n; correct only the deterministic SE derivation.
5 – Abramova 2020 derived SEs,abramova_2020_genpath,es152,153,c_se_analysis,10.6014,8.57418,Corrected derived value,"included_studies/abramova_2020_genpath/abramova2020_descriptives.xlsx, tidy_all",Retain the author-data SD and n; correct only the deterministic SE derivation.
5 – Abramova 2020 derived SEs,abramova_2020_genpath,es153,154,c_se_analysis,11.0271,10.421458,Corrected derived value,"included_studies/abramova_2020_genpath/abramova2020_descriptives.xlsx, tidy_all",Retain the author-data SD and n; correct only the deterministic SE derivation.
5 – Abramova 2020 derived SEs,abramova_2020_genpath,es154,155,c_se_analysis,1.8448,0.864128,Corrected derived value,"included_studies/abramova_2020_genpath/abramova2020_descriptives.xlsx, tidy_all",Retain the author-data SD and n; correct only the deterministic SE derivation.
5 – Abramova 2020 derived SEs,abramova_2020_genpath,es155,156,c_se_analysis,2.763,1.295561,Corrected derived value,"included_studies/abramova_2020_genpath/abramova2020_descriptives.xlsx, tidy_all",Retain the author-data SD and n; correct only the deterministic SE derivation.
5 – Abramova 2020 derived SEs,abramova_2020_genpath,es156,157,c_se_analysis,5.1394,8.108117,Corrected derived value,"included_studies/abramova_2020_genpath/abramova2020_descriptives.xlsx, tidy_all",Retain the author-data SD and n; correct only the deterministic SE derivation.
5 – Abramova 2020 derived SEs,abramova_2020_genpath,es157,158,c_se_analysis,2.6348,7.265923,Corrected derived value,"included_studies/abramova_2020_genpath/abramova2020_descriptives.xlsx, tidy_all",Retain the author-data SD and n; correct only the deterministic SE derivation.
5 – Abramova 2020 derived SEs,abramova_2020_genpath,es158,159,c_se_analysis,0.8497,0.531133,Corrected derived value,"included_studies/abramova_2020_genpath/abramova2020_descriptives.xlsx, tidy_all",Retain the author-data SD and n; correct only the deterministic SE derivation.
5 – Abramova 2020 derived SEs,abramova_2020_genpath,es159,160,c_se_analysis,1.0345,0.53099,Corrected derived value,"included_studies/abramova_2020_genpath/abramova2020_descriptives.xlsx, tidy_all",Retain the author-data SD and n; correct only the deterministic SE derivation.
5 – Abramova 2020 derived SEs,abramova_2020_genpath,es160,161,c_se_analysis,54.0167,13.930026,Corrected derived value,"included_studies/abramova_2020_genpath/abramova2020_descriptives.xlsx, tidy_all",Retain the author-data SD and n; correct only the deterministic SE derivation.
5 – Abramova 2020 derived SEs,abramova_2020_genpath,es160,161,ex_se_analysis,42.7578,16.378815,Corrected derived value,"included_studies/abramova_2020_genpath/abramova2020_descriptives.xlsx, tidy_all",Retain the author-data SD and n; correct only the deterministic SE derivation.
5 – Abramova 2020 derived SEs,abramova_2020_genpath,es161,162,c_se_analysis,42.2685,13.264451,Corrected derived value,"included_studies/abramova_2020_genpath/abramova2020_descriptives.xlsx, tidy_all",Retain the author-data SD and n; correct only the deterministic SE derivation.
5 – Abramova 2020 derived SEs,abramova_2020_genpath,es161,162,ex_se_analysis,51.7909,18.9553,Corrected derived value,"included_studies/abramova_2020_genpath/abramova2020_descriptives.xlsx, tidy_all",Retain the author-data SD and n; correct only the deterministic SE derivation.
5 – Abramova 2020 derived SEs,abramova_2020_genpath,es162,163,c_se_analysis,18.658,12.045387,Corrected derived value,"included_studies/abramova_2020_genpath/abramova2020_descriptives.xlsx, tidy_all",Retain the author-data SD and n; correct only the deterministic SE derivation.
5 – Abramova 2020 derived SEs,abramova_2020_genpath,es162,163,ex_sd,28.588,28.935591,Corrected transcription,"included_studies/abramova_2020_genpath/abramova2020_descriptives.xlsx, tidy_all",Use the SD in the matching author-data descriptive row before deriving SE.
5 – Abramova 2020 derived SEs,abramova_2020_genpath,es162,163,ex_se_analysis,13.4021,6.63828,Corrected derived value,"included_studies/abramova_2020_genpath/abramova2020_descriptives.xlsx, tidy_all",Retain the author-data SD and n; correct only the deterministic SE derivation.
5 – Abramova 2020 derived SEs,abramova_2020_genpath,es163,164,c_se_analysis,15.4811,6.411963,Corrected derived value,"included_studies/abramova_2020_genpath/abramova2020_descriptives.xlsx, tidy_all",Retain the author-data SD and n; correct only the deterministic SE derivation.
5 – Abramova 2020 derived SEs,abramova_2020_genpath,es163,164,ex_se_analysis,12.4549,8.4909,Corrected derived value,"included_studies/abramova_2020_genpath/abramova2020_descriptives.xlsx, tidy_all",Retain the author-data SD and n; correct only the deterministic SE derivation.
6 – Abramova 2021 same-sex controls,abramova_2021_front,es074,75,c_mean,29,33.73913,Corrected transcription,"included_studies/abramova_2021_front/abramova_2021_front.xlsx, Лист1, handling=No handling",Recalculate the control mean from the same-sex author raw subgroup (squares).
6 – Abramova 2021 same-sex controls,abramova_2021_front,es074,75,c_n,25,23,Corrected transcription,"included_studies/abramova_2021_front/abramova_2021_front.xlsx, Лист1, handling=No handling",Use the females control subgroup matching offspring_sex.
6 – Abramova 2021 same-sex controls,abramova_2021_front,es074,75,c_sd,15.7903,16.895985,Corrected transcription,"included_studies/abramova_2021_front/abramova_2021_front.xlsx, Лист1, handling=No handling",Recalculate the control SD from the same-sex author raw subgroup (squares).
6 – Abramova 2021 same-sex controls,abramova_2021_front,es074,75,c_se_analysis,3.1581,3.523056,Corrected derived value,"included_studies/abramova_2021_front/abramova_2021_front.xlsx, Лист1, handling=No handling",Recalculate SE after replacing the opposite-sex control summary with the same-sex subgroup.
6 – Abramova 2021 same-sex controls,abramova_2021_front,es074,75,data_file,OF-pups-abramova2015,included_studies/abramova_2021_front/abramova_2021_front.xlsx,Corrected transcription,"included_studies/abramova_2021_front/abramova_2021_front.xlsx, Лист1, handling=No handling",Use the stable path to the saved author workbook.
6 – Abramova 2021 same-sex controls,abramova_2021_front,es074,75,data_source,Figure 2a,Author raw data,Corrected transcription,"included_studies/abramova_2021_front/abramova_2021_front.xlsx, Лист1, handling=No handling",All summaries in this package are calculated from the saved author workbook.
6 – Abramova 2021 same-sex controls,abramova_2021_front,es075,76,c_mean,33.7391,29,Corrected transcription,"included_studies/abramova_2021_front/abramova_2021_front.xlsx, Лист1, handling=No handling",Recalculate the control mean from the same-sex author raw subgroup (squares).
6 – Abramova 2021 same-sex controls,abramova_2021_front,es075,76,c_n,23,25,Corrected transcription,"included_studies/abramova_2021_front/abramova_2021_front.xlsx, Лист1, handling=No handling",Use the males control subgroup matching offspring_sex.
6 – Abramova 2021 same-sex controls,abramova_2021_front,es075,76,c_sd,16.896,15.790292,Corrected transcription,"included_studies/abramova_2021_front/abramova_2021_front.xlsx, Лист1, handling=No handling",Recalculate the control SD from the same-sex author raw subgroup (squares).
6 – Abramova 2021 same-sex controls,abramova_2021_front,es075,76,c_se_analysis,3.5231,3.158058,Corrected derived value,"included_studies/abramova_2021_front/abramova_2021_front.xlsx, Лист1, handling=No handling",Recalculate SE after replacing the opposite-sex control summary with the same-sex subgroup.
6 – Abramova 2021 same-sex controls,abramova_2021_front,es075,76,data_file,OF-pups-abramova2016,included_studies/abramova_2021_front/abramova_2021_front.xlsx,Corrected transcription,"included_studies/abramova_2021_front/abramova_2021_front.xlsx, Лист1, handling=No handling",Use the stable path to the saved author workbook.
6 – Abramova 2021 same-sex controls,abramova_2021_front,es075,76,data_source,Figure 2a,Author raw data,Corrected transcription,"included_studies/abramova_2021_front/abramova_2021_front.xlsx, Лист1, handling=No handling",All summaries in this package are calculated from the saved author workbook.
6 – Abramova 2021 same-sex controls,abramova_2021_front,es076,77,c_mean,8.92,10.130435,Corrected transcription,"included_studies/abramova_2021_front/abramova_2021_front.xlsx, Лист1, handling=No handling",Recalculate the control mean from the same-sex author raw subgroup (rearing).
6 – Abramova 2021 same-sex controls,abramova_2021_front,es076,77,c_n,25,23,Corrected transcription,"included_studies/abramova_2021_front/abramova_2021_front.xlsx, Лист1, handling=No handling",Use the females control subgroup matching offspring_sex.
6 – Abramova 2021 same-sex controls,abramova_2021_front,es076,77,c_sd,6.9337,8.7558,Corrected transcription,"included_studies/abramova_2021_front/abramova_2021_front.xlsx, Лист1, handling=No handling",Recalculate the control SD from the same-sex author raw subgroup (rearing).
6 – Abramova 2021 same-sex controls,abramova_2021_front,es076,77,c_se_analysis,1.3867,1.825711,Corrected derived value,"included_studies/abramova_2021_front/abramova_2021_front.xlsx, Лист1, handling=No handling",Recalculate SE after replacing the opposite-sex control summary with the same-sex subgroup.
6 – Abramova 2021 same-sex controls,abramova_2021_front,es076,77,data_file,OF-pups-abramova2017,included_studies/abramova_2021_front/abramova_2021_front.xlsx,Corrected transcription,"included_studies/abramova_2021_front/abramova_2021_front.xlsx, Лист1, handling=No handling",Use the stable path to the saved author workbook.
6 – Abramova 2021 same-sex controls,abramova_2021_front,es076,77,data_source,Figure 2b,Author raw data,Corrected transcription,"included_studies/abramova_2021_front/abramova_2021_front.xlsx, Лист1, handling=No handling",All summaries in this package are calculated from the saved author workbook.
6 – Abramova 2021 same-sex controls,abramova_2021_front,es077,78,c_mean,10.1304,8.92,Corrected transcription,"included_studies/abramova_2021_front/abramova_2021_front.xlsx, Лист1, handling=No handling",Recalculate the control mean from the same-sex author raw subgroup (rearing).
6 – Abramova 2021 same-sex controls,abramova_2021_front,es077,78,c_n,23,25,Corrected transcription,"included_studies/abramova_2021_front/abramova_2021_front.xlsx, Лист1, handling=No handling",Use the males control subgroup matching offspring_sex.
6 – Abramova 2021 same-sex controls,abramova_2021_front,es077,78,c_sd,8.7558,6.933734,Corrected transcription,"included_studies/abramova_2021_front/abramova_2021_front.xlsx, Лист1, handling=No handling",Recalculate the control SD from the same-sex author raw subgroup (rearing).
6 – Abramova 2021 same-sex controls,abramova_2021_front,es077,78,c_se_analysis,1.8257,1.386747,Corrected derived value,"included_studies/abramova_2021_front/abramova_2021_front.xlsx, Лист1, handling=No handling",Recalculate SE after replacing the opposite-sex control summary with the same-sex subgroup.
6 – Abramova 2021 same-sex controls,abramova_2021_front,es077,78,data_file,OF-pups-abramova2018,included_studies/abramova_2021_front/abramova_2021_front.xlsx,Corrected transcription,"included_studies/abramova_2021_front/abramova_2021_front.xlsx, Лист1, handling=No handling",Use the stable path to the saved author workbook.
6 – Abramova 2021 same-sex controls,abramova_2021_front,es077,78,data_source,Figure 2b,Author raw data,Corrected transcription,"included_studies/abramova_2021_front/abramova_2021_front.xlsx, Лист1, handling=No handling",All summaries in this package are calculated from the saved author workbook.
6 – Abramova 2021 same-sex controls,abramova_2021_front,es078,79,c_mean,1.16,2.26087,Corrected transcription,"included_studies/abramova_2021_front/abramova_2021_front.xlsx, Лист1, handling=No handling",Recalculate the control mean from the same-sex author raw subgroup (center_num).
6 – Abramova 2021 same-sex controls,abramova_2021_front,es078,79,c_n,25,23,Corrected transcription,"included_studies/abramova_2021_front/abramova_2021_front.xlsx, Лист1, handling=No handling",Use the females control subgroup matching offspring_sex.
6 – Abramova 2021 same-sex controls,abramova_2021_front,es078,79,c_sd,1.4911,2.526539,Corrected transcription,"included_studies/abramova_2021_front/abramova_2021_front.xlsx, Лист1, handling=No handling",Recalculate the control SD from the same-sex author raw subgroup (center_num).
6 – Abramova 2021 same-sex controls,abramova_2021_front,es078,79,c_se_analysis,0.2982,0.52682,Corrected derived value,"included_studies/abramova_2021_front/abramova_2021_front.xlsx, Лист1, handling=No handling",Recalculate SE after replacing the opposite-sex control summary with the same-sex subgroup.
6 – Abramova 2021 same-sex controls,abramova_2021_front,es078,79,data_file,OF-pups-abramova2019,included_studies/abramova_2021_front/abramova_2021_front.xlsx,Corrected transcription,"included_studies/abramova_2021_front/abramova_2021_front.xlsx, Лист1, handling=No handling",Use the stable path to the saved author workbook.
6 – Abramova 2021 same-sex controls,abramova_2021_front,es078,79,data_source,Raw data,Author raw data,Corrected transcription,"included_studies/abramova_2021_front/abramova_2021_front.xlsx, Лист1, handling=No handling",All summaries in this package are calculated from the saved author workbook.
6 – Abramova 2021 same-sex controls,abramova_2021_front,es079,80,c_mean,2.2609,1.16,Corrected transcription,"included_studies/abramova_2021_front/abramova_2021_front.xlsx, Лист1, handling=No handling",Recalculate the control mean from the same-sex author raw subgroup (center_num).
6 – Abramova 2021 same-sex controls,abramova_2021_front,es079,80,c_n,23,25,Corrected transcription,"included_studies/abramova_2021_front/abramova_2021_front.xlsx, Лист1, handling=No handling",Use the males control subgroup matching offspring_sex.
6 – Abramova 2021 same-sex controls,abramova_2021_front,es079,80,c_sd,2.5265,1.491085,Corrected transcription,"included_studies/abramova_2021_front/abramova_2021_front.xlsx, Лист1, handling=No handling",Recalculate the control SD from the same-sex author raw subgroup (center_num).
6 – Abramova 2021 same-sex controls,abramova_2021_front,es079,80,c_se_analysis,0.5268,0.298217,Corrected derived value,"included_studies/abramova_2021_front/abramova_2021_front.xlsx, Лист1, handling=No handling",Recalculate SE after replacing the opposite-sex control summary with the same-sex subgroup.
6 – Abramova 2021 same-sex controls,abramova_2021_front,es079,80,data_file,OF-pups-abramova2020,included_studies/abramova_2021_front/abramova_2021_front.xlsx,Corrected transcription,"included_studies/abramova_2021_front/abramova_2021_front.xlsx, Лист1, handling=No handling",Use the stable path to the saved author workbook.
6 – Abramova 2021 same-sex controls,abramova_2021_front,es079,80,data_source,Raw data,Author raw data,Corrected transcription,"included_studies/abramova_2021_front/abramova_2021_front.xlsx, Лист1, handling=No handling",All summaries in this package are calculated from the saved author workbook.
6 – Abramova 2021 same-sex controls,abramova_2021_front,es080,81,c_mean,2.0964,5.176957,Corrected transcription,"included_studies/abramova_2021_front/abramova_2021_front.xlsx, Лист1, handling=No handling",Recalculate the control mean from the same-sex author raw subgroup (center_totalTime).
6 – Abramova 2021 same-sex controls,abramova_2021_front,es080,81,c_n,25,23,Corrected transcription,"included_studies/abramova_2021_front/abramova_2021_front.xlsx, Лист1, handling=No handling",Use the females control subgroup matching offspring_sex.
6 – Abramova 2021 same-sex controls,abramova_2021_front,es080,81,c_sd,3.3901,6.837676,Corrected transcription,"included_studies/abramova_2021_front/abramova_2021_front.xlsx, Лист1, handling=No handling",Recalculate the control SD from the same-sex author raw subgroup (center_totalTime).
6 – Abramova 2021 same-sex controls,abramova_2021_front,es080,81,c_se_analysis,0.678,1.425754,Corrected derived value,"included_studies/abramova_2021_front/abramova_2021_front.xlsx, Лист1, handling=No handling",Recalculate SE after replacing the opposite-sex control summary with the same-sex subgroup.
6 – Abramova 2021 same-sex controls,abramova_2021_front,es080,81,data_file,OF-pups-abramova2021,included_studies/abramova_2021_front/abramova_2021_front.xlsx,Corrected transcription,"included_studies/abramova_2021_front/abramova_2021_front.xlsx, Лист1, handling=No handling",Use the stable path to the saved author workbook.
6 – Abramova 2021 same-sex controls,abramova_2021_front,es080,81,data_source,Raw data,Author raw data,Corrected transcription,"included_studies/abramova_2021_front/abramova_2021_front.xlsx, Лист1, handling=No handling",All summaries in this package are calculated from the saved author workbook.
6 – Abramova 2021 same-sex controls,abramova_2021_front,es080,81,data_type,Count,Time,Corrected transcription,"included_studies/abramova_2021_front/abramova_2021_front.xlsx, Лист1, handling=No handling","The author raw variable center_totalTime is a duration, not a count."
6 – Abramova 2021 same-sex controls,abramova_2021_front,es080,81,data_units,Count,s,Corrected transcription,"included_studies/abramova_2021_front/abramova_2021_front.pdf, Open-Field Test methods",Open-field durations are recorded in seconds.
6 – Abramova 2021 same-sex controls,abramova_2021_front,es081,82,c_mean,5.177,2.0964,Corrected transcription,"included_studies/abramova_2021_front/abramova_2021_front.xlsx, Лист1, handling=No handling",Recalculate the control mean from the same-sex author raw subgroup (center_totalTime).
6 – Abramova 2021 same-sex controls,abramova_2021_front,es081,82,c_n,23,25,Corrected transcription,"included_studies/abramova_2021_front/abramova_2021_front.xlsx, Лист1, handling=No handling",Use the males control subgroup matching offspring_sex.
6 – Abramova 2021 same-sex controls,abramova_2021_front,es081,82,c_sd,6.8377,3.390067,Corrected transcription,"included_studies/abramova_2021_front/abramova_2021_front.xlsx, Лист1, handling=No handling",Recalculate the control SD from the same-sex author raw subgroup (center_totalTime).
6 – Abramova 2021 same-sex controls,abramova_2021_front,es081,82,c_se_analysis,1.4258,0.678013,Corrected derived value,"included_studies/abramova_2021_front/abramova_2021_front.xlsx, Лист1, handling=No handling",Recalculate SE after replacing the opposite-sex control summary with the same-sex subgroup.
6 – Abramova 2021 same-sex controls,abramova_2021_front,es081,82,data_file,OF-pups-abramova2022,included_studies/abramova_2021_front/abramova_2021_front.xlsx,Corrected transcription,"included_studies/abramova_2021_front/abramova_2021_front.xlsx, Лист1, handling=No handling",Use the stable path to the saved author workbook.
6 – Abramova 2021 same-sex controls,abramova_2021_front,es081,82,data_source,Raw data,Author raw data,Corrected transcription,"included_studies/abramova_2021_front/abramova_2021_front.xlsx, Лист1, handling=No handling",All summaries in this package are calculated from the saved author workbook.
6 – Abramova 2021 same-sex controls,abramova_2021_front,es081,82,data_type,Count,Time,Corrected transcription,"included_studies/abramova_2021_front/abramova_2021_front.xlsx, Лист1, handling=No handling","The author raw variable center_totalTime is a duration, not a count."
6 – Abramova 2021 same-sex controls,abramova_2021_front,es081,82,data_units,Count,s,Corrected transcription,"included_studies/abramova_2021_front/abramova_2021_front.pdf, Open-Field Test methods",Open-field durations are recorded in seconds.
6 – Abramova 2021 same-sex controls,abramova_2021_front,es082,83,c_mean,3.76,2.652174,Corrected transcription,"included_studies/abramova_2021_front/abramova_2021_front.xlsx, Лист1, handling=No handling",Recalculate the control mean from the same-sex author raw subgroup (grum_number).
6 – Abramova 2021 same-sex controls,abramova_2021_front,es082,83,c_n,25,23,Corrected transcription,"included_studies/abramova_2021_front/abramova_2021_front.xlsx, Лист1, handling=No handling",Use the females control subgroup matching offspring_sex.
6 – Abramova 2021 same-sex controls,abramova_2021_front,es082,83,c_sd,1.6653,1.465007,Corrected transcription,"included_studies/abramova_2021_front/abramova_2021_front.xlsx, Лист1, handling=No handling",Recalculate the control SD from the same-sex author raw subgroup (grum_number).
6 – Abramova 2021 same-sex controls,abramova_2021_front,es082,83,c_se_analysis,0.3331,0.305475,Corrected derived value,"included_studies/abramova_2021_front/abramova_2021_front.xlsx, Лист1, handling=No handling",Recalculate SE after replacing the opposite-sex control summary with the same-sex subgroup.
6 – Abramova 2021 same-sex controls,abramova_2021_front,es082,83,data_file,OF-pups-abramova2023,included_studies/abramova_2021_front/abramova_2021_front.xlsx,Corrected transcription,"included_studies/abramova_2021_front/abramova_2021_front.xlsx, Лист1, handling=No handling",Use the stable path to the saved author workbook.
6 – Abramova 2021 same-sex controls,abramova_2021_front,es082,83,data_source,Raw data,Author raw data,Corrected transcription,"included_studies/abramova_2021_front/abramova_2021_front.xlsx, Лист1, handling=No handling",All summaries in this package are calculated from the saved author workbook.
6 – Abramova 2021 same-sex controls,abramova_2021_front,es083,84,c_mean,2.6522,3.76,Corrected transcription,"included_studies/abramova_2021_front/abramova_2021_front.xlsx, Лист1, handling=No handling",Recalculate the control mean from the same-sex author raw subgroup (grum_number).
6 – Abramova 2021 same-sex controls,abramova_2021_front,es083,84,c_n,23,25,Corrected transcription,"included_studies/abramova_2021_front/abramova_2021_front.xlsx, Лист1, handling=No handling",Use the males control subgroup matching offspring_sex.
6 – Abramova 2021 same-sex controls,abramova_2021_front,es083,84,c_sd,1.465,1.665333,Corrected transcription,"included_studies/abramova_2021_front/abramova_2021_front.xlsx, Лист1, handling=No handling",Recalculate the control SD from the same-sex author raw subgroup (grum_number).
6 – Abramova 2021 same-sex controls,abramova_2021_front,es083,84,c_se_analysis,0.3055,0.333067,Corrected derived value,"included_studies/abramova_2021_front/abramova_2021_front.xlsx, Лист1, handling=No handling",Recalculate SE after replacing the opposite-sex control summary with the same-sex subgroup.
6 – Abramova 2021 same-sex controls,abramova_2021_front,es083,84,data_file,OF-pups-abramova2024,included_studies/abramova_2021_front/abramova_2021_front.xlsx,Corrected transcription,"included_studies/abramova_2021_front/abramova_2021_front.xlsx, Лист1, handling=No handling",Use the stable path to the saved author workbook.
6 – Abramova 2021 same-sex controls,abramova_2021_front,es083,84,data_source,Raw data,Author raw data,Corrected transcription,"included_studies/abramova_2021_front/abramova_2021_front.xlsx, Лист1, handling=No handling",All summaries in this package are calculated from the saved author workbook.
6 – Abramova 2021 same-sex controls,abramova_2021_front,es084,85,c_mean,34.048,16.378696,Corrected transcription,"included_studies/abramova_2021_front/abramova_2021_front.xlsx, Лист1, handling=No handling",Recalculate the control mean from the same-sex author raw subgroup (grum_totalTime).
6 – Abramova 2021 same-sex controls,abramova_2021_front,es084,85,c_n,25,23,Corrected transcription,"included_studies/abramova_2021_front/abramova_2021_front.xlsx, Лист1, handling=No handling",Use the females control subgroup matching offspring_sex.
6 – Abramova 2021 same-sex controls,abramova_2021_front,es084,85,c_sd,25.0853,13.13384,Corrected transcription,"included_studies/abramova_2021_front/abramova_2021_front.xlsx, Лист1, handling=No handling",Recalculate the control SD from the same-sex author raw subgroup (grum_totalTime).
6 – Abramova 2021 same-sex controls,abramova_2021_front,es084,85,c_se_analysis,5.0171,2.738595,Corrected derived value,"included_studies/abramova_2021_front/abramova_2021_front.xlsx, Лист1, handling=No handling",Recalculate SE after replacing the opposite-sex control summary with the same-sex subgroup.
6 – Abramova 2021 same-sex controls,abramova_2021_front,es084,85,data_file,OF-pups-abramova2025,included_studies/abramova_2021_front/abramova_2021_front.xlsx,Corrected transcription,"included_studies/abramova_2021_front/abramova_2021_front.xlsx, Лист1, handling=No handling",Use the stable path to the saved author workbook.
6 – Abramova 2021 same-sex controls,abramova_2021_front,es084,85,data_source,Raw data,Author raw data,Corrected transcription,"included_studies/abramova_2021_front/abramova_2021_front.xlsx, Лист1, handling=No handling",All summaries in this package are calculated from the saved author workbook.
6 – Abramova 2021 same-sex controls,abramova_2021_front,es085,86,c_mean,16.3787,34.048,Corrected transcription,"included_studies/abramova_2021_front/abramova_2021_front.xlsx, Лист1, handling=No handling",Recalculate the control mean from the same-sex author raw subgroup (grum_totalTime).
6 – Abramova 2021 same-sex controls,abramova_2021_front,es085,86,c_n,23,25,Corrected transcription,"included_studies/abramova_2021_front/abramova_2021_front.xlsx, Лист1, handling=No handling",Use the males control subgroup matching offspring_sex.
6 – Abramova 2021 same-sex controls,abramova_2021_front,es085,86,c_sd,13.1338,25.085267,Corrected transcription,"included_studies/abramova_2021_front/abramova_2021_front.xlsx, Лист1, handling=No handling",Recalculate the control SD from the same-sex author raw subgroup (grum_totalTime).
6 – Abramova 2021 same-sex controls,abramova_2021_front,es085,86,c_se_analysis,2.7386,5.017053,Corrected derived value,"included_studies/abramova_2021_front/abramova_2021_front.xlsx, Лист1, handling=No handling",Recalculate SE after replacing the opposite-sex control summary with the same-sex subgroup.
6 – Abramova 2021 same-sex controls,abramova_2021_front,es085,86,data_file,OF-pups-abramova2026,included_studies/abramova_2021_front/abramova_2021_front.xlsx,Corrected transcription,"included_studies/abramova_2021_front/abramova_2021_front.xlsx, Лист1, handling=No handling",Use the stable path to the saved author workbook.
6 – Abramova 2021 same-sex controls,abramova_2021_front,es085,86,data_source,Raw data,Author raw data,Corrected transcription,"included_studies/abramova_2021_front/abramova_2021_front.xlsx, Лист1, handling=No handling",All summaries in this package are calculated from the saved author workbook.
6 – Abramova 2021 same-sex controls,abramova_2021_front,es086,87,c_mean,36.678,39.256957,Corrected transcription,"included_studies/abramova_2021_front/abramova_2021_front.xlsx, Лист1, handling=No handling",Recalculate the control mean from the same-sex author raw subgroup (freez_totalTime).
6 – Abramova 2021 same-sex controls,abramova_2021_front,es086,87,c_n,25,23,Corrected transcription,"included_studies/abramova_2021_front/abramova_2021_front.xlsx, Лист1, handling=No handling",Use the females control subgroup matching offspring_sex.
6 – Abramova 2021 same-sex controls,abramova_2021_front,es086,87,c_sd,36.638,41.727392,Corrected transcription,"included_studies/abramova_2021_front/abramova_2021_front.xlsx, Лист1, handling=No handling",Recalculate the control SD from the same-sex author raw subgroup (freez_totalTime).
6 – Abramova 2021 same-sex controls,abramova_2021_front,es086,87,c_se_analysis,7.3276,8.700763,Corrected derived value,"included_studies/abramova_2021_front/abramova_2021_front.xlsx, Лист1, handling=No handling",Recalculate SE after replacing the opposite-sex control summary with the same-sex subgroup.
6 – Abramova 2021 same-sex controls,abramova_2021_front,es086,87,data_file,OF-pups-abramova2027,included_studies/abramova_2021_front/abramova_2021_front.xlsx,Corrected transcription,"included_studies/abramova_2021_front/abramova_2021_front.xlsx, Лист1, handling=No handling",Use the stable path to the saved author workbook.
6 – Abramova 2021 same-sex controls,abramova_2021_front,es086,87,data_source,Figure 2c,Author raw data,Corrected transcription,"included_studies/abramova_2021_front/abramova_2021_front.xlsx, Лист1, handling=No handling",All summaries in this package are calculated from the saved author workbook.
6 – Abramova 2021 same-sex controls,abramova_2021_front,es087,88,c_mean,39.257,36.678,Corrected transcription,"included_studies/abramova_2021_front/abramova_2021_front.xlsx, Лист1, handling=No handling",Recalculate the control mean from the same-sex author raw subgroup (freez_totalTime).
6 – Abramova 2021 same-sex controls,abramova_2021_front,es087,88,c_n,23,25,Corrected transcription,"included_studies/abramova_2021_front/abramova_2021_front.xlsx, Лист1, handling=No handling",Use the males control subgroup matching offspring_sex.
6 – Abramova 2021 same-sex controls,abramova_2021_front,es087,88,c_sd,41.7274,36.638022,Corrected transcription,"included_studies/abramova_2021_front/abramova_2021_front.xlsx, Лист1, handling=No handling",Recalculate the control SD from the same-sex author raw subgroup (freez_totalTime).
6 – Abramova 2021 same-sex controls,abramova_2021_front,es087,88,c_se_analysis,8.7008,7.327604,Corrected derived value,"included_studies/abramova_2021_front/abramova_2021_front.xlsx, Лист1, handling=No handling",Recalculate SE after replacing the opposite-sex control summary with the same-sex subgroup.
6 – Abramova 2021 same-sex controls,abramova_2021_front,es087,88,data_file,OF-pups-abramova2028,included_studies/abramova_2021_front/abramova_2021_front.xlsx,Corrected transcription,"included_studies/abramova_2021_front/abramova_2021_front.xlsx, Лист1, handling=No handling",Use the stable path to the saved author workbook.
6 – Abramova 2021 same-sex controls,abramova_2021_front,es087,88,data_source,Figure 2c,Author raw data,Corrected transcription,"included_studies/abramova_2021_front/abramova_2021_front.xlsx, Лист1, handling=No handling",All summaries in this package are calculated from the saved author workbook.
7 – Abramova 2023 identifiers and units,abramova_2023_biopsy,es164,165,data_file,abramova_2023_biopsy_data.xlsx,included_studies/abramova_2023_biopsy/abramova_2023_biopsy_data_calculations.xlsx,Corrected transcription,"included_studies/abramova_2023_biopsy/abramova_2023_biopsy_data_calculations.xlsx, Table1_Extract",Use the stable path to the saved extraction/calculation workbook.
7 – Abramova 2023 identifiers and units,abramova_2023_biopsy,es165,166,data_file,abramova_2023_biopsy_data.xlsx,included_studies/abramova_2023_biopsy/abramova_2023_biopsy_data_calculations.xlsx,Corrected transcription,"included_studies/abramova_2023_biopsy/abramova_2023_biopsy_data_calculations.xlsx, Table1_Extract",Use the stable path to the saved extraction/calculation workbook.
7 – Abramova 2023 identifiers and units,abramova_2023_biopsy,es166,167,data_file,abramova_2023_biopsy_data.xlsx,included_studies/abramova_2023_biopsy/abramova_2023_biopsy_data_calculations.xlsx,Corrected transcription,"included_studies/abramova_2023_biopsy/abramova_2023_biopsy_data_calculations.xlsx, Table1_Extract",Use the stable path to the saved extraction/calculation workbook.
7 – Abramova 2023 identifiers and units,abramova_2023_biopsy,es167,168,data_file,abramova_2023_biopsy_data.xlsx,included_studies/abramova_2023_biopsy/abramova_2023_biopsy_data_calculations.xlsx,Corrected transcription,"included_studies/abramova_2023_biopsy/abramova_2023_biopsy_data_calculations.xlsx, Table1_Extract",Use the stable path to the saved extraction/calculation workbook.
7 – Abramova 2023 identifiers and units,abramova_2023_biopsy,es168,169,data_file,abramova_2023_biopsy_data.xlsx,included_studies/abramova_2023_biopsy/abramova_2023_biopsy_data_calculations.xlsx,Corrected transcription,"included_studies/abramova_2023_biopsy/abramova_2023_biopsy_data_calculations.xlsx, Table1_Extract",Use the stable path to the saved extraction/calculation workbook.
7 – Abramova 2023 identifiers and units,abramova_2023_biopsy,es169,170,c_a_id,KON_m_,KON_f_,Corrected transcription,"included_studies/abramova_2023_biopsy/abramova_2023_biopsy_data_calculations.xlsx, Table1_Extract",Make the control identifier agree with the sex in the paired source row.
7 – Abramova 2023 identifiers and units,abramova_2023_biopsy,es169,170,comparison,KON_PS_m_,KON_PS_f_,Corrected transcription,"included_studies/abramova_2023_biopsy/abramova_2023_biopsy_data_calculations.xlsx, Table1_Extract",Make the comparison identifier agree with the sex in the paired source row.
7 – Abramova 2023 identifiers and units,abramova_2023_biopsy,es169,170,data_file,abramova_2023_biopsy_data.xlsx,included_studies/abramova_2023_biopsy/abramova_2023_biopsy_data_calculations.xlsx,Corrected transcription,"included_studies/abramova_2023_biopsy/abramova_2023_biopsy_data_calculations.xlsx, Table1_Extract",Use the stable path to the saved extraction/calculation workbook.
7 – Abramova 2023 identifiers and units,abramova_2023_biopsy,es169,170,ex_a_id,PS_m_,PS_f_,Corrected transcription,"included_studies/abramova_2023_biopsy/abramova_2023_biopsy_data_calculations.xlsx, Table1_Extract",Make the exposed identifier agree with the sex in the paired source row.
7 – Abramova 2023 identifiers and units,abramova_2023_biopsy,es170,171,c_a_id,KON_f_,KON_m_,Corrected transcription,"included_studies/abramova_2023_biopsy/abramova_2023_biopsy_data_calculations.xlsx, Table1_Extract",Make the control identifier agree with the sex in the paired source row.
7 – Abramova 2023 identifiers and units,abramova_2023_biopsy,es170,171,comparison,KON_PS_f_,KON_PS_m_,Corrected transcription,"included_studies/abramova_2023_biopsy/abramova_2023_biopsy_data_calculations.xlsx, Table1_Extract",Make the comparison identifier agree with the sex in the paired source row.
7 – Abramova 2023 identifiers and units,abramova_2023_biopsy,es170,171,data_file,abramova_2023_biopsy_data.xlsx,included_studies/abramova_2023_biopsy/abramova_2023_biopsy_data_calculations.xlsx,Corrected transcription,"included_studies/abramova_2023_biopsy/abramova_2023_biopsy_data_calculations.xlsx, Table1_Extract",Use the stable path to the saved extraction/calculation workbook.
7 – Abramova 2023 identifiers and units,abramova_2023_biopsy,es170,171,ex_a_id,PS_f_,PS_m_,Corrected transcription,"included_studies/abramova_2023_biopsy/abramova_2023_biopsy_data_calculations.xlsx, Table1_Extract",Make the exposed identifier agree with the sex in the paired source row.
7 – Abramova 2023 identifiers and units,abramova_2023_biopsy,es171,172,c_a_id,KON_m_,KON_f_,Corrected transcription,"included_studies/abramova_2023_biopsy/abramova_2023_biopsy_data_calculations.xlsx, Table1_Extract",Make the control identifier agree with the sex in the paired source row.
7 – Abramova 2023 identifiers and units,abramova_2023_biopsy,es171,172,comparison,KON_PS_m_,KON_PS_f_,Corrected transcription,"included_studies/abramova_2023_biopsy/abramova_2023_biopsy_data_calculations.xlsx, Table1_Extract",Make the comparison identifier agree with the sex in the paired source row.
7 – Abramova 2023 identifiers and units,abramova_2023_biopsy,es171,172,data_file,abramova_2023_biopsy_data.xlsx,included_studies/abramova_2023_biopsy/abramova_2023_biopsy_data_calculations.xlsx,Corrected transcription,"included_studies/abramova_2023_biopsy/abramova_2023_biopsy_data_calculations.xlsx, Table1_Extract",Use the stable path to the saved extraction/calculation workbook.
7 – Abramova 2023 identifiers and units,abramova_2023_biopsy,es171,172,ex_a_id,PS_m_,PS_f_,Corrected transcription,"included_studies/abramova_2023_biopsy/abramova_2023_biopsy_data_calculations.xlsx, Table1_Extract",Make the exposed identifier agree with the sex in the paired source row.
7 – Abramova 2023 identifiers and units,abramova_2023_biopsy,es172,173,c_a_id,KON_f_,KON_m_,Corrected transcription,"included_studies/abramova_2023_biopsy/abramova_2023_biopsy_data_calculations.xlsx, Table1_Extract",Make the control identifier agree with the sex in the paired source row.
7 – Abramova 2023 identifiers and units,abramova_2023_biopsy,es172,173,comparison,KON_PS_f_,KON_PS_m_,Corrected transcription,"included_studies/abramova_2023_biopsy/abramova_2023_biopsy_data_calculations.xlsx, Table1_Extract",Make the comparison identifier agree with the sex in the paired source row.
7 – Abramova 2023 identifiers and units,abramova_2023_biopsy,es172,173,data_file,abramova_2023_biopsy_data.xlsx,included_studies/abramova_2023_biopsy/abramova_2023_biopsy_data_calculations.xlsx,Corrected transcription,"included_studies/abramova_2023_biopsy/abramova_2023_biopsy_data_calculations.xlsx, Table1_Extract",Use the stable path to the saved extraction/calculation workbook.
7 – Abramova 2023 identifiers and units,abramova_2023_biopsy,es172,173,ex_a_id,PS_f_,PS_m_,Corrected transcription,"included_studies/abramova_2023_biopsy/abramova_2023_biopsy_data_calculations.xlsx, Table1_Extract",Make the exposed identifier agree with the sex in the paired source row.
7 – Abramova 2023 identifiers and units,abramova_2023_biopsy,es173,174,c_a_id,KON_m_,KON_f_,Corrected transcription,"included_studies/abramova_2023_biopsy/abramova_2023_biopsy_data_calculations.xlsx, Table1_Extract",Make the control identifier agree with the sex in the paired source row.
7 – Abramova 2023 identifiers and units,abramova_2023_biopsy,es173,174,comparison,KON_PS_m_,KON_PS_f_,Corrected transcription,"included_studies/abramova_2023_biopsy/abramova_2023_biopsy_data_calculations.xlsx, Table1_Extract",Make the comparison identifier agree with the sex in the paired source row.
7 – Abramova 2023 identifiers and units,abramova_2023_biopsy,es173,174,data_file,abramova_2023_biopsy_data.xlsx,included_studies/abramova_2023_biopsy/abramova_2023_biopsy_data_calculations.xlsx,Corrected transcription,"included_studies/abramova_2023_biopsy/abramova_2023_biopsy_data_calculations.xlsx, Table1_Extract",Use the stable path to the saved extraction/calculation workbook.
7 – Abramova 2023 identifiers and units,abramova_2023_biopsy,es173,174,ex_a_id,PS_m_,PS_f_,Corrected transcription,"included_studies/abramova_2023_biopsy/abramova_2023_biopsy_data_calculations.xlsx, Table1_Extract",Make the exposed identifier agree with the sex in the paired source row.
7 – Abramova 2023 identifiers and units,abramova_2023_biopsy,es174,175,c_a_id,KON_f_,KON_m_,Corrected transcription,"included_studies/abramova_2023_biopsy/abramova_2023_biopsy_data_calculations.xlsx, Table1_Extract",Make the control identifier agree with the sex in the paired source row.
7 – Abramova 2023 identifiers and units,abramova_2023_biopsy,es174,175,comparison,KON_PS_f_,KON_PS_m_,Corrected transcription,"included_studies/abramova_2023_biopsy/abramova_2023_biopsy_data_calculations.xlsx, Table1_Extract",Make the comparison identifier agree with the sex in the paired source row.
7 – Abramova 2023 identifiers and units,abramova_2023_biopsy,es174,175,data_file,abramova_2023_biopsy_data.xlsx,included_studies/abramova_2023_biopsy/abramova_2023_biopsy_data_calculations.xlsx,Corrected transcription,"included_studies/abramova_2023_biopsy/abramova_2023_biopsy_data_calculations.xlsx, Table1_Extract",Use the stable path to the saved extraction/calculation workbook.
7 – Abramova 2023 identifiers and units,abramova_2023_biopsy,es174,175,ex_a_id,PS_f_,PS_m_,Corrected transcription,"included_studies/abramova_2023_biopsy/abramova_2023_biopsy_data_calculations.xlsx, Table1_Extract",Make the exposed identifier agree with the sex in the paired source row.
7 – Abramova 2023 identifiers and units,abramova_2023_biopsy,es175,176,c_a_id,KON_m_,KON_f_,Corrected transcription,"included_studies/abramova_2023_biopsy/abramova_2023_biopsy_data_calculations.xlsx, Table1_Extract",Make the control identifier agree with the sex in the paired source row.
7 – Abramova 2023 identifiers and units,abramova_2023_biopsy,es175,176,comparison,KON_PS_m_,KON_PS_f_,Corrected transcription,"included_studies/abramova_2023_biopsy/abramova_2023_biopsy_data_calculations.xlsx, Table1_Extract",Make the comparison identifier agree with the sex in the paired source row.
7 – Abramova 2023 identifiers and units,abramova_2023_biopsy,es175,176,data_file,abramova_2023_biopsy_data.xlsx,included_studies/abramova_2023_biopsy/abramova_2023_biopsy_data_calculations.xlsx,Corrected transcription,"included_studies/abramova_2023_biopsy/abramova_2023_biopsy_data_calculations.xlsx, Table1_Extract",Use the stable path to the saved extraction/calculation workbook.
7 – Abramova 2023 identifiers and units,abramova_2023_biopsy,es175,176,ex_a_id,PS_m_,PS_f_,Corrected transcription,"included_studies/abramova_2023_biopsy/abramova_2023_biopsy_data_calculations.xlsx, Table1_Extract",Make the exposed identifier agree with the sex in the paired source row.
7 – Abramova 2023 identifiers and units,abramova_2023_biopsy,es176,177,c_a_id,KON_f_,KON_m_,Corrected transcription,"included_studies/abramova_2023_biopsy/abramova_2023_biopsy_data_calculations.xlsx, Table1_Extract",Make the control identifier agree with the sex in the paired source row.
7 – Abramova 2023 identifiers and units,abramova_2023_biopsy,es176,177,comparison,KON_PS_f_,KON_PS_m_,Corrected transcription,"included_studies/abramova_2023_biopsy/abramova_2023_biopsy_data_calculations.xlsx, Table1_Extract",Make the comparison identifier agree with the sex in the paired source row.
7 – Abramova 2023 identifiers and units,abramova_2023_biopsy,es176,177,data_file,abramova_2023_biopsy_data.xlsx,included_studies/abramova_2023_biopsy/abramova_2023_biopsy_data_calculations.xlsx,Corrected transcription,"included_studies/abramova_2023_biopsy/abramova_2023_biopsy_data_calculations.xlsx, Table1_Extract",Use the stable path to the saved extraction/calculation workbook.
7 – Abramova 2023 identifiers and units,abramova_2023_biopsy,es176,177,data_type,Percentage,Time,Corrected transcription,"included_studies/abramova_2023_biopsy/abramova_2023_biopsy_data_calculations.xlsx, Table1_Extract","Mean grooming duration is a duration, not a percentage."
7 – Abramova 2023 identifiers and units,abramova_2023_biopsy,es176,177,data_units,%,s,Corrected transcription,"included_studies/abramova_2023_biopsy/abramova_2023_biopsy_data_calculations.xlsx, Table1_Extract",The source table reports mean grooming duration in seconds.
7 – Abramova 2023 identifiers and units,abramova_2023_biopsy,es176,177,ex_a_id,PS_f_,PS_m_,Corrected transcription,"included_studies/abramova_2023_biopsy/abramova_2023_biopsy_data_calculations.xlsx, Table1_Extract",Make the exposed identifier agree with the sex in the paired source row.
7 – Abramova 2023 identifiers and units,abramova_2023_biopsy,es177,178,c_a_id,KON_m_,KON_f_,Corrected transcription,"included_studies/abramova_2023_biopsy/abramova_2023_biopsy_data_calculations.xlsx, Table1_Extract",Make the control identifier agree with the sex in the paired source row.
7 – Abramova 2023 identifiers and units,abramova_2023_biopsy,es177,178,comparison,KON_PS_m_,KON_PS_f_,Corrected transcription,"included_studies/abramova_2023_biopsy/abramova_2023_biopsy_data_calculations.xlsx, Table1_Extract",Make the comparison identifier agree with the sex in the paired source row.
7 – Abramova 2023 identifiers and units,abramova_2023_biopsy,es177,178,data_file,abramova_2023_biopsy_data.xlsx,included_studies/abramova_2023_biopsy/abramova_2023_biopsy_data_calculations.xlsx,Corrected transcription,"included_studies/abramova_2023_biopsy/abramova_2023_biopsy_data_calculations.xlsx, Table1_Extract",Use the stable path to the saved extraction/calculation workbook.
7 – Abramova 2023 identifiers and units,abramova_2023_biopsy,es177,178,data_type,Percentage,Time,Corrected transcription,"included_studies/abramova_2023_biopsy/abramova_2023_biopsy_data_calculations.xlsx, Table1_Extract","Mean grooming duration is a duration, not a percentage."
7 – Abramova 2023 identifiers and units,abramova_2023_biopsy,es177,178,data_units,%,s,Corrected transcription,"included_studies/abramova_2023_biopsy/abramova_2023_biopsy_data_calculations.xlsx, Table1_Extract",The source table reports mean grooming duration in seconds.
7 – Abramova 2023 identifiers and units,abramova_2023_biopsy,es177,178,ex_a_id,PS_m_,PS_f_,Corrected transcription,"included_studies/abramova_2023_biopsy/abramova_2023_biopsy_data_calculations.xlsx, Table1_Extract",Make the exposed identifier agree with the sex in the paired source row.
7 – Abramova 2023 identifiers and units,abramova_2023_biopsy,es178,179,c_a_id,KON_f_,KON_m_,Corrected transcription,"included_studies/abramova_2023_biopsy/abramova_2023_biopsy_data_calculations.xlsx, Table1_Extract",Make the control identifier agree with the sex in the paired source row.
7 – Abramova 2023 identifiers and units,abramova_2023_biopsy,es178,179,comparison,KON_PS_f_,KON_PS_m_,Corrected transcription,"included_studies/abramova_2023_biopsy/abramova_2023_biopsy_data_calculations.xlsx, Table1_Extract",Make the comparison identifier agree with the sex in the paired source row.
7 – Abramova 2023 identifiers and units,abramova_2023_biopsy,es178,179,data_file,abramova_2023_biopsy_data.xlsx,included_studies/abramova_2023_biopsy/abramova_2023_biopsy_data_calculations.xlsx,Corrected transcription,"included_studies/abramova_2023_biopsy/abramova_2023_biopsy_data_calculations.xlsx, Table1_Extract",Use the stable path to the saved extraction/calculation workbook.
7 – Abramova 2023 identifiers and units,abramova_2023_biopsy,es178,179,ex_a_id,PS_f_,PS_m_,Corrected transcription,"included_studies/abramova_2023_biopsy/abramova_2023_biopsy_data_calculations.xlsx, Table1_Extract",Make the exposed identifier agree with the sex in the paired source row.
7 – Abramova 2023 identifiers and units,abramova_2023_biopsy,es179,180,c_a_id,KON_m_,KON_f_,Corrected transcription,"included_studies/abramova_2023_biopsy/abramova_2023_biopsy_data_calculations.xlsx, Table1_Extract",Make the control identifier agree with the sex in the paired source row.
7 – Abramova 2023 identifiers and units,abramova_2023_biopsy,es179,180,comparison,KON_PS_m_,KON_PS_f_,Corrected transcription,"included_studies/abramova_2023_biopsy/abramova_2023_biopsy_data_calculations.xlsx, Table1_Extract",Make the comparison identifier agree with the sex in the paired source row.
7 – Abramova 2023 identifiers and units,abramova_2023_biopsy,es179,180,data_file,abramova_2023_biopsy_data.xlsx,included_studies/abramova_2023_biopsy/abramova_2023_biopsy_data_calculations.xlsx,Corrected transcription,"included_studies/abramova_2023_biopsy/abramova_2023_biopsy_data_calculations.xlsx, Table1_Extract",Use the stable path to the saved extraction/calculation workbook.
7 – Abramova 2023 identifiers and units,abramova_2023_biopsy,es179,180,ex_a_id,PS_m_,PS_f_,Corrected transcription,"included_studies/abramova_2023_biopsy/abramova_2023_biopsy_data_calculations.xlsx, Table1_Extract",Make the exposed identifier agree with the sex in the paired source row.
7 – Abramova 2023 identifiers and units,abramova_2023_biopsy,es180,181,c_a_id,KON_f_,KON_m_,Corrected transcription,"included_studies/abramova_2023_biopsy/abramova_2023_biopsy_data_calculations.xlsx, Table1_Extract",Make the control identifier agree with the sex in the paired source row.
7 – Abramova 2023 identifiers and units,abramova_2023_biopsy,es180,181,comparison,KON_PS_f_,KON_PS_m_,Corrected transcription,"included_studies/abramova_2023_biopsy/abramova_2023_biopsy_data_calculations.xlsx, Table1_Extract",Make the comparison identifier agree with the sex in the paired source row.
7 – Abramova 2023 identifiers and units,abramova_2023_biopsy,es180,181,data_file,abramova_2023_biopsy_data.xlsx,included_studies/abramova_2023_biopsy/abramova_2023_biopsy_data_calculations.xlsx,Corrected transcription,"included_studies/abramova_2023_biopsy/abramova_2023_biopsy_data_calculations.xlsx, Table1_Extract",Use the stable path to the saved extraction/calculation workbook.
7 – Abramova 2023 identifiers and units,abramova_2023_biopsy,es180,181,ex_a_id,PS_f_,PS_m_,Corrected transcription,"included_studies/abramova_2023_biopsy/abramova_2023_biopsy_data_calculations.xlsx, Table1_Extract",Make the exposed identifier agree with the sex in the paired source row.
7 – Abramova 2023 identifiers and units,abramova_2023_biopsy,es181,182,c_a_id,KON_m_,KON_f_,Corrected transcription,"included_studies/abramova_2023_biopsy/abramova_2023_biopsy_data_calculations.xlsx, Table1_Extract",Make the control identifier agree with the sex in the paired source row.
7 – Abramova 2023 identifiers and units,abramova_2023_biopsy,es181,182,comparison,KON_PS_m_,KON_PS_f_,Corrected transcription,"included_studies/abramova_2023_biopsy/abramova_2023_biopsy_data_calculations.xlsx, Table1_Extract",Make the comparison identifier agree with the sex in the paired source row.
7 – Abramova 2023 identifiers and units,abramova_2023_biopsy,es181,182,data_file,abramova_2023_biopsy_data.xlsx,included_studies/abramova_2023_biopsy/abramova_2023_biopsy_data_calculations.xlsx,Corrected transcription,"included_studies/abramova_2023_biopsy/abramova_2023_biopsy_data_calculations.xlsx, Table1_Extract",Use the stable path to the saved extraction/calculation workbook.
7 – Abramova 2023 identifiers and units,abramova_2023_biopsy,es181,182,ex_a_id,PS_m_,PS_f_,Corrected transcription,"included_studies/abramova_2023_biopsy/abramova_2023_biopsy_data_calculations.xlsx, Table1_Extract",Make the exposed identifier agree with the sex in the paired source row.
7 – Abramova 2023 identifiers and units,abramova_2023_biopsy,es182,183,c_a_id,KON_f_,KON_m_,Corrected transcription,"included_studies/abramova_2023_biopsy/abramova_2023_biopsy_data_calculations.xlsx, Table1_Extract",Make the control identifier agree with the sex in the paired source row.
7 – Abramova 2023 identifiers and units,abramova_2023_biopsy,es182,183,comparison,KON_PS_f_,KON_PS_m_,Corrected transcription,"included_studies/abramova_2023_biopsy/abramova_2023_biopsy_data_calculations.xlsx, Table1_Extract",Make the comparison identifier agree with the sex in the paired source row.
7 – Abramova 2023 identifiers and units,abramova_2023_biopsy,es182,183,data_file,abramova_2023_biopsy_data.xlsx,included_studies/abramova_2023_biopsy/abramova_2023_biopsy_data_calculations.xlsx,Corrected transcription,"included_studies/abramova_2023_biopsy/abramova_2023_biopsy_data_calculations.xlsx, Table1_Extract",Use the stable path to the saved extraction/calculation workbook.
7 – Abramova 2023 identifiers and units,abramova_2023_biopsy,es182,183,ex_a_id,PS_f_,PS_m_,Corrected transcription,"included_studies/abramova_2023_biopsy/abramova_2023_biopsy_data_calculations.xlsx, Table1_Extract",Make the exposed identifier agree with the sex in the paired source row.
7 – Abramova 2023 identifiers and units,abramova_2023_biopsy,es183,184,c_a_id,KON_m_,KON_f_,Corrected transcription,"included_studies/abramova_2023_biopsy/abramova_2023_biopsy_data_calculations.xlsx, Table1_Extract",Make the control identifier agree with the sex in the paired source row.
7 – Abramova 2023 identifiers and units,abramova_2023_biopsy,es183,184,comparison,KON_PS_m_,KON_PS_f_,Corrected transcription,"included_studies/abramova_2023_biopsy/abramova_2023_biopsy_data_calculations.xlsx, Table1_Extract",Make the comparison identifier agree with the sex in the paired source row.
7 – Abramova 2023 identifiers and units,abramova_2023_biopsy,es183,184,data_file,abramova_2023_biopsy_data.xlsx,included_studies/abramova_2023_biopsy/abramova_2023_biopsy_data_calculations.xlsx,Corrected transcription,"included_studies/abramova_2023_biopsy/abramova_2023_biopsy_data_calculations.xlsx, Table1_Extract",Use the stable path to the saved extraction/calculation workbook.
7 – Abramova 2023 identifiers and units,abramova_2023_biopsy,es183,184,ex_a_id,PS_m_,PS_f_,Corrected transcription,"included_studies/abramova_2023_biopsy/abramova_2023_biopsy_data_calculations.xlsx, Table1_Extract",Make the exposed identifier agree with the sex in the paired source row.
7 – Abramova 2023 identifiers and units,abramova_2023_biopsy,es184,185,c_a_id,KON_f_,KON_m_,Corrected transcription,"included_studies/abramova_2023_biopsy/abramova_2023_biopsy_data_calculations.xlsx, Table1_Extract",Make the control identifier agree with the sex in the paired source row.
7 – Abramova 2023 identifiers and units,abramova_2023_biopsy,es184,185,comparison,KON_PS_f_,KON_PS_m_,Corrected transcription,"included_studies/abramova_2023_biopsy/abramova_2023_biopsy_data_calculations.xlsx, Table1_Extract",Make the comparison identifier agree with the sex in the paired source row.
7 – Abramova 2023 identifiers and units,abramova_2023_biopsy,es184,185,data_file,abramova_2023_biopsy_data.xlsx,included_studies/abramova_2023_biopsy/abramova_2023_biopsy_data_calculations.xlsx,Corrected transcription,"included_studies/abramova_2023_biopsy/abramova_2023_biopsy_data_calculations.xlsx, Table1_Extract",Use the stable path to the saved extraction/calculation workbook.
7 – Abramova 2023 identifiers and units,abramova_2023_biopsy,es184,185,ex_a_id,PS_f_,PS_m_,Corrected transcription,"included_studies/abramova_2023_biopsy/abramova_2023_biopsy_data_calculations.xlsx, Table1_Extract",Make the exposed identifier agree with the sex in the paired source row.
7 – Abramova 2023 identifiers and units,abramova_2023_biopsy,es185,186,c_a_id,KON_m_,KON_f_,Corrected transcription,"included_studies/abramova_2023_biopsy/abramova_2023_biopsy_data_calculations.xlsx, Table1_Extract",Make the control identifier agree with the sex in the paired source row.
7 – Abramova 2023 identifiers and units,abramova_2023_biopsy,es185,186,comparison,KON_PS_m_,KON_PS_f_,Corrected transcription,"included_studies/abramova_2023_biopsy/abramova_2023_biopsy_data_calculations.xlsx, Table1_Extract",Make the comparison identifier agree with the sex in the paired source row.
7 – Abramova 2023 identifiers and units,abramova_2023_biopsy,es185,186,data_file,abramova_2023_biopsy_data.xlsx,included_studies/abramova_2023_biopsy/abramova_2023_biopsy_data_calculations.xlsx,Corrected transcription,"included_studies/abramova_2023_biopsy/abramova_2023_biopsy_data_calculations.xlsx, Table1_Extract",Use the stable path to the saved extraction/calculation workbook.
7 – Abramova 2023 identifiers and units,abramova_2023_biopsy,es185,186,ex_a_id,PS_m_,PS_f_,Corrected transcription,"included_studies/abramova_2023_biopsy/abramova_2023_biopsy_data_calculations.xlsx, Table1_Extract",Make the exposed identifier agree with the sex in the paired source row.
7 – Abramova 2023 identifiers and units,abramova_2023_biopsy,es186,187,c_a_id,KON_f_,KON_m_,Corrected transcription,"included_studies/abramova_2023_biopsy/abramova_2023_biopsy_data_calculations.xlsx, Table1_Extract",Make the control identifier agree with the sex in the paired source row.
7 – Abramova 2023 identifiers and units,abramova_2023_biopsy,es186,187,comparison,KON_PS_f_,KON_PS_m_,Corrected transcription,"included_studies/abramova_2023_biopsy/abramova_2023_biopsy_data_calculations.xlsx, Table1_Extract",Make the comparison identifier agree with the sex in the paired source row.
7 – Abramova 2023 identifiers and units,abramova_2023_biopsy,es186,187,data_file,abramova_2023_biopsy_data.xlsx,included_studies/abramova_2023_biopsy/abramova_2023_biopsy_data_calculations.xlsx,Corrected transcription,"included_studies/abramova_2023_biopsy/abramova_2023_biopsy_data_calculations.xlsx, Table1_Extract",Use the stable path to the saved extraction/calculation workbook.
7 – Abramova 2023 identifiers and units,abramova_2023_biopsy,es186,187,ex_a_id,PS_f_,PS_m_,Corrected transcription,"included_studies/abramova_2023_biopsy/abramova_2023_biopsy_data_calculations.xlsx, Table1_Extract",Make the exposed identifier agree with the sex in the paired source row.
7 – Abramova 2023 identifiers and units,abramova_2023_biopsy,es187,188,c_a_id,KON_m_,KON_f_,Corrected transcription,"included_studies/abramova_2023_biopsy/abramova_2023_biopsy_data_calculations.xlsx, Table1_Extract",Make the control identifier agree with the sex in the paired source row.
7 – Abramova 2023 identifiers and units,abramova_2023_biopsy,es187,188,comparison,KON_PS_m_,KON_PS_f_,Corrected transcription,"included_studies/abramova_2023_biopsy/abramova_2023_biopsy_data_calculations.xlsx, Table1_Extract",Make the comparison identifier agree with the sex in the paired source row.
7 – Abramova 2023 identifiers and units,abramova_2023_biopsy,es187,188,data_file,abramova_2023_biopsy_data.xlsx,included_studies/abramova_2023_biopsy/abramova_2023_biopsy_data_calculations.xlsx,Corrected transcription,"included_studies/abramova_2023_biopsy/abramova_2023_biopsy_data_calculations.xlsx, Table1_Extract",Use the stable path to the saved extraction/calculation workbook.
7 – Abramova 2023 identifiers and units,abramova_2023_biopsy,es187,188,ex_a_id,PS_m_,PS_f_,Corrected transcription,"included_studies/abramova_2023_biopsy/abramova_2023_biopsy_data_calculations.xlsx, Table1_Extract",Make the exposed identifier agree with the sex in the paired source row.
7 – Abramova 2023 identifiers and units,abramova_2023_biopsy,es188,189,c_a_id,KON_f_,KON_m_,Corrected transcription,"included_studies/abramova_2023_biopsy/abramova_2023_biopsy_data_calculations.xlsx, Table1_Extract",Make the control identifier agree with the sex in the paired source row.
7 – Abramova 2023 identifiers and units,abramova_2023_biopsy,es188,189,comparison,KON_PS_f_,KON_PS_m_,Corrected transcription,"included_studies/abramova_2023_biopsy/abramova_2023_biopsy_data_calculations.xlsx, Table1_Extract",Make the comparison identifier agree with the sex in the paired source row.
7 – Abramova 2023 identifiers and units,abramova_2023_biopsy,es188,189,data_file,abramova_2023_biopsy_data.xlsx,included_studies/abramova_2023_biopsy/abramova_2023_biopsy_data_calculations.xlsx,Corrected transcription,"included_studies/abramova_2023_biopsy/abramova_2023_biopsy_data_calculations.xlsx, Table1_Extract",Use the stable path to the saved extraction/calculation workbook.
7 – Abramova 2023 identifiers and units,abramova_2023_biopsy,es188,189,ex_a_id,PS_f_,PS_m_,Corrected transcription,"included_studies/abramova_2023_biopsy/abramova_2023_biopsy_data_calculations.xlsx, Table1_Extract",Make the exposed identifier agree with the sex in the paired source row.
7 – Abramova 2023 identifiers and units,abramova_2023_biopsy,es189,190,c_a_id,KON_m_,KON_f_,Corrected transcription,"included_studies/abramova_2023_biopsy/abramova_2023_biopsy_data_calculations.xlsx, Table1_Extract",Make the control identifier agree with the sex in the paired source row.
7 – Abramova 2023 identifiers and units,abramova_2023_biopsy,es189,190,comparison,KON_PS_m_,KON_PS_f_,Corrected transcription,"included_studies/abramova_2023_biopsy/abramova_2023_biopsy_data_calculations.xlsx, Table1_Extract",Make the comparison identifier agree with the sex in the paired source row.
7 – Abramova 2023 identifiers and units,abramova_2023_biopsy,es189,190,data_file,abramova_2023_biopsy_data.xlsx,included_studies/abramova_2023_biopsy/abramova_2023_biopsy_data_calculations.xlsx,Corrected transcription,"included_studies/abramova_2023_biopsy/abramova_2023_biopsy_data_calculations.xlsx, Table1_Extract",Use the stable path to the saved extraction/calculation workbook.
7 – Abramova 2023 identifiers and units,abramova_2023_biopsy,es189,190,ex_a_id,PS_m_,PS_f_,Corrected transcription,"included_studies/abramova_2023_biopsy/abramova_2023_biopsy_data_calculations.xlsx, Table1_Extract",Make the exposed identifier agree with the sex in the paired source row.
7 – Abramova 2023 identifiers and units,abramova_2023_biopsy,es190,191,c_a_id,KON_f_,KON_m_,Corrected transcription,"included_studies/abramova_2023_biopsy/abramova_2023_biopsy_data_calculations.xlsx, Table1_Extract",Make the control identifier agree with the sex in the paired source row.
7 – Abramova 2023 identifiers and units,abramova_2023_biopsy,es190,191,comparison,KON_PS_f_,KON_PS_m_,Corrected transcription,"included_studies/abramova_2023_biopsy/abramova_2023_biopsy_data_calculations.xlsx, Table1_Extract",Make the comparison identifier agree with the sex in the paired source row.
7 – Abramova 2023 identifiers and units,abramova_2023_biopsy,es190,191,data_file,abramova_2023_biopsy_data.xlsx,included_studies/abramova_2023_biopsy/abramova_2023_biopsy_data_calculations.xlsx,Corrected transcription,"included_studies/abramova_2023_biopsy/abramova_2023_biopsy_data_calculations.xlsx, Table1_Extract",Use the stable path to the saved extraction/calculation workbook.
7 – Abramova 2023 identifiers and units,abramova_2023_biopsy,es190,191,ex_a_id,PS_f_,PS_m_,Corrected transcription,"included_studies/abramova_2023_biopsy/abramova_2023_biopsy_data_calculations.xlsx, Table1_Extract",Make the exposed identifier agree with the sex in the paired source row.
7 – Abramova 2023 identifiers and units,abramova_2023_biopsy,es191,192,c_a_id,KON_m_,KON_f_,Corrected transcription,"included_studies/abramova_2023_biopsy/abramova_2023_biopsy_data_calculations.xlsx, Table1_Extract",Make the control identifier agree with the sex in the paired source row.
7 – Abramova 2023 identifiers and units,abramova_2023_biopsy,es191,192,comparison,KON_PS_m_,KON_PS_f_,Corrected transcription,"included_studies/abramova_2023_biopsy/abramova_2023_biopsy_data_calculations.xlsx, Table1_Extract",Make the comparison identifier agree with the sex in the paired source row.
7 – Abramova 2023 identifiers and units,abramova_2023_biopsy,es191,192,data_file,abramova_2023_biopsy_data.xlsx,included_studies/abramova_2023_biopsy/abramova_2023_biopsy_data_calculations.xlsx,Corrected transcription,"included_studies/abramova_2023_biopsy/abramova_2023_biopsy_data_calculations.xlsx, Table1_Extract",Use the stable path to the saved extraction/calculation workbook.
7 – Abramova 2023 identifiers and units,abramova_2023_biopsy,es191,192,ex_a_id,PS_m_,PS_f_,Corrected transcription,"included_studies/abramova_2023_biopsy/abramova_2023_biopsy_data_calculations.xlsx, Table1_Extract",Make the exposed identifier agree with the sex in the paired source row.
7 – Abramova 2023 identifiers and units,abramova_2023_biopsy,es192,193,c_a_id,KON_f_,KON_m_,Corrected transcription,"included_studies/abramova_2023_biopsy/abramova_2023_biopsy_data_calculations.xlsx, Table1_Extract",Make the control identifier agree with the sex in the paired source row.
7 – Abramova 2023 identifiers and units,abramova_2023_biopsy,es192,193,comparison,KON_PS_f_,KON_PS_m_,Corrected transcription,"included_studies/abramova_2023_biopsy/abramova_2023_biopsy_data_calculations.xlsx, Table1_Extract",Make the comparison identifier agree with the sex in the paired source row.
7 – Abramova 2023 identifiers and units,abramova_2023_biopsy,es192,193,data_file,abramova_2023_biopsy_data.xlsx,included_studies/abramova_2023_biopsy/abramova_2023_biopsy_data_calculations.xlsx,Corrected transcription,"included_studies/abramova_2023_biopsy/abramova_2023_biopsy_data_calculations.xlsx, Table1_Extract",Use the stable path to the saved extraction/calculation workbook.
7 – Abramova 2023 identifiers and units,abramova_2023_biopsy,es192,193,ex_a_id,PS_f_,PS_m_,Corrected transcription,"included_studies/abramova_2023_biopsy/abramova_2023_biopsy_data_calculations.xlsx, Table1_Extract",Make the exposed identifier agree with the sex in the paired source row.
7 – Abramova 2023 identifiers and units,abramova_2023_biopsy,es193,194,c_a_id,KON_m_,KON_f_,Corrected transcription,"included_studies/abramova_2023_biopsy/abramova_2023_biopsy_data_calculations.xlsx, Table1_Extract",Make the control identifier agree with the sex in the paired source row.
7 – Abramova 2023 identifiers and units,abramova_2023_biopsy,es193,194,comparison,KON_PS_m_,KON_PS_f_,Corrected transcription,"included_studies/abramova_2023_biopsy/abramova_2023_biopsy_data_calculations.xlsx, Table1_Extract",Make the comparison identifier agree with the sex in the paired source row.
7 – Abramova 2023 identifiers and units,abramova_2023_biopsy,es193,194,data_file,abramova_2023_biopsy_data.xlsx,included_studies/abramova_2023_biopsy/abramova_2023_biopsy_data_calculations.xlsx,Corrected transcription,"included_studies/abramova_2023_biopsy/abramova_2023_biopsy_data_calculations.xlsx, Table1_Extract",Use the stable path to the saved extraction/calculation workbook.
7 – Abramova 2023 identifiers and units,abramova_2023_biopsy,es193,194,ex_a_id,PS_m_,PS_f_,Corrected transcription,"included_studies/abramova_2023_biopsy/abramova_2023_biopsy_data_calculations.xlsx, Table1_Extract",Make the exposed identifier agree with the sex in the paired source row.
7 – Abramova 2023 identifiers and units,abramova_2023_biopsy,es194,195,c_a_id,KON_f_,KON_m_,Corrected transcription,"included_studies/abramova_2023_biopsy/abramova_2023_biopsy_data_calculations.xlsx, Table1_Extract",Make the control identifier agree with the sex in the paired source row.
7 – Abramova 2023 identifiers and units,abramova_2023_biopsy,es194,195,comparison,KON_PS_f_,KON_PS_m_,Corrected transcription,"included_studies/abramova_2023_biopsy/abramova_2023_biopsy_data_calculations.xlsx, Table1_Extract",Make the comparison identifier agree with the sex in the paired source row.
7 – Abramova 2023 identifiers and units,abramova_2023_biopsy,es194,195,data_file,abramova_2023_biopsy_data.xlsx,included_studies/abramova_2023_biopsy/abramova_2023_biopsy_data_calculations.xlsx,Corrected transcription,"included_studies/abramova_2023_biopsy/abramova_2023_biopsy_data_calculations.xlsx, Table1_Extract",Use the stable path to the saved extraction/calculation workbook.
7 – Abramova 2023 identifiers and units,abramova_2023_biopsy,es194,195,ex_a_id,PS_f_,PS_m_,Corrected transcription,"included_studies/abramova_2023_biopsy/abramova_2023_biopsy_data_calculations.xlsx, Table1_Extract",Make the exposed identifier agree with the sex in the paired source row.
7 – Abramova 2023 identifiers and units,abramova_2023_biopsy,es195,196,c_a_id,KON_m_,KON_f_,Corrected transcription,"included_studies/abramova_2023_biopsy/abramova_2023_biopsy_data_calculations.xlsx, Table1_Extract",Make the control identifier agree with the sex in the paired source row.
7 – Abramova 2023 identifiers and units,abramova_2023_biopsy,es195,196,comparison,KON_PS_m_,KON_PS_f_,Corrected transcription,"included_studies/abramova_2023_biopsy/abramova_2023_biopsy_data_calculations.xlsx, Table1_Extract",Make the comparison identifier agree with the sex in the paired source row.
7 – Abramova 2023 identifiers and units,abramova_2023_biopsy,es195,196,data_file,abramova_2023_biopsy_data.xlsx,included_studies/abramova_2023_biopsy/abramova_2023_biopsy_data_calculations.xlsx,Corrected transcription,"included_studies/abramova_2023_biopsy/abramova_2023_biopsy_data_calculations.xlsx, Table1_Extract",Use the stable path to the saved extraction/calculation workbook.
7 – Abramova 2023 identifiers and units,abramova_2023_biopsy,es195,196,ex_a_id,PS_m_,PS_f_,Corrected transcription,"included_studies/abramova_2023_biopsy/abramova_2023_biopsy_data_calculations.xlsx, Table1_Extract",Make the exposed identifier agree with the sex in the paired source row.
7 – Abramova 2023 identifiers and units,abramova_2023_biopsy,es196,197,c_a_id,KON_f_,KON_m_,Corrected transcription,"included_studies/abramova_2023_biopsy/abramova_2023_biopsy_data_calculations.xlsx, Table1_Extract",Make the control identifier agree with the sex in the paired source row.
7 – Abramova 2023 identifiers and units,abramova_2023_biopsy,es196,197,comparison,KON_PS_f_,KON_PS_m_,Corrected transcription,"included_studies/abramova_2023_biopsy/abramova_2023_biopsy_data_calculations.xlsx, Table1_Extract",Make the comparison identifier agree with the sex in the paired source row.
7 – Abramova 2023 identifiers and units,abramova_2023_biopsy,es196,197,data_file,abramova_2023_biopsy_data.xlsx,included_studies/abramova_2023_biopsy/abramova_2023_biopsy_data_calculations.xlsx,Corrected transcription,"included_studies/abramova_2023_biopsy/abramova_2023_biopsy_data_calculations.xlsx, Table1_Extract",Use the stable path to the saved extraction/calculation workbook.
7 – Abramova 2023 identifiers and units,abramova_2023_biopsy,es196,197,data_type,Percentage,Time,Corrected transcription,"included_studies/abramova_2023_biopsy/abramova_2023_biopsy_data_calculations.xlsx, Table1_Extract","Mean grooming duration is a duration, not a percentage."
7 – Abramova 2023 identifiers and units,abramova_2023_biopsy,es196,197,data_units,%,s,Corrected transcription,"included_studies/abramova_2023_biopsy/abramova_2023_biopsy_data_calculations.xlsx, Table1_Extract",The source table reports mean grooming duration in seconds.
7 – Abramova 2023 identifiers and units,abramova_2023_biopsy,es196,197,ex_a_id,PS_f_,PS_m_,Corrected transcription,"included_studies/abramova_2023_biopsy/abramova_2023_biopsy_data_calculations.xlsx, Table1_Extract",Make the exposed identifier agree with the sex in the paired source row.
7 – Abramova 2023 identifiers and units,abramova_2023_biopsy,es197,198,c_a_id,KON_m_,KON_f_,Corrected transcription,"included_studies/abramova_2023_biopsy/abramova_2023_biopsy_data_calculations.xlsx, Table1_Extract",Make the control identifier agree with the sex in the paired source row.
7 – Abramova 2023 identifiers and units,abramova_2023_biopsy,es197,198,comparison,KON_PS_m_,KON_PS_f_,Corrected transcription,"included_studies/abramova_2023_biopsy/abramova_2023_biopsy_data_calculations.xlsx, Table1_Extract",Make the comparison identifier agree with the sex in the paired source row.
7 – Abramova 2023 identifiers and units,abramova_2023_biopsy,es197,198,data_file,abramova_2023_biopsy_data.xlsx,included_studies/abramova_2023_biopsy/abramova_2023_biopsy_data_calculations.xlsx,Corrected transcription,"included_studies/abramova_2023_biopsy/abramova_2023_biopsy_data_calculations.xlsx, Table1_Extract",Use the stable path to the saved extraction/calculation workbook.
7 – Abramova 2023 identifiers and units,abramova_2023_biopsy,es197,198,data_type,Percentage,Time,Corrected transcription,"included_studies/abramova_2023_biopsy/abramova_2023_biopsy_data_calculations.xlsx, Table1_Extract","Mean grooming duration is a duration, not a percentage."
7 – Abramova 2023 identifiers and units,abramova_2023_biopsy,es197,198,data_units,%,s,Corrected transcription,"included_studies/abramova_2023_biopsy/abramova_2023_biopsy_data_calculations.xlsx, Table1_Extract",The source table reports mean grooming duration in seconds.
7 – Abramova 2023 identifiers and units,abramova_2023_biopsy,es197,198,ex_a_id,PS_m_,PS_f_,Corrected transcription,"included_studies/abramova_2023_biopsy/abramova_2023_biopsy_data_calculations.xlsx, Table1_Extract",Make the exposed identifier agree with the sex in the paired source row.
7 – Abramova 2023 identifiers and units,abramova_2023_biopsy,es198,199,c_a_id,KON_f_,KON_m_,Corrected transcription,"included_studies/abramova_2023_biopsy/abramova_2023_biopsy_data_calculations.xlsx, Table1_Extract",Make the control identifier agree with the sex in the paired source row.
7 – Abramova 2023 identifiers and units,abramova_2023_biopsy,es198,199,comparison,KON_PS_f_,KON_PS_m_,Corrected transcription,"included_studies/abramova_2023_biopsy/abramova_2023_biopsy_data_calculations.xlsx, Table1_Extract",Make the comparison identifier agree with the sex in the paired source row.
7 – Abramova 2023 identifiers and units,abramova_2023_biopsy,es198,199,data_file,abramova_2023_biopsy_data.xlsx,included_studies/abramova_2023_biopsy/abramova_2023_biopsy_data_calculations.xlsx,Corrected transcription,"included_studies/abramova_2023_biopsy/abramova_2023_biopsy_data_calculations.xlsx, Table1_Extract",Use the stable path to the saved extraction/calculation workbook.
7 – Abramova 2023 identifiers and units,abramova_2023_biopsy,es198,199,ex_a_id,PS_f_,PS_m_,Corrected transcription,"included_studies/abramova_2023_biopsy/abramova_2023_biopsy_data_calculations.xlsx, Table1_Extract",Make the exposed identifier agree with the sex in the paired source row.
7 – Abramova 2023 identifiers and units,abramova_2023_biopsy,es199,200,c_a_id,KON_m_,KON_f_,Corrected transcription,"included_studies/abramova_2023_biopsy/abramova_2023_biopsy_data_calculations.xlsx, Table1_Extract",Make the control identifier agree with the sex in the paired source row.
7 – Abramova 2023 identifiers and units,abramova_2023_biopsy,es199,200,comparison,KON_PS_m_,KON_PS_f_,Corrected transcription,"included_studies/abramova_2023_biopsy/abramova_2023_biopsy_data_calculations.xlsx, Table1_Extract",Make the comparison identifier agree with the sex in the paired source row.
7 – Abramova 2023 identifiers and units,abramova_2023_biopsy,es199,200,data_file,abramova_2023_biopsy_data.xlsx,included_studies/abramova_2023_biopsy/abramova_2023_biopsy_data_calculations.xlsx,Corrected transcription,"included_studies/abramova_2023_biopsy/abramova_2023_biopsy_data_calculations.xlsx, Table1_Extract",Use the stable path to the saved extraction/calculation workbook.
7 – Abramova 2023 identifiers and units,abramova_2023_biopsy,es199,200,ex_a_id,PS_m_,PS_f_,Corrected transcription,"included_studies/abramova_2023_biopsy/abramova_2023_biopsy_data_calculations.xlsx, Table1_Extract",Make the exposed identifier agree with the sex in the paired source row.
7 – Abramova 2023 identifiers and units,abramova_2023_biopsy,es200,201,c_a_id,KON_f_,KON_m_,Corrected transcription,"included_studies/abramova_2023_biopsy/abramova_2023_biopsy_data_calculations.xlsx, Table1_Extract",Make the control identifier agree with the sex in the paired source row.
7 – Abramova 2023 identifiers and units,abramova_2023_biopsy,es200,201,comparison,KON_PS_f_,KON_PS_m_,Corrected transcription,"included_studies/abramova_2023_biopsy/abramova_2023_biopsy_data_calculations.xlsx, Table1_Extract",Make the comparison identifier agree with the sex in the paired source row.
7 – Abramova 2023 identifiers and units,abramova_2023_biopsy,es200,201,data_file,abramova_2023_biopsy_data.xlsx,included_studies/abramova_2023_biopsy/abramova_2023_biopsy_data_calculations.xlsx,Corrected transcription,"included_studies/abramova_2023_biopsy/abramova_2023_biopsy_data_calculations.xlsx, Table1_Extract",Use the stable path to the saved extraction/calculation workbook.
7 – Abramova 2023 identifiers and units,abramova_2023_biopsy,es200,201,ex_a_id,PS_f_,PS_m_,Corrected transcription,"included_studies/abramova_2023_biopsy/abramova_2023_biopsy_data_calculations.xlsx, Table1_Extract",Make the exposed identifier agree with the sex in the paired source row.
7 – Abramova 2023 identifiers and units,abramova_2023_biopsy,es201,202,c_a_id,KON_m_,KON_f_,Corrected transcription,"included_studies/abramova_2023_biopsy/abramova_2023_biopsy_data_calculations.xlsx, Table1_Extract",Make the control identifier agree with the sex in the paired source row.
7 – Abramova 2023 identifiers and units,abramova_2023_biopsy,es201,202,comparison,KON_PS_m_,KON_PS_f_,Corrected transcription,"included_studies/abramova_2023_biopsy/abramova_2023_biopsy_data_calculations.xlsx, Table1_Extract",Make the comparison identifier agree with the sex in the paired source row.
7 – Abramova 2023 identifiers and units,abramova_2023_biopsy,es201,202,data_file,abramova_2023_biopsy_data.xlsx,included_studies/abramova_2023_biopsy/abramova_2023_biopsy_data_calculations.xlsx,Corrected transcription,"included_studies/abramova_2023_biopsy/abramova_2023_biopsy_data_calculations.xlsx, Table1_Extract",Use the stable path to the saved extraction/calculation workbook.
7 – Abramova 2023 identifiers and units,abramova_2023_biopsy,es201,202,ex_a_id,PS_m_,PS_f_,Corrected transcription,"included_studies/abramova_2023_biopsy/abramova_2023_biopsy_data_calculations.xlsx, Table1_Extract",Make the exposed identifier agree with the sex in the paired source row.
7 – Abramova 2023 identifiers and units,abramova_2023_biopsy,es202,203,c_a_id,KON_f_,KON_m_,Corrected transcription,"included_studies/abramova_2023_biopsy/abramova_2023_biopsy_data_calculations.xlsx, Table1_Extract",Make the control identifier agree with the sex in the paired source row.
7 – Abramova 2023 identifiers and units,abramova_2023_biopsy,es202,203,comparison,KON_PS_f_,KON_PS_m_,Corrected transcription,"included_studies/abramova_2023_biopsy/abramova_2023_biopsy_data_calculations.xlsx, Table1_Extract",Make the comparison identifier agree with the sex in the paired source row.
7 – Abramova 2023 identifiers and units,abramova_2023_biopsy,es202,203,data_file,abramova_2023_biopsy_data.xlsx,included_studies/abramova_2023_biopsy/abramova_2023_biopsy_data_calculations.xlsx,Corrected transcription,"included_studies/abramova_2023_biopsy/abramova_2023_biopsy_data_calculations.xlsx, Table1_Extract",Use the stable path to the saved extraction/calculation workbook.
7 – Abramova 2023 identifiers and units,abramova_2023_biopsy,es202,203,ex_a_id,PS_f_,PS_m_,Corrected transcription,"included_studies/abramova_2023_biopsy/abramova_2023_biopsy_data_calculations.xlsx, Table1_Extract",Make the exposed identifier agree with the sex in the paired source row.
7 – Abramova 2023 identifiers and units,abramova_2023_biopsy,es203,204,c_a_id,KON_m_,KON_f_,Corrected transcription,"included_studies/abramova_2023_biopsy/abramova_2023_biopsy_data_calculations.xlsx, Table1_Extract",Make the control identifier agree with the sex in the paired source row.
7 – Abramova 2023 identifiers and units,abramova_2023_biopsy,es203,204,comparison,KON_PS_m_,KON_PS_f_,Corrected transcription,"included_studies/abramova_2023_biopsy/abramova_2023_biopsy_data_calculations.xlsx, Table1_Extract",Make the comparison identifier agree with the sex in the paired source row.
7 – Abramova 2023 identifiers and units,abramova_2023_biopsy,es203,204,data_file,abramova_2023_biopsy_data.xlsx,included_studies/abramova_2023_biopsy/abramova_2023_biopsy_data_calculations.xlsx,Corrected transcription,"included_studies/abramova_2023_biopsy/abramova_2023_biopsy_data_calculations.xlsx, Table1_Extract",Use the stable path to the saved extraction/calculation workbook.
7 – Abramova 2023 identifiers and units,abramova_2023_biopsy,es203,204,ex_a_id,PS_m_,PS_f_,Corrected transcription,"included_studies/abramova_2023_biopsy/abramova_2023_biopsy_data_calculations.xlsx, Table1_Extract",Make the exposed identifier agree with the sex in the paired source row.
7 – Abramova 2023 identifiers and units,abramova_2023_biopsy,es204,205,c_a_id,KON_f_,KON_m_,Corrected transcription,"included_studies/abramova_2023_biopsy/abramova_2023_biopsy_data_calculations.xlsx, Table1_Extract",Make the control identifier agree with the sex in the paired source row.
7 – Abramova 2023 identifiers and units,abramova_2023_biopsy,es204,205,comparison,KON_PS_f_,KON_PS_m_,Corrected transcription,"included_studies/abramova_2023_biopsy/abramova_2023_biopsy_data_calculations.xlsx, Table1_Extract",Make the comparison identifier agree with the sex in the paired source row.
7 – Abramova 2023 identifiers and units,abramova_2023_biopsy,es204,205,data_file,abramova_2023_biopsy_data.xlsx,included_studies/abramova_2023_biopsy/abramova_2023_biopsy_data_calculations.xlsx,Corrected transcription,"included_studies/abramova_2023_biopsy/abramova_2023_biopsy_data_calculations.xlsx, Table1_Extract",Use the stable path to the saved extraction/calculation workbook.
7 – Abramova 2023 identifiers and units,abramova_2023_biopsy,es204,205,ex_a_id,PS_f_,PS_m_,Corrected transcription,"included_studies/abramova_2023_biopsy/abramova_2023_biopsy_data_calculations.xlsx, Table1_Extract",Make the exposed identifier agree with the sex in the paired source row.
7 – Abramova 2023 identifiers and units,abramova_2023_biopsy,es205,206,c_a_id,KON_m_,KON_f_,Corrected transcription,"included_studies/abramova_2023_biopsy/abramova_2023_biopsy_data_calculations.xlsx, Table1_Extract",Make the control identifier agree with the sex in the paired source row.
7 – Abramova 2023 identifiers and units,abramova_2023_biopsy,es205,206,comparison,KON_PS_m_,KON_PS_f_,Corrected transcription,"included_studies/abramova_2023_biopsy/abramova_2023_biopsy_data_calculations.xlsx, Table1_Extract",Make the comparison identifier agree with the sex in the paired source row.
7 – Abramova 2023 identifiers and units,abramova_2023_biopsy,es205,206,data_file,abramova_2023_biopsy_data.xlsx,included_studies/abramova_2023_biopsy/abramova_2023_biopsy_data_calculations.xlsx,Corrected transcription,"included_studies/abramova_2023_biopsy/abramova_2023_biopsy_data_calculations.xlsx, Table1_Extract",Use the stable path to the saved extraction/calculation workbook.
7 – Abramova 2023 identifiers and units,abramova_2023_biopsy,es205,206,ex_a_id,PS_m_,PS_f_,Corrected transcription,"included_studies/abramova_2023_biopsy/abramova_2023_biopsy_data_calculations.xlsx, Table1_Extract",Make the exposed identifier agree with the sex in the paired source row.
7 – Abramova 2023 identifiers and units,abramova_2023_biopsy,es206,207,c_a_id,KON_f_,KON_m_,Corrected transcription,"included_studies/abramova_2023_biopsy/abramova_2023_biopsy_data_calculations.xlsx, Table1_Extract",Make the control identifier agree with the sex in the paired source row.
7 – Abramova 2023 identifiers and units,abramova_2023_biopsy,es206,207,comparison,KON_PS_f_,KON_PS_m_,Corrected transcription,"included_studies/abramova_2023_biopsy/abramova_2023_biopsy_data_calculations.xlsx, Table1_Extract",Make the comparison identifier agree with the sex in the paired source row.
7 – Abramova 2023 identifiers and units,abramova_2023_biopsy,es206,207,data_file,abramova_2023_biopsy_data.xlsx,included_studies/abramova_2023_biopsy/abramova_2023_biopsy_data_calculations.xlsx,Corrected transcription,"included_studies/abramova_2023_biopsy/abramova_2023_biopsy_data_calculations.xlsx, Table1_Extract",Use the stable path to the saved extraction/calculation workbook.
7 – Abramova 2023 identifiers and units,abramova_2023_biopsy,es206,207,ex_a_id,PS_f_,PS_m_,Corrected transcription,"included_studies/abramova_2023_biopsy/abramova_2023_biopsy_data_calculations.xlsx, Table1_Extract",Make the exposed identifier agree with the sex in the paired source row.
7 – Abramova 2023 identifiers and units,abramova_2023_biopsy,es207,208,c_a_id,KON_m_,KON_f_,Corrected transcription,"included_studies/abramova_2023_biopsy/abramova_2023_biopsy_data_calculations.xlsx, Table1_Extract",Make the control identifier agree with the sex in the paired source row.
7 – Abramova 2023 identifiers and units,abramova_2023_biopsy,es207,208,comparison,KON_PS_m_,KON_PS_f_,Corrected transcription,"included_studies/abramova_2023_biopsy/abramova_2023_biopsy_data_calculations.xlsx, Table1_Extract",Make the comparison identifier agree with the sex in the paired source row.
7 – Abramova 2023 identifiers and units,abramova_2023_biopsy,es207,208,data_file,abramova_2023_biopsy_data.xlsx,included_studies/abramova_2023_biopsy/abramova_2023_biopsy_data_calculations.xlsx,Corrected transcription,"included_studies/abramova_2023_biopsy/abramova_2023_biopsy_data_calculations.xlsx, Table1_Extract",Use the stable path to the saved extraction/calculation workbook.
7 – Abramova 2023 identifiers and units,abramova_2023_biopsy,es207,208,ex_a_id,PS_m_,PS_f_,Corrected transcription,"included_studies/abramova_2023_biopsy/abramova_2023_biopsy_data_calculations.xlsx, Table1_Extract",Make the exposed identifier agree with the sex in the paired source row.
Source follow-up – Abramova 2024,abramova_2024_devneur,es045,46,data_file,,included_studies/abramova_2024_devneur/abramova_2024_devneur_author_email_sucrose_preference.png,Corrected transcription,included_studies/abramova_2024_devneur/abramova_2024_devneur_author_email_sucrose_preference.png,Link the extracted values to the archived author correspondence screenshot.
Source follow-up – Abramova 2024,abramova_2024_devneur,es045,46,data_source,author's email,Author email (saved screenshot),Corrected transcription,included_studies/abramova_2024_devneur/abramova_2024_devneur_author_email_sucrose_preference.png,The supplied author email confirms the stored mean and SE values.
Source follow-up – Abramova 2024,abramova_2024_devneur,es046,47,data_file,,included_studies/abramova_2024_devneur/abramova_2024_devneur_author_email_sucrose_preference.png,Corrected transcription,included_studies/abramova_2024_devneur/abramova_2024_devneur_author_email_sucrose_preference.png,Link the extracted values to the archived author correspondence screenshot.
Source follow-up – Abramova 2024,abramova_2024_devneur,es046,47,data_source,author's email,Author email (saved screenshot),Corrected transcription,included_studies/abramova_2024_devneur/abramova_2024_devneur_author_email_sucrose_preference.png,The supplied author email confirms the stored mean and SE values.
Variance decision – Whitlow 1978,whitlow_1978_thesis,es094,95,c_se_analysis,,1.811483,Corrected derived value,included_studies/whitlow_1978_thesis.pdf; figure error bars are not defined; assumption approved by reviewer,Apply the reviewer-approved variance assumption transparently; no author-reported variance is implied.
Variance decision – Whitlow 1978,whitlow_1978_thesis,es094,95,ex_se_analysis,,1.887174,Corrected derived value,included_studies/whitlow_1978_thesis.pdf; figure error bars are not defined; assumption approved by reviewer,Apply the reviewer-approved variance assumption transparently; no author-reported variance is implied.
Variance decision – Whitlow 1978,whitlow_1978_thesis,es095,96,c_se_analysis,,1.811483,Corrected derived value,included_studies/whitlow_1978_thesis.pdf; figure error bars are not defined; assumption approved by reviewer,Apply the reviewer-approved variance assumption transparently; no author-reported variance is implied.
Variance decision – Whitlow 1978,whitlow_1978_thesis,es095,96,ex_se_analysis,,1.74458,Corrected derived value,included_studies/whitlow_1978_thesis.pdf; figure error bars are not defined; assumption approved by reviewer,Apply the reviewer-approved variance assumption transparently; no author-reported variance is implied.
Variance decision – Whitlow 1978,whitlow_1978_thesis,es096,97,c_se_analysis,,1.409617,Corrected derived value,included_studies/whitlow_1978_thesis.pdf; figure error bars are not defined; assumption approved by reviewer,Apply the reviewer-approved variance assumption transparently; no author-reported variance is implied.
Variance decision – Whitlow 1978,whitlow_1978_thesis,es096,97,ex_se_analysis,,1.46288,Corrected derived value,included_studies/whitlow_1978_thesis.pdf; figure error bars are not defined; assumption approved by reviewer,Apply the reviewer-approved variance assumption transparently; no author-reported variance is implied.
Variance decision – Whitlow 1978,whitlow_1978_thesis,es097,98,c_se_analysis,,1.409617,Corrected derived value,included_studies/whitlow_1978_thesis.pdf; figure error bars are not defined; assumption approved by reviewer,Apply the reviewer-approved variance assumption transparently; no author-reported variance is implied.
Variance decision – Whitlow 1978,whitlow_1978_thesis,es097,98,ex_se_analysis,,1.357986,Corrected derived value,included_studies/whitlow_1978_thesis.pdf; figure error bars are not defined; assumption approved by reviewer,Apply the reviewer-approved variance assumption transparently; no author-reported variance is implied.
Variance decision – Whitlow 1978,whitlow_1978_thesis,es098,99,c_se_analysis,,0.930853,Corrected derived value,included_studies/whitlow_1978_thesis.pdf; figure error bars are not defined; assumption approved by reviewer,Apply the reviewer-approved variance assumption transparently; no author-reported variance is implied.
Variance decision – Whitlow 1978,whitlow_1978_thesis,es098,99,ex_se_analysis,,1.156226,Corrected derived value,included_studies/whitlow_1978_thesis.pdf; figure error bars are not defined; assumption approved by reviewer,Apply the reviewer-approved variance assumption transparently; no author-reported variance is implied.
Variance decision – Whitlow 1978,whitlow_1978_thesis,es099,100,c_se_analysis,,0.930853,Corrected derived value,included_studies/whitlow_1978_thesis.pdf; figure error bars are not defined; assumption approved by reviewer,Apply the reviewer-approved variance assumption transparently; no author-reported variance is implied.
Variance decision – Whitlow 1978,whitlow_1978_thesis,es099,100,ex_se_analysis,,0.887316,Corrected derived value,included_studies/whitlow_1978_thesis.pdf; figure error bars are not defined; assumption approved by reviewer,Apply the reviewer-approved variance assumption transparently; no author-reported variance is implied.
Variance decision – Whitlow 1978,whitlow_1978_thesis,es100,101,c_se_analysis,,0.473286,Corrected derived value,included_studies/whitlow_1978_thesis.pdf; figure error bars are not defined; assumption approved by reviewer,Apply the reviewer-approved variance assumption transparently; no author-reported variance is implied.
Variance decision – Whitlow 1978,whitlow_1978_thesis,es100,101,ex_se_analysis,,0.429012,Corrected derived value,included_studies/whitlow_1978_thesis.pdf; figure error bars are not defined; assumption approved by reviewer,Apply the reviewer-approved variance assumption transparently; no author-reported variance is implied.
Variance decision – Whitlow 1978,whitlow_1978_thesis,es101,102,c_se_analysis,,0.473286,Corrected derived value,included_studies/whitlow_1978_thesis.pdf; figure error bars are not defined; assumption approved by reviewer,Apply the reviewer-approved variance assumption transparently; no author-reported variance is implied.
Variance decision – Whitlow 1978,whitlow_1978_thesis,es101,102,ex_se_analysis,,0.430577,Corrected derived value,included_studies/whitlow_1978_thesis.pdf; figure error bars are not defined; assumption approved by reviewer,Apply the reviewer-approved variance assumption transparently; no author-reported variance is implied.
Variance decision – Whitlow 1978,whitlow_1978_thesis,es102,103,c_se_analysis,,0.565233,Corrected derived value,included_studies/whitlow_1978_thesis.pdf; figure error bars are not defined; assumption approved by reviewer,Apply the reviewer-approved variance assumption transparently; no author-reported variance is implied.
Variance decision – Whitlow 1978,whitlow_1978_thesis,es102,103,ex_se_analysis,,0.532475,Corrected derived value,included_studies/whitlow_1978_thesis.pdf; figure error bars are not defined; assumption approved by reviewer,Apply the reviewer-approved variance assumption transparently; no author-reported variance is implied.
Variance decision – Whitlow 1978,whitlow_1978_thesis,es103,104,c_se_analysis,,0.565233,Corrected derived value,included_studies/whitlow_1978_thesis.pdf; figure error bars are not defined; assumption approved by reviewer,Apply the reviewer-approved variance assumption transparently; no author-reported variance is implied.
Variance decision – Whitlow 1978,whitlow_1978_thesis,es103,104,ex_se_analysis,,0.490012,Corrected derived value,included_studies/whitlow_1978_thesis.pdf; figure error bars are not defined; assumption approved by reviewer,Apply the reviewer-approved variance assumption transparently; no author-reported variance is implied.
Variance decision – Whitlow 1978,whitlow_1978_thesis,es104,105,c_se_analysis,,0.43818,Corrected derived value,included_studies/whitlow_1978_thesis.pdf; figure error bars are not defined; assumption approved by reviewer,Apply the reviewer-approved variance assumption transparently; no author-reported variance is implied.
Variance decision – Whitlow 1978,whitlow_1978_thesis,es104,105,ex_se_analysis,,0.429526,Corrected derived value,included_studies/whitlow_1978_thesis.pdf; figure error bars are not defined; assumption approved by reviewer,Apply the reviewer-approved variance assumption transparently; no author-reported variance is implied.
Variance decision – Whitlow 1978,whitlow_1978_thesis,es105,106,c_se_analysis,,0.43818,Corrected derived value,included_studies/whitlow_1978_thesis.pdf; figure error bars are not defined; assumption approved by reviewer,Apply the reviewer-approved variance assumption transparently; no author-reported variance is implied.
Variance decision – Whitlow 1978,whitlow_1978_thesis,es105,106,ex_se_analysis,,0.392095,Corrected derived value,included_studies/whitlow_1978_thesis.pdf; figure error bars are not defined; assumption approved by reviewer,Apply the reviewer-approved variance assumption transparently; no author-reported variance is implied.
Variance decision – Whitlow 1978,whitlow_1978_thesis,es106,107,c_se_analysis,,0.29496,Corrected derived value,included_studies/whitlow_1978_thesis.pdf; figure error bars are not defined; assumption approved by reviewer,Apply the reviewer-approved variance assumption transparently; no author-reported variance is implied.
Variance decision – Whitlow 1978,whitlow_1978_thesis,es106,107,ex_se_analysis,,0.344802,Corrected derived value,included_studies/whitlow_1978_thesis.pdf; figure error bars are not defined; assumption approved by reviewer,Apply the reviewer-approved variance assumption transparently; no author-reported variance is implied.
Variance decision – Whitlow 1978,whitlow_1978_thesis,es107,108,c_se_analysis,,0.29496,Corrected derived value,included_studies/whitlow_1978_thesis.pdf; figure error bars are not defined; assumption approved by reviewer,Apply the reviewer-approved variance assumption transparently; no author-reported variance is implied.
Variance decision – Whitlow 1978,whitlow_1978_thesis,es107,108,ex_se_analysis,,0.318014,Corrected derived value,included_studies/whitlow_1978_thesis.pdf; figure error bars are not defined; assumption approved by reviewer,Apply the reviewer-approved variance assumption transparently; no author-reported variance is implied.
Variance decision – Whitlow 1978,whitlow_1978_thesis,es108,109,c_se_analysis,,0.333174,Corrected derived value,included_studies/whitlow_1978_thesis.pdf; figure error bars are not defined; assumption approved by reviewer,Apply the reviewer-approved variance assumption transparently; no author-reported variance is implied.
Variance decision – Whitlow 1978,whitlow_1978_thesis,es108,109,ex_se_analysis,,0.314861,Corrected derived value,included_studies/whitlow_1978_thesis.pdf; figure error bars are not defined; assumption approved by reviewer,Apply the reviewer-approved variance assumption transparently; no author-reported variance is implied.
Variance decision – Whitlow 1978,whitlow_1978_thesis,es109,110,c_se_analysis,,0.333174,Corrected derived value,included_studies/whitlow_1978_thesis.pdf; figure error bars are not defined; assumption approved by reviewer,Apply the reviewer-approved variance assumption transparently; no author-reported variance is implied.
Variance decision – Whitlow 1978,whitlow_1978_thesis,es109,110,ex_se_analysis,,0.302585,Corrected derived value,included_studies/whitlow_1978_thesis.pdf; figure error bars are not defined; assumption approved by reviewer,Apply the reviewer-approved variance assumption transparently; no author-reported variance is implied.
Variance decision – Whitlow 1978,whitlow_1978_thesis,es110,111,c_se_analysis,,0.238745,Corrected derived value,included_studies/whitlow_1978_thesis.pdf; figure error bars are not defined; assumption approved by reviewer,Apply the reviewer-approved variance assumption transparently; no author-reported variance is implied.
Variance decision – Whitlow 1978,whitlow_1978_thesis,es110,111,ex_se_analysis,,0.358688,Corrected derived value,included_studies/whitlow_1978_thesis.pdf; figure error bars are not defined; assumption approved by reviewer,Apply the reviewer-approved variance assumption transparently; no author-reported variance is implied.
Variance decision – Whitlow 1978,whitlow_1978_thesis,es111,112,c_se_analysis,,0.238745,Corrected derived value,included_studies/whitlow_1978_thesis.pdf; figure error bars are not defined; assumption approved by reviewer,Apply the reviewer-approved variance assumption transparently; no author-reported variance is implied.
Variance decision – Whitlow 1978,whitlow_1978_thesis,es111,112,ex_se_analysis,,0.378186,Corrected derived value,included_studies/whitlow_1978_thesis.pdf; figure error bars are not defined; assumption approved by reviewer,Apply the reviewer-approved variance assumption transparently; no author-reported variance is implied.
Variance decision – Whitlow 1978,whitlow_1978_thesis,es112,113,c_se_analysis,,1.512722,Corrected derived value,included_studies/whitlow_1978_thesis.pdf; figure error bars are not defined; assumption approved by reviewer,Apply the reviewer-approved variance assumption transparently; no author-reported variance is implied.
Variance decision – Whitlow 1978,whitlow_1978_thesis,es112,113,ex_se_analysis,,1.887174,Corrected derived value,included_studies/whitlow_1978_thesis.pdf; figure error bars are not defined; assumption approved by reviewer,Apply the reviewer-approved variance assumption transparently; no author-reported variance is implied.
Variance decision – Whitlow 1978,whitlow_1978_thesis,es113,114,c_se_analysis,,1.512722,Corrected derived value,included_studies/whitlow_1978_thesis.pdf; figure error bars are not defined; assumption approved by reviewer,Apply the reviewer-approved variance assumption transparently; no author-reported variance is implied.
Variance decision – Whitlow 1978,whitlow_1978_thesis,es113,114,ex_se_analysis,,1.74458,Corrected derived value,included_studies/whitlow_1978_thesis.pdf; figure error bars are not defined; assumption approved by reviewer,Apply the reviewer-approved variance assumption transparently; no author-reported variance is implied.
Variance decision – Whitlow 1978,whitlow_1978_thesis,es114,115,c_se_analysis,,1.259689,Corrected derived value,included_studies/whitlow_1978_thesis.pdf; figure error bars are not defined; assumption approved by reviewer,Apply the reviewer-approved variance assumption transparently; no author-reported variance is implied.
Variance decision – Whitlow 1978,whitlow_1978_thesis,es114,115,ex_se_analysis,,1.46288,Corrected derived value,included_studies/whitlow_1978_thesis.pdf; figure error bars are not defined; assumption approved by reviewer,Apply the reviewer-approved variance assumption transparently; no author-reported variance is implied.
Variance decision – Whitlow 1978,whitlow_1978_thesis,es115,116,c_se_analysis,,1.259689,Corrected derived value,included_studies/whitlow_1978_thesis.pdf; figure error bars are not defined; assumption approved by reviewer,Apply the reviewer-approved variance assumption transparently; no author-reported variance is implied.
Variance decision – Whitlow 1978,whitlow_1978_thesis,es115,116,ex_se_analysis,,1.357986,Corrected derived value,included_studies/whitlow_1978_thesis.pdf; figure error bars are not defined; assumption approved by reviewer,Apply the reviewer-approved variance assumption transparently; no author-reported variance is implied.
Variance decision – Whitlow 1978,whitlow_1978_thesis,es116,117,c_se_analysis,,0.977743,Corrected derived value,included_studies/whitlow_1978_thesis.pdf; figure error bars are not defined; assumption approved by reviewer,Apply the reviewer-approved variance assumption transparently; no author-reported variance is implied.
Variance decision – Whitlow 1978,whitlow_1978_thesis,es116,117,ex_se_analysis,,1.156226,Corrected derived value,included_studies/whitlow_1978_thesis.pdf; figure error bars are not defined; assumption approved by reviewer,Apply the reviewer-approved variance assumption transparently; no author-reported variance is implied.
Variance decision – Whitlow 1978,whitlow_1978_thesis,es117,118,c_se_analysis,,0.977743,Corrected derived value,included_studies/whitlow_1978_thesis.pdf; figure error bars are not defined; assumption approved by reviewer,Apply the reviewer-approved variance assumption transparently; no author-reported variance is implied.
Variance decision – Whitlow 1978,whitlow_1978_thesis,es117,118,ex_se_analysis,,0.887316,Corrected derived value,included_studies/whitlow_1978_thesis.pdf; figure error bars are not defined; assumption approved by reviewer,Apply the reviewer-approved variance assumption transparently; no author-reported variance is implied.
Variance decision – Whitlow 1978,whitlow_1978_thesis,es118,119,c_se_analysis,,0.450143,Corrected derived value,included_studies/whitlow_1978_thesis.pdf; figure error bars are not defined; assumption approved by reviewer,Apply the reviewer-approved variance assumption transparently; no author-reported variance is implied.
Variance decision – Whitlow 1978,whitlow_1978_thesis,es118,119,ex_se_analysis,,0.429012,Corrected derived value,included_studies/whitlow_1978_thesis.pdf; figure error bars are not defined; assumption approved by reviewer,Apply the reviewer-approved variance assumption transparently; no author-reported variance is implied.
Variance decision – Whitlow 1978,whitlow_1978_thesis,es119,120,c_se_analysis,,0.450143,Corrected derived value,included_studies/whitlow_1978_thesis.pdf; figure error bars are not defined; assumption approved by reviewer,Apply the reviewer-approved variance assumption transparently; no author-reported variance is implied.
Variance decision – Whitlow 1978,whitlow_1978_thesis,es119,120,ex_se_analysis,,0.430577,Corrected derived value,included_studies/whitlow_1978_thesis.pdf; figure error bars are not defined; assumption approved by reviewer,Apply the reviewer-approved variance assumption transparently; no author-reported variance is implied.
Variance decision – Whitlow 1978,whitlow_1978_thesis,es120,121,c_se_analysis,,0.419084,Corrected derived value,included_studies/whitlow_1978_thesis.pdf; figure error bars are not defined; assumption approved by reviewer,Apply the reviewer-approved variance assumption transparently; no author-reported variance is implied.
Variance decision – Whitlow 1978,whitlow_1978_thesis,es120,121,ex_se_analysis,,0.532475,Corrected derived value,included_studies/whitlow_1978_thesis.pdf; figure error bars are not defined; assumption approved by reviewer,Apply the reviewer-approved variance assumption transparently; no author-reported variance is implied.
Variance decision – Whitlow 1978,whitlow_1978_thesis,es121,122,c_se_analysis,,0.419084,Corrected derived value,included_studies/whitlow_1978_thesis.pdf; figure error bars are not defined; assumption approved by reviewer,Apply the reviewer-approved variance assumption transparently; no author-reported variance is implied.
Variance decision – Whitlow 1978,whitlow_1978_thesis,es121,122,ex_se_analysis,,0.490012,Corrected derived value,included_studies/whitlow_1978_thesis.pdf; figure error bars are not defined; assumption approved by reviewer,Apply the reviewer-approved variance assumption transparently; no author-reported variance is implied.
Variance decision – Whitlow 1978,whitlow_1978_thesis,es122,123,c_se_analysis,,0.438627,Corrected derived value,included_studies/whitlow_1978_thesis.pdf; figure error bars are not defined; assumption approved by reviewer,Apply the reviewer-approved variance assumption transparently; no author-reported variance is implied.
Variance decision – Whitlow 1978,whitlow_1978_thesis,es122,123,ex_se_analysis,,0.429526,Corrected derived value,included_studies/whitlow_1978_thesis.pdf; figure error bars are not defined; assumption approved by reviewer,Apply the reviewer-approved variance assumption transparently; no author-reported variance is implied.
Variance decision – Whitlow 1978,whitlow_1978_thesis,es123,124,c_se_analysis,,0.438627,Corrected derived value,included_studies/whitlow_1978_thesis.pdf; figure error bars are not defined; assumption approved by reviewer,Apply the reviewer-approved variance assumption transparently; no author-reported variance is implied.
Variance decision – Whitlow 1978,whitlow_1978_thesis,es123,124,ex_se_analysis,,0.392095,Corrected derived value,included_studies/whitlow_1978_thesis.pdf; figure error bars are not defined; assumption approved by reviewer,Apply the reviewer-approved variance assumption transparently; no author-reported variance is implied.
Variance decision – Whitlow 1978,whitlow_1978_thesis,es124,125,c_se_analysis,,0.345316,Corrected derived value,included_studies/whitlow_1978_thesis.pdf; figure error bars are not defined; assumption approved by reviewer,Apply the reviewer-approved variance assumption transparently; no author-reported variance is implied.
Variance decision – Whitlow 1978,whitlow_1978_thesis,es124,125,ex_se_analysis,,0.344802,Corrected derived value,included_studies/whitlow_1978_thesis.pdf; figure error bars are not defined; assumption approved by reviewer,Apply the reviewer-approved variance assumption transparently; no author-reported variance is implied.
Variance decision – Whitlow 1978,whitlow_1978_thesis,es125,126,c_se_analysis,,0.345316,Corrected derived value,included_studies/whitlow_1978_thesis.pdf; figure error bars are not defined; assumption approved by reviewer,Apply the reviewer-approved variance assumption transparently; no author-reported variance is implied.
Variance decision – Whitlow 1978,whitlow_1978_thesis,es125,126,ex_se_analysis,,0.318014,Corrected derived value,included_studies/whitlow_1978_thesis.pdf; figure error bars are not defined; assumption approved by reviewer,Apply the reviewer-approved variance assumption transparently; no author-reported variance is implied.
Variance decision – Whitlow 1978,whitlow_1978_thesis,es126,127,c_se_analysis,,0.276311,Corrected derived value,included_studies/whitlow_1978_thesis.pdf; figure error bars are not defined; assumption approved by reviewer,Apply the reviewer-approved variance assumption transparently; no author-reported variance is implied.
Variance decision – Whitlow 1978,whitlow_1978_thesis,es126,127,ex_se_analysis,,0.314861,Corrected derived value,included_studies/whitlow_1978_thesis.pdf; figure error bars are not defined; assumption approved by reviewer,Apply the reviewer-approved variance assumption transparently; no author-reported variance is implied.
Variance decision – Whitlow 1978,whitlow_1978_thesis,es127,128,c_se_analysis,,0.276311,Corrected derived value,included_studies/whitlow_1978_thesis.pdf; figure error bars are not defined; assumption approved by reviewer,Apply the reviewer-approved variance assumption transparently; no author-reported variance is implied.
Variance decision – Whitlow 1978,whitlow_1978_thesis,es127,128,ex_se_analysis,,0.302585,Corrected derived value,included_studies/whitlow_1978_thesis.pdf; figure error bars are not defined; assumption approved by reviewer,Apply the reviewer-approved variance assumption transparently; no author-reported variance is implied.
Variance decision – Whitlow 1978,whitlow_1978_thesis,es128,129,c_se_analysis,,0.372484,Corrected derived value,included_studies/whitlow_1978_thesis.pdf; figure error bars are not defined; assumption approved by reviewer,Apply the reviewer-approved variance assumption transparently; no author-reported variance is implied.
Variance decision – Whitlow 1978,whitlow_1978_thesis,es128,129,ex_se_analysis,,0.358688,Corrected derived value,included_studies/whitlow_1978_thesis.pdf; figure error bars are not defined; assumption approved by reviewer,Apply the reviewer-approved variance assumption transparently; no author-reported variance is implied.
Variance decision – Whitlow 1978,whitlow_1978_thesis,es129,130,c_se_analysis,,0.372484,Corrected derived value,included_studies/whitlow_1978_thesis.pdf; figure error bars are not defined; assumption approved by reviewer,Apply the reviewer-approved variance assumption transparently; no author-reported variance is implied.
Variance decision – Whitlow 1978,whitlow_1978_thesis,es129,130,ex_se_analysis,,0.378186,Corrected derived value,included_studies/whitlow_1978_thesis.pdf; figure error bars are not defined; assumption approved by reviewer,Apply the reviewer-approved variance assumption transparently; no author-reported variance is implied.
