source_csv_row,study_id,es_id,offspring_sex,measurement_variable,crosscheck_status,crosscheck_package,crosscheck_notes,c_se_reported,c_se_analysis,c_se_derivation,c_se_source,ex_se_reported,ex_se_analysis,ex_se_derivation,ex_se_source
2,uygur_2010_aphyhun,es001,male,Latency to exit the dark box,Corrected transcription,2 – Uygur 2010 exposure and sample sizes,"The paper reports 45 minutes per day; 45/60 = 0.75 hours. | Table II identifies the control group as CON, n=10. | Table II identifies the prenatal-stress group as PSN, n=9.",58.69,58.69,Reported SEM; used unchanged for analysis,uygur_2010_table2; Table II,66.9,66.9,Reported SEM; used unchanged for analysis,uygur_2010_table2; Table II
3,uygur_2010_aphyhun,es002,male,Exits from dark box,Corrected transcription,2 – Uygur 2010 exposure and sample sizes,"The paper reports 45 minutes per day; 45/60 = 0.75 hours. | Table II identifies the control group as CON, n=10. | Table II identifies the prenatal-stress group as PSN, n=9.",0.82,0.82,Reported SEM; used unchanged for analysis,uygur_2010_table2; Table II,0.73,0.73,Reported SEM; used unchanged for analysis,uygur_2010_table2; Table II
4,uygur_2010_aphyhun,es003,male,Time in open field,Corrected transcription,2 – Uygur 2010 exposure and sample sizes,"The paper reports 45 minutes per day; 45/60 = 0.75 hours. | Table II identifies the control group as CON, n=10. | Table II identifies the prenatal-stress group as PSN, n=9.",25.25,25.25,Reported SEM; used unchanged for analysis,uygur_2010_table2; Table II,16.87,16.87,Reported SEM; used unchanged for analysis,uygur_2010_table2; Table II
5,barzegar_2014_hippo,es004,male,Entries into open arms (OAE),Corrected transcription,4 – Barzegar 2014 title and SEM,Replace the title copied from another study with the Barzegar paper title. | Use the exact saved image filename for reproducibility.,3.47,3.47,Digitised reported SEM; used unchanged for analysis,Metadigitise_figs/metaDigitise_output.csv and saved figure image,6.2,6.2,Digitised reported SEM; used unchanged for analysis,Metadigitise_figs/metaDigitise_output.csv and saved figure image
6,barzegar_2014_hippo,es005,male,Time in open arms (OAT),Corrected transcription,4 – Barzegar 2014 title and SEM,Use the exact saved image filename for reproducibility.,2.03,2.03,Digitised reported SEM; used unchanged for analysis,Metadigitise_figs/metaDigitise_output.csv and saved figure image,1.37,1.37,Digitised reported SEM; used unchanged for analysis,Metadigitise_figs/metaDigitise_output.csv and saved figure image
7,barzegar_2014_hippo,es006,male,Entries into open arms (OAE),Corrected transcription,4 – Barzegar 2014 title and SEM,Use the exact saved image filename for reproducibility. | Correct the N2 experimental SEM transcription while retaining the source-reported figure value separately.,3.47,3.47,Digitised reported SEM; used unchanged for analysis,Metadigitise_figs/metaDigitise_output.csv and saved figure image,2.666667,2.666667,Digitised reported SEM; used unchanged for analysis,Metadigitise_figs/metaDigitise_output.csv and saved figure image
8,barzegar_2014_hippo,es007,male,Time in open arms (OAT),Corrected transcription,4 – Barzegar 2014 title and SEM,Use the exact saved image filename for reproducibility.,2.03,2.03,Digitised reported SEM; used unchanged for analysis,Metadigitise_figs/metaDigitise_output.csv and saved figure image,1.81,1.81,Digitised reported SEM; used unchanged for analysis,Metadigitise_figs/metaDigitise_output.csv and saved figure image
9,barzegar_2014_hippo,es008,male,Entries into open arms (OAE),Corrected transcription,4 – Barzegar 2014 title and SEM,Use the exact saved image filename for reproducibility.,3.47,3.47,Digitised reported SEM; used unchanged for analysis,Metadigitise_figs/metaDigitise_output.csv and saved figure image,2.8,2.8,Digitised reported SEM; used unchanged for analysis,Metadigitise_figs/metaDigitise_output.csv and saved figure image
10,barzegar_2014_hippo,es009,male,Time in open arms (OAT),Corrected transcription,4 – Barzegar 2014 title and SEM,Use the exact saved image filename for reproducibility.,2.03,2.03,Digitised reported SEM; used unchanged for analysis,Metadigitise_figs/metaDigitise_output.csv and saved figure image,2.63,2.63,Digitised reported SEM; used unchanged for analysis,Metadigitise_figs/metaDigitise_output.csv and saved figure image
11,hassanvand_2012_phyphar,es010,male,Sniffing,Verified – no change,,,,1.127786,SD / sqrt(n); derived for analysis from the extracted SD and sample size,hassanvand_2012_phyphar_Figure2; Figure 2,,1.190452,SD / sqrt(n); derived for analysis from the extracted SD and sample size,hassanvand_2012_phyphar_Figure2; Figure 2
12,hassanvand_2012_phyphar,es011,male,Rearing frequency,Verified – no change,,,,0.751871,SD / sqrt(n); derived for analysis from the extracted SD and sample size,hassanvand_2012_phyphar_Figure2; Figure 2,,1.002495,SD / sqrt(n); derived for analysis from the extracted SD and sample size,hassanvand_2012_phyphar_Figure2; Figure 2
13,hassanvand_2012_phyphar,es012,male,Sections crossed,Verified – no change,,,,1.816991,SD / sqrt(n); derived for analysis from the extracted SD and sample size,hassanvand_2012_phyphar_Figure2; Figure 2,,1.06512,SD / sqrt(n); derived for analysis from the extracted SD and sample size,hassanvand_2012_phyphar_Figure2; Figure 2
14,arjunan_2023_stress,es013,male,Time in central square,Corrected transcription,3 – Arjunan 2023 acoustic exposure,"The source describes a white-noise generator, not ultrasound. | The stated range is within the audible/broadband band used in this review. | The source states all frequencies from 0 to 20 kHz.",,10.581796,SD / sqrt(n); derived for analysis from the extracted SD and sample size,arjunan_2023_stress_fig3B_cen; Figure 3B,,7.69548,SD / sqrt(n); derived for analysis from the extracted SD and sample size,arjunan_2023_stress_fig3B_cen; Figure 3B
15,arjunan_2023_stress,es014,male,Time in peripheral square,Corrected transcription,3 – Arjunan 2023 acoustic exposure,"The source describes a white-noise generator, not ultrasound. | The stated range is within the audible/broadband band used in this review. | The source states all frequencies from 0 to 20 kHz. | Use the exact saved image filename for reproducibility.",,11.516684,SD / sqrt(n); derived for analysis from the extracted SD and sample size,arjunan_2023_stress_fig3B_peri.png; Figure 3B,,7.952677,SD / sqrt(n); derived for analysis from the extracted SD and sample size,arjunan_2023_stress_fig3B_peri.png; Figure 3B
16,arjunan_2023_stress,es015,male,Time in central square,Corrected transcription,3 – Arjunan 2023 acoustic exposure,"The source describes a white-noise generator, not ultrasound. | The stated range is within the audible/broadband band used in this review. | The source states all frequencies from 0 to 20 kHz.",,10.581796,SD / sqrt(n); derived for analysis from the extracted SD and sample size,arjunan_2023_stress_fig3B_cen; Figure 3B,,4.809165,SD / sqrt(n); derived for analysis from the extracted SD and sample size,arjunan_2023_stress_fig3B_cen; Figure 3B
17,arjunan_2023_stress,es016,male,Time in peripheral square,Corrected transcription,3 – Arjunan 2023 acoustic exposure,"The source describes a white-noise generator, not ultrasound. | The stated range is within the audible/broadband band used in this review. | The source states all frequencies from 0 to 20 kHz. | Use the exact saved image filename for reproducibility.",,11.516684,SD / sqrt(n); derived for analysis from the extracted SD and sample size,arjunan_2023_stress_fig3B_peri.png; Figure 3B,,4.388669,SD / sqrt(n); derived for analysis from the extracted SD and sample size,arjunan_2023_stress_fig3B_peri.png; Figure 3B
18,arjunan_2023_stress,es017,male,Time in central square,Corrected transcription,3 – Arjunan 2023 acoustic exposure,"The source describes a white-noise generator, not ultrasound. | The stated range is within the audible/broadband band used in this review. | The source states all frequencies from 0 to 20 kHz.",,10.581796,SD / sqrt(n); derived for analysis from the extracted SD and sample size,arjunan_2023_stress_fig3B_cen; Figure 3B,,4.809165,SD / sqrt(n); derived for analysis from the extracted SD and sample size,arjunan_2023_stress_fig3B_cen; Figure 3B
19,arjunan_2023_stress,es018,male,Time in peripheral square,Corrected transcription,3 – Arjunan 2023 acoustic exposure,"The source describes a white-noise generator, not ultrasound. | The stated range is within the audible/broadband band used in this review. | The source states all frequencies from 0 to 20 kHz. | Use the exact saved image filename for reproducibility.",,11.516684,SD / sqrt(n); derived for analysis from the extracted SD and sample size,arjunan_2023_stress_fig3B_peri.png; Figure 3B,,4.935722,SD / sqrt(n); derived for analysis from the extracted SD and sample size,arjunan_2023_stress_fig3B_peri.png; Figure 3B
20,hadizadeh_2018_irjbamedsci,es019,male,Entries into open arms (OAE),Verified – no change,,,3.13,3.13,Reported SEM; used unchanged for analysis,hadizadeh_2018_irjbamedsci_fig2A; Figure 2A,1.25,1.25,Reported SEM; used unchanged for analysis,hadizadeh_2018_irjbamedsci_fig2A; Figure 2A
21,hadizadeh_2018_irjbamedsci,es020,male,Time in open arms (OAT),Verified – no change,,,1.18,1.18,Reported SEM; used unchanged for analysis,hadizadeh_2018_irjbamedsci_fig2B; Figure 2B,1.78,1.78,Reported SEM; used unchanged for analysis,hadizadeh_2018_irjbamedsci_fig2B; Figure 2B
22,abramova_2024_devneur,es021,female,Time in open arms (OAT),Verified – no change,,,,5.047049,SD / sqrt(n); derived for analysis from the extracted SD and sample size,abramova_2024_devneur_fig2a; Fig. 2. a,,2.502857,SD / sqrt(n); derived for analysis from the extracted SD and sample size,abramova_2024_devneur_fig2a; Fig. 2. a
23,abramova_2024_devneur,es022,male,Time in open arms (OAT),Verified – no change,,,,4.9881,SD / sqrt(n); derived for analysis from the extracted SD and sample size,abramova_2024_devneur_fig2a; Fig. 2. a,,3.767384,SD / sqrt(n); derived for analysis from the extracted SD and sample size,abramova_2024_devneur_fig2a; Fig. 2. a
24,abramova_2024_devneur,es023,female,Head-dipping,Verified – no change,,,,0.946938,SD / sqrt(n); derived for analysis from the extracted SD and sample size,abramova_2024_devneur_fig2b; Fig. 2. b,,0.441429,SD / sqrt(n); derived for analysis from the extracted SD and sample size,abramova_2024_devneur_fig2b; Fig. 2. b
25,abramova_2024_devneur,es024,male,Head-dipping,Verified – no change,,,,1.169693,SD / sqrt(n); derived for analysis from the extracted SD and sample size,abramova_2024_devneur_fig2b; Fig. 2. b,,0.792975,SD / sqrt(n); derived for analysis from the extracted SD and sample size,abramova_2024_devneur_fig2b; Fig. 2. b
26,abramova_2024_devneur,es025,female,Total freezing time,Verified – no change,,,,0.567177,SD / sqrt(n); derived for analysis from the extracted SD and sample size,abramova_2024_devneur_fig2c; Fig. 2. c,,2.792857,SD / sqrt(n); derived for analysis from the extracted SD and sample size,abramova_2024_devneur_fig2c; Fig. 2. c
27,abramova_2024_devneur,es026,male,Total freezing time,Verified – no change,,,,0.341442,SD / sqrt(n); derived for analysis from the extracted SD and sample size,abramova_2024_devneur_fig2c; Fig. 2. c,,0.560811,SD / sqrt(n); derived for analysis from the extracted SD and sample size,abramova_2024_devneur_fig2c; Fig. 2. c
28,abramova_2024_devneur,es027,female,Total grooming time,Verified – no change,,,,2.321314,SD / sqrt(n); derived for analysis from the extracted SD and sample size,abramova_2024_devneur_fig2d; Fig. 2. d,,3.232857,SD / sqrt(n); derived for analysis from the extracted SD and sample size,abramova_2024_devneur_fig2d; Fig. 2. d
29,abramova_2024_devneur,es028,male,Total grooming time,Verified – no change,,,,3.302863,SD / sqrt(n); derived for analysis from the extracted SD and sample size,abramova_2024_devneur_fig2d; Fig. 2. d,,4.184977,SD / sqrt(n); derived for analysis from the extracted SD and sample size,abramova_2024_devneur_fig2d; Fig. 2. d
30,abramova_2024_devneur,es029,female,Mean grooming duration,Verified – no change,,,,0.59348,SD / sqrt(n); derived for analysis from the extracted SD and sample size,abramova_2024_devneur_fig2e; Fig. 2. e,,0.661429,SD / sqrt(n); derived for analysis from the extracted SD and sample size,abramova_2024_devneur_fig2e; Fig. 2. e
31,abramova_2024_devneur,es030,male,Mean grooming duration,Verified – no change,,,,0.789374,SD / sqrt(n); derived for analysis from the extracted SD and sample size,abramova_2024_devneur_fig2e; Fig. 2. e,,1.080918,SD / sqrt(n); derived for analysis from the extracted SD and sample size,abramova_2024_devneur_fig2e; Fig. 2. e
32,abramova_2024_devneur,es031,female,Center entries (crossing),Verified – no change,,,,0.198923,SD / sqrt(n); derived for analysis from the extracted SD and sample size,abramova_2024_devneur_fig3a; Fig. 3. a,,0.272857,SD / sqrt(n); derived for analysis from the extracted SD and sample size,abramova_2024_devneur_fig3a; Fig. 3. a
33,abramova_2024_devneur,es032,male,Center entries (crossing),Verified – no change,,,,0.251856,SD / sqrt(n); derived for analysis from the extracted SD and sample size,abramova_2024_devneur_fig3a; Fig. 3. a,,0.20352,SD / sqrt(n); derived for analysis from the extracted SD and sample size,abramova_2024_devneur_fig3a; Fig. 3. a
34,abramova_2024_devneur,es033,female,Rearing frequency,Verified – no change,,,,0.915702,SD / sqrt(n); derived for analysis from the extracted SD and sample size,abramova_2024_devneur_fig3b; Fig. 3. c,,1.57,SD / sqrt(n); derived for analysis from the extracted SD and sample size,abramova_2024_devneur_fig3b; Fig. 3. c
35,abramova_2024_devneur,es034,male,Rearing frequency,Verified – no change,,,,1.64467,SD / sqrt(n); derived for analysis from the extracted SD and sample size,abramova_2024_devneur_fig3b; Fig. 3. c,,1.207553,SD / sqrt(n); derived for analysis from the extracted SD and sample size,abramova_2024_devneur_fig3b; Fig. 3. c
36,abramova_2024_devneur,es035,female,Sections crossed,Verified – no change,,,,2.364057,SD / sqrt(n); derived for analysis from the extracted SD and sample size,abramova_2024_devneur_fig3c; Fig. 3. b,,2.515714,SD / sqrt(n); derived for analysis from the extracted SD and sample size,abramova_2024_devneur_fig3c; Fig. 3. b
37,abramova_2024_devneur,es036,male,Sections crossed,Verified – no change,,,,2.222756,SD / sqrt(n); derived for analysis from the extracted SD and sample size,abramova_2024_devneur_fig3c; Fig. 3. b,,2.06083,SD / sqrt(n); derived for analysis from the extracted SD and sample size,abramova_2024_devneur_fig3c; Fig. 3. b
38,abramova_2024_devneur,es037,female,Total freezing time,Verified – no change,,,,1.765645,SD / sqrt(n); derived for analysis from the extracted SD and sample size,abramova_2024_devneur_fig3d; Fig. 3. d,,4.401429,SD / sqrt(n); derived for analysis from the extracted SD and sample size,abramova_2024_devneur_fig3d; Fig. 3. d
39,abramova_2024_devneur,es038,male,Total freezing time,Verified – no change,,,,2.665617,SD / sqrt(n); derived for analysis from the extracted SD and sample size,abramova_2024_devneur_fig3d; Fig. 3. d,,7.390043,SD / sqrt(n); derived for analysis from the extracted SD and sample size,abramova_2024_devneur_fig3d; Fig. 3. d
40,abramova_2024_devneur,es039,female,Total grooming time,Verified – no change,,,,2.189795,SD / sqrt(n); derived for analysis from the extracted SD and sample size,abramova_2024_devneur_fig3e; Fig. 3. e,,2.457143,SD / sqrt(n); derived for analysis from the extracted SD and sample size,abramova_2024_devneur_fig3e; Fig. 3. e
41,abramova_2024_devneur,es040,male,Total grooming time,Verified – no change,,,,1.408027,SD / sqrt(n); derived for analysis from the extracted SD and sample size,abramova_2024_devneur_fig3e; Fig. 3. e,,3.814119,SD / sqrt(n); derived for analysis from the extracted SD and sample size,abramova_2024_devneur_fig3e; Fig. 3. e
42,abramova_2024_devneur,es041,female,Grooming frequency,Verified – no change,,,,0.35017,SD / sqrt(n); derived for analysis from the extracted SD and sample size,abramova_2024_devneur_fig3f; Fig. 3. f,,0.311429,SD / sqrt(n); derived for analysis from the extracted SD and sample size,abramova_2024_devneur_fig3f; Fig. 3. f
43,abramova_2024_devneur,es042,male,Grooming frequency,Verified – no change,,,,0.253546,SD / sqrt(n); derived for analysis from the extracted SD and sample size,abramova_2024_devneur_fig3f; Fig. 3. f,,0.419101,SD / sqrt(n); derived for analysis from the extracted SD and sample size,abramova_2024_devneur_fig3f; Fig. 3. f
44,abramova_2024_devneur,es043,female,Total immobility time,Verified – no change,,,,7.31494,SD / sqrt(n); derived for analysis from the extracted SD and sample size,abramova_2024_devneur_fig4a; Fig.4. a,,5.388912,SD / sqrt(n); derived for analysis from the extracted SD and sample size,abramova_2024_devneur_fig4a; Fig.4. a
45,abramova_2024_devneur,es044,male,Total immobility time,Verified – no change,,,,12.889345,SD / sqrt(n); derived for analysis from the extracted SD and sample size,abramova_2024_devneur_fig4a; Fig.4. a,,12.310053,SD / sqrt(n); derived for analysis from the extracted SD and sample size,abramova_2024_devneur_fig4a; Fig.4. a
46,abramova_2024_devneur,es045,female,Sucrose preference index,Corrected transcription,Source follow-up – Abramova 2024,The supplied author email confirms the stored mean and SE values. | Link the extracted values to the archived author correspondence screenshot.,4.3,4.3,Reported SE in author email; used unchanged for analysis,included_studies/abramova_2024_devneur/abramova_2024_devneur_author_email_sucrose_preference.png,5.4,5.4,Reported SE in author email; used unchanged for analysis,included_studies/abramova_2024_devneur/abramova_2024_devneur_author_email_sucrose_preference.png
47,abramova_2024_devneur,es046,male,Sucrose preference index,Corrected transcription,Source follow-up – Abramova 2024,The supplied author email confirms the stored mean and SE values. | Link the extracted values to the archived author correspondence screenshot.,5.2,5.2,Reported SE in author email; used unchanged for analysis,included_studies/abramova_2024_devneur/abramova_2024_devneur_author_email_sucrose_preference.png,4.3,4.3,Reported SE in author email; used unchanged for analysis,included_studies/abramova_2024_devneur/abramova_2024_devneur_author_email_sucrose_preference.png
48,oliveira_2015_jbehavbraisci,es047,male,Avoidance latency,Verified – no change,,,7.25,7.25,Reported SEM; used unchanged for analysis,oliveira_2015_jbehavbraisci_fig2b; Figure 2. b,4.15,4.15,Reported SEM; used unchanged for analysis,oliveira_2015_jbehavbraisci_fig2b; Figure 2. b
49,oliveira_2015_jbehavbraisci,es048,male,Avoidance latency,Verified – no change,,,34.2,34.2,Reported SEM; used unchanged for analysis,oliveira_2015_jbehavbraisci_fig2b; Figure 2. b,37.82,37.82,Reported SEM; used unchanged for analysis,oliveira_2015_jbehavbraisci_fig2b; Figure 2. b
50,oliveira_2015_jbehavbraisci,es049,male,Avoidance latency,Verified – no change,,,37.31,37.31,Reported SEM; used unchanged for analysis,oliveira_2015_jbehavbraisci_fig2b; Figure 2. b,42.49,42.49,Reported SEM; used unchanged for analysis,oliveira_2015_jbehavbraisci_fig2b; Figure 2. b
51,oliveira_2015_jbehavbraisci,es050,male,Escape latency,Verified – no change,,,1.11,1.11,Reported SEM; used unchanged for analysis,oliveira_2015_jbehavbraisci_fig3b; Figure 3. b,2.37,2.37,Reported SEM; used unchanged for analysis,oliveira_2015_jbehavbraisci_fig3b; Figure 3. b
52,oliveira_2015_jbehavbraisci,es051,male,Escape latency,Verified – no change,,,2.31,2.31,Reported SEM; used unchanged for analysis,oliveira_2015_jbehavbraisci_fig3b; Figure 3. b,1.17,1.17,Reported SEM; used unchanged for analysis,oliveira_2015_jbehavbraisci_fig3b; Figure 3. b
53,oliveira_2015_jbehavbraisci,es052,male,Escape latency,Verified – no change,,,2.23,2.23,Reported SEM; used unchanged for analysis,oliveira_2015_jbehavbraisci_fig3b; Figure 3. b,4.46,4.46,Reported SEM; used unchanged for analysis,oliveira_2015_jbehavbraisci_fig3b; Figure 3. b
54,pavlov_2023_molsci,es053,female,Sucrose preference index,Verified – no change,,,,3.073734,SD / sqrt(n); derived for analysis from the extracted SD and sample size,pavlov_2023_molsci_Fig4A; Figure 4A,,3.605354,SD / sqrt(n); derived for analysis from the extracted SD and sample size,pavlov_2023_molsci_Fig4A; Figure 4A
55,pavlov_2023_molsci,es054,female,Sections crossed,Verified – no change,,,,1.951125,SD / sqrt(n); derived for analysis from the extracted SD and sample size,pavlov_2023_molsci_Fig4C; Figure 4C,,0.847218,SD / sqrt(n); derived for analysis from the extracted SD and sample size,pavlov_2023_molsci_Fig4C; Figure 4C
56,pavlov_2023_molsci,es055,female,Time in central square,Verified – no change,,,,5.533986,SD / sqrt(n); derived for analysis from the extracted SD and sample size,pavlov_2023_molsci_Fig4D; Figure 4D,,2.979963,SD / sqrt(n); derived for analysis from the extracted SD and sample size,pavlov_2023_molsci_Fig4D; Figure 4D
57,pavlov_2023_molsci,es056,female,Time in open arms (OAT),Verified – no change,,,,6.590187,SD / sqrt(n); derived for analysis from the extracted SD and sample size,pavlov_2023_molsci_Fig4E; Figure 4E,,2.555017,SD / sqrt(n); derived for analysis from the extracted SD and sample size,pavlov_2023_molsci_Fig4E; Figure 4E
58,pavlov_2023_molsci,es057,female,Entries into open arms (OAE),Verified – no change,,,,1.720279,SD / sqrt(n); derived for analysis from the extracted SD and sample size,pavlov_2023_molsci_Fig4F; Figure 4F,,1.130515,SD / sqrt(n); derived for analysis from the extracted SD and sample size,pavlov_2023_molsci_Fig4F; Figure 4F
59,nishio_2006_intjdevlneur,es058,male,Time in open arms (OAT),Verified – no change,,,6.17,6.17,Reported SEM; used unchanged for analysis,nishio_2006_intjdevlneur_fig2a; Fig. 2a,3.55,3.55,Reported SEM; used unchanged for analysis,nishio_2006_intjdevlneur_fig2a; Fig. 2a
60,nishio_2006_intjdevlneur,es059,female,Time in open arms (OAT),Verified – no change,,,3.06,3.06,Reported SEM; used unchanged for analysis,nishio_2006_intjdevlneur_fig2a; Fig. 2a,6.17,6.17,Reported SEM; used unchanged for analysis,nishio_2006_intjdevlneur_fig2a; Fig. 2a
61,nishio_2006_intjdevlneur,es060,male,Entries into open arms (OAE),Verified – no change,,,4.31,4.31,Reported SEM; used unchanged for analysis,nishio_2006_intjdevlneur_fig2b; Fig. 2b,3.48,3.48,Reported SEM; used unchanged for analysis,nishio_2006_intjdevlneur_fig2b; Fig. 2b
62,nishio_2006_intjdevlneur,es061,female,Entries into open arms (OAE),Verified – no change,,,3.4,3.4,Reported SEM; used unchanged for analysis,nishio_2006_intjdevlneur_fig2b; Fig. 2b,6.63,6.63,Reported SEM; used unchanged for analysis,nishio_2006_intjdevlneur_fig2b; Fig. 2b
63,nishio_2006_intjdevlneur,es062,male,Entries to closed arms,Verified – no change,,,0.76,0.76,Reported SEM; used unchanged for analysis,nishio_2006_intjdevlneur_fig2c; Fig. 2c,0.53,0.53,Reported SEM; used unchanged for analysis,nishio_2006_intjdevlneur_fig2c; Fig. 2c
64,nishio_2006_intjdevlneur,es063,female,Entries to closed arms,Verified – no change,,,1.08,1.08,Reported SEM; used unchanged for analysis,nishio_2006_intjdevlneur_fig2c; Fig. 2c,0.51,0.51,Reported SEM; used unchanged for analysis,nishio_2006_intjdevlneur_fig2c; Fig. 2c
65,uygur_2011_ankarauniv,es064,male,Total immobility time,Verified – no change,,,8.29,8.29,Reported SEM; used unchanged for analysis,uygur_2011_ankarauniv.pdf; In paper: Table 2.,7.86,7.86,Reported SEM; used unchanged for analysis,uygur_2011_ankarauniv.pdf; In paper: Table 2.
66,uygur_2011_ankarauniv,es065,male,Total immobility time,Verified – no change,,,13.52,13.52,Reported SEM; used unchanged for analysis,uygur_2011_ankarauniv.pdf; In paper: Table 2.,12.83,12.83,Reported SEM; used unchanged for analysis,uygur_2011_ankarauniv.pdf; In paper: Table 2.
67,uygur_2011_ankarauniv,es066,male,Total swimming time,Verified – no change,,,6.28,6.28,Reported SEM; used unchanged for analysis,uygur_2011_ankarauniv.pdf; In paper: Table 2.,5.96,5.96,Reported SEM; used unchanged for analysis,uygur_2011_ankarauniv.pdf; In paper: Table 2.
68,uygur_2011_ankarauniv,es067,male,Total swimming time,Verified – no change,,,13.15,13.15,Reported SEM; used unchanged for analysis,uygur_2011_ankarauniv.pdf; In paper: Table 2.,12.48,12.48,Reported SEM; used unchanged for analysis,uygur_2011_ankarauniv.pdf; In paper: Table 2.
69,uygur_2011_ankarauniv,es068,male,Total diving time,Corrected transcription,1 – Uygur 2011 outcome units,"The paper reports total time spent in diving or jumping, not event counts. | The outcome is a duration in seconds.",1.49,1.49,Reported SEM; used unchanged for analysis,uygur_2011_ankarauniv.pdf; In paper: Table 2.,1.42,1.42,Reported SEM; used unchanged for analysis,uygur_2011_ankarauniv.pdf; In paper: Table 2.
70,uygur_2011_ankarauniv,es069,male,Total diving time,Corrected transcription,1 – Uygur 2011 outcome units,"The paper reports total time spent in diving or jumping, not event counts. | The outcome is a duration in seconds.",0.95,0.95,Reported SEM; used unchanged for analysis,uygur_2011_ankarauniv.pdf; In paper: Table 2.,0.9,0.9,Reported SEM; used unchanged for analysis,uygur_2011_ankarauniv.pdf; In paper: Table 2.
71,uygur_2011_ankarauniv,es070,male,Total jumping time,Corrected transcription,1 – Uygur 2011 outcome units,"The paper reports total time spent in diving or jumping, not event counts. | The outcome is a duration in seconds.",4.89,4.89,Reported SEM; used unchanged for analysis,uygur_2011_ankarauniv.pdf; In paper: Table 2.,4.64,4.64,Reported SEM; used unchanged for analysis,uygur_2011_ankarauniv.pdf; In paper: Table 2.
72,uygur_2011_ankarauniv,es071,male,Total jumping time,Corrected transcription,1 – Uygur 2011 outcome units,"The paper reports total time spent in diving or jumping, not event counts. | The outcome is a duration in seconds.",3.93,3.93,Reported SEM; used unchanged for analysis,uygur_2011_ankarauniv.pdf; In paper: Table 2.,3.73,3.73,Reported SEM; used unchanged for analysis,uygur_2011_ankarauniv.pdf; In paper: Table 2.
73,morra_1965_physiolrec,es072,mixed,Sections crossed,Verified – no change,,,,1.058301,SD / sqrt(n); derived for analysis from the extracted SD and sample size,Table 2 and text,,1.402956,SD / sqrt(n); derived for analysis from the extracted SD and sample size,Table 2 and text
74,morra_1965_physiolrec,es073,mixed,Initial latency to move,Verified – no change,,,,0.995306,SD / sqrt(n); derived for analysis from the extracted SD and sample size,Table 2 and text,,1.386053,SD / sqrt(n); derived for analysis from the extracted SD and sample size,Table 2 and text
75,abramova_2021_front,es074,female,Sections crossed,Corrected transcription,6 – Abramova 2021 same-sex controls,Use the females control subgroup matching offspring_sex. | Recalculate the control mean from the same-sex author raw subgroup (squares). | Recalculate the control SD from the same-sex author raw subgroup (squares). | All summaries in this package are calculated from the saved author workbook. | Use the stable path to the saved author workbook.,,3.523056,"SD / sqrt(n), using the same-sex subgroup in author raw data","included_studies/abramova_2021_front/abramova_2021_front.xlsx, Лист1, handling=No handling",,2.913236,"SD / sqrt(n), using the same-sex subgroup in author raw data","included_studies/abramova_2021_front/abramova_2021_front.xlsx, Лист1, handling=No handling"
76,abramova_2021_front,es075,male,Sections crossed,Corrected transcription,6 – Abramova 2021 same-sex controls,Use the males control subgroup matching offspring_sex. | Recalculate the control mean from the same-sex author raw subgroup (squares). | Recalculate the control SD from the same-sex author raw subgroup (squares). | All summaries in this package are calculated from the saved author workbook. | Use the stable path to the saved author workbook.,,3.158058,"SD / sqrt(n), using the same-sex subgroup in author raw data","included_studies/abramova_2021_front/abramova_2021_front.xlsx, Лист1, handling=No handling",,3.43496,"SD / sqrt(n), using the same-sex subgroup in author raw data","included_studies/abramova_2021_front/abramova_2021_front.xlsx, Лист1, handling=No handling"
77,abramova_2021_front,es076,female,Rearing frequency,Corrected transcription,6 – Abramova 2021 same-sex controls,Use the females control subgroup matching offspring_sex. | Recalculate the control mean from the same-sex author raw subgroup (rearing). | Recalculate the control SD from the same-sex author raw subgroup (rearing). | All summaries in this package are calculated from the saved author workbook. | Use the stable path to the saved author workbook.,,1.825711,"SD / sqrt(n), using the same-sex subgroup in author raw data","included_studies/abramova_2021_front/abramova_2021_front.xlsx, Лист1, handling=No handling",,1.014201,"SD / sqrt(n), using the same-sex subgroup in author raw data","included_studies/abramova_2021_front/abramova_2021_front.xlsx, Лист1, handling=No handling"
78,abramova_2021_front,es077,male,Rearing frequency,Corrected transcription,6 – Abramova 2021 same-sex controls,Use the males control subgroup matching offspring_sex. | Recalculate the control mean from the same-sex author raw subgroup (rearing). | Recalculate the control SD from the same-sex author raw subgroup (rearing). | All summaries in this package are calculated from the saved author workbook. | Use the stable path to the saved author workbook.,,1.386747,"SD / sqrt(n), using the same-sex subgroup in author raw data","included_studies/abramova_2021_front/abramova_2021_front.xlsx, Лист1, handling=No handling",,0.983986,"SD / sqrt(n), using the same-sex subgroup in author raw data","included_studies/abramova_2021_front/abramova_2021_front.xlsx, Лист1, handling=No handling"
79,abramova_2021_front,es078,female,Center entries (crossing),Corrected transcription,6 – Abramova 2021 same-sex controls,Use the females control subgroup matching offspring_sex. | Recalculate the control mean from the same-sex author raw subgroup (center_num). | Recalculate the control SD from the same-sex author raw subgroup (center_num). | All summaries in this package are calculated from the saved author workbook. | Use the stable path to the saved author workbook.,,0.52682,"SD / sqrt(n), using the same-sex subgroup in author raw data","included_studies/abramova_2021_front/abramova_2021_front.xlsx, Лист1, handling=No handling",,0.465485,"SD / sqrt(n), using the same-sex subgroup in author raw data","included_studies/abramova_2021_front/abramova_2021_front.xlsx, Лист1, handling=No handling"
80,abramova_2021_front,es079,male,Center entries (crossing),Corrected transcription,6 – Abramova 2021 same-sex controls,Use the males control subgroup matching offspring_sex. | Recalculate the control mean from the same-sex author raw subgroup (center_num). | Recalculate the control SD from the same-sex author raw subgroup (center_num). | All summaries in this package are calculated from the saved author workbook. | Use the stable path to the saved author workbook.,,0.298217,"SD / sqrt(n), using the same-sex subgroup in author raw data","included_studies/abramova_2021_front/abramova_2021_front.xlsx, Лист1, handling=No handling",,0.547654,"SD / sqrt(n), using the same-sex subgroup in author raw data","included_studies/abramova_2021_front/abramova_2021_front.xlsx, Лист1, handling=No handling"
81,abramova_2021_front,es080,female,Time in central square,Corrected transcription,6 – Abramova 2021 same-sex controls,"Use the females control subgroup matching offspring_sex. | Recalculate the control mean from the same-sex author raw subgroup (center_totalTime). | Recalculate the control SD from the same-sex author raw subgroup (center_totalTime). | All summaries in this package are calculated from the saved author workbook. | Use the stable path to the saved author workbook. | The author raw variable center_totalTime is a duration, not a count. | Open-field durations are recorded in seconds.",,1.425754,"SD / sqrt(n), using the same-sex subgroup in author raw data","included_studies/abramova_2021_front/abramova_2021_front.xlsx, Лист1, handling=No handling",,1.174379,"SD / sqrt(n), using the same-sex subgroup in author raw data","included_studies/abramova_2021_front/abramova_2021_front.xlsx, Лист1, handling=No handling"
82,abramova_2021_front,es081,male,Time in central square,Corrected transcription,6 – Abramova 2021 same-sex controls,"Use the males control subgroup matching offspring_sex. | Recalculate the control mean from the same-sex author raw subgroup (center_totalTime). | Recalculate the control SD from the same-sex author raw subgroup (center_totalTime). | All summaries in this package are calculated from the saved author workbook. | Use the stable path to the saved author workbook. | The author raw variable center_totalTime is a duration, not a count. | Open-field durations are recorded in seconds.",,0.678013,"SD / sqrt(n), using the same-sex subgroup in author raw data","included_studies/abramova_2021_front/abramova_2021_front.xlsx, Лист1, handling=No handling",,0.516777,"SD / sqrt(n), using the same-sex subgroup in author raw data","included_studies/abramova_2021_front/abramova_2021_front.xlsx, Лист1, handling=No handling"
83,abramova_2021_front,es082,female,Grooming frequency,Corrected transcription,6 – Abramova 2021 same-sex controls,Use the females control subgroup matching offspring_sex. | Recalculate the control mean from the same-sex author raw subgroup (grum_number). | Recalculate the control SD from the same-sex author raw subgroup (grum_number). | All summaries in this package are calculated from the saved author workbook. | Use the stable path to the saved author workbook.,,0.305475,"SD / sqrt(n), using the same-sex subgroup in author raw data","included_studies/abramova_2021_front/abramova_2021_front.xlsx, Лист1, handling=No handling",,0.408819,"SD / sqrt(n), using the same-sex subgroup in author raw data","included_studies/abramova_2021_front/abramova_2021_front.xlsx, Лист1, handling=No handling"
84,abramova_2021_front,es083,male,Grooming frequency,Corrected transcription,6 – Abramova 2021 same-sex controls,Use the males control subgroup matching offspring_sex. | Recalculate the control mean from the same-sex author raw subgroup (grum_number). | Recalculate the control SD from the same-sex author raw subgroup (grum_number). | All summaries in this package are calculated from the saved author workbook. | Use the stable path to the saved author workbook.,,0.333067,"SD / sqrt(n), using the same-sex subgroup in author raw data","included_studies/abramova_2021_front/abramova_2021_front.xlsx, Лист1, handling=No handling",,0.41222,"SD / sqrt(n), using the same-sex subgroup in author raw data","included_studies/abramova_2021_front/abramova_2021_front.xlsx, Лист1, handling=No handling"
85,abramova_2021_front,es084,female,Total grooming time,Corrected transcription,6 – Abramova 2021 same-sex controls,Use the females control subgroup matching offspring_sex. | Recalculate the control mean from the same-sex author raw subgroup (grum_totalTime). | Recalculate the control SD from the same-sex author raw subgroup (grum_totalTime). | All summaries in this package are calculated from the saved author workbook. | Use the stable path to the saved author workbook.,,2.738595,"SD / sqrt(n), using the same-sex subgroup in author raw data","included_studies/abramova_2021_front/abramova_2021_front.xlsx, Лист1, handling=No handling",,5.66432,"SD / sqrt(n), using the same-sex subgroup in author raw data","included_studies/abramova_2021_front/abramova_2021_front.xlsx, Лист1, handling=No handling"
86,abramova_2021_front,es085,male,Total grooming time,Corrected transcription,6 – Abramova 2021 same-sex controls,Use the males control subgroup matching offspring_sex. | Recalculate the control mean from the same-sex author raw subgroup (grum_totalTime). | Recalculate the control SD from the same-sex author raw subgroup (grum_totalTime). | All summaries in this package are calculated from the saved author workbook. | Use the stable path to the saved author workbook.,,5.017053,"SD / sqrt(n), using the same-sex subgroup in author raw data","included_studies/abramova_2021_front/abramova_2021_front.xlsx, Лист1, handling=No handling",,4.076942,"SD / sqrt(n), using the same-sex subgroup in author raw data","included_studies/abramova_2021_front/abramova_2021_front.xlsx, Лист1, handling=No handling"
87,abramova_2021_front,es086,female,Total freezing time,Corrected transcription,6 – Abramova 2021 same-sex controls,Use the females control subgroup matching offspring_sex. | Recalculate the control mean from the same-sex author raw subgroup (freez_totalTime). | Recalculate the control SD from the same-sex author raw subgroup (freez_totalTime). | All summaries in this package are calculated from the saved author workbook. | Use the stable path to the saved author workbook.,,8.700763,"SD / sqrt(n), using the same-sex subgroup in author raw data","included_studies/abramova_2021_front/abramova_2021_front.xlsx, Лист1, handling=No handling",,12.35351,"SD / sqrt(n), using the same-sex subgroup in author raw data","included_studies/abramova_2021_front/abramova_2021_front.xlsx, Лист1, handling=No handling"
88,abramova_2021_front,es087,male,Total freezing time,Corrected transcription,6 – Abramova 2021 same-sex controls,Use the males control subgroup matching offspring_sex. | Recalculate the control mean from the same-sex author raw subgroup (freez_totalTime). | Recalculate the control SD from the same-sex author raw subgroup (freez_totalTime). | All summaries in this package are calculated from the saved author workbook. | Use the stable path to the saved author workbook.,,7.327604,"SD / sqrt(n), using the same-sex subgroup in author raw data","included_studies/abramova_2021_front/abramova_2021_front.xlsx, Лист1, handling=No handling",,13.077469,"SD / sqrt(n), using the same-sex subgroup in author raw data","included_studies/abramova_2021_front/abramova_2021_front.xlsx, Лист1, handling=No handling"
89,badache_2017_stress,es088,male,Time in corners,Verified – no change,,,11.76,11.76,Reported SEM; used unchanged for analysis,badache_2017_stress_5a; Figure 5a,12.97,12.97,Reported SEM; used unchanged for analysis,badache_2017_stress_5a; Figure 5a
90,badache_2017_stress,es089,male,Sections crossed,Verified – no change,,,4.04,4.04,Reported SEM; used unchanged for analysis,badache_2017_stress_5b; Figure 5b,2.23,2.23,Reported SEM; used unchanged for analysis,badache_2017_stress_5b; Figure 5b
91,badache_2017_stress,es090,male,Time in central square,Verified – no change,,,0.23,0.23,Reported SEM; used unchanged for analysis,badache_2017_stress_5c; Figure 5c,0.07,0.07,Reported SEM; used unchanged for analysis,badache_2017_stress_5c; Figure 5c
92,badache_2017_stress,es091,male,Rearing time,Verified – no change,,,1.26,1.26,Reported SEM; used unchanged for analysis,badache_2017_stress_5d; Figure 5d,0.48,0.48,Reported SEM; used unchanged for analysis,badache_2017_stress_5d; Figure 5d
93,badache_2017_stress,es092,male,Time in open arms (OAT),Verified – no change,,,7.96,7.96,Reported SEM; used unchanged for analysis,badache_2017_stress_6a; Figure 6a,3.67,3.67,Reported SEM; used unchanged for analysis,badache_2017_stress_6a; Figure 6a
94,badache_2017_stress,es093,male,Rearing time,Verified – no change,,,1.13,1.13,Reported SEM; used unchanged for analysis,badache_2017_stress_6b; Figure 6b,0.51,0.51,Reported SEM; used unchanged for analysis,badache_2017_stress_6b; Figure 6b
95,whitlow_1978_thesis,es094,male,Sections crossed,Corrected derived value,Variance decision – Whitlow 1978,"Variance assumption accepted: SD=sqrt(mean), then SE=SD/sqrt(n).",,1.811483,Accepted analysis assumption: SD = sqrt(mean); SE = SD / sqrt(n),included_studies/whitlow_1978_thesis.pdf; figure error bars are not defined; assumption approved by reviewer,,1.887174,Accepted analysis assumption: SD = sqrt(mean); SE = SD / sqrt(n),included_studies/whitlow_1978_thesis.pdf; figure error bars are not defined; assumption approved by reviewer
96,whitlow_1978_thesis,es095,male,Sections crossed,Corrected derived value,Variance decision – Whitlow 1978,"Variance assumption accepted: SD=sqrt(mean), then SE=SD/sqrt(n).",,1.811483,Accepted analysis assumption: SD = sqrt(mean); SE = SD / sqrt(n),included_studies/whitlow_1978_thesis.pdf; figure error bars are not defined; assumption approved by reviewer,,1.74458,Accepted analysis assumption: SD = sqrt(mean); SE = SD / sqrt(n),included_studies/whitlow_1978_thesis.pdf; figure error bars are not defined; assumption approved by reviewer
97,whitlow_1978_thesis,es096,male,Sections crossed,Corrected derived value,Variance decision – Whitlow 1978,"Variance assumption accepted: SD=sqrt(mean), then SE=SD/sqrt(n).",,1.409617,Accepted analysis assumption: SD = sqrt(mean); SE = SD / sqrt(n),included_studies/whitlow_1978_thesis.pdf; figure error bars are not defined; assumption approved by reviewer,,1.46288,Accepted analysis assumption: SD = sqrt(mean); SE = SD / sqrt(n),included_studies/whitlow_1978_thesis.pdf; figure error bars are not defined; assumption approved by reviewer
98,whitlow_1978_thesis,es097,male,Sections crossed,Corrected derived value,Variance decision – Whitlow 1978,"Variance assumption accepted: SD=sqrt(mean), then SE=SD/sqrt(n).",,1.409617,Accepted analysis assumption: SD = sqrt(mean); SE = SD / sqrt(n),included_studies/whitlow_1978_thesis.pdf; figure error bars are not defined; assumption approved by reviewer,,1.357986,Accepted analysis assumption: SD = sqrt(mean); SE = SD / sqrt(n),included_studies/whitlow_1978_thesis.pdf; figure error bars are not defined; assumption approved by reviewer
99,whitlow_1978_thesis,es098,male,Sections crossed,Corrected derived value,Variance decision – Whitlow 1978,"Variance assumption accepted: SD=sqrt(mean), then SE=SD/sqrt(n).",,0.930853,Accepted analysis assumption: SD = sqrt(mean); SE = SD / sqrt(n),included_studies/whitlow_1978_thesis.pdf; figure error bars are not defined; assumption approved by reviewer,,1.156226,Accepted analysis assumption: SD = sqrt(mean); SE = SD / sqrt(n),included_studies/whitlow_1978_thesis.pdf; figure error bars are not defined; assumption approved by reviewer
100,whitlow_1978_thesis,es099,male,Sections crossed,Corrected derived value,Variance decision – Whitlow 1978,"Variance assumption accepted: SD=sqrt(mean), then SE=SD/sqrt(n).",,0.930853,Accepted analysis assumption: SD = sqrt(mean); SE = SD / sqrt(n),included_studies/whitlow_1978_thesis.pdf; figure error bars are not defined; assumption approved by reviewer,,0.887316,Accepted analysis assumption: SD = sqrt(mean); SE = SD / sqrt(n),included_studies/whitlow_1978_thesis.pdf; figure error bars are not defined; assumption approved by reviewer
101,whitlow_1978_thesis,es100,male,Grooming frequency,Corrected derived value,Variance decision – Whitlow 1978,"Variance assumption accepted: SD=sqrt(mean), then SE=SD/sqrt(n).",,0.473286,Accepted analysis assumption: SD = sqrt(mean); SE = SD / sqrt(n),included_studies/whitlow_1978_thesis.pdf; figure error bars are not defined; assumption approved by reviewer,,0.429012,Accepted analysis assumption: SD = sqrt(mean); SE = SD / sqrt(n),included_studies/whitlow_1978_thesis.pdf; figure error bars are not defined; assumption approved by reviewer
102,whitlow_1978_thesis,es101,male,Grooming frequency,Corrected derived value,Variance decision – Whitlow 1978,"Variance assumption accepted: SD=sqrt(mean), then SE=SD/sqrt(n).",,0.473286,Accepted analysis assumption: SD = sqrt(mean); SE = SD / sqrt(n),included_studies/whitlow_1978_thesis.pdf; figure error bars are not defined; assumption approved by reviewer,,0.430577,Accepted analysis assumption: SD = sqrt(mean); SE = SD / sqrt(n),included_studies/whitlow_1978_thesis.pdf; figure error bars are not defined; assumption approved by reviewer
103,whitlow_1978_thesis,es102,male,Grooming frequency,Corrected derived value,Variance decision – Whitlow 1978,"Variance assumption accepted: SD=sqrt(mean), then SE=SD/sqrt(n).",,0.565233,Accepted analysis assumption: SD = sqrt(mean); SE = SD / sqrt(n),included_studies/whitlow_1978_thesis.pdf; figure error bars are not defined; assumption approved by reviewer,,0.532475,Accepted analysis assumption: SD = sqrt(mean); SE = SD / sqrt(n),included_studies/whitlow_1978_thesis.pdf; figure error bars are not defined; assumption approved by reviewer
104,whitlow_1978_thesis,es103,male,Grooming frequency,Corrected derived value,Variance decision – Whitlow 1978,"Variance assumption accepted: SD=sqrt(mean), then SE=SD/sqrt(n).",,0.565233,Accepted analysis assumption: SD = sqrt(mean); SE = SD / sqrt(n),included_studies/whitlow_1978_thesis.pdf; figure error bars are not defined; assumption approved by reviewer,,0.490012,Accepted analysis assumption: SD = sqrt(mean); SE = SD / sqrt(n),included_studies/whitlow_1978_thesis.pdf; figure error bars are not defined; assumption approved by reviewer
105,whitlow_1978_thesis,es104,male,Grooming frequency,Corrected derived value,Variance decision – Whitlow 1978,"Variance assumption accepted: SD=sqrt(mean), then SE=SD/sqrt(n).",,0.43818,Accepted analysis assumption: SD = sqrt(mean); SE = SD / sqrt(n),included_studies/whitlow_1978_thesis.pdf; figure error bars are not defined; assumption approved by reviewer,,0.429526,Accepted analysis assumption: SD = sqrt(mean); SE = SD / sqrt(n),included_studies/whitlow_1978_thesis.pdf; figure error bars are not defined; assumption approved by reviewer
106,whitlow_1978_thesis,es105,male,Grooming frequency,Corrected derived value,Variance decision – Whitlow 1978,"Variance assumption accepted: SD=sqrt(mean), then SE=SD/sqrt(n).",,0.43818,Accepted analysis assumption: SD = sqrt(mean); SE = SD / sqrt(n),included_studies/whitlow_1978_thesis.pdf; figure error bars are not defined; assumption approved by reviewer,,0.392095,Accepted analysis assumption: SD = sqrt(mean); SE = SD / sqrt(n),included_studies/whitlow_1978_thesis.pdf; figure error bars are not defined; assumption approved by reviewer
107,whitlow_1978_thesis,es106,male,Defecation amount,Corrected derived value,Variance decision – Whitlow 1978,"Variance assumption accepted: SD=sqrt(mean), then SE=SD/sqrt(n).",,0.29496,Accepted analysis assumption: SD = sqrt(mean); SE = SD / sqrt(n),included_studies/whitlow_1978_thesis.pdf; figure error bars are not defined; assumption approved by reviewer,,0.344802,Accepted analysis assumption: SD = sqrt(mean); SE = SD / sqrt(n),included_studies/whitlow_1978_thesis.pdf; figure error bars are not defined; assumption approved by reviewer
108,whitlow_1978_thesis,es107,male,Defecation amount,Corrected derived value,Variance decision – Whitlow 1978,"Variance assumption accepted: SD=sqrt(mean), then SE=SD/sqrt(n).",,0.29496,Accepted analysis assumption: SD = sqrt(mean); SE = SD / sqrt(n),included_studies/whitlow_1978_thesis.pdf; figure error bars are not defined; assumption approved by reviewer,,0.318014,Accepted analysis assumption: SD = sqrt(mean); SE = SD / sqrt(n),included_studies/whitlow_1978_thesis.pdf; figure error bars are not defined; assumption approved by reviewer
109,whitlow_1978_thesis,es108,male,Defecation amount,Corrected derived value,Variance decision – Whitlow 1978,"Variance assumption accepted: SD=sqrt(mean), then SE=SD/sqrt(n).",,0.333174,Accepted analysis assumption: SD = sqrt(mean); SE = SD / sqrt(n),included_studies/whitlow_1978_thesis.pdf; figure error bars are not defined; assumption approved by reviewer,,0.314861,Accepted analysis assumption: SD = sqrt(mean); SE = SD / sqrt(n),included_studies/whitlow_1978_thesis.pdf; figure error bars are not defined; assumption approved by reviewer
110,whitlow_1978_thesis,es109,male,Defecation amount,Corrected derived value,Variance decision – Whitlow 1978,"Variance assumption accepted: SD=sqrt(mean), then SE=SD/sqrt(n).",,0.333174,Accepted analysis assumption: SD = sqrt(mean); SE = SD / sqrt(n),included_studies/whitlow_1978_thesis.pdf; figure error bars are not defined; assumption approved by reviewer,,0.302585,Accepted analysis assumption: SD = sqrt(mean); SE = SD / sqrt(n),included_studies/whitlow_1978_thesis.pdf; figure error bars are not defined; assumption approved by reviewer
111,whitlow_1978_thesis,es110,male,Defecation amount,Corrected derived value,Variance decision – Whitlow 1978,"Variance assumption accepted: SD=sqrt(mean), then SE=SD/sqrt(n).",,0.238745,Accepted analysis assumption: SD = sqrt(mean); SE = SD / sqrt(n),included_studies/whitlow_1978_thesis.pdf; figure error bars are not defined; assumption approved by reviewer,,0.358688,Accepted analysis assumption: SD = sqrt(mean); SE = SD / sqrt(n),included_studies/whitlow_1978_thesis.pdf; figure error bars are not defined; assumption approved by reviewer
112,whitlow_1978_thesis,es111,male,Defecation amount,Corrected derived value,Variance decision – Whitlow 1978,"Variance assumption accepted: SD=sqrt(mean), then SE=SD/sqrt(n).",,0.238745,Accepted analysis assumption: SD = sqrt(mean); SE = SD / sqrt(n),included_studies/whitlow_1978_thesis.pdf; figure error bars are not defined; assumption approved by reviewer,,0.378186,Accepted analysis assumption: SD = sqrt(mean); SE = SD / sqrt(n),included_studies/whitlow_1978_thesis.pdf; figure error bars are not defined; assumption approved by reviewer
113,whitlow_1978_thesis,es112,male,Sections crossed,Corrected derived value,Variance decision – Whitlow 1978,"Variance assumption accepted: SD=sqrt(mean), then SE=SD/sqrt(n).",,1.512722,Accepted analysis assumption: SD = sqrt(mean); SE = SD / sqrt(n),included_studies/whitlow_1978_thesis.pdf; figure error bars are not defined; assumption approved by reviewer,,1.887174,Accepted analysis assumption: SD = sqrt(mean); SE = SD / sqrt(n),included_studies/whitlow_1978_thesis.pdf; figure error bars are not defined; assumption approved by reviewer
114,whitlow_1978_thesis,es113,male,Sections crossed,Corrected derived value,Variance decision – Whitlow 1978,"Variance assumption accepted: SD=sqrt(mean), then SE=SD/sqrt(n).",,1.512722,Accepted analysis assumption: SD = sqrt(mean); SE = SD / sqrt(n),included_studies/whitlow_1978_thesis.pdf; figure error bars are not defined; assumption approved by reviewer,,1.74458,Accepted analysis assumption: SD = sqrt(mean); SE = SD / sqrt(n),included_studies/whitlow_1978_thesis.pdf; figure error bars are not defined; assumption approved by reviewer
115,whitlow_1978_thesis,es114,male,Sections crossed,Corrected derived value,Variance decision – Whitlow 1978,"Variance assumption accepted: SD=sqrt(mean), then SE=SD/sqrt(n).",,1.259689,Accepted analysis assumption: SD = sqrt(mean); SE = SD / sqrt(n),included_studies/whitlow_1978_thesis.pdf; figure error bars are not defined; assumption approved by reviewer,,1.46288,Accepted analysis assumption: SD = sqrt(mean); SE = SD / sqrt(n),included_studies/whitlow_1978_thesis.pdf; figure error bars are not defined; assumption approved by reviewer
116,whitlow_1978_thesis,es115,male,Sections crossed,Corrected derived value,Variance decision – Whitlow 1978,"Variance assumption accepted: SD=sqrt(mean), then SE=SD/sqrt(n).",,1.259689,Accepted analysis assumption: SD = sqrt(mean); SE = SD / sqrt(n),included_studies/whitlow_1978_thesis.pdf; figure error bars are not defined; assumption approved by reviewer,,1.357986,Accepted analysis assumption: SD = sqrt(mean); SE = SD / sqrt(n),included_studies/whitlow_1978_thesis.pdf; figure error bars are not defined; assumption approved by reviewer
117,whitlow_1978_thesis,es116,male,Sections crossed,Corrected derived value,Variance decision – Whitlow 1978,"Variance assumption accepted: SD=sqrt(mean), then SE=SD/sqrt(n).",,0.977743,Accepted analysis assumption: SD = sqrt(mean); SE = SD / sqrt(n),included_studies/whitlow_1978_thesis.pdf; figure error bars are not defined; assumption approved by reviewer,,1.156226,Accepted analysis assumption: SD = sqrt(mean); SE = SD / sqrt(n),included_studies/whitlow_1978_thesis.pdf; figure error bars are not defined; assumption approved by reviewer
118,whitlow_1978_thesis,es117,male,Sections crossed,Corrected derived value,Variance decision – Whitlow 1978,"Variance assumption accepted: SD=sqrt(mean), then SE=SD/sqrt(n).",,0.977743,Accepted analysis assumption: SD = sqrt(mean); SE = SD / sqrt(n),included_studies/whitlow_1978_thesis.pdf; figure error bars are not defined; assumption approved by reviewer,,0.887316,Accepted analysis assumption: SD = sqrt(mean); SE = SD / sqrt(n),included_studies/whitlow_1978_thesis.pdf; figure error bars are not defined; assumption approved by reviewer
119,whitlow_1978_thesis,es118,male,Grooming frequency,Corrected derived value,Variance decision – Whitlow 1978,"Variance assumption accepted: SD=sqrt(mean), then SE=SD/sqrt(n).",,0.450143,Accepted analysis assumption: SD = sqrt(mean); SE = SD / sqrt(n),included_studies/whitlow_1978_thesis.pdf; figure error bars are not defined; assumption approved by reviewer,,0.429012,Accepted analysis assumption: SD = sqrt(mean); SE = SD / sqrt(n),included_studies/whitlow_1978_thesis.pdf; figure error bars are not defined; assumption approved by reviewer
120,whitlow_1978_thesis,es119,male,Grooming frequency,Corrected derived value,Variance decision – Whitlow 1978,"Variance assumption accepted: SD=sqrt(mean), then SE=SD/sqrt(n).",,0.450143,Accepted analysis assumption: SD = sqrt(mean); SE = SD / sqrt(n),included_studies/whitlow_1978_thesis.pdf; figure error bars are not defined; assumption approved by reviewer,,0.430577,Accepted analysis assumption: SD = sqrt(mean); SE = SD / sqrt(n),included_studies/whitlow_1978_thesis.pdf; figure error bars are not defined; assumption approved by reviewer
121,whitlow_1978_thesis,es120,male,Grooming frequency,Corrected derived value,Variance decision – Whitlow 1978,"Variance assumption accepted: SD=sqrt(mean), then SE=SD/sqrt(n).",,0.419084,Accepted analysis assumption: SD = sqrt(mean); SE = SD / sqrt(n),included_studies/whitlow_1978_thesis.pdf; figure error bars are not defined; assumption approved by reviewer,,0.532475,Accepted analysis assumption: SD = sqrt(mean); SE = SD / sqrt(n),included_studies/whitlow_1978_thesis.pdf; figure error bars are not defined; assumption approved by reviewer
122,whitlow_1978_thesis,es121,male,Grooming frequency,Corrected derived value,Variance decision – Whitlow 1978,"Variance assumption accepted: SD=sqrt(mean), then SE=SD/sqrt(n).",,0.419084,Accepted analysis assumption: SD = sqrt(mean); SE = SD / sqrt(n),included_studies/whitlow_1978_thesis.pdf; figure error bars are not defined; assumption approved by reviewer,,0.490012,Accepted analysis assumption: SD = sqrt(mean); SE = SD / sqrt(n),included_studies/whitlow_1978_thesis.pdf; figure error bars are not defined; assumption approved by reviewer
123,whitlow_1978_thesis,es122,male,Grooming frequency,Corrected derived value,Variance decision – Whitlow 1978,"Variance assumption accepted: SD=sqrt(mean), then SE=SD/sqrt(n).",,0.438627,Accepted analysis assumption: SD = sqrt(mean); SE = SD / sqrt(n),included_studies/whitlow_1978_thesis.pdf; figure error bars are not defined; assumption approved by reviewer,,0.429526,Accepted analysis assumption: SD = sqrt(mean); SE = SD / sqrt(n),included_studies/whitlow_1978_thesis.pdf; figure error bars are not defined; assumption approved by reviewer
124,whitlow_1978_thesis,es123,male,Grooming frequency,Corrected derived value,Variance decision – Whitlow 1978,"Variance assumption accepted: SD=sqrt(mean), then SE=SD/sqrt(n).",,0.438627,Accepted analysis assumption: SD = sqrt(mean); SE = SD / sqrt(n),included_studies/whitlow_1978_thesis.pdf; figure error bars are not defined; assumption approved by reviewer,,0.392095,Accepted analysis assumption: SD = sqrt(mean); SE = SD / sqrt(n),included_studies/whitlow_1978_thesis.pdf; figure error bars are not defined; assumption approved by reviewer
125,whitlow_1978_thesis,es124,male,Defecation amount,Corrected derived value,Variance decision – Whitlow 1978,"Variance assumption accepted: SD=sqrt(mean), then SE=SD/sqrt(n).",,0.345316,Accepted analysis assumption: SD = sqrt(mean); SE = SD / sqrt(n),included_studies/whitlow_1978_thesis.pdf; figure error bars are not defined; assumption approved by reviewer,,0.344802,Accepted analysis assumption: SD = sqrt(mean); SE = SD / sqrt(n),included_studies/whitlow_1978_thesis.pdf; figure error bars are not defined; assumption approved by reviewer
126,whitlow_1978_thesis,es125,male,Defecation amount,Corrected derived value,Variance decision – Whitlow 1978,"Variance assumption accepted: SD=sqrt(mean), then SE=SD/sqrt(n).",,0.345316,Accepted analysis assumption: SD = sqrt(mean); SE = SD / sqrt(n),included_studies/whitlow_1978_thesis.pdf; figure error bars are not defined; assumption approved by reviewer,,0.318014,Accepted analysis assumption: SD = sqrt(mean); SE = SD / sqrt(n),included_studies/whitlow_1978_thesis.pdf; figure error bars are not defined; assumption approved by reviewer
127,whitlow_1978_thesis,es126,male,Defecation amount,Corrected derived value,Variance decision – Whitlow 1978,"Variance assumption accepted: SD=sqrt(mean), then SE=SD/sqrt(n).",,0.276311,Accepted analysis assumption: SD = sqrt(mean); SE = SD / sqrt(n),included_studies/whitlow_1978_thesis.pdf; figure error bars are not defined; assumption approved by reviewer,,0.314861,Accepted analysis assumption: SD = sqrt(mean); SE = SD / sqrt(n),included_studies/whitlow_1978_thesis.pdf; figure error bars are not defined; assumption approved by reviewer
128,whitlow_1978_thesis,es127,male,Defecation amount,Corrected derived value,Variance decision – Whitlow 1978,"Variance assumption accepted: SD=sqrt(mean), then SE=SD/sqrt(n).",,0.276311,Accepted analysis assumption: SD = sqrt(mean); SE = SD / sqrt(n),included_studies/whitlow_1978_thesis.pdf; figure error bars are not defined; assumption approved by reviewer,,0.302585,Accepted analysis assumption: SD = sqrt(mean); SE = SD / sqrt(n),included_studies/whitlow_1978_thesis.pdf; figure error bars are not defined; assumption approved by reviewer
129,whitlow_1978_thesis,es128,male,Defecation amount,Corrected derived value,Variance decision – Whitlow 1978,"Variance assumption accepted: SD=sqrt(mean), then SE=SD/sqrt(n).",,0.372484,Accepted analysis assumption: SD = sqrt(mean); SE = SD / sqrt(n),included_studies/whitlow_1978_thesis.pdf; figure error bars are not defined; assumption approved by reviewer,,0.358688,Accepted analysis assumption: SD = sqrt(mean); SE = SD / sqrt(n),included_studies/whitlow_1978_thesis.pdf; figure error bars are not defined; assumption approved by reviewer
130,whitlow_1978_thesis,es129,male,Defecation amount,Corrected derived value,Variance decision – Whitlow 1978,"Variance assumption accepted: SD=sqrt(mean), then SE=SD/sqrt(n).",,0.372484,Accepted analysis assumption: SD = sqrt(mean); SE = SD / sqrt(n),included_studies/whitlow_1978_thesis.pdf; figure error bars are not defined; assumption approved by reviewer,,0.378186,Accepted analysis assumption: SD = sqrt(mean); SE = SD / sqrt(n),included_studies/whitlow_1978_thesis.pdf; figure error bars are not defined; assumption approved by reviewer
131,abramova_2020_genpath,es130,male,Sections crossed,Corrected derived value,5 – Abramova 2020 derived SEs,The analysis SE is recalculated as SD/sqrt(n); no author-reported statistic is overwritten.,,5.948995,"SD / sqrt(n), using descriptive statistics calculated from author raw data","included_studies/abramova_2020_genpath/abramova2020_descriptives.xlsx, tidy_all",,6.070662,"SD / sqrt(n), using descriptive statistics calculated from author raw data","included_studies/abramova_2020_genpath/abramova2020_descriptives.xlsx, tidy_all"
132,abramova_2020_genpath,es131,female,Sections crossed,Corrected derived value,5 – Abramova 2020 derived SEs,The analysis SE is recalculated as SD/sqrt(n); no author-reported statistic is overwritten.,,6.011893,"SD / sqrt(n), using descriptive statistics calculated from author raw data","included_studies/abramova_2020_genpath/abramova2020_descriptives.xlsx, tidy_all",,4.86045,"SD / sqrt(n), using descriptive statistics calculated from author raw data","included_studies/abramova_2020_genpath/abramova2020_descriptives.xlsx, tidy_all"
133,abramova_2020_genpath,es132,male,Rearing frequency,Corrected derived value,5 – Abramova 2020 derived SEs,The analysis SE is recalculated as SD/sqrt(n); no author-reported statistic is overwritten.,,2.38249,"SD / sqrt(n), using descriptive statistics calculated from author raw data","included_studies/abramova_2020_genpath/abramova2020_descriptives.xlsx, tidy_all",,2.53665,"SD / sqrt(n), using descriptive statistics calculated from author raw data","included_studies/abramova_2020_genpath/abramova2020_descriptives.xlsx, tidy_all"
134,abramova_2020_genpath,es133,female,Rearing frequency,Corrected derived value,5 – Abramova 2020 derived SEs,The analysis SE is recalculated as SD/sqrt(n); no author-reported statistic is overwritten.,,2.286889,"SD / sqrt(n), using descriptive statistics calculated from author raw data","included_studies/abramova_2020_genpath/abramova2020_descriptives.xlsx, tidy_all",,2.22715,"SD / sqrt(n), using descriptive statistics calculated from author raw data","included_studies/abramova_2020_genpath/abramova2020_descriptives.xlsx, tidy_all"
135,abramova_2020_genpath,es134,male,Center entries (crossing),Corrected derived value,5 – Abramova 2020 derived SEs,The analysis SE is recalculated as SD/sqrt(n); no author-reported statistic is overwritten.,,1.0596,"SD / sqrt(n), using descriptive statistics calculated from author raw data","included_studies/abramova_2020_genpath/abramova2020_descriptives.xlsx, tidy_all",,0.326803,"SD / sqrt(n), using descriptive statistics calculated from author raw data","included_studies/abramova_2020_genpath/abramova2020_descriptives.xlsx, tidy_all"
136,abramova_2020_genpath,es135,female,Center entries (crossing),Corrected derived value,5 – Abramova 2020 derived SEs,The analysis SE is recalculated as SD/sqrt(n); no author-reported statistic is overwritten.,,0.647816,"SD / sqrt(n), using descriptive statistics calculated from author raw data","included_studies/abramova_2020_genpath/abramova2020_descriptives.xlsx, tidy_all",,0.232725,"SD / sqrt(n), using descriptive statistics calculated from author raw data","included_studies/abramova_2020_genpath/abramova2020_descriptives.xlsx, tidy_all"
137,abramova_2020_genpath,es136,male,Total grooming time,Corrected derived value,5 – Abramova 2020 derived SEs,The analysis SE is recalculated as SD/sqrt(n); no author-reported statistic is overwritten.,,3.898315,"SD / sqrt(n), using descriptive statistics calculated from author raw data","included_studies/abramova_2020_genpath/abramova2020_descriptives.xlsx, tidy_all",,4.581983,"SD / sqrt(n), using descriptive statistics calculated from author raw data","included_studies/abramova_2020_genpath/abramova2020_descriptives.xlsx, tidy_all"
138,abramova_2020_genpath,es137,female,Total grooming time,Corrected derived value,5 – Abramova 2020 derived SEs,The analysis SE is recalculated as SD/sqrt(n); no author-reported statistic is overwritten.,,4.774845,"SD / sqrt(n), using descriptive statistics calculated from author raw data","included_studies/abramova_2020_genpath/abramova2020_descriptives.xlsx, tidy_all",,3.074025,"SD / sqrt(n), using descriptive statistics calculated from author raw data","included_studies/abramova_2020_genpath/abramova2020_descriptives.xlsx, tidy_all"
139,abramova_2020_genpath,es138,male,Total freezing time,Corrected derived value,5 – Abramova 2020 derived SEs,The analysis SE is recalculated as SD/sqrt(n); no author-reported statistic is overwritten.,,5.49871,"SD / sqrt(n), using descriptive statistics calculated from author raw data","included_studies/abramova_2020_genpath/abramova2020_descriptives.xlsx, tidy_all",,10.044119,"SD / sqrt(n), using descriptive statistics calculated from author raw data","included_studies/abramova_2020_genpath/abramova2020_descriptives.xlsx, tidy_all"
140,abramova_2020_genpath,es139,female,Total freezing time,Corrected derived value,5 – Abramova 2020 derived SEs,The analysis SE is recalculated as SD/sqrt(n); no author-reported statistic is overwritten.,,7.584251,"SD / sqrt(n), using descriptive statistics calculated from author raw data","included_studies/abramova_2020_genpath/abramova2020_descriptives.xlsx, tidy_all",,7.162475,"SD / sqrt(n), using descriptive statistics calculated from author raw data","included_studies/abramova_2020_genpath/abramova2020_descriptives.xlsx, tidy_all"
141,abramova_2020_genpath,es140,male,Grooming frequency,Corrected derived value,5 – Abramova 2020 derived SEs,The analysis SE is recalculated as SD/sqrt(n); no author-reported statistic is overwritten.,,1.308466,"SD / sqrt(n), using descriptive statistics calculated from author raw data","included_studies/abramova_2020_genpath/abramova2020_descriptives.xlsx, tidy_all",,0.499002,"SD / sqrt(n), using descriptive statistics calculated from author raw data","included_studies/abramova_2020_genpath/abramova2020_descriptives.xlsx, tidy_all"
142,abramova_2020_genpath,es141,female,Grooming frequency,Corrected derived value,5 – Abramova 2020 derived SEs,The analysis SE is recalculated as SD/sqrt(n); no author-reported statistic is overwritten.,,0.639118,"SD / sqrt(n), using descriptive statistics calculated from author raw data","included_studies/abramova_2020_genpath/abramova2020_descriptives.xlsx, tidy_all",,0.341575,"SD / sqrt(n), using descriptive statistics calculated from author raw data","included_studies/abramova_2020_genpath/abramova2020_descriptives.xlsx, tidy_all"
143,abramova_2020_genpath,es142,male,Total time in dark,Corrected derived value,5 – Abramova 2020 derived SEs,The analysis SE is recalculated as SD/sqrt(n); no author-reported statistic is overwritten.,,3.82068,"SD / sqrt(n), using descriptive statistics calculated from author raw data","included_studies/abramova_2020_genpath/abramova2020_descriptives.xlsx, tidy_all",,9.054465,"SD / sqrt(n), using descriptive statistics calculated from author raw data","included_studies/abramova_2020_genpath/abramova2020_descriptives.xlsx, tidy_all"
144,abramova_2020_genpath,es143,female,Total time in dark,Corrected derived value,5 – Abramova 2020 derived SEs,The analysis SE is recalculated as SD/sqrt(n); no author-reported statistic is overwritten.,,5.562291,"SD / sqrt(n), using descriptive statistics calculated from author raw data","included_studies/abramova_2020_genpath/abramova2020_descriptives.xlsx, tidy_all",,10.968425,"SD / sqrt(n), using descriptive statistics calculated from author raw data","included_studies/abramova_2020_genpath/abramova2020_descriptives.xlsx, tidy_all"
145,abramova_2020_genpath,es144,male,Total time in light,Corrected derived value,5 – Abramova 2020 derived SEs,The analysis SE is recalculated as SD/sqrt(n); no author-reported statistic is overwritten.,,3.644701,"SD / sqrt(n), using descriptive statistics calculated from author raw data","included_studies/abramova_2020_genpath/abramova2020_descriptives.xlsx, tidy_all",,8.912044,"SD / sqrt(n), using descriptive statistics calculated from author raw data","included_studies/abramova_2020_genpath/abramova2020_descriptives.xlsx, tidy_all"
146,abramova_2020_genpath,es145,female,Total time in light,Corrected derived value,5 – Abramova 2020 derived SEs,The analysis SE is recalculated as SD/sqrt(n); no author-reported statistic is overwritten.,,5.168479,"SD / sqrt(n), using descriptive statistics calculated from author raw data","included_studies/abramova_2020_genpath/abramova2020_descriptives.xlsx, tidy_all",,10.4604,"SD / sqrt(n), using descriptive statistics calculated from author raw data","included_studies/abramova_2020_genpath/abramova2020_descriptives.xlsx, tidy_all"
147,abramova_2020_genpath,es146,male,Center entries (crossing),Corrected derived value,5 – Abramova 2020 derived SEs,The analysis SE is recalculated as SD/sqrt(n); no author-reported statistic is overwritten.,,0.467204,"SD / sqrt(n), using descriptive statistics calculated from author raw data","included_studies/abramova_2020_genpath/abramova2020_descriptives.xlsx, tidy_all",,0.719723,"SD / sqrt(n), using descriptive statistics calculated from author raw data","included_studies/abramova_2020_genpath/abramova2020_descriptives.xlsx, tidy_all"
148,abramova_2020_genpath,es147,female,Center entries (crossing),Corrected derived value,5 – Abramova 2020 derived SEs,The analysis SE is recalculated as SD/sqrt(n); no author-reported statistic is overwritten.,,0.616432,"SD / sqrt(n), using descriptive statistics calculated from author raw data","included_studies/abramova_2020_genpath/abramova2020_descriptives.xlsx, tidy_all",,0.809925,"SD / sqrt(n), using descriptive statistics calculated from author raw data","included_studies/abramova_2020_genpath/abramova2020_descriptives.xlsx, tidy_all"
149,abramova_2020_genpath,es148,male,Head-out inspections,Corrected derived value,5 – Abramova 2020 derived SEs,The analysis SE is recalculated as SD/sqrt(n); no author-reported statistic is overwritten.,,0.280045,"SD / sqrt(n), using descriptive statistics calculated from author raw data","included_studies/abramova_2020_genpath/abramova2020_descriptives.xlsx, tidy_all",,0.50421,"SD / sqrt(n), using descriptive statistics calculated from author raw data","included_studies/abramova_2020_genpath/abramova2020_descriptives.xlsx, tidy_all"
150,abramova_2020_genpath,es149,female,Head-out inspections,Corrected derived value,5 – Abramova 2020 derived SEs,The analysis SE is recalculated as SD/sqrt(n); no author-reported statistic is overwritten.,,0.441376,"SD / sqrt(n), using descriptive statistics calculated from author raw data","included_studies/abramova_2020_genpath/abramova2020_descriptives.xlsx, tidy_all",,0.478725,"SD / sqrt(n), using descriptive statistics calculated from author raw data","included_studies/abramova_2020_genpath/abramova2020_descriptives.xlsx, tidy_all"
151,abramova_2020_genpath,es150,male,Overhangs,Corrected derived value,5 – Abramova 2020 derived SEs,The analysis SE is recalculated as SD/sqrt(n); no author-reported statistic is overwritten.,,0.682381,"SD / sqrt(n), using descriptive statistics calculated from author raw data","included_studies/abramova_2020_genpath/abramova2020_descriptives.xlsx, tidy_all",,1.242263,"SD / sqrt(n), using descriptive statistics calculated from author raw data","included_studies/abramova_2020_genpath/abramova2020_descriptives.xlsx, tidy_all"
152,abramova_2020_genpath,es151,female,Overhangs,Corrected derived value,5 – Abramova 2020 derived SEs,The analysis SE is recalculated as SD/sqrt(n); no author-reported statistic is overwritten.,,1.164723,"SD / sqrt(n), using descriptive statistics calculated from author raw data","included_studies/abramova_2020_genpath/abramova2020_descriptives.xlsx, tidy_all",,1.714825,"SD / sqrt(n), using descriptive statistics calculated from author raw data","included_studies/abramova_2020_genpath/abramova2020_descriptives.xlsx, tidy_all"
153,abramova_2020_genpath,es152,male,Total grooming time,Corrected derived value,5 – Abramova 2020 derived SEs,The analysis SE is recalculated as SD/sqrt(n); no author-reported statistic is overwritten.,,8.57418,"SD / sqrt(n), using descriptive statistics calculated from author raw data","included_studies/abramova_2020_genpath/abramova2020_descriptives.xlsx, tidy_all",,4.762694,"SD / sqrt(n), using descriptive statistics calculated from author raw data","included_studies/abramova_2020_genpath/abramova2020_descriptives.xlsx, tidy_all"
154,abramova_2020_genpath,es153,female,Total grooming time,Corrected derived value,5 – Abramova 2020 derived SEs,The analysis SE is recalculated as SD/sqrt(n); no author-reported statistic is overwritten.,,10.421458,"SD / sqrt(n), using descriptive statistics calculated from author raw data","included_studies/abramova_2020_genpath/abramova2020_descriptives.xlsx, tidy_all",,5.518025,"SD / sqrt(n), using descriptive statistics calculated from author raw data","included_studies/abramova_2020_genpath/abramova2020_descriptives.xlsx, tidy_all"
155,abramova_2020_genpath,es154,male,Rearing frequency,Corrected derived value,5 – Abramova 2020 derived SEs,The analysis SE is recalculated as SD/sqrt(n); no author-reported statistic is overwritten.,,0.864128,"SD / sqrt(n), using descriptive statistics calculated from author raw data","included_studies/abramova_2020_genpath/abramova2020_descriptives.xlsx, tidy_all",,1.231458,"SD / sqrt(n), using descriptive statistics calculated from author raw data","included_studies/abramova_2020_genpath/abramova2020_descriptives.xlsx, tidy_all"
156,abramova_2020_genpath,es155,female,Rearing frequency,Corrected derived value,5 – Abramova 2020 derived SEs,The analysis SE is recalculated as SD/sqrt(n); no author-reported statistic is overwritten.,,1.295561,"SD / sqrt(n), using descriptive statistics calculated from author raw data","included_studies/abramova_2020_genpath/abramova2020_descriptives.xlsx, tidy_all",,1.6695,"SD / sqrt(n), using descriptive statistics calculated from author raw data","included_studies/abramova_2020_genpath/abramova2020_descriptives.xlsx, tidy_all"
157,abramova_2020_genpath,es156,male,Total freezing time,Corrected derived value,5 – Abramova 2020 derived SEs,The analysis SE is recalculated as SD/sqrt(n); no author-reported statistic is overwritten.,,8.108117,"SD / sqrt(n), using descriptive statistics calculated from author raw data","included_studies/abramova_2020_genpath/abramova2020_descriptives.xlsx, tidy_all",,2.588911,"SD / sqrt(n), using descriptive statistics calculated from author raw data","included_studies/abramova_2020_genpath/abramova2020_descriptives.xlsx, tidy_all"
158,abramova_2020_genpath,es157,female,Total freezing time,Corrected derived value,5 – Abramova 2020 derived SEs,The analysis SE is recalculated as SD/sqrt(n); no author-reported statistic is overwritten.,,7.265923,"SD / sqrt(n), using descriptive statistics calculated from author raw data","included_studies/abramova_2020_genpath/abramova2020_descriptives.xlsx, tidy_all",,4.602875,"SD / sqrt(n), using descriptive statistics calculated from author raw data","included_studies/abramova_2020_genpath/abramova2020_descriptives.xlsx, tidy_all"
159,abramova_2020_genpath,es158,male,Grooming frequency,Corrected derived value,5 – Abramova 2020 derived SEs,The analysis SE is recalculated as SD/sqrt(n); no author-reported statistic is overwritten.,,0.531133,"SD / sqrt(n), using descriptive statistics calculated from author raw data","included_studies/abramova_2020_genpath/abramova2020_descriptives.xlsx, tidy_all",,0.578678,"SD / sqrt(n), using descriptive statistics calculated from author raw data","included_studies/abramova_2020_genpath/abramova2020_descriptives.xlsx, tidy_all"
160,abramova_2020_genpath,es159,female,Grooming frequency,Corrected derived value,5 – Abramova 2020 derived SEs,The analysis SE is recalculated as SD/sqrt(n); no author-reported statistic is overwritten.,,0.53099,"SD / sqrt(n), using descriptive statistics calculated from author raw data","included_studies/abramova_2020_genpath/abramova2020_descriptives.xlsx, tidy_all",,0.4652,"SD / sqrt(n), using descriptive statistics calculated from author raw data","included_studies/abramova_2020_genpath/abramova2020_descriptives.xlsx, tidy_all"
161,abramova_2020_genpath,es160,male,Total immobility time,Corrected derived value,5 – Abramova 2020 derived SEs,The analysis SE is recalculated as SD/sqrt(n); no author-reported statistic is overwritten.,,13.930026,"SD / sqrt(n), using descriptive statistics calculated from author raw data","included_studies/abramova_2020_genpath/abramova2020_descriptives.xlsx, tidy_all",,16.378815,"SD / sqrt(n), using descriptive statistics calculated from author raw data","included_studies/abramova_2020_genpath/abramova2020_descriptives.xlsx, tidy_all"
162,abramova_2020_genpath,es161,female,Total immobility time,Corrected derived value,5 – Abramova 2020 derived SEs,The analysis SE is recalculated as SD/sqrt(n); no author-reported statistic is overwritten.,,13.264451,"SD / sqrt(n), using descriptive statistics calculated from author raw data","included_studies/abramova_2020_genpath/abramova2020_descriptives.xlsx, tidy_all",,18.9553,"SD / sqrt(n), using descriptive statistics calculated from author raw data","included_studies/abramova_2020_genpath/abramova2020_descriptives.xlsx, tidy_all"
163,abramova_2020_genpath,es162,male,Sucrose preference index,Corrected transcription,5 – Abramova 2020 derived SEs,Use the SD in the matching author-data descriptive row before deriving SE. | The analysis SE is recalculated as SD/sqrt(n); no author-reported statistic is overwritten.,,12.045387,"SD / sqrt(n), using descriptive statistics calculated from author raw data","included_studies/abramova_2020_genpath/abramova2020_descriptives.xlsx, tidy_all",,6.63828,"SD / sqrt(n), using descriptive statistics calculated from author raw data","included_studies/abramova_2020_genpath/abramova2020_descriptives.xlsx, tidy_all"
164,abramova_2020_genpath,es163,female,Sucrose preference index,Corrected derived value,5 – Abramova 2020 derived SEs,The analysis SE is recalculated as SD/sqrt(n); no author-reported statistic is overwritten.,,6.411963,"SD / sqrt(n), using descriptive statistics calculated from author raw data","included_studies/abramova_2020_genpath/abramova2020_descriptives.xlsx, tidy_all",,8.4909,"SD / sqrt(n), using descriptive statistics calculated from author raw data","included_studies/abramova_2020_genpath/abramova2020_descriptives.xlsx, tidy_all"
165,abramova_2023_biopsy,es164,male,Sections crossed,Corrected transcription,7 – Abramova 2023 identifiers and units,Use the stable path to the saved extraction/calculation workbook.,2.7,2.7,Reported SEM; used unchanged for analysis,"included_studies/abramova_2023_biopsy/abramova_2023_biopsy_data_calculations.xlsx, Table1_Extract, source row 2",3.3,3.3,Reported SEM; used unchanged for analysis,"included_studies/abramova_2023_biopsy/abramova_2023_biopsy_data_calculations.xlsx, Table1_Extract, source row 2"
166,abramova_2023_biopsy,es165,female,Sections crossed,Corrected transcription,7 – Abramova 2023 identifiers and units,Use the stable path to the saved extraction/calculation workbook.,3.5,3.5,Reported SEM; used unchanged for analysis,"included_studies/abramova_2023_biopsy/abramova_2023_biopsy_data_calculations.xlsx, Table1_Extract, source row 3",5.1,5.1,Reported SEM; used unchanged for analysis,"included_studies/abramova_2023_biopsy/abramova_2023_biopsy_data_calculations.xlsx, Table1_Extract, source row 3"
167,abramova_2023_biopsy,es166,male,Rearing frequency,Corrected transcription,7 – Abramova 2023 identifiers and units,Use the stable path to the saved extraction/calculation workbook.,1.7,1.7,Reported SEM; used unchanged for analysis,"included_studies/abramova_2023_biopsy/abramova_2023_biopsy_data_calculations.xlsx, Table1_Extract, source row 4",1.2,1.2,Reported SEM; used unchanged for analysis,"included_studies/abramova_2023_biopsy/abramova_2023_biopsy_data_calculations.xlsx, Table1_Extract, source row 4"
168,abramova_2023_biopsy,es167,female,Rearing frequency,Corrected transcription,7 – Abramova 2023 identifiers and units,Use the stable path to the saved extraction/calculation workbook.,2.5,2.5,Reported SEM; used unchanged for analysis,"included_studies/abramova_2023_biopsy/abramova_2023_biopsy_data_calculations.xlsx, Table1_Extract, source row 5",1.7,1.7,Reported SEM; used unchanged for analysis,"included_studies/abramova_2023_biopsy/abramova_2023_biopsy_data_calculations.xlsx, Table1_Extract, source row 5"
169,abramova_2023_biopsy,es168,male,Center entries (crossing),Analysis decision required,7 – Abramova 2023 identifiers and units,Use the stable path to the saved extraction/calculation workbook. | Choose and implement the central-tendency/dispersion conversion in the R data-wrangling workflow.,,,Not calculated here: median (Q1; Q3) reported; estimation is deferred to reproducible R data wrangling,"included_studies/abramova_2023_biopsy/abramova_2023_biopsy_data_calculations.xlsx, Table1_Extract, source row 6",,,Not calculated here: median (Q1; Q3) reported; estimation is deferred to reproducible R data wrangling,"included_studies/abramova_2023_biopsy/abramova_2023_biopsy_data_calculations.xlsx, Table1_Extract, source row 6"
170,abramova_2023_biopsy,es169,female,Center entries (crossing),Analysis decision required,7 – Abramova 2023 identifiers and units,Make the control identifier agree with the sex in the paired source row. | Make the exposed identifier agree with the sex in the paired source row. | Make the comparison identifier agree with the sex in the paired source row. | Use the stable path to the saved extraction/calculation workbook. | Choose and implement the central-tendency/dispersion conversion in the R data-wrangling workflow.,,,Not calculated here: median (Q1; Q3) reported; estimation is deferred to reproducible R data wrangling,"included_studies/abramova_2023_biopsy/abramova_2023_biopsy_data_calculations.xlsx, Table1_Extract, source row 7",,,Not calculated here: median (Q1; Q3) reported; estimation is deferred to reproducible R data wrangling,"included_studies/abramova_2023_biopsy/abramova_2023_biopsy_data_calculations.xlsx, Table1_Extract, source row 7"
171,abramova_2023_biopsy,es170,male,Total freezing time,Corrected transcription,7 – Abramova 2023 identifiers and units,Make the control identifier agree with the sex in the paired source row. | Make the exposed identifier agree with the sex in the paired source row. | Make the comparison identifier agree with the sex in the paired source row. | Use the stable path to the saved extraction/calculation workbook.,4.9,4.9,Reported SEM; used unchanged for analysis,"included_studies/abramova_2023_biopsy/abramova_2023_biopsy_data_calculations.xlsx, Table1_Extract, source row 8",19.4,19.4,Reported SEM; used unchanged for analysis,"included_studies/abramova_2023_biopsy/abramova_2023_biopsy_data_calculations.xlsx, Table1_Extract, source row 8"
172,abramova_2023_biopsy,es171,female,Total freezing time,Corrected transcription,7 – Abramova 2023 identifiers and units,Make the control identifier agree with the sex in the paired source row. | Make the exposed identifier agree with the sex in the paired source row. | Make the comparison identifier agree with the sex in the paired source row. | Use the stable path to the saved extraction/calculation workbook.,3.0,3.0,Reported SEM; used unchanged for analysis,"included_studies/abramova_2023_biopsy/abramova_2023_biopsy_data_calculations.xlsx, Table1_Extract, source row 9",20.1,20.1,Reported SEM; used unchanged for analysis,"included_studies/abramova_2023_biopsy/abramova_2023_biopsy_data_calculations.xlsx, Table1_Extract, source row 9"
173,abramova_2023_biopsy,es172,male,Total grooming time,Analysis decision required,7 – Abramova 2023 identifiers and units,Make the control identifier agree with the sex in the paired source row. | Make the exposed identifier agree with the sex in the paired source row. | Make the comparison identifier agree with the sex in the paired source row. | Use the stable path to the saved extraction/calculation workbook. | Choose and implement the central-tendency/dispersion conversion in the R data-wrangling workflow.,,,Not calculated here: median (Q1; Q3) reported; estimation is deferred to reproducible R data wrangling,"included_studies/abramova_2023_biopsy/abramova_2023_biopsy_data_calculations.xlsx, Table1_Extract, source row 10",,,Not calculated here: median (Q1; Q3) reported; estimation is deferred to reproducible R data wrangling,"included_studies/abramova_2023_biopsy/abramova_2023_biopsy_data_calculations.xlsx, Table1_Extract, source row 10"
174,abramova_2023_biopsy,es173,female,Total grooming time,Analysis decision required,7 – Abramova 2023 identifiers and units,Make the control identifier agree with the sex in the paired source row. | Make the exposed identifier agree with the sex in the paired source row. | Make the comparison identifier agree with the sex in the paired source row. | Use the stable path to the saved extraction/calculation workbook. | Choose and implement the central-tendency/dispersion conversion in the R data-wrangling workflow.,,,Not calculated here: median (Q1; Q3) reported; estimation is deferred to reproducible R data wrangling,"included_studies/abramova_2023_biopsy/abramova_2023_biopsy_data_calculations.xlsx, Table1_Extract, source row 11",,,Not calculated here: median (Q1; Q3) reported; estimation is deferred to reproducible R data wrangling,"included_studies/abramova_2023_biopsy/abramova_2023_biopsy_data_calculations.xlsx, Table1_Extract, source row 11"
175,abramova_2023_biopsy,es174,male,Grooming frequency,Corrected transcription,7 – Abramova 2023 identifiers and units,Make the control identifier agree with the sex in the paired source row. | Make the exposed identifier agree with the sex in the paired source row. | Make the comparison identifier agree with the sex in the paired source row. | Use the stable path to the saved extraction/calculation workbook.,0.6,0.6,Reported SEM; used unchanged for analysis,"included_studies/abramova_2023_biopsy/abramova_2023_biopsy_data_calculations.xlsx, Table1_Extract, source row 12",0.5,0.5,Reported SEM; used unchanged for analysis,"included_studies/abramova_2023_biopsy/abramova_2023_biopsy_data_calculations.xlsx, Table1_Extract, source row 12"
176,abramova_2023_biopsy,es175,female,Grooming frequency,Corrected transcription,7 – Abramova 2023 identifiers and units,Make the control identifier agree with the sex in the paired source row. | Make the exposed identifier agree with the sex in the paired source row. | Make the comparison identifier agree with the sex in the paired source row. | Use the stable path to the saved extraction/calculation workbook.,0.6,0.6,Reported SEM; used unchanged for analysis,"included_studies/abramova_2023_biopsy/abramova_2023_biopsy_data_calculations.xlsx, Table1_Extract, source row 13",0.6,0.6,Reported SEM; used unchanged for analysis,"included_studies/abramova_2023_biopsy/abramova_2023_biopsy_data_calculations.xlsx, Table1_Extract, source row 13"
177,abramova_2023_biopsy,es176,male,Mean grooming duration,Analysis decision required,7 – Abramova 2023 identifiers and units,"Make the control identifier agree with the sex in the paired source row. | Make the exposed identifier agree with the sex in the paired source row. | Make the comparison identifier agree with the sex in the paired source row. | Use the stable path to the saved extraction/calculation workbook. | Mean grooming duration is a duration, not a percentage. | The source table reports mean grooming duration in seconds. | Choose and implement the central-tendency/dispersion conversion in the R data-wrangling workflow.",,,Not calculated here: median (Q1; Q3) reported; estimation is deferred to reproducible R data wrangling,"included_studies/abramova_2023_biopsy/abramova_2023_biopsy_data_calculations.xlsx, Table1_Extract, source row 14",,,Not calculated here: median (Q1; Q3) reported; estimation is deferred to reproducible R data wrangling,"included_studies/abramova_2023_biopsy/abramova_2023_biopsy_data_calculations.xlsx, Table1_Extract, source row 14"
178,abramova_2023_biopsy,es177,female,Mean grooming duration,Analysis decision required,7 – Abramova 2023 identifiers and units,"Make the control identifier agree with the sex in the paired source row. | Make the exposed identifier agree with the sex in the paired source row. | Make the comparison identifier agree with the sex in the paired source row. | Use the stable path to the saved extraction/calculation workbook. | Mean grooming duration is a duration, not a percentage. | The source table reports mean grooming duration in seconds. | Choose and implement the central-tendency/dispersion conversion in the R data-wrangling workflow.",,,Not calculated here: median (Q1; Q3) reported; estimation is deferred to reproducible R data wrangling,"included_studies/abramova_2023_biopsy/abramova_2023_biopsy_data_calculations.xlsx, Table1_Extract, source row 15",,,Not calculated here: median (Q1; Q3) reported; estimation is deferred to reproducible R data wrangling,"included_studies/abramova_2023_biopsy/abramova_2023_biopsy_data_calculations.xlsx, Table1_Extract, source row 15"
179,abramova_2023_biopsy,es178,male,Total time in dark,Corrected transcription,7 – Abramova 2023 identifiers and units,Make the control identifier agree with the sex in the paired source row. | Make the exposed identifier agree with the sex in the paired source row. | Make the comparison identifier agree with the sex in the paired source row. | Use the stable path to the saved extraction/calculation workbook.,7.0,7.0,Reported SEM; used unchanged for analysis,"included_studies/abramova_2023_biopsy/abramova_2023_biopsy_data_calculations.xlsx, Table1_Extract, source row 16",13.0,13.0,Reported SEM; used unchanged for analysis,"included_studies/abramova_2023_biopsy/abramova_2023_biopsy_data_calculations.xlsx, Table1_Extract, source row 16"
180,abramova_2023_biopsy,es179,female,Total time in dark,Corrected transcription,7 – Abramova 2023 identifiers and units,Make the control identifier agree with the sex in the paired source row. | Make the exposed identifier agree with the sex in the paired source row. | Make the comparison identifier agree with the sex in the paired source row. | Use the stable path to the saved extraction/calculation workbook.,5.0,5.0,Reported SEM; used unchanged for analysis,"included_studies/abramova_2023_biopsy/abramova_2023_biopsy_data_calculations.xlsx, Table1_Extract, source row 17",11.0,11.0,Reported SEM; used unchanged for analysis,"included_studies/abramova_2023_biopsy/abramova_2023_biopsy_data_calculations.xlsx, Table1_Extract, source row 17"
181,abramova_2023_biopsy,es180,male,Total time in light,Analysis decision required,7 – Abramova 2023 identifiers and units,Make the control identifier agree with the sex in the paired source row. | Make the exposed identifier agree with the sex in the paired source row. | Make the comparison identifier agree with the sex in the paired source row. | Use the stable path to the saved extraction/calculation workbook. | Choose and implement the central-tendency/dispersion conversion in the R data-wrangling workflow.,,,Not calculated here: median (Q1; Q3) reported; estimation is deferred to reproducible R data wrangling,"included_studies/abramova_2023_biopsy/abramova_2023_biopsy_data_calculations.xlsx, Table1_Extract, source row 18",,,Not calculated here: median (Q1; Q3) reported; estimation is deferred to reproducible R data wrangling,"included_studies/abramova_2023_biopsy/abramova_2023_biopsy_data_calculations.xlsx, Table1_Extract, source row 18"
182,abramova_2023_biopsy,es181,female,Total time in light,Analysis decision required,7 – Abramova 2023 identifiers and units,Make the control identifier agree with the sex in the paired source row. | Make the exposed identifier agree with the sex in the paired source row. | Make the comparison identifier agree with the sex in the paired source row. | Use the stable path to the saved extraction/calculation workbook. | Choose and implement the central-tendency/dispersion conversion in the R data-wrangling workflow.,,,Not calculated here: median (Q1; Q3) reported; estimation is deferred to reproducible R data wrangling,"included_studies/abramova_2023_biopsy/abramova_2023_biopsy_data_calculations.xlsx, Table1_Extract, source row 19",,,Not calculated here: median (Q1; Q3) reported; estimation is deferred to reproducible R data wrangling,"included_studies/abramova_2023_biopsy/abramova_2023_biopsy_data_calculations.xlsx, Table1_Extract, source row 19"
183,abramova_2023_biopsy,es182,male,Center entries (crossing),Corrected transcription,7 – Abramova 2023 identifiers and units,Make the control identifier agree with the sex in the paired source row. | Make the exposed identifier agree with the sex in the paired source row. | Make the comparison identifier agree with the sex in the paired source row. | Use the stable path to the saved extraction/calculation workbook.,1.0,1.0,Reported SEM; used unchanged for analysis,"included_studies/abramova_2023_biopsy/abramova_2023_biopsy_data_calculations.xlsx, Table1_Extract, source row 20",0.8,0.8,Reported SEM; used unchanged for analysis,"included_studies/abramova_2023_biopsy/abramova_2023_biopsy_data_calculations.xlsx, Table1_Extract, source row 20"
184,abramova_2023_biopsy,es183,female,Center entries (crossing),Corrected transcription,7 – Abramova 2023 identifiers and units,Make the control identifier agree with the sex in the paired source row. | Make the exposed identifier agree with the sex in the paired source row. | Make the comparison identifier agree with the sex in the paired source row. | Use the stable path to the saved extraction/calculation workbook.,0.62,0.62,Reported SEM; used unchanged for analysis,"included_studies/abramova_2023_biopsy/abramova_2023_biopsy_data_calculations.xlsx, Table1_Extract, source row 21",0.7,0.7,Reported SEM; used unchanged for analysis,"included_studies/abramova_2023_biopsy/abramova_2023_biopsy_data_calculations.xlsx, Table1_Extract, source row 21"
185,abramova_2023_biopsy,es184,male,Head-out inspections,Analysis decision required,7 – Abramova 2023 identifiers and units,Make the control identifier agree with the sex in the paired source row. | Make the exposed identifier agree with the sex in the paired source row. | Make the comparison identifier agree with the sex in the paired source row. | Use the stable path to the saved extraction/calculation workbook. | Choose and implement the central-tendency/dispersion conversion in the R data-wrangling workflow.,,,Not calculated here: median (Q1; Q3) reported; estimation is deferred to reproducible R data wrangling,"included_studies/abramova_2023_biopsy/abramova_2023_biopsy_data_calculations.xlsx, Table1_Extract, source row 22",,,Not calculated here: median (Q1; Q3) reported; estimation is deferred to reproducible R data wrangling,"included_studies/abramova_2023_biopsy/abramova_2023_biopsy_data_calculations.xlsx, Table1_Extract, source row 22"
186,abramova_2023_biopsy,es185,female,Head-out inspections,Analysis decision required,7 – Abramova 2023 identifiers and units,Make the control identifier agree with the sex in the paired source row. | Make the exposed identifier agree with the sex in the paired source row. | Make the comparison identifier agree with the sex in the paired source row. | Use the stable path to the saved extraction/calculation workbook. | Choose and implement the central-tendency/dispersion conversion in the R data-wrangling workflow.,,,Not calculated here: median (Q1; Q3) reported; estimation is deferred to reproducible R data wrangling,"included_studies/abramova_2023_biopsy/abramova_2023_biopsy_data_calculations.xlsx, Table1_Extract, source row 23",,,Not calculated here: median (Q1; Q3) reported; estimation is deferred to reproducible R data wrangling,"included_studies/abramova_2023_biopsy/abramova_2023_biopsy_data_calculations.xlsx, Table1_Extract, source row 23"
187,abramova_2023_biopsy,es186,male,Overhangs,Corrected transcription,7 – Abramova 2023 identifiers and units,Make the control identifier agree with the sex in the paired source row. | Make the exposed identifier agree with the sex in the paired source row. | Make the comparison identifier agree with the sex in the paired source row. | Use the stable path to the saved extraction/calculation workbook.,1.5,1.5,Reported SEM; used unchanged for analysis,"included_studies/abramova_2023_biopsy/abramova_2023_biopsy_data_calculations.xlsx, Table1_Extract, source row 24",2.3,2.3,Reported SEM; used unchanged for analysis,"included_studies/abramova_2023_biopsy/abramova_2023_biopsy_data_calculations.xlsx, Table1_Extract, source row 24"
188,abramova_2023_biopsy,es187,female,Overhangs,Corrected transcription,7 – Abramova 2023 identifiers and units,Make the control identifier agree with the sex in the paired source row. | Make the exposed identifier agree with the sex in the paired source row. | Make the comparison identifier agree with the sex in the paired source row. | Use the stable path to the saved extraction/calculation workbook.,1.2,1.2,Reported SEM; used unchanged for analysis,"included_studies/abramova_2023_biopsy/abramova_2023_biopsy_data_calculations.xlsx, Table1_Extract, source row 25",1.7,1.7,Reported SEM; used unchanged for analysis,"included_studies/abramova_2023_biopsy/abramova_2023_biopsy_data_calculations.xlsx, Table1_Extract, source row 25"
189,abramova_2023_biopsy,es188,male,Rearing frequency,Corrected transcription,7 – Abramova 2023 identifiers and units,Make the control identifier agree with the sex in the paired source row. | Make the exposed identifier agree with the sex in the paired source row. | Make the comparison identifier agree with the sex in the paired source row. | Use the stable path to the saved extraction/calculation workbook.,1.8,1.8,Reported SEM; used unchanged for analysis,"included_studies/abramova_2023_biopsy/abramova_2023_biopsy_data_calculations.xlsx, Table1_Extract, source row 26",1.3,1.3,Reported SEM; used unchanged for analysis,"included_studies/abramova_2023_biopsy/abramova_2023_biopsy_data_calculations.xlsx, Table1_Extract, source row 26"
190,abramova_2023_biopsy,es189,female,Rearing frequency,Corrected transcription,7 – Abramova 2023 identifiers and units,Make the control identifier agree with the sex in the paired source row. | Make the exposed identifier agree with the sex in the paired source row. | Make the comparison identifier agree with the sex in the paired source row. | Use the stable path to the saved extraction/calculation workbook.,1.3,1.3,Reported SEM; used unchanged for analysis,"included_studies/abramova_2023_biopsy/abramova_2023_biopsy_data_calculations.xlsx, Table1_Extract, source row 27",1.4,1.4,Reported SEM; used unchanged for analysis,"included_studies/abramova_2023_biopsy/abramova_2023_biopsy_data_calculations.xlsx, Table1_Extract, source row 27"
191,abramova_2023_biopsy,es190,male,Total freezing time,Analysis decision required,7 – Abramova 2023 identifiers and units,Make the control identifier agree with the sex in the paired source row. | Make the exposed identifier agree with the sex in the paired source row. | Make the comparison identifier agree with the sex in the paired source row. | Use the stable path to the saved extraction/calculation workbook. | Choose and implement the central-tendency/dispersion conversion in the R data-wrangling workflow.,,,Not calculated here: median (Q1; Q3) reported; estimation is deferred to reproducible R data wrangling,"included_studies/abramova_2023_biopsy/abramova_2023_biopsy_data_calculations.xlsx, Table1_Extract, source row 28",,,Not calculated here: median (Q1; Q3) reported; estimation is deferred to reproducible R data wrangling,"included_studies/abramova_2023_biopsy/abramova_2023_biopsy_data_calculations.xlsx, Table1_Extract, source row 28"
192,abramova_2023_biopsy,es191,female,Total freezing time,Analysis decision required,7 – Abramova 2023 identifiers and units,Make the control identifier agree with the sex in the paired source row. | Make the exposed identifier agree with the sex in the paired source row. | Make the comparison identifier agree with the sex in the paired source row. | Use the stable path to the saved extraction/calculation workbook. | Choose and implement the central-tendency/dispersion conversion in the R data-wrangling workflow.,,,Not calculated here: median (Q1; Q3) reported; estimation is deferred to reproducible R data wrangling,"included_studies/abramova_2023_biopsy/abramova_2023_biopsy_data_calculations.xlsx, Table1_Extract, source row 29",,,Not calculated here: median (Q1; Q3) reported; estimation is deferred to reproducible R data wrangling,"included_studies/abramova_2023_biopsy/abramova_2023_biopsy_data_calculations.xlsx, Table1_Extract, source row 29"
193,abramova_2023_biopsy,es192,male,Total grooming time,Corrected transcription,7 – Abramova 2023 identifiers and units,Make the control identifier agree with the sex in the paired source row. | Make the exposed identifier agree with the sex in the paired source row. | Make the comparison identifier agree with the sex in the paired source row. | Use the stable path to the saved extraction/calculation workbook.,6.9,6.9,Reported SEM; used unchanged for analysis,"included_studies/abramova_2023_biopsy/abramova_2023_biopsy_data_calculations.xlsx, Table1_Extract, source row 30",6.6,6.6,Reported SEM; used unchanged for analysis,"included_studies/abramova_2023_biopsy/abramova_2023_biopsy_data_calculations.xlsx, Table1_Extract, source row 30"
194,abramova_2023_biopsy,es193,female,Total grooming time,Corrected transcription,7 – Abramova 2023 identifiers and units,Make the control identifier agree with the sex in the paired source row. | Make the exposed identifier agree with the sex in the paired source row. | Make the comparison identifier agree with the sex in the paired source row. | Use the stable path to the saved extraction/calculation workbook.,4.7,4.7,Reported SEM; used unchanged for analysis,"included_studies/abramova_2023_biopsy/abramova_2023_biopsy_data_calculations.xlsx, Table1_Extract, source row 31",10.1,10.1,Reported SEM; used unchanged for analysis,"included_studies/abramova_2023_biopsy/abramova_2023_biopsy_data_calculations.xlsx, Table1_Extract, source row 31"
195,abramova_2023_biopsy,es194,male,Grooming frequency,Analysis decision required,7 – Abramova 2023 identifiers and units,Make the control identifier agree with the sex in the paired source row. | Make the exposed identifier agree with the sex in the paired source row. | Make the comparison identifier agree with the sex in the paired source row. | Use the stable path to the saved extraction/calculation workbook. | Choose and implement the central-tendency/dispersion conversion in the R data-wrangling workflow.,,,Not calculated here: median (Q1; Q3) reported; estimation is deferred to reproducible R data wrangling,"included_studies/abramova_2023_biopsy/abramova_2023_biopsy_data_calculations.xlsx, Table1_Extract, source row 32",,,Not calculated here: median (Q1; Q3) reported; estimation is deferred to reproducible R data wrangling,"included_studies/abramova_2023_biopsy/abramova_2023_biopsy_data_calculations.xlsx, Table1_Extract, source row 32"
196,abramova_2023_biopsy,es195,female,Grooming frequency,Analysis decision required,7 – Abramova 2023 identifiers and units,Make the control identifier agree with the sex in the paired source row. | Make the exposed identifier agree with the sex in the paired source row. | Make the comparison identifier agree with the sex in the paired source row. | Use the stable path to the saved extraction/calculation workbook. | Choose and implement the central-tendency/dispersion conversion in the R data-wrangling workflow.,,,Not calculated here: median (Q1; Q3) reported; estimation is deferred to reproducible R data wrangling,"included_studies/abramova_2023_biopsy/abramova_2023_biopsy_data_calculations.xlsx, Table1_Extract, source row 33",,,Not calculated here: median (Q1; Q3) reported; estimation is deferred to reproducible R data wrangling,"included_studies/abramova_2023_biopsy/abramova_2023_biopsy_data_calculations.xlsx, Table1_Extract, source row 33"
197,abramova_2023_biopsy,es196,male,Mean grooming duration,Corrected transcription,7 – Abramova 2023 identifiers and units,"Make the control identifier agree with the sex in the paired source row. | Make the exposed identifier agree with the sex in the paired source row. | Make the comparison identifier agree with the sex in the paired source row. | Use the stable path to the saved extraction/calculation workbook. | Mean grooming duration is a duration, not a percentage. | The source table reports mean grooming duration in seconds.",1.8,1.8,Reported SEM; used unchanged for analysis,"included_studies/abramova_2023_biopsy/abramova_2023_biopsy_data_calculations.xlsx, Table1_Extract, source row 34",4.8,4.8,Reported SEM; used unchanged for analysis,"included_studies/abramova_2023_biopsy/abramova_2023_biopsy_data_calculations.xlsx, Table1_Extract, source row 34"
198,abramova_2023_biopsy,es197,female,Mean grooming duration,Corrected transcription,7 – Abramova 2023 identifiers and units,"Make the control identifier agree with the sex in the paired source row. | Make the exposed identifier agree with the sex in the paired source row. | Make the comparison identifier agree with the sex in the paired source row. | Use the stable path to the saved extraction/calculation workbook. | Mean grooming duration is a duration, not a percentage. | The source table reports mean grooming duration in seconds.",0.9,0.9,Reported SEM; used unchanged for analysis,"included_studies/abramova_2023_biopsy/abramova_2023_biopsy_data_calculations.xlsx, Table1_Extract, source row 35",2.9,2.9,Reported SEM; used unchanged for analysis,"included_studies/abramova_2023_biopsy/abramova_2023_biopsy_data_calculations.xlsx, Table1_Extract, source row 35"
199,abramova_2023_biopsy,es198,male,Sucrose preference index,Corrected transcription,7 – Abramova 2023 identifiers and units,Make the control identifier agree with the sex in the paired source row. | Make the exposed identifier agree with the sex in the paired source row. | Make the comparison identifier agree with the sex in the paired source row. | Use the stable path to the saved extraction/calculation workbook.,5.8,5.8,Reported SEM; used unchanged for analysis,"included_studies/abramova_2023_biopsy/abramova_2023_biopsy_data_calculations.xlsx, Table1_Extract, source row 36",4.4,4.4,Reported SEM; used unchanged for analysis,"included_studies/abramova_2023_biopsy/abramova_2023_biopsy_data_calculations.xlsx, Table1_Extract, source row 36"
200,abramova_2023_biopsy,es199,female,Sucrose preference index,Corrected transcription,7 – Abramova 2023 identifiers and units,Make the control identifier agree with the sex in the paired source row. | Make the exposed identifier agree with the sex in the paired source row. | Make the comparison identifier agree with the sex in the paired source row. | Use the stable path to the saved extraction/calculation workbook.,6.7,6.7,Reported SEM; used unchanged for analysis,"included_studies/abramova_2023_biopsy/abramova_2023_biopsy_data_calculations.xlsx, Table1_Extract, source row 37",4.0,4.0,Reported SEM; used unchanged for analysis,"included_studies/abramova_2023_biopsy/abramova_2023_biopsy_data_calculations.xlsx, Table1_Extract, source row 37"
201,abramova_2023_biopsy,es200,male,Total immobility time,Analysis decision required,7 – Abramova 2023 identifiers and units,Make the control identifier agree with the sex in the paired source row. | Make the exposed identifier agree with the sex in the paired source row. | Make the comparison identifier agree with the sex in the paired source row. | Use the stable path to the saved extraction/calculation workbook. | Choose and implement the central-tendency/dispersion conversion in the R data-wrangling workflow.,,,Not calculated here: median (Q1; Q3) reported; estimation is deferred to reproducible R data wrangling,"included_studies/abramova_2023_biopsy/abramova_2023_biopsy_data_calculations.xlsx, Table1_Extract, source row 38",,,Not calculated here: median (Q1; Q3) reported; estimation is deferred to reproducible R data wrangling,"included_studies/abramova_2023_biopsy/abramova_2023_biopsy_data_calculations.xlsx, Table1_Extract, source row 38"
202,abramova_2023_biopsy,es201,female,Total immobility time,Analysis decision required,7 – Abramova 2023 identifiers and units,Make the control identifier agree with the sex in the paired source row. | Make the exposed identifier agree with the sex in the paired source row. | Make the comparison identifier agree with the sex in the paired source row. | Use the stable path to the saved extraction/calculation workbook. | Choose and implement the central-tendency/dispersion conversion in the R data-wrangling workflow.,,,Not calculated here: median (Q1; Q3) reported; estimation is deferred to reproducible R data wrangling,"included_studies/abramova_2023_biopsy/abramova_2023_biopsy_data_calculations.xlsx, Table1_Extract, source row 39",,,Not calculated here: median (Q1; Q3) reported; estimation is deferred to reproducible R data wrangling,"included_studies/abramova_2023_biopsy/abramova_2023_biopsy_data_calculations.xlsx, Table1_Extract, source row 39"
203,abramova_2023_biopsy,es202,male,Total passive swimming,Corrected transcription,7 – Abramova 2023 identifiers and units,Make the control identifier agree with the sex in the paired source row. | Make the exposed identifier agree with the sex in the paired source row. | Make the comparison identifier agree with the sex in the paired source row. | Use the stable path to the saved extraction/calculation workbook.,13.0,13.0,Reported SEM; used unchanged for analysis,"included_studies/abramova_2023_biopsy/abramova_2023_biopsy_data_calculations.xlsx, Table1_Extract, source row 40",11.0,11.0,Reported SEM; used unchanged for analysis,"included_studies/abramova_2023_biopsy/abramova_2023_biopsy_data_calculations.xlsx, Table1_Extract, source row 40"
204,abramova_2023_biopsy,es203,female,Total passive swimming,Corrected transcription,7 – Abramova 2023 identifiers and units,Make the control identifier agree with the sex in the paired source row. | Make the exposed identifier agree with the sex in the paired source row. | Make the comparison identifier agree with the sex in the paired source row. | Use the stable path to the saved extraction/calculation workbook.,26.0,26.0,Reported SEM; used unchanged for analysis,"included_studies/abramova_2023_biopsy/abramova_2023_biopsy_data_calculations.xlsx, Table1_Extract, source row 41",8.0,8.0,Reported SEM; used unchanged for analysis,"included_studies/abramova_2023_biopsy/abramova_2023_biopsy_data_calculations.xlsx, Table1_Extract, source row 41"
205,abramova_2023_biopsy,es204,male,Total active swimming,Corrected transcription,7 – Abramova 2023 identifiers and units,Make the control identifier agree with the sex in the paired source row. | Make the exposed identifier agree with the sex in the paired source row. | Make the comparison identifier agree with the sex in the paired source row. | Use the stable path to the saved extraction/calculation workbook.,7.0,7.0,Reported SEM; used unchanged for analysis,"included_studies/abramova_2023_biopsy/abramova_2023_biopsy_data_calculations.xlsx, Table1_Extract, source row 42",5.0,5.0,Reported SEM; used unchanged for analysis,"included_studies/abramova_2023_biopsy/abramova_2023_biopsy_data_calculations.xlsx, Table1_Extract, source row 42"
206,abramova_2023_biopsy,es205,female,Total active swimming,Corrected transcription,7 – Abramova 2023 identifiers and units,Make the control identifier agree with the sex in the paired source row. | Make the exposed identifier agree with the sex in the paired source row. | Make the comparison identifier agree with the sex in the paired source row. | Use the stable path to the saved extraction/calculation workbook.,8.0,8.0,Reported SEM; used unchanged for analysis,"included_studies/abramova_2023_biopsy/abramova_2023_biopsy_data_calculations.xlsx, Table1_Extract, source row 43",7.0,7.0,Reported SEM; used unchanged for analysis,"included_studies/abramova_2023_biopsy/abramova_2023_biopsy_data_calculations.xlsx, Table1_Extract, source row 43"
207,abramova_2023_biopsy,es206,male,Number of dives,Analysis decision required,7 – Abramova 2023 identifiers and units,Make the control identifier agree with the sex in the paired source row. | Make the exposed identifier agree with the sex in the paired source row. | Make the comparison identifier agree with the sex in the paired source row. | Use the stable path to the saved extraction/calculation workbook. | Choose and implement the central-tendency/dispersion conversion in the R data-wrangling workflow.,,,Not calculated here: median (Q1; Q3) reported; estimation is deferred to reproducible R data wrangling,"included_studies/abramova_2023_biopsy/abramova_2023_biopsy_data_calculations.xlsx, Table1_Extract, source row 44",,,Not calculated here: median (Q1; Q3) reported; estimation is deferred to reproducible R data wrangling,"included_studies/abramova_2023_biopsy/abramova_2023_biopsy_data_calculations.xlsx, Table1_Extract, source row 44"
208,abramova_2023_biopsy,es207,female,Number of dives,Analysis decision required,7 – Abramova 2023 identifiers and units,Make the control identifier agree with the sex in the paired source row. | Make the exposed identifier agree with the sex in the paired source row. | Make the comparison identifier agree with the sex in the paired source row. | Use the stable path to the saved extraction/calculation workbook. | Choose and implement the central-tendency/dispersion conversion in the R data-wrangling workflow.,,,Not calculated here: median (Q1; Q3) reported; estimation is deferred to reproducible R data wrangling,"included_studies/abramova_2023_biopsy/abramova_2023_biopsy_data_calculations.xlsx, Table1_Extract, source row 45",,,Not calculated here: median (Q1; Q3) reported; estimation is deferred to reproducible R data wrangling,"included_studies/abramova_2023_biopsy/abramova_2023_biopsy_data_calculations.xlsx, Table1_Extract, source row 45"
