es_id,study_id,arm,mean_reported,mean_pre_zero,mean_analysis,mean_derivation,sd_reported,se_reported,sd_analysis,sd_derivation,se_analysis,se_derivation,se_source,exact_zero,zero_correction_reference_mean,zero_correction_primary_09,zero_correction_sensitivity_08,zero_mean_exclusion_sensitivity,analysis_ready
es001,uygur_2010_aphyhun,control,90.9,90.9,90.9,Reported mean; used unchanged,,58.69,185.5940758752822,SD = reported SE * sqrt(n),58.69,Reported SEM; used unchanged for analysis,uygur_2010_table2; Table II,FALSE,,,,FALSE,TRUE
es002,uygur_2010_aphyhun,control,4.3,4.3,4.3,Reported mean; used unchanged,,0.82,2.593067681338071,SD = reported SE * sqrt(n),0.82,Reported SEM; used unchanged for analysis,uygur_2010_table2; Table II,FALSE,,,,FALSE,TRUE
es003,uygur_2010_aphyhun,control,101.74,101.74,101.74,Reported mean; used unchanged,,25.25,79.84751091925158,SD = reported SE * sqrt(n),25.25,Reported SEM; used unchanged for analysis,uygur_2010_table2; Table II,FALSE,,,,FALSE,TRUE
es004,barzegar_2014_hippo,control,32.07,32.07,32.07,Reported mean; used unchanged,10.96,3.47,10.96,Reported or previously approved SD; used unchanged,3.47,Digitised reported SEM; used unchanged for analysis,Metadigitise_figs/metaDigitise_output.csv and saved figure image,FALSE,,,,FALSE,TRUE
es005,barzegar_2014_hippo,control,30.02,30.02,30.02,Reported mean; used unchanged,6.41,2.03,6.41,Reported or previously approved SD; used unchanged,2.03,Digitised reported SEM; used unchanged for analysis,Metadigitise_figs/metaDigitise_output.csv and saved figure image,FALSE,,,,FALSE,TRUE
es006,barzegar_2014_hippo,control,32.07,32.07,32.07,Reported mean; used unchanged,10.96,3.47,10.96,Reported or previously approved SD; used unchanged,3.47,Digitised reported SEM; used unchanged for analysis,Metadigitise_figs/metaDigitise_output.csv and saved figure image,FALSE,,,,FALSE,TRUE
es007,barzegar_2014_hippo,control,30.02,30.02,30.02,Reported mean; used unchanged,6.41,2.03,6.41,Reported or previously approved SD; used unchanged,2.03,Digitised reported SEM; used unchanged for analysis,Metadigitise_figs/metaDigitise_output.csv and saved figure image,FALSE,,,,FALSE,TRUE
es008,barzegar_2014_hippo,control,32.07,32.07,32.07,Reported mean; used unchanged,10.96,3.47,10.96,Reported or previously approved SD; used unchanged,3.47,Digitised reported SEM; used unchanged for analysis,Metadigitise_figs/metaDigitise_output.csv and saved figure image,FALSE,,,,FALSE,TRUE
es009,barzegar_2014_hippo,control,30.02,30.02,30.02,Reported mean; used unchanged,6.41,2.03,6.41,Reported or previously approved SD; used unchanged,2.03,Digitised reported SEM; used unchanged for analysis,Metadigitise_figs/metaDigitise_output.csv and saved figure image,FALSE,,,,FALSE,TRUE
es010,hassanvand_2012_phyphar,control,41.568,41.568,41.568,Reported mean; used unchanged,2.7625,,2.7625,Reported or previously approved SD; used unchanged,1.127786,SD / sqrt(n); derived for analysis from the extracted SD and sample size,hassanvand_2012_phyphar_Figure2; Figure 2,FALSE,,,,FALSE,TRUE
es011,hassanvand_2012_phyphar,control,13.943,13.943,13.943,Reported mean; used unchanged,1.8417,,1.8417,Reported or previously approved SD; used unchanged,0.751871,SD / sqrt(n); derived for analysis from the extracted SD and sample size,hassanvand_2012_phyphar_Figure2; Figure 2,FALSE,,,,FALSE,TRUE
es012,hassanvand_2012_phyphar,control,24.686,24.686,24.686,Reported mean; used unchanged,4.4507,,4.4507,Reported or previously approved SD; used unchanged,1.816991,SD / sqrt(n); derived for analysis from the extracted SD and sample size,hassanvand_2012_phyphar_Figure2; Figure 2,FALSE,,,,FALSE,TRUE
es013,arjunan_2023_stress,control,225.39,225.39,225.39,Reported mean; used unchanged,25.92,,25.92,Reported or previously approved SD; used unchanged,10.581796,SD / sqrt(n); derived for analysis from the extracted SD and sample size,arjunan_2023_stress_fig3B_cen; Figure 3B,FALSE,,,,FALSE,TRUE
es014,arjunan_2023_stress,control,71.74,71.74,71.74,Reported mean; used unchanged,28.21,,28.21,Reported or previously approved SD; used unchanged,11.516684,SD / sqrt(n); derived for analysis from the extracted SD and sample size,arjunan_2023_stress_fig3B_peri.png; Figure 3B,FALSE,,,,FALSE,TRUE
es015,arjunan_2023_stress,control,225.39,225.39,225.39,Reported mean; used unchanged,25.92,,25.92,Reported or previously approved SD; used unchanged,10.581796,SD / sqrt(n); derived for analysis from the extracted SD and sample size,arjunan_2023_stress_fig3B_cen; Figure 3B,FALSE,,,,FALSE,TRUE
es016,arjunan_2023_stress,control,71.74,71.74,71.74,Reported mean; used unchanged,28.21,,28.21,Reported or previously approved SD; used unchanged,11.516684,SD / sqrt(n); derived for analysis from the extracted SD and sample size,arjunan_2023_stress_fig3B_peri.png; Figure 3B,FALSE,,,,FALSE,TRUE
es017,arjunan_2023_stress,control,225.39,225.39,225.39,Reported mean; used unchanged,25.92,,25.92,Reported or previously approved SD; used unchanged,10.581796,SD / sqrt(n); derived for analysis from the extracted SD and sample size,arjunan_2023_stress_fig3B_cen; Figure 3B,FALSE,,,,FALSE,TRUE
es018,arjunan_2023_stress,control,71.74,71.74,71.74,Reported mean; used unchanged,28.21,,28.21,Reported or previously approved SD; used unchanged,11.516684,SD / sqrt(n); derived for analysis from the extracted SD and sample size,arjunan_2023_stress_fig3B_peri.png; Figure 3B,FALSE,,,,FALSE,TRUE
es019,hadizadeh_2018_irjbamedsci,control,54.98,54.98,54.98,Reported mean; used unchanged,7.67,3.13,7.67,Reported or previously approved SD; used unchanged,3.13,Reported SEM; used unchanged for analysis,hadizadeh_2018_irjbamedsci_fig2A; Figure 2A,FALSE,,,,FALSE,TRUE
es020,hadizadeh_2018_irjbamedsci,control,41.56,41.56,41.56,Reported mean; used unchanged,2.9,1.18,2.9,Reported or previously approved SD; used unchanged,1.18,Reported SEM; used unchanged for analysis,hadizadeh_2018_irjbamedsci_fig2B; Figure 2B,FALSE,,,,FALSE,TRUE
es021,abramova_2024_devneur,control,45.56,45.56,45.56,Reported mean; used unchanged,30.7,,30.7,Reported or previously approved SD; used unchanged,5.047049,SD / sqrt(n); derived for analysis from the extracted SD and sample size,abramova_2024_devneur_fig2a; Fig. 2. a,FALSE,,,,FALSE,TRUE
es022,abramova_2024_devneur,control,53.82,53.82,53.82,Reported mean; used unchanged,29.51,,29.51,Reported or previously approved SD; used unchanged,4.9881,SD / sqrt(n); derived for analysis from the extracted SD and sample size,abramova_2024_devneur_fig2a; Fig. 2. a,FALSE,,,,FALSE,TRUE
es023,abramova_2024_devneur,control,10.2,10.2,10.2,Reported mean; used unchanged,5.76,,5.76,Reported or previously approved SD; used unchanged,0.946938,SD / sqrt(n); derived for analysis from the extracted SD and sample size,abramova_2024_devneur_fig2b; Fig. 2. b,FALSE,,,,FALSE,TRUE
es024,abramova_2024_devneur,control,11.55,11.55,11.55,Reported mean; used unchanged,6.92,,6.92,Reported or previously approved SD; used unchanged,1.169693,SD / sqrt(n); derived for analysis from the extracted SD and sample size,abramova_2024_devneur_fig2b; Fig. 2. b,FALSE,,,,FALSE,TRUE
es025,abramova_2024_devneur,control,2.59,2.59,2.59,Reported mean; used unchanged,3.45,,3.45,Reported or previously approved SD; used unchanged,0.567177,SD / sqrt(n); derived for analysis from the extracted SD and sample size,abramova_2024_devneur_fig2c; Fig. 2. c,FALSE,,,,FALSE,TRUE
es026,abramova_2024_devneur,control,1.23,1.23,1.23,Reported mean; used unchanged,2.02,,2.02,Reported or previously approved SD; used unchanged,0.341442,SD / sqrt(n); derived for analysis from the extracted SD and sample size,abramova_2024_devneur_fig2c; Fig. 2. c,FALSE,,,,FALSE,TRUE
es027,abramova_2024_devneur,control,22.57,22.57,22.57,Reported mean; used unchanged,14.12,,14.12,Reported or previously approved SD; used unchanged,2.321314,SD / sqrt(n); derived for analysis from the extracted SD and sample size,abramova_2024_devneur_fig2d; Fig. 2. d,FALSE,,,,FALSE,TRUE
es028,abramova_2024_devneur,control,28.31,28.31,28.31,Reported mean; used unchanged,19.54,,19.54,Reported or previously approved SD; used unchanged,3.302863,SD / sqrt(n); derived for analysis from the extracted SD and sample size,abramova_2024_devneur_fig2d; Fig. 2. d,FALSE,,,,FALSE,TRUE
es029,abramova_2024_devneur,control,6.97,6.97,6.97,Reported mean; used unchanged,3.61,,3.61,Reported or previously approved SD; used unchanged,0.59348,SD / sqrt(n); derived for analysis from the extracted SD and sample size,abramova_2024_devneur_fig2e; Fig. 2. e,FALSE,,,,FALSE,TRUE
es030,abramova_2024_devneur,control,7.13,7.13,7.13,Reported mean; used unchanged,4.67,,4.67,Reported or previously approved SD; used unchanged,0.789374,SD / sqrt(n); derived for analysis from the extracted SD and sample size,abramova_2024_devneur_fig2e; Fig. 2. e,FALSE,,,,FALSE,TRUE
es031,abramova_2024_devneur,control,2.46,2.46,2.46,Reported mean; used unchanged,1.21,,1.21,Reported or previously approved SD; used unchanged,0.198923,SD / sqrt(n); derived for analysis from the extracted SD and sample size,abramova_2024_devneur_fig3a; Fig. 3. a,FALSE,,,,FALSE,TRUE
es032,abramova_2024_devneur,control,2.87,2.87,2.87,Reported mean; used unchanged,1.49,,1.49,Reported or previously approved SD; used unchanged,0.251856,SD / sqrt(n); derived for analysis from the extracted SD and sample size,abramova_2024_devneur_fig3a; Fig. 3. a,FALSE,,,,FALSE,TRUE
es033,abramova_2024_devneur,control,21.48,21.48,21.48,Reported mean; used unchanged,5.57,,5.57,Reported or previously approved SD; used unchanged,0.915702,SD / sqrt(n); derived for analysis from the extracted SD and sample size,abramova_2024_devneur_fig3c; Fig. 3. c,FALSE,,,,FALSE,TRUE
es034,abramova_2024_devneur,control,21.46,21.46,21.46,Reported mean; used unchanged,9.73,,9.73,Reported or previously approved SD; used unchanged,1.64467,SD / sqrt(n); derived for analysis from the extracted SD and sample size,abramova_2024_devneur_fig3c; Fig. 3. c,FALSE,,,,FALSE,TRUE
es035,abramova_2024_devneur,control,50.7,50.7,50.7,Reported mean; used unchanged,14.38,,14.38,Reported or previously approved SD; used unchanged,2.364057,SD / sqrt(n); derived for analysis from the extracted SD and sample size,abramova_2024_devneur_fig3b; Fig. 3. b,FALSE,,,,FALSE,TRUE
es036,abramova_2024_devneur,control,45.52,45.52,45.52,Reported mean; used unchanged,13.15,,13.15,Reported or previously approved SD; used unchanged,2.222756,SD / sqrt(n); derived for analysis from the extracted SD and sample size,abramova_2024_devneur_fig3b; Fig. 3. b,FALSE,,,,FALSE,TRUE
es037,abramova_2024_devneur,control,10.51,10.51,10.51,Reported mean; used unchanged,10.74,,10.74,Reported or previously approved SD; used unchanged,1.765645,SD / sqrt(n); derived for analysis from the extracted SD and sample size,abramova_2024_devneur_fig3d; Fig. 3. d,FALSE,,,,FALSE,TRUE
es038,abramova_2024_devneur,control,17.03,17.03,17.03,Reported mean; used unchanged,15.77,,15.77,Reported or previously approved SD; used unchanged,2.665617,SD / sqrt(n); derived for analysis from the extracted SD and sample size,abramova_2024_devneur_fig3d; Fig. 3. d,FALSE,,,,FALSE,TRUE
es039,abramova_2024_devneur,control,25.07,25.07,25.07,Reported mean; used unchanged,13.32,,13.32,Reported or previously approved SD; used unchanged,2.189795,SD / sqrt(n); derived for analysis from the extracted SD and sample size,abramova_2024_devneur_fig3e; Fig. 3. e,FALSE,,,,FALSE,TRUE
es040,abramova_2024_devneur,control,17.34,17.34,17.34,Reported mean; used unchanged,8.33,,8.33,Reported or previously approved SD; used unchanged,1.408027,SD / sqrt(n); derived for analysis from the extracted SD and sample size,abramova_2024_devneur_fig3e; Fig. 3. e,FALSE,,,,FALSE,TRUE
es041,abramova_2024_devneur,control,3.62,3.62,3.62,Reported mean; used unchanged,2.13,,2.13,Reported or previously approved SD; used unchanged,0.35017,SD / sqrt(n); derived for analysis from the extracted SD and sample size,abramova_2024_devneur_fig3f; Fig. 3. f,FALSE,,,,FALSE,TRUE
es042,abramova_2024_devneur,control,3.17,3.17,3.17,Reported mean; used unchanged,1.5,,1.5,Reported or previously approved SD; used unchanged,0.253546,SD / sqrt(n); derived for analysis from the extracted SD and sample size,abramova_2024_devneur_fig3f; Fig. 3. f,FALSE,,,,FALSE,TRUE
es043,abramova_2024_devneur,control,49.76,49.76,49.76,Reported mean; used unchanged,27.37,,27.37,Reported or previously approved SD; used unchanged,7.31494,SD / sqrt(n); derived for analysis from the extracted SD and sample size,abramova_2024_devneur_fig4a; Fig.4. a,FALSE,,,,FALSE,TRUE
es044,abramova_2024_devneur,control,103.97,103.97,103.97,Reported mean; used unchanged,44.65,,44.65,Reported or previously approved SD; used unchanged,12.889345,SD / sqrt(n); derived for analysis from the extracted SD and sample size,abramova_2024_devneur_fig4a; Fig.4. a,FALSE,,,,FALSE,TRUE
es045,abramova_2024_devneur,control,52.8,52.8,52.8,Reported mean; used unchanged,,4.3,26.15587888028234,SD = reported SE * sqrt(n),4.3,Reported SE in author email; used unchanged for analysis,included_studies/abramova_2024_devneur/abramova_2024_devneur_author_email_sucrose_preference.png,FALSE,,,,FALSE,TRUE
es046,abramova_2024_devneur,control,54.8,54.8,54.8,Reported mean; used unchanged,,5.2,30.763614872118005,SD = reported SE * sqrt(n),5.2,Reported SE in author email; used unchanged for analysis,included_studies/abramova_2024_devneur/abramova_2024_devneur_author_email_sucrose_preference.png,FALSE,,,,FALSE,TRUE
es047,oliveira_2015_jbehavbraisci,control,9.33,9.33,9.33,Reported mean; used unchanged,25.13,7.25,25.13,Reported or previously approved SD; used unchanged,7.25,Reported SEM; used unchanged for analysis,oliveira_2015_jbehavbraisci_fig2b; Figure 2. b,FALSE,,,,FALSE,TRUE
es048,oliveira_2015_jbehavbraisci,control,56.48,56.48,56.48,Reported mean; used unchanged,118.46,34.2,118.46,Reported or previously approved SD; used unchanged,34.2,Reported SEM; used unchanged for analysis,oliveira_2015_jbehavbraisci_fig2b; Figure 2. b,FALSE,,,,FALSE,TRUE
es049,oliveira_2015_jbehavbraisci,control,103.11,103.11,103.11,Reported mean; used unchanged,129.23,37.31,129.23,Reported or previously approved SD; used unchanged,37.31,Reported SEM; used unchanged for analysis,oliveira_2015_jbehavbraisci_fig2b; Figure 2. b,FALSE,,,,FALSE,TRUE
es050,oliveira_2015_jbehavbraisci,control,5.34,5.34,5.34,Reported mean; used unchanged,3.86,1.11,3.86,Reported or previously approved SD; used unchanged,1.11,Reported SEM; used unchanged for analysis,oliveira_2015_jbehavbraisci_fig3b; Figure 3. b,FALSE,,,,FALSE,TRUE
es051,oliveira_2015_jbehavbraisci,control,6.8,6.8,6.8,Reported mean; used unchanged,8.02,2.31,8.02,Reported or previously approved SD; used unchanged,2.31,Reported SEM; used unchanged for analysis,oliveira_2015_jbehavbraisci_fig3b; Figure 3. b,FALSE,,,,FALSE,TRUE
es052,oliveira_2015_jbehavbraisci,control,6.46,6.46,6.46,Reported mean; used unchanged,7.72,2.23,7.72,Reported or previously approved SD; used unchanged,2.23,Reported SEM; used unchanged for analysis,oliveira_2015_jbehavbraisci_fig3b; Figure 3. b,FALSE,,,,FALSE,TRUE
es053,pavlov_2023_molsci,control,71.6,71.6,71.6,Reported mean; used unchanged,9.72,,9.72,Reported or previously approved SD; used unchanged,3.073734,SD / sqrt(n); derived for analysis from the extracted SD and sample size,pavlov_2023_molsci_Fig4A; Figure 4A,FALSE,,,,FALSE,TRUE
es054,pavlov_2023_molsci,control,10.55,10.55,10.55,Reported mean; used unchanged,6.17,,6.17,Reported or previously approved SD; used unchanged,1.951125,SD / sqrt(n); derived for analysis from the extracted SD and sample size,pavlov_2023_molsci_Fig4C; Figure 4C,FALSE,,,,FALSE,TRUE
es055,pavlov_2023_molsci,control,71.66,71.66,71.66,Reported mean; used unchanged,17.5,,17.5,Reported or previously approved SD; used unchanged,5.533986,SD / sqrt(n); derived for analysis from the extracted SD and sample size,pavlov_2023_molsci_Fig4D; Figure 4D,FALSE,,,,FALSE,TRUE
es056,pavlov_2023_molsci,control,69.17,69.17,69.17,Reported mean; used unchanged,20.84,,20.84,Reported or previously approved SD; used unchanged,6.590187,SD / sqrt(n); derived for analysis from the extracted SD and sample size,pavlov_2023_molsci_Fig4E; Figure 4E,FALSE,,,,FALSE,TRUE
es057,pavlov_2023_molsci,control,13.27,13.27,13.27,Reported mean; used unchanged,5.44,,5.44,Reported or previously approved SD; used unchanged,1.720279,SD / sqrt(n); derived for analysis from the extracted SD and sample size,pavlov_2023_molsci_Fig4F; Figure 4F,FALSE,,,,FALSE,TRUE
es058,nishio_2006_intjdevlneur,control,27.16,27.16,27.16,Reported mean; used unchanged,13.81,6.17,13.81,Reported or previously approved SD; used unchanged,6.17,Reported SEM; used unchanged for analysis,nishio_2006_intjdevlneur_fig2a; Fig. 2a,FALSE,,,,FALSE,TRUE
es059,nishio_2006_intjdevlneur,control,18.69,18.69,18.69,Reported mean; used unchanged,6.84,3.06,6.84,Reported or previously approved SD; used unchanged,3.06,Reported SEM; used unchanged for analysis,nishio_2006_intjdevlneur_fig2a; Fig. 2a,FALSE,,,,FALSE,TRUE
es060,nishio_2006_intjdevlneur,control,39.61,39.61,39.61,Reported mean; used unchanged,9.64,4.31,9.64,Reported or previously approved SD; used unchanged,4.31,Reported SEM; used unchanged for analysis,nishio_2006_intjdevlneur_fig2b; Fig. 2b,FALSE,,,,FALSE,TRUE
es061,nishio_2006_intjdevlneur,control,33.07,33.07,33.07,Reported mean; used unchanged,7.6,3.4,7.6,Reported or previously approved SD; used unchanged,3.4,Reported SEM; used unchanged for analysis,nishio_2006_intjdevlneur_fig2b; Fig. 2b,FALSE,,,,FALSE,TRUE
es062,nishio_2006_intjdevlneur,control,3.97,3.97,3.97,Reported mean; used unchanged,1.71,0.76,1.71,Reported or previously approved SD; used unchanged,0.76,Reported SEM; used unchanged for analysis,nishio_2006_intjdevlneur_fig2c; Fig. 2c,FALSE,,,,FALSE,TRUE
es063,nishio_2006_intjdevlneur,control,6.68,6.68,6.68,Reported mean; used unchanged,2.41,1.08,2.41,Reported or previously approved SD; used unchanged,1.08,Reported SEM; used unchanged for analysis,nishio_2006_intjdevlneur_fig2c; Fig. 2c,FALSE,,,,FALSE,TRUE
es064,uygur_2011_ankarauniv,control,45.87,45.87,45.87,Reported mean; used unchanged,,8.29,24.869999999999997,SD = reported SE * sqrt(n),8.29,Reported SEM; used unchanged for analysis,uygur_2011_ankarauniv.pdf; In paper: Table 2.,FALSE,,,,FALSE,TRUE
es065,uygur_2011_ankarauniv,control,79.05,79.05,79.05,Reported mean; used unchanged,,13.52,40.56,SD = reported SE * sqrt(n),13.52,Reported SEM; used unchanged for analysis,uygur_2011_ankarauniv.pdf; In paper: Table 2.,FALSE,,,,FALSE,TRUE
es066,uygur_2011_ankarauniv,control,20.09,20.09,20.09,Reported mean; used unchanged,,6.28,18.84,SD = reported SE * sqrt(n),6.28,Reported SEM; used unchanged for analysis,uygur_2011_ankarauniv.pdf; In paper: Table 2.,FALSE,,,,FALSE,TRUE
es067,uygur_2011_ankarauniv,control,31.89,31.89,31.89,Reported mean; used unchanged,,13.15,39.45,SD = reported SE * sqrt(n),13.15,Reported SEM; used unchanged for analysis,uygur_2011_ankarauniv.pdf; In paper: Table 2.,FALSE,,,,FALSE,TRUE
es068,uygur_2011_ankarauniv,control,5.44,5.44,5.44,Reported mean; used unchanged,,1.49,4.47,SD = reported SE * sqrt(n),1.49,Reported SEM; used unchanged for analysis,uygur_2011_ankarauniv.pdf; In paper: Table 2.,FALSE,,,,FALSE,TRUE
es069,uygur_2011_ankarauniv,control,2.56,2.56,2.56,Reported mean; used unchanged,,0.95,2.8499999999999996,SD = reported SE * sqrt(n),0.95,Reported SEM; used unchanged for analysis,uygur_2011_ankarauniv.pdf; In paper: Table 2.,FALSE,,,,FALSE,TRUE
es070,uygur_2011_ankarauniv,control,26.78,26.78,26.78,Reported mean; used unchanged,,4.89,14.669999999999998,SD = reported SE * sqrt(n),4.89,Reported SEM; used unchanged for analysis,uygur_2011_ankarauniv.pdf; In paper: Table 2.,FALSE,,,,FALSE,TRUE
es071,uygur_2011_ankarauniv,control,16,16,16,Reported mean; used unchanged,,3.93,11.790000000000001,SD = reported SE * sqrt(n),3.93,Reported SEM; used unchanged for analysis,uygur_2011_ankarauniv.pdf; In paper: Table 2.,FALSE,,,,FALSE,TRUE
es072,morra_1965_physiolrec,control,19.5,19.5,19.5,Reported mean; used unchanged,8.4,,8.4,Reported or previously approved SD; used unchanged,1.058301,SD / sqrt(n); derived for analysis from the extracted SD and sample size,Table 2 and text,FALSE,,,,FALSE,TRUE
es073,morra_1965_physiolrec,control,13.1,13.1,13.1,Reported mean; used unchanged,7.9,,7.9,Reported or previously approved SD; used unchanged,0.995306,SD / sqrt(n); derived for analysis from the extracted SD and sample size,Table 2 and text,FALSE,,,,FALSE,TRUE
es074,abramova_2021_front,control,33.73913,33.73913,33.73913,Reported mean; used unchanged,16.895985,,16.895985,Reported or previously approved SD; used unchanged,3.523056,"SD / sqrt(n), using the same-sex subgroup in author raw data","included_studies/abramova_2021_front/abramova_2021_front.xlsx, Лист1, handling=No handling",FALSE,,,,FALSE,TRUE
es075,abramova_2021_front,control,29,29,29,Reported mean; used unchanged,15.790292,,15.790292,Reported or previously approved SD; used unchanged,3.158058,"SD / sqrt(n), using the same-sex subgroup in author raw data","included_studies/abramova_2021_front/abramova_2021_front.xlsx, Лист1, handling=No handling",FALSE,,,,FALSE,TRUE
es076,abramova_2021_front,control,10.130435,10.130435,10.130435,Reported mean; used unchanged,8.7558,,8.7558,Reported or previously approved SD; used unchanged,1.825711,"SD / sqrt(n), using the same-sex subgroup in author raw data","included_studies/abramova_2021_front/abramova_2021_front.xlsx, Лист1, handling=No handling",FALSE,,,,FALSE,TRUE
es077,abramova_2021_front,control,8.92,8.92,8.92,Reported mean; used unchanged,6.933734,,6.933734,Reported or previously approved SD; used unchanged,1.386747,"SD / sqrt(n), using the same-sex subgroup in author raw data","included_studies/abramova_2021_front/abramova_2021_front.xlsx, Лист1, handling=No handling",FALSE,,,,FALSE,TRUE
es078,abramova_2021_front,control,2.26087,2.26087,2.26087,Reported mean; used unchanged,2.526539,,2.526539,Reported or previously approved SD; used unchanged,0.52682,"SD / sqrt(n), using the same-sex subgroup in author raw data","included_studies/abramova_2021_front/abramova_2021_front.xlsx, Лист1, handling=No handling",FALSE,,,,FALSE,TRUE
es079,abramova_2021_front,control,1.16,1.16,1.16,Reported mean; used unchanged,1.491085,,1.491085,Reported or previously approved SD; used unchanged,0.298217,"SD / sqrt(n), using the same-sex subgroup in author raw data","included_studies/abramova_2021_front/abramova_2021_front.xlsx, Лист1, handling=No handling",FALSE,,,,FALSE,TRUE
es080,abramova_2021_front,control,5.176957,5.176957,5.176957,Reported mean; used unchanged,6.837676,,6.837676,Reported or previously approved SD; used unchanged,1.425754,"SD / sqrt(n), using the same-sex subgroup in author raw data","included_studies/abramova_2021_front/abramova_2021_front.xlsx, Лист1, handling=No handling",FALSE,,,,FALSE,TRUE
es081,abramova_2021_front,control,2.0964,2.0964,2.0964,Reported mean; used unchanged,3.390067,,3.390067,Reported or previously approved SD; used unchanged,0.678013,"SD / sqrt(n), using the same-sex subgroup in author raw data","included_studies/abramova_2021_front/abramova_2021_front.xlsx, Лист1, handling=No handling",FALSE,,,,FALSE,TRUE
es082,abramova_2021_front,control,2.652174,2.652174,2.652174,Reported mean; used unchanged,1.465007,,1.465007,Reported or previously approved SD; used unchanged,0.305475,"SD / sqrt(n), using the same-sex subgroup in author raw data","included_studies/abramova_2021_front/abramova_2021_front.xlsx, Лист1, handling=No handling",FALSE,,,,FALSE,TRUE
es083,abramova_2021_front,control,3.76,3.76,3.76,Reported mean; used unchanged,1.665333,,1.665333,Reported or previously approved SD; used unchanged,0.333067,"SD / sqrt(n), using the same-sex subgroup in author raw data","included_studies/abramova_2021_front/abramova_2021_front.xlsx, Лист1, handling=No handling",FALSE,,,,FALSE,TRUE
es084,abramova_2021_front,control,16.378696,16.378696,16.378696,Reported mean; used unchanged,13.13384,,13.13384,Reported or previously approved SD; used unchanged,2.738595,"SD / sqrt(n), using the same-sex subgroup in author raw data","included_studies/abramova_2021_front/abramova_2021_front.xlsx, Лист1, handling=No handling",FALSE,,,,FALSE,TRUE
es085,abramova_2021_front,control,34.048,34.048,34.048,Reported mean; used unchanged,25.085267,,25.085267,Reported or previously approved SD; used unchanged,5.017053,"SD / sqrt(n), using the same-sex subgroup in author raw data","included_studies/abramova_2021_front/abramova_2021_front.xlsx, Лист1, handling=No handling",FALSE,,,,FALSE,TRUE
es086,abramova_2021_front,control,39.256957,39.256957,39.256957,Reported mean; used unchanged,41.727392,,41.727392,Reported or previously approved SD; used unchanged,8.700763,"SD / sqrt(n), using the same-sex subgroup in author raw data","included_studies/abramova_2021_front/abramova_2021_front.xlsx, Лист1, handling=No handling",FALSE,,,,FALSE,TRUE
es087,abramova_2021_front,control,36.678,36.678,36.678,Reported mean; used unchanged,36.638022,,36.638022,Reported or previously approved SD; used unchanged,7.327604,"SD / sqrt(n), using the same-sex subgroup in author raw data","included_studies/abramova_2021_front/abramova_2021_front.xlsx, Лист1, handling=No handling",FALSE,,,,FALSE,TRUE
es088,badache_2017_stress,control,216.89,216.89,216.89,Reported mean; used unchanged,47.03,11.76,47.03,Reported or previously approved SD; used unchanged,11.76,Reported SEM; used unchanged for analysis,badache_2017_stress_5a; Figure 5a,FALSE,,,,FALSE,TRUE
es089,badache_2017_stress,control,70.44,70.44,70.44,Reported mean; used unchanged,16.15,4.04,16.15,Reported or previously approved SD; used unchanged,4.04,Reported SEM; used unchanged for analysis,badache_2017_stress_5b; Figure 5b,FALSE,,,,FALSE,TRUE
es090,badache_2017_stress,control,4.13,4.13,4.13,Reported mean; used unchanged,0.93,0.23,0.93,Reported or previously approved SD; used unchanged,0.23,Reported SEM; used unchanged for analysis,badache_2017_stress_5c; Figure 5c,FALSE,,,,FALSE,TRUE
es091,badache_2017_stress,control,22,22,22,Reported mean; used unchanged,5.03,1.26,5.03,Reported or previously approved SD; used unchanged,1.26,Reported SEM; used unchanged for analysis,badache_2017_stress_5d; Figure 5d,FALSE,,,,FALSE,TRUE
es092,badache_2017_stress,control,135.51,135.51,135.51,Reported mean; used unchanged,31.84,7.96,31.84,Reported or previously approved SD; used unchanged,7.96,Reported SEM; used unchanged for analysis,badache_2017_stress_6a; Figure 6a,FALSE,,,,FALSE,TRUE
es093,badache_2017_stress,control,18.12,18.12,18.12,Reported mean; used unchanged,4.52,1.13,4.52,Reported or previously approved SD; used unchanged,1.13,Reported SEM; used unchanged for analysis,badache_2017_stress_6b; Figure 6b,FALSE,,,,FALSE,TRUE
es094,whitlow_1978_thesis,control,65.63,65.63,65.63,Reported mean; used unchanged,8.1012,,8.1012,Reported or previously approved SD; used unchanged,1.811483,Accepted analysis assumption: SD = sqrt(mean); SE = SD / sqrt(n),included_studies/whitlow_1978_thesis.pdf; figure error bars are not defined; assumption approved by reviewer,FALSE,,,,FALSE,TRUE
es095,whitlow_1978_thesis,control,65.63,65.63,65.63,Reported mean; used unchanged,8.1012,,8.1012,Reported or previously approved SD; used unchanged,1.811483,Accepted analysis assumption: SD = sqrt(mean); SE = SD / sqrt(n),included_studies/whitlow_1978_thesis.pdf; figure error bars are not defined; assumption approved by reviewer,FALSE,,,,FALSE,TRUE
es096,whitlow_1978_thesis,control,39.74,39.74,39.74,Reported mean; used unchanged,6.304,,6.304,Reported or previously approved SD; used unchanged,1.409617,Accepted analysis assumption: SD = sqrt(mean); SE = SD / sqrt(n),included_studies/whitlow_1978_thesis.pdf; figure error bars are not defined; assumption approved by reviewer,FALSE,,,,FALSE,TRUE
es097,whitlow_1978_thesis,control,39.74,39.74,39.74,Reported mean; used unchanged,6.304,,6.304,Reported or previously approved SD; used unchanged,1.409617,Accepted analysis assumption: SD = sqrt(mean); SE = SD / sqrt(n),included_studies/whitlow_1978_thesis.pdf; figure error bars are not defined; assumption approved by reviewer,FALSE,,,,FALSE,TRUE
es098,whitlow_1978_thesis,control,17.33,17.33,17.33,Reported mean; used unchanged,4.1629,,4.1629,Reported or previously approved SD; used unchanged,0.930853,Accepted analysis assumption: SD = sqrt(mean); SE = SD / sqrt(n),included_studies/whitlow_1978_thesis.pdf; figure error bars are not defined; assumption approved by reviewer,FALSE,,,,FALSE,TRUE
es099,whitlow_1978_thesis,control,17.33,17.33,17.33,Reported mean; used unchanged,4.1629,,4.1629,Reported or previously approved SD; used unchanged,0.930853,Accepted analysis assumption: SD = sqrt(mean); SE = SD / sqrt(n),included_studies/whitlow_1978_thesis.pdf; figure error bars are not defined; assumption approved by reviewer,FALSE,,,,FALSE,TRUE
es100,whitlow_1978_thesis,control,4.48,4.48,4.48,Reported mean; used unchanged,2.1166,,2.1166,Reported or previously approved SD; used unchanged,0.473286,Accepted analysis assumption: SD = sqrt(mean); SE = SD / sqrt(n),included_studies/whitlow_1978_thesis.pdf; figure error bars are not defined; assumption approved by reviewer,FALSE,,,,FALSE,TRUE
es101,whitlow_1978_thesis,control,4.48,4.48,4.48,Reported mean; used unchanged,2.1166,,2.1166,Reported or previously approved SD; used unchanged,0.473286,Accepted analysis assumption: SD = sqrt(mean); SE = SD / sqrt(n),included_studies/whitlow_1978_thesis.pdf; figure error bars are not defined; assumption approved by reviewer,FALSE,,,,FALSE,TRUE
es102,whitlow_1978_thesis,control,6.39,6.39,6.39,Reported mean; used unchanged,2.5278,,2.5278,Reported or previously approved SD; used unchanged,0.565233,Accepted analysis assumption: SD = sqrt(mean); SE = SD / sqrt(n),included_studies/whitlow_1978_thesis.pdf; figure error bars are not defined; assumption approved by reviewer,FALSE,,,,FALSE,TRUE
es103,whitlow_1978_thesis,control,6.39,6.39,6.39,Reported mean; used unchanged,2.5278,,2.5278,Reported or previously approved SD; used unchanged,0.565233,Accepted analysis assumption: SD = sqrt(mean); SE = SD / sqrt(n),included_studies/whitlow_1978_thesis.pdf; figure error bars are not defined; assumption approved by reviewer,FALSE,,,,FALSE,TRUE
es104,whitlow_1978_thesis,control,3.84,3.84,3.84,Reported mean; used unchanged,1.9596,,1.9596,Reported or previously approved SD; used unchanged,0.43818,Accepted analysis assumption: SD = sqrt(mean); SE = SD / sqrt(n),included_studies/whitlow_1978_thesis.pdf; figure error bars are not defined; assumption approved by reviewer,FALSE,,,,FALSE,TRUE
es105,whitlow_1978_thesis,control,3.84,3.84,3.84,Reported mean; used unchanged,1.9596,,1.9596,Reported or previously approved SD; used unchanged,0.43818,Accepted analysis assumption: SD = sqrt(mean); SE = SD / sqrt(n),included_studies/whitlow_1978_thesis.pdf; figure error bars are not defined; assumption approved by reviewer,FALSE,,,,FALSE,TRUE
es106,whitlow_1978_thesis,control,1.74,1.74,1.74,Reported mean; used unchanged,1.3191,,1.3191,Reported or previously approved SD; used unchanged,0.29496,Accepted analysis assumption: SD = sqrt(mean); SE = SD / sqrt(n),included_studies/whitlow_1978_thesis.pdf; figure error bars are not defined; assumption approved by reviewer,FALSE,,,,FALSE,TRUE
es107,whitlow_1978_thesis,control,1.74,1.74,1.74,Reported mean; used unchanged,1.3191,,1.3191,Reported or previously approved SD; used unchanged,0.29496,Accepted analysis assumption: SD = sqrt(mean); SE = SD / sqrt(n),included_studies/whitlow_1978_thesis.pdf; figure error bars are not defined; assumption approved by reviewer,FALSE,,,,FALSE,TRUE
es108,whitlow_1978_thesis,control,2.22,2.22,2.22,Reported mean; used unchanged,1.49,,1.49,Reported or previously approved SD; used unchanged,0.333174,Accepted analysis assumption: SD = sqrt(mean); SE = SD / sqrt(n),included_studies/whitlow_1978_thesis.pdf; figure error bars are not defined; assumption approved by reviewer,FALSE,,,,FALSE,TRUE
es109,whitlow_1978_thesis,control,2.22,2.22,2.22,Reported mean; used unchanged,1.49,,1.49,Reported or previously approved SD; used unchanged,0.333174,Accepted analysis assumption: SD = sqrt(mean); SE = SD / sqrt(n),included_studies/whitlow_1978_thesis.pdf; figure error bars are not defined; assumption approved by reviewer,FALSE,,,,FALSE,TRUE
es110,whitlow_1978_thesis,control,1.14,1.14,1.14,Reported mean; used unchanged,1.0677,,1.0677,Reported or previously approved SD; used unchanged,0.238745,Accepted analysis assumption: SD = sqrt(mean); SE = SD / sqrt(n),included_studies/whitlow_1978_thesis.pdf; figure error bars are not defined; assumption approved by reviewer,FALSE,,,,FALSE,TRUE
es111,whitlow_1978_thesis,control,1.14,1.14,1.14,Reported mean; used unchanged,1.0677,,1.0677,Reported or previously approved SD; used unchanged,0.238745,Accepted analysis assumption: SD = sqrt(mean); SE = SD / sqrt(n),included_studies/whitlow_1978_thesis.pdf; figure error bars are not defined; assumption approved by reviewer,FALSE,,,,FALSE,TRUE
es112,whitlow_1978_thesis,control,45.7671,45.7671,45.7671,Reported mean; used unchanged,6.7651,,6.7651,Reported or previously approved SD; used unchanged,1.512722,Accepted analysis assumption: SD = sqrt(mean); SE = SD / sqrt(n),included_studies/whitlow_1978_thesis.pdf; figure error bars are not defined; assumption approved by reviewer,FALSE,,,,FALSE,TRUE
es113,whitlow_1978_thesis,control,45.7671,45.7671,45.7671,Reported mean; used unchanged,6.7651,,6.7651,Reported or previously approved SD; used unchanged,1.512722,Accepted analysis assumption: SD = sqrt(mean); SE = SD / sqrt(n),included_studies/whitlow_1978_thesis.pdf; figure error bars are not defined; assumption approved by reviewer,FALSE,,,,FALSE,TRUE
es114,whitlow_1978_thesis,control,31.7366,31.7366,31.7366,Reported mean; used unchanged,5.6335,,5.6335,Reported or previously approved SD; used unchanged,1.259689,Accepted analysis assumption: SD = sqrt(mean); SE = SD / sqrt(n),included_studies/whitlow_1978_thesis.pdf; figure error bars are not defined; assumption approved by reviewer,FALSE,,,,FALSE,TRUE
es115,whitlow_1978_thesis,control,31.7366,31.7366,31.7366,Reported mean; used unchanged,5.6335,,5.6335,Reported or previously approved SD; used unchanged,1.259689,Accepted analysis assumption: SD = sqrt(mean); SE = SD / sqrt(n),included_studies/whitlow_1978_thesis.pdf; figure error bars are not defined; assumption approved by reviewer,FALSE,,,,FALSE,TRUE
es116,whitlow_1978_thesis,control,19.1201,19.1201,19.1201,Reported mean; used unchanged,4.3726,,4.3726,Reported or previously approved SD; used unchanged,0.977743,Accepted analysis assumption: SD = sqrt(mean); SE = SD / sqrt(n),included_studies/whitlow_1978_thesis.pdf; figure error bars are not defined; assumption approved by reviewer,FALSE,,,,FALSE,TRUE
es117,whitlow_1978_thesis,control,19.1201,19.1201,19.1201,Reported mean; used unchanged,4.3726,,4.3726,Reported or previously approved SD; used unchanged,0.977743,Accepted analysis assumption: SD = sqrt(mean); SE = SD / sqrt(n),included_studies/whitlow_1978_thesis.pdf; figure error bars are not defined; assumption approved by reviewer,FALSE,,,,FALSE,TRUE
es118,whitlow_1978_thesis,control,4.0526,4.0526,4.0526,Reported mean; used unchanged,2.0131,,2.0131,Reported or previously approved SD; used unchanged,0.450143,Accepted analysis assumption: SD = sqrt(mean); SE = SD / sqrt(n),included_studies/whitlow_1978_thesis.pdf; figure error bars are not defined; assumption approved by reviewer,FALSE,,,,FALSE,TRUE
es119,whitlow_1978_thesis,control,4.0526,4.0526,4.0526,Reported mean; used unchanged,2.0131,,2.0131,Reported or previously approved SD; used unchanged,0.450143,Accepted analysis assumption: SD = sqrt(mean); SE = SD / sqrt(n),included_studies/whitlow_1978_thesis.pdf; figure error bars are not defined; assumption approved by reviewer,FALSE,,,,FALSE,TRUE
es120,whitlow_1978_thesis,control,3.5127,3.5127,3.5127,Reported mean; used unchanged,1.8742,,1.8742,Reported or previously approved SD; used unchanged,0.419084,Accepted analysis assumption: SD = sqrt(mean); SE = SD / sqrt(n),included_studies/whitlow_1978_thesis.pdf; figure error bars are not defined; assumption approved by reviewer,FALSE,,,,FALSE,TRUE
es121,whitlow_1978_thesis,control,3.5127,3.5127,3.5127,Reported mean; used unchanged,1.8742,,1.8742,Reported or previously approved SD; used unchanged,0.419084,Accepted analysis assumption: SD = sqrt(mean); SE = SD / sqrt(n),included_studies/whitlow_1978_thesis.pdf; figure error bars are not defined; assumption approved by reviewer,FALSE,,,,FALSE,TRUE
es122,whitlow_1978_thesis,control,3.8478,3.8478,3.8478,Reported mean; used unchanged,1.9616,,1.9616,Reported or previously approved SD; used unchanged,0.438627,Accepted analysis assumption: SD = sqrt(mean); SE = SD / sqrt(n),included_studies/whitlow_1978_thesis.pdf; figure error bars are not defined; assumption approved by reviewer,FALSE,,,,FALSE,TRUE
es123,whitlow_1978_thesis,control,3.8478,3.8478,3.8478,Reported mean; used unchanged,1.9616,,1.9616,Reported or previously approved SD; used unchanged,0.438627,Accepted analysis assumption: SD = sqrt(mean); SE = SD / sqrt(n),included_studies/whitlow_1978_thesis.pdf; figure error bars are not defined; assumption approved by reviewer,FALSE,,,,FALSE,TRUE
es124,whitlow_1978_thesis,control,2.3849,2.3849,2.3849,Reported mean; used unchanged,1.5443,,1.5443,Reported or previously approved SD; used unchanged,0.345316,Accepted analysis assumption: SD = sqrt(mean); SE = SD / sqrt(n),included_studies/whitlow_1978_thesis.pdf; figure error bars are not defined; assumption approved by reviewer,FALSE,,,,FALSE,TRUE
es125,whitlow_1978_thesis,control,2.3849,2.3849,2.3849,Reported mean; used unchanged,1.5443,,1.5443,Reported or previously approved SD; used unchanged,0.345316,Accepted analysis assumption: SD = sqrt(mean); SE = SD / sqrt(n),included_studies/whitlow_1978_thesis.pdf; figure error bars are not defined; assumption approved by reviewer,FALSE,,,,FALSE,TRUE
es126,whitlow_1978_thesis,control,1.5268,1.5268,1.5268,Reported mean; used unchanged,1.2357,,1.2357,Reported or previously approved SD; used unchanged,0.276311,Accepted analysis assumption: SD = sqrt(mean); SE = SD / sqrt(n),included_studies/whitlow_1978_thesis.pdf; figure error bars are not defined; assumption approved by reviewer,FALSE,,,,FALSE,TRUE
es127,whitlow_1978_thesis,control,1.5268,1.5268,1.5268,Reported mean; used unchanged,1.2357,,1.2357,Reported or previously approved SD; used unchanged,0.276311,Accepted analysis assumption: SD = sqrt(mean); SE = SD / sqrt(n),included_studies/whitlow_1978_thesis.pdf; figure error bars are not defined; assumption approved by reviewer,FALSE,,,,FALSE,TRUE
es128,whitlow_1978_thesis,control,2.775,2.775,2.775,Reported mean; used unchanged,1.6658,,1.6658,Reported or previously approved SD; used unchanged,0.372484,Accepted analysis assumption: SD = sqrt(mean); SE = SD / sqrt(n),included_studies/whitlow_1978_thesis.pdf; figure error bars are not defined; assumption approved by reviewer,FALSE,,,,FALSE,TRUE
es129,whitlow_1978_thesis,control,2.775,2.775,2.775,Reported mean; used unchanged,1.6658,,1.6658,Reported or previously approved SD; used unchanged,0.372484,Accepted analysis assumption: SD = sqrt(mean); SE = SD / sqrt(n),included_studies/whitlow_1978_thesis.pdf; figure error bars are not defined; assumption approved by reviewer,FALSE,,,,FALSE,TRUE
es130,abramova_2020_genpath,control,51.375,51.375,51.375,Reported mean; used unchanged,16.8263,,16.8263,Reported or previously approved SD; used unchanged,5.948995,"SD / sqrt(n), using descriptive statistics calculated from author raw data","included_studies/abramova_2020_genpath/abramova2020_descriptives.xlsx, tidy_all",FALSE,,,,FALSE,TRUE
es131,abramova_2020_genpath,control,65.5,65.5,65.5,Reported mean; used unchanged,17.0042,,17.0042,Reported or previously approved SD; used unchanged,6.011893,"SD / sqrt(n), using descriptive statistics calculated from author raw data","included_studies/abramova_2020_genpath/abramova2020_descriptives.xlsx, tidy_all",FALSE,,,,FALSE,TRUE
es132,abramova_2020_genpath,control,23.625,23.625,23.625,Reported mean; used unchanged,6.7387,,6.7387,Reported or previously approved SD; used unchanged,2.38249,"SD / sqrt(n), using descriptive statistics calculated from author raw data","included_studies/abramova_2020_genpath/abramova2020_descriptives.xlsx, tidy_all",FALSE,,,,FALSE,TRUE
es133,abramova_2020_genpath,control,28.125,28.125,28.125,Reported mean; used unchanged,6.4683,,6.4683,Reported or previously approved SD; used unchanged,2.286889,"SD / sqrt(n), using descriptive statistics calculated from author raw data","included_studies/abramova_2020_genpath/abramova2020_descriptives.xlsx, tidy_all",FALSE,,,,FALSE,TRUE
es134,abramova_2020_genpath,control,1.875,1.875,1.875,Reported mean; used unchanged,2.997,,2.997,Reported or previously approved SD; used unchanged,1.0596,"SD / sqrt(n), using descriptive statistics calculated from author raw data","included_studies/abramova_2020_genpath/abramova2020_descriptives.xlsx, tidy_all",FALSE,,,,FALSE,TRUE
es135,abramova_2020_genpath,control,2.75,2.75,2.75,Reported mean; used unchanged,1.8323,,1.8323,Reported or previously approved SD; used unchanged,0.647816,"SD / sqrt(n), using descriptive statistics calculated from author raw data","included_studies/abramova_2020_genpath/abramova2020_descriptives.xlsx, tidy_all",FALSE,,,,FALSE,TRUE
es136,abramova_2020_genpath,control,12.5038,12.5038,12.5038,Reported mean; used unchanged,11.0261,,11.0261,Reported or previously approved SD; used unchanged,3.898315,"SD / sqrt(n), using descriptive statistics calculated from author raw data","included_studies/abramova_2020_genpath/abramova2020_descriptives.xlsx, tidy_all",FALSE,,,,FALSE,TRUE
es137,abramova_2020_genpath,control,13.8713,13.8713,13.8713,Reported mean; used unchanged,13.5053,,13.5053,Reported or previously approved SD; used unchanged,4.774845,"SD / sqrt(n), using descriptive statistics calculated from author raw data","included_studies/abramova_2020_genpath/abramova2020_descriptives.xlsx, tidy_all",FALSE,,,,FALSE,TRUE
es138,abramova_2020_genpath,control,9.4775,9.4775,9.4775,Reported mean; used unchanged,15.5527,,15.5527,Reported or previously approved SD; used unchanged,5.49871,"SD / sqrt(n), using descriptive statistics calculated from author raw data","included_studies/abramova_2020_genpath/abramova2020_descriptives.xlsx, tidy_all",FALSE,,,,FALSE,TRUE
es139,abramova_2020_genpath,control,8.2563,8.2563,8.2563,Reported mean; used unchanged,21.4515,,21.4515,Reported or previously approved SD; used unchanged,7.584251,"SD / sqrt(n), using descriptive statistics calculated from author raw data","included_studies/abramova_2020_genpath/abramova2020_descriptives.xlsx, tidy_all",FALSE,,,,FALSE,TRUE
es140,abramova_2020_genpath,control,4.625,4.625,4.625,Reported mean; used unchanged,3.7009,,3.7009,Reported or previously approved SD; used unchanged,1.308466,"SD / sqrt(n), using descriptive statistics calculated from author raw data","included_studies/abramova_2020_genpath/abramova2020_descriptives.xlsx, tidy_all",FALSE,,,,FALSE,TRUE
es141,abramova_2020_genpath,control,2.875,2.875,2.875,Reported mean; used unchanged,1.8077,,1.8077,Reported or previously approved SD; used unchanged,0.639118,"SD / sqrt(n), using descriptive statistics calculated from author raw data","included_studies/abramova_2020_genpath/abramova2020_descriptives.xlsx, tidy_all",FALSE,,,,FALSE,TRUE
es142,abramova_2020_genpath,control,282.218,282.218,282.218,Reported mean; used unchanged,17.0866,,17.0866,Reported or previously approved SD; used unchanged,3.82068,"SD / sqrt(n), using descriptive statistics calculated from author raw data","included_studies/abramova_2020_genpath/abramova2020_descriptives.xlsx, tidy_all",FALSE,,,,FALSE,TRUE
es143,abramova_2020_genpath,control,270.4478,270.4478,270.4478,Reported mean; used unchanged,23.5988,,23.5988,Reported or previously approved SD; used unchanged,5.562291,"SD / sqrt(n), using descriptive statistics calculated from author raw data","included_studies/abramova_2020_genpath/abramova2020_descriptives.xlsx, tidy_all",FALSE,,,,FALSE,TRUE
es144,abramova_2020_genpath,control,15.626,15.626,15.626,Reported mean; used unchanged,16.2996,,16.2996,Reported or previously approved SD; used unchanged,3.644701,"SD / sqrt(n), using descriptive statistics calculated from author raw data","included_studies/abramova_2020_genpath/abramova2020_descriptives.xlsx, tidy_all",FALSE,,,,FALSE,TRUE
es145,abramova_2020_genpath,control,26.8306,26.8306,26.8306,Reported mean; used unchanged,21.928,,21.928,Reported or previously approved SD; used unchanged,5.168479,"SD / sqrt(n), using descriptive statistics calculated from author raw data","included_studies/abramova_2020_genpath/abramova2020_descriptives.xlsx, tidy_all",FALSE,,,,FALSE,TRUE
es146,abramova_2020_genpath,control,1.95,1.95,1.95,Reported mean; used unchanged,2.0894,,2.0894,Reported or previously approved SD; used unchanged,0.467204,"SD / sqrt(n), using descriptive statistics calculated from author raw data","included_studies/abramova_2020_genpath/abramova2020_descriptives.xlsx, tidy_all",FALSE,,,,FALSE,TRUE
es147,abramova_2020_genpath,control,4.3889,4.3889,4.3889,Reported mean; used unchanged,2.6153,,2.6153,Reported or previously approved SD; used unchanged,0.616432,"SD / sqrt(n), using descriptive statistics calculated from author raw data","included_studies/abramova_2020_genpath/abramova2020_descriptives.xlsx, tidy_all",FALSE,,,,FALSE,TRUE
es148,abramova_2020_genpath,control,2.9,2.9,2.9,Reported mean; used unchanged,1.2524,,1.2524,Reported or previously approved SD; used unchanged,0.280045,"SD / sqrt(n), using descriptive statistics calculated from author raw data","included_studies/abramova_2020_genpath/abramova2020_descriptives.xlsx, tidy_all",FALSE,,,,FALSE,TRUE
es149,abramova_2020_genpath,control,3.7222,3.7222,3.7222,Reported mean; used unchanged,1.8726,,1.8726,Reported or previously approved SD; used unchanged,0.441376,"SD / sqrt(n), using descriptive statistics calculated from author raw data","included_studies/abramova_2020_genpath/abramova2020_descriptives.xlsx, tidy_all",FALSE,,,,FALSE,TRUE
es150,abramova_2020_genpath,control,2.95,2.95,2.95,Reported mean; used unchanged,3.0517,,3.0517,Reported or previously approved SD; used unchanged,0.682381,"SD / sqrt(n), using descriptive statistics calculated from author raw data","included_studies/abramova_2020_genpath/abramova2020_descriptives.xlsx, tidy_all",FALSE,,,,FALSE,TRUE
es151,abramova_2020_genpath,control,5.7778,5.7778,5.7778,Reported mean; used unchanged,4.9415,,4.9415,Reported or previously approved SD; used unchanged,1.164723,"SD / sqrt(n), using descriptive statistics calculated from author raw data","included_studies/abramova_2020_genpath/abramova2020_descriptives.xlsx, tidy_all",FALSE,,,,FALSE,TRUE
es152,abramova_2020_genpath,control,47.411,47.411,47.411,Reported mean; used unchanged,38.3449,,38.3449,Reported or previously approved SD; used unchanged,8.57418,"SD / sqrt(n), using descriptive statistics calculated from author raw data","included_studies/abramova_2020_genpath/abramova2020_descriptives.xlsx, tidy_all",FALSE,,,,FALSE,TRUE
es153,abramova_2020_genpath,control,46.7839,46.7839,46.7839,Reported mean; used unchanged,44.2145,,44.2145,Reported or previously approved SD; used unchanged,10.421458,"SD / sqrt(n), using descriptive statistics calculated from author raw data","included_studies/abramova_2020_genpath/abramova2020_descriptives.xlsx, tidy_all",FALSE,,,,FALSE,TRUE
es154,abramova_2020_genpath,control,8.25,8.25,8.25,Reported mean; used unchanged,3.8645,,3.8645,Reported or previously approved SD; used unchanged,0.864128,"SD / sqrt(n), using descriptive statistics calculated from author raw data","included_studies/abramova_2020_genpath/abramova2020_descriptives.xlsx, tidy_all",FALSE,,,,FALSE,TRUE
es155,abramova_2020_genpath,control,11.7222,11.7222,11.7222,Reported mean; used unchanged,5.4966,,5.4966,Reported or previously approved SD; used unchanged,1.295561,"SD / sqrt(n), using descriptive statistics calculated from author raw data","included_studies/abramova_2020_genpath/abramova2020_descriptives.xlsx, tidy_all",FALSE,,,,FALSE,TRUE
es156,abramova_2020_genpath,control,22.984,22.984,22.984,Reported mean; used unchanged,36.2606,,36.2606,Reported or previously approved SD; used unchanged,8.108117,"SD / sqrt(n), using descriptive statistics calculated from author raw data","included_studies/abramova_2020_genpath/abramova2020_descriptives.xlsx, tidy_all",FALSE,,,,FALSE,TRUE
es157,abramova_2020_genpath,control,11.1783,11.1783,11.1783,Reported mean; used unchanged,30.8267,,30.8267,Reported or previously approved SD; used unchanged,7.265923,"SD / sqrt(n), using descriptive statistics calculated from author raw data","included_studies/abramova_2020_genpath/abramova2020_descriptives.xlsx, tidy_all",FALSE,,,,FALSE,TRUE
es158,abramova_2020_genpath,control,3.8,3.8,3.8,Reported mean; used unchanged,2.3753,,2.3753,Reported or previously approved SD; used unchanged,0.531133,"SD / sqrt(n), using descriptive statistics calculated from author raw data","included_studies/abramova_2020_genpath/abramova2020_descriptives.xlsx, tidy_all",FALSE,,,,FALSE,TRUE
es159,abramova_2020_genpath,control,4.3889,4.3889,4.3889,Reported mean; used unchanged,2.2528,,2.2528,Reported or previously approved SD; used unchanged,0.53099,"SD / sqrt(n), using descriptive statistics calculated from author raw data","included_studies/abramova_2020_genpath/abramova2020_descriptives.xlsx, tidy_all",FALSE,,,,FALSE,TRUE
es160,abramova_2020_genpath,control,247.5357,247.5357,247.5357,Reported mean; used unchanged,63.8354,,63.8354,Reported or previously approved SD; used unchanged,13.930026,"SD / sqrt(n), using descriptive statistics calculated from author raw data","included_studies/abramova_2020_genpath/abramova2020_descriptives.xlsx, tidy_all",FALSE,,,,FALSE,TRUE
es161,abramova_2020_genpath,control,179.33,179.33,179.33,Reported mean; used unchanged,56.2763,,56.2763,Reported or previously approved SD; used unchanged,13.264451,"SD / sqrt(n), using descriptive statistics calculated from author raw data","included_studies/abramova_2020_genpath/abramova2020_descriptives.xlsx, tidy_all",FALSE,,,,FALSE,TRUE
es162,abramova_2020_genpath,control,52.7727,52.7727,52.7727,Reported mean; used unchanged,34.0695,,34.0695,Reported or previously approved SD; used unchanged,12.045387,"SD / sqrt(n), using descriptive statistics calculated from author raw data","included_studies/abramova_2020_genpath/abramova2020_descriptives.xlsx, tidy_all",FALSE,,,,FALSE,TRUE
es163,abramova_2020_genpath,control,63.8303,63.8303,63.8303,Reported mean; used unchanged,26.4372,,26.4372,Reported or previously approved SD; used unchanged,6.411963,"SD / sqrt(n), using descriptive statistics calculated from author raw data","included_studies/abramova_2020_genpath/abramova2020_descriptives.xlsx, tidy_all",FALSE,,,,FALSE,TRUE
es164,abramova_2023_biopsy,control,51.7,51.7,51.7,Reported mean; used unchanged,8.1,2.7,8.1,Reported or previously approved SD; used unchanged,2.7,Reported SEM; used unchanged for analysis,"included_studies/abramova_2023_biopsy/abramova_2023_biopsy_data_calculations.xlsx, Table1_Extract, source row 2",FALSE,,,,FALSE,TRUE
es165,abramova_2023_biopsy,control,53.2,53.2,53.2,Reported mean; used unchanged,11.068,3.5,11.068,Reported or previously approved SD; used unchanged,3.5,Reported SEM; used unchanged for analysis,"included_studies/abramova_2023_biopsy/abramova_2023_biopsy_data_calculations.xlsx, Table1_Extract, source row 3",FALSE,,,,FALSE,TRUE
es166,abramova_2023_biopsy,control,23.4,23.4,23.4,Reported mean; used unchanged,5.1,1.7,5.1,Reported or previously approved SD; used unchanged,1.7,Reported SEM; used unchanged for analysis,"included_studies/abramova_2023_biopsy/abramova_2023_biopsy_data_calculations.xlsx, Table1_Extract, source row 4",FALSE,,,,FALSE,TRUE
es167,abramova_2023_biopsy,control,23.4,23.4,23.4,Reported mean; used unchanged,7.9057,2.5,7.9057,Reported or previously approved SD; used unchanged,2.5,Reported SEM; used unchanged for analysis,"included_studies/abramova_2023_biopsy/abramova_2023_biopsy_data_calculations.xlsx, Table1_Extract, source row 5",FALSE,,,,FALSE,TRUE
es168,abramova_2023_biopsy,control,,2,2,"Luo et al. (2018) from Q1, median, Q3 and n",,,1.7493603130956201,"Wan et al. (2014) from Q1, Q3 and n",0.5831201043652067,SE = Wan SD / sqrt(n),"included_studies/abramova_2023_biopsy/abramova_2023_biopsy_data_calculations.xlsx, Table1_Extract, source row 6",FALSE,,,,FALSE,TRUE
es169,abramova_2023_biopsy,control,,2.0739,2.0739,"Luo et al. (2018) from Q1, median, Q3 and n",,,1.5480062365520704,"Wan et al. (2014) from Q1, Q3 and n",0.48952255396499395,SE = Wan SD / sqrt(n),"included_studies/abramova_2023_biopsy/abramova_2023_biopsy_data_calculations.xlsx, Table1_Extract, source row 7",FALSE,,,,FALSE,TRUE
es170,abramova_2023_biopsy,control,23.7,23.7,23.7,Reported mean; used unchanged,14.7,4.9,14.7,Reported or previously approved SD; used unchanged,4.9,Reported SEM; used unchanged for analysis,"included_studies/abramova_2023_biopsy/abramova_2023_biopsy_data_calculations.xlsx, Table1_Extract, source row 8",FALSE,,,,FALSE,TRUE
es171,abramova_2023_biopsy,control,18.3,18.3,18.3,Reported mean; used unchanged,9.4868,3,9.4868,Reported or previously approved SD; used unchanged,3,Reported SEM; used unchanged for analysis,"included_studies/abramova_2023_biopsy/abramova_2023_biopsy_data_calculations.xlsx, Table1_Extract, source row 9",FALSE,,,,FALSE,TRUE
es172,abramova_2023_biopsy,control,,16.820333333333334,16.820333333333334,"Luo et al. (2018) from Q1, median, Q3 and n",,,9.971353784645034,"Wan et al. (2014) from Q1, Q3 and n",3.323784594881678,SE = Wan SD / sqrt(n),"included_studies/abramova_2023_biopsy/abramova_2023_biopsy_data_calculations.xlsx, Table1_Extract, source row 10",FALSE,,,,FALSE,TRUE
es173,abramova_2023_biopsy,control,,26.214949999999998,26.214949999999998,"Luo et al. (2018) from Q1, median, Q3 and n",,,5.934023906782935,"Wan et al. (2014) from Q1, Q3 and n",1.8765031235324763,SE = Wan SD / sqrt(n),"included_studies/abramova_2023_biopsy/abramova_2023_biopsy_data_calculations.xlsx, Table1_Extract, source row 11",FALSE,,,,FALSE,TRUE
es174,abramova_2023_biopsy,control,3.3,3.3,3.3,Reported mean; used unchanged,1.8,0.6,1.8,Reported or previously approved SD; used unchanged,0.6,Reported SEM; used unchanged for analysis,"included_studies/abramova_2023_biopsy/abramova_2023_biopsy_data_calculations.xlsx, Table1_Extract, source row 12",FALSE,,,,FALSE,TRUE
es175,abramova_2023_biopsy,control,4.8,4.8,4.8,Reported mean; used unchanged,1.8974,0.6,1.8974,Reported or previously approved SD; used unchanged,0.6,Reported SEM; used unchanged for analysis,"included_studies/abramova_2023_biopsy/abramova_2023_biopsy_data_calculations.xlsx, Table1_Extract, source row 13",FALSE,,,,FALSE,TRUE
es176,abramova_2023_biopsy,control,,4.6,4.6,"Luo et al. (2018) from Q1, median, Q3 and n",,,1.3994882504764967,"Wan et al. (2014) from Q1, Q3 and n",0.4664960834921656,SE = Wan SD / sqrt(n),"included_studies/abramova_2023_biopsy/abramova_2023_biopsy_data_calculations.xlsx, Table1_Extract, source row 14",FALSE,,,,FALSE,TRUE
es177,abramova_2023_biopsy,control,,6.1674500000000005,6.1674500000000005,"Luo et al. (2018) from Q1, median, Q3 and n",,,3.5260142054797154,"Wan et al. (2014) from Q1, Q3 and n",1.115023595142486,SE = Wan SD / sqrt(n),"included_studies/abramova_2023_biopsy/abramova_2023_biopsy_data_calculations.xlsx, Table1_Extract, source row 15",FALSE,,,,FALSE,TRUE
es178,abramova_2023_biopsy,control,264,264,264,Reported mean; used unchanged,21,7,21,Reported or previously approved SD; used unchanged,7,Reported SEM; used unchanged for analysis,"included_studies/abramova_2023_biopsy/abramova_2023_biopsy_data_calculations.xlsx, Table1_Extract, source row 16",FALSE,,,,FALSE,TRUE
es179,abramova_2023_biopsy,control,269,269,269,Reported mean; used unchanged,15.8114,5,15.8114,Reported or previously approved SD; used unchanged,5,Reported SEM; used unchanged for analysis,"included_studies/abramova_2023_biopsy/abramova_2023_biopsy_data_calculations.xlsx, Table1_Extract, source row 17",FALSE,,,,FALSE,TRUE
es180,abramova_2023_biopsy,control,,33.30683333333334,33.30683333333334,"Luo et al. (2018) from Q1, median, Q3 and n",,,28.077233025184707,"Wan et al. (2014) from Q1, Q3 and n",9.359077675061569,SE = Wan SD / sqrt(n),"included_studies/abramova_2023_biopsy/abramova_2023_biopsy_data_calculations.xlsx, Table1_Extract, source row 18",FALSE,,,,FALSE,TRUE
es181,abramova_2023_biopsy,control,,26.6205,26.6205,"Luo et al. (2018) from Q1, median, Q3 and n",,,19.608078996326224,"Wan et al. (2014) from Q1, Q3 and n",6.200619016889923,SE = Wan SD / sqrt(n),"included_studies/abramova_2023_biopsy/abramova_2023_biopsy_data_calculations.xlsx, Table1_Extract, source row 19",FALSE,,,,FALSE,TRUE
es182,abramova_2023_biopsy,control,6.2,6.2,6.2,Reported mean; used unchanged,3,1,3,Reported or previously approved SD; used unchanged,1,Reported SEM; used unchanged for analysis,"included_studies/abramova_2023_biopsy/abramova_2023_biopsy_data_calculations.xlsx, Table1_Extract, source row 20",FALSE,,,,FALSE,TRUE
es183,abramova_2023_biopsy,control,4.7,4.7,4.7,Reported mean; used unchanged,1.9606,0.62,1.9606,Reported or previously approved SD; used unchanged,0.62,Reported SEM; used unchanged for analysis,"included_studies/abramova_2023_biopsy/abramova_2023_biopsy_data_calculations.xlsx, Table1_Extract, source row 21",FALSE,,,,FALSE,TRUE
es184,abramova_2023_biopsy,control,,0,0.232785,"Luo et al. (2018) from Q1, median, Q3 and n; exact zero replaced by 0.9 x smallest positive matching outcome reference",,,0,"Wan et al. (2014) from Q1, Q3 and n",0,SE = Wan SD / sqrt(n),"included_studies/abramova_2023_biopsy/abramova_2023_biopsy_data_calculations.xlsx, Table1_Extract, source row 22",TRUE,0.25865,0.232785,0.20692,TRUE,TRUE
es185,abramova_2023_biopsy,control,,1.7044000000000001,1.7044000000000001,"Luo et al. (2018) from Q1, median, Q3 and n",,,0.6880027718009202,"Wan et al. (2014) from Q1, Q3 and n",0.2175655795399973,SE = Wan SD / sqrt(n),"included_studies/abramova_2023_biopsy/abramova_2023_biopsy_data_calculations.xlsx, Table1_Extract, source row 23",FALSE,,,,FALSE,TRUE
es186,abramova_2023_biopsy,control,6.7,6.7,6.7,Reported mean; used unchanged,4.5,1.5,4.5,Reported or previously approved SD; used unchanged,1.5,Reported SEM; used unchanged for analysis,"included_studies/abramova_2023_biopsy/abramova_2023_biopsy_data_calculations.xlsx, Table1_Extract, source row 24",FALSE,,,,FALSE,TRUE
es187,abramova_2023_biopsy,control,7.8,7.8,7.8,Reported mean; used unchanged,3.7947,1.2,3.7947,Reported or previously approved SD; used unchanged,1.2,Reported SEM; used unchanged for analysis,"included_studies/abramova_2023_biopsy/abramova_2023_biopsy_data_calculations.xlsx, Table1_Extract, source row 25",FALSE,,,,FALSE,TRUE
es188,abramova_2023_biopsy,control,14.9,14.9,14.9,Reported mean; used unchanged,5.4,1.8,5.4,Reported or previously approved SD; used unchanged,1.8,Reported SEM; used unchanged for analysis,"included_studies/abramova_2023_biopsy/abramova_2023_biopsy_data_calculations.xlsx, Table1_Extract, source row 26",FALSE,,,,FALSE,TRUE
es189,abramova_2023_biopsy,control,15.8,15.8,15.8,Reported mean; used unchanged,4.111,1.3,4.111,Reported or previously approved SD; used unchanged,1.3,Reported SEM; used unchanged for analysis,"included_studies/abramova_2023_biopsy/abramova_2023_biopsy_data_calculations.xlsx, Table1_Extract, source row 27",FALSE,,,,FALSE,TRUE
es190,abramova_2023_biopsy,control,,0,1.023255,"Luo et al. (2018) from Q1, median, Q3 and n; exact zero replaced by 0.9 x smallest positive matching outcome reference",,,0,"Wan et al. (2014) from Q1, Q3 and n",0,SE = Wan SD / sqrt(n),"included_studies/abramova_2023_biopsy/abramova_2023_biopsy_data_calculations.xlsx, Table1_Extract, source row 28",TRUE,1.13695,1.023255,0.9095599999999999,TRUE,TRUE
es191,abramova_2023_biopsy,control,,5.2780000000000005,5.2780000000000005,"Luo et al. (2018) from Q1, median, Q3 and n",,,9.976040191113341,"Wan et al. (2014) from Q1, Q3 and n",3.1547009033299607,SE = Wan SD / sqrt(n),"included_studies/abramova_2023_biopsy/abramova_2023_biopsy_data_calculations.xlsx, Table1_Extract, source row 29",FALSE,,,,FALSE,TRUE
es192,abramova_2023_biopsy,control,24.9,24.9,24.9,Reported mean; used unchanged,20.7,6.9,20.7,Reported or previously approved SD; used unchanged,6.9,Reported SEM; used unchanged for analysis,"included_studies/abramova_2023_biopsy/abramova_2023_biopsy_data_calculations.xlsx, Table1_Extract, source row 30",FALSE,,,,FALSE,TRUE
es193,abramova_2023_biopsy,control,24,24,24,Reported mean; used unchanged,14.8627,4.7,14.8627,Reported or previously approved SD; used unchanged,4.7,Reported SEM; used unchanged for analysis,"included_studies/abramova_2023_biopsy/abramova_2023_biopsy_data_calculations.xlsx, Table1_Extract, source row 31",FALSE,,,,FALSE,TRUE
es194,abramova_2023_biopsy,control,,3,3,"Luo et al. (2018) from Q1, median, Q3 and n",,,1.7493603130956201,"Wan et al. (2014) from Q1, Q3 and n",0.5831201043652067,SE = Wan SD / sqrt(n),"included_studies/abramova_2023_biopsy/abramova_2023_biopsy_data_calculations.xlsx, Table1_Extract, source row 32",FALSE,,,,FALSE,TRUE
es195,abramova_2023_biopsy,control,,3.3349,3.3349,"Luo et al. (2018) from Q1, median, Q3 and n",,,1.5480062365520701,"Wan et al. (2014) from Q1, Q3 and n",0.4895225539649939,SE = Wan SD / sqrt(n),"included_studies/abramova_2023_biopsy/abramova_2023_biopsy_data_calculations.xlsx, Table1_Extract, source row 33",FALSE,,,,FALSE,TRUE
es196,abramova_2023_biopsy,control,6.8,6.8,6.8,Reported mean; used unchanged,5.4,1.8,5.4,Reported or previously approved SD; used unchanged,1.8,Reported SEM; used unchanged for analysis,"included_studies/abramova_2023_biopsy/abramova_2023_biopsy_data_calculations.xlsx, Table1_Extract, source row 34",FALSE,,,,FALSE,TRUE
es197,abramova_2023_biopsy,control,6.4,6.4,6.4,Reported mean; used unchanged,2.846,0.9,2.846,Reported or previously approved SD; used unchanged,0.9,Reported SEM; used unchanged for analysis,"included_studies/abramova_2023_biopsy/abramova_2023_biopsy_data_calculations.xlsx, Table1_Extract, source row 35",FALSE,,,,FALSE,TRUE
es198,abramova_2023_biopsy,control,63.5,63.5,63.5,Reported mean; used unchanged,17.4,5.8,17.4,Reported or previously approved SD; used unchanged,5.8,Reported SEM; used unchanged for analysis,"included_studies/abramova_2023_biopsy/abramova_2023_biopsy_data_calculations.xlsx, Table1_Extract, source row 36",FALSE,,,,FALSE,TRUE
es199,abramova_2023_biopsy,control,62.3,62.3,62.3,Reported mean; used unchanged,21.1873,6.7,21.1873,Reported or previously approved SD; used unchanged,6.7,Reported SEM; used unchanged for analysis,"included_studies/abramova_2023_biopsy/abramova_2023_biopsy_data_calculations.xlsx, Table1_Extract, source row 37",FALSE,,,,FALSE,TRUE
es200,abramova_2023_biopsy,control,,111.48666666666666,111.48666666666666,"Luo et al. (2018) from Q1, median, Q3 and n",,,54.23016970596423,"Wan et al. (2014) from Q1, Q3 and n",18.07672323532141,SE = Wan SD / sqrt(n),"included_studies/abramova_2023_biopsy/abramova_2023_biopsy_data_calculations.xlsx, Table1_Extract, source row 38",FALSE,,,,FALSE,TRUE
es201,abramova_2023_biopsy,control,,64,64,"Luo et al. (2018) from Q1, median, Q3 and n",,,32.68013166054371,"Wan et al. (2014) from Q1, Q3 and n",10.334365028149872,SE = Wan SD / sqrt(n),"included_studies/abramova_2023_biopsy/abramova_2023_biopsy_data_calculations.xlsx, Table1_Extract, source row 39",FALSE,,,,FALSE,TRUE
es202,abramova_2023_biopsy,control,202,202,202,Reported mean; used unchanged,39,13,39,Reported or previously approved SD; used unchanged,13,Reported SEM; used unchanged for analysis,"included_studies/abramova_2023_biopsy/abramova_2023_biopsy_data_calculations.xlsx, Table1_Extract, source row 40",FALSE,,,,FALSE,TRUE
es203,abramova_2023_biopsy,control,223,223,223,Reported mean; used unchanged,82.2192,26,82.2192,Reported or previously approved SD; used unchanged,26,Reported SEM; used unchanged for analysis,"included_studies/abramova_2023_biopsy/abramova_2023_biopsy_data_calculations.xlsx, Table1_Extract, source row 41",FALSE,,,,FALSE,TRUE
es204,abramova_2023_biopsy,control,43,43,43,Reported mean; used unchanged,21,7,21,Reported or previously approved SD; used unchanged,7,Reported SEM; used unchanged for analysis,"included_studies/abramova_2023_biopsy/abramova_2023_biopsy_data_calculations.xlsx, Table1_Extract, source row 42",FALSE,,,,FALSE,TRUE
es205,abramova_2023_biopsy,control,47,47,47,Reported mean; used unchanged,25.2982,8,25.2982,Reported or previously approved SD; used unchanged,8,Reported SEM; used unchanged for analysis,"included_studies/abramova_2023_biopsy/abramova_2023_biopsy_data_calculations.xlsx, Table1_Extract, source row 43",FALSE,,,,FALSE,TRUE
es206,abramova_2023_biopsy,control,,1.7433333333333332,1.7433333333333332,"Luo et al. (2018) from Q1, median, Q3 and n",,,3.4987206261912402,"Wan et al. (2014) from Q1, Q3 and n",1.1662402087304133,SE = Wan SD / sqrt(n),"included_studies/abramova_2023_biopsy/abramova_2023_biopsy_data_calculations.xlsx, Table1_Extract, source row 44",FALSE,,,,FALSE,TRUE
es207,abramova_2023_biopsy,control,,0.3695,0.3695,"Luo et al. (2018) from Q1, median, Q3 and n",,,0.8600034647511502,"Wan et al. (2014) from Q1, Q3 and n",0.2719569744249966,SE = Wan SD / sqrt(n),"included_studies/abramova_2023_biopsy/abramova_2023_biopsy_data_calculations.xlsx, Table1_Extract, source row 45",FALSE,,,,FALSE,TRUE
es001,uygur_2010_aphyhun,experimental,137,137,137,Reported mean; used unchanged,,66.9,200.70000000000002,SD = reported SE * sqrt(n),66.9,Reported SEM; used unchanged for analysis,uygur_2010_table2; Table II,FALSE,,,,FALSE,TRUE
es002,uygur_2010_aphyhun,experimental,3.67,3.67,3.67,Reported mean; used unchanged,,0.73,2.19,SD = reported SE * sqrt(n),0.73,Reported SEM; used unchanged for analysis,uygur_2010_table2; Table II,FALSE,,,,FALSE,TRUE
es003,uygur_2010_aphyhun,experimental,66.67,66.67,66.67,Reported mean; used unchanged,,16.87,50.61,SD = reported SE * sqrt(n),16.87,Reported SEM; used unchanged for analysis,uygur_2010_table2; Table II,FALSE,,,,FALSE,TRUE
es004,barzegar_2014_hippo,experimental,33.93,33.93,33.93,Reported mean; used unchanged,19.61,6.2,19.61,Reported or previously approved SD; used unchanged,6.2,Digitised reported SEM; used unchanged for analysis,Metadigitise_figs/metaDigitise_output.csv and saved figure image,FALSE,,,,FALSE,TRUE
es005,barzegar_2014_hippo,experimental,30.78,30.78,30.78,Reported mean; used unchanged,4.33,1.37,4.33,Reported or previously approved SD; used unchanged,1.37,Digitised reported SEM; used unchanged for analysis,Metadigitise_figs/metaDigitise_output.csv and saved figure image,FALSE,,,,FALSE,TRUE
es006,barzegar_2014_hippo,experimental,14.27,14.27,14.27,Reported mean; used unchanged,8.43,2.666667,8.43,Reported or previously approved SD; used unchanged,2.666667,Digitised reported SEM; used unchanged for analysis,Metadigitise_figs/metaDigitise_output.csv and saved figure image,FALSE,,,,FALSE,TRUE
es007,barzegar_2014_hippo,experimental,21.53,21.53,21.53,Reported mean; used unchanged,5.72,1.81,5.72,Reported or previously approved SD; used unchanged,1.81,Digitised reported SEM; used unchanged for analysis,Metadigitise_figs/metaDigitise_output.csv and saved figure image,FALSE,,,,FALSE,TRUE
es008,barzegar_2014_hippo,experimental,15.33,15.33,15.33,Reported mean; used unchanged,8.85,2.8,8.85,Reported or previously approved SD; used unchanged,2.8,Digitised reported SEM; used unchanged for analysis,Metadigitise_figs/metaDigitise_output.csv and saved figure image,FALSE,,,,FALSE,TRUE
es009,barzegar_2014_hippo,experimental,16.92,16.92,16.92,Reported mean; used unchanged,8.31,2.63,8.31,Reported or previously approved SD; used unchanged,2.63,Digitised reported SEM; used unchanged for analysis,Metadigitise_figs/metaDigitise_output.csv and saved figure image,FALSE,,,,FALSE,TRUE
es010,hassanvand_2012_phyphar,experimental,35.5825,35.5825,35.5825,Reported mean; used unchanged,2.916,,2.916,Reported or previously approved SD; used unchanged,1.190452,SD / sqrt(n); derived for analysis from the extracted SD and sample size,hassanvand_2012_phyphar_Figure2; Figure 2,FALSE,,,,FALSE,TRUE
es011,hassanvand_2012_phyphar,experimental,20.6957,20.6957,20.6957,Reported mean; used unchanged,2.4556,,2.4556,Reported or previously approved SD; used unchanged,1.002495,SD / sqrt(n); derived for analysis from the extracted SD and sample size,hassanvand_2012_phyphar_Figure2; Figure 2,FALSE,,,,FALSE,TRUE
es012,hassanvand_2012_phyphar,experimental,28.5228,28.5228,28.5228,Reported mean; used unchanged,2.609,,2.609,Reported or previously approved SD; used unchanged,1.06512,SD / sqrt(n); derived for analysis from the extracted SD and sample size,hassanvand_2012_phyphar_Figure2; Figure 2,FALSE,,,,FALSE,TRUE
es013,arjunan_2023_stress,experimental,160.21,160.21,160.21,Reported mean; used unchanged,18.85,,18.85,Reported or previously approved SD; used unchanged,7.69548,SD / sqrt(n); derived for analysis from the extracted SD and sample size,arjunan_2023_stress_fig3B_cen; Figure 3B,FALSE,,,,FALSE,TRUE
es014,arjunan_2023_stress,experimental,132.86,132.86,132.86,Reported mean; used unchanged,19.48,,19.48,Reported or previously approved SD; used unchanged,7.952677,SD / sqrt(n); derived for analysis from the extracted SD and sample size,arjunan_2023_stress_fig3B_peri.png; Figure 3B,FALSE,,,,FALSE,TRUE
es015,arjunan_2023_stress,experimental,124.08,124.08,124.08,Reported mean; used unchanged,11.78,,11.78,Reported or previously approved SD; used unchanged,4.809165,SD / sqrt(n); derived for analysis from the extracted SD and sample size,arjunan_2023_stress_fig3B_cen; Figure 3B,FALSE,,,,FALSE,TRUE
es016,arjunan_2023_stress,experimental,170.48,170.48,170.48,Reported mean; used unchanged,10.75,,10.75,Reported or previously approved SD; used unchanged,4.388669,SD / sqrt(n); derived for analysis from the extracted SD and sample size,arjunan_2023_stress_fig3B_peri.png; Figure 3B,FALSE,,,,FALSE,TRUE
es017,arjunan_2023_stress,experimental,93.46,93.46,93.46,Reported mean; used unchanged,11.78,,11.78,Reported or previously approved SD; used unchanged,4.809165,SD / sqrt(n); derived for analysis from the extracted SD and sample size,arjunan_2023_stress_fig3B_cen; Figure 3B,FALSE,,,,FALSE,TRUE
es018,arjunan_2023_stress,experimental,202.72,202.72,202.72,Reported mean; used unchanged,12.09,,12.09,Reported or previously approved SD; used unchanged,4.935722,SD / sqrt(n); derived for analysis from the extracted SD and sample size,arjunan_2023_stress_fig3B_peri.png; Figure 3B,FALSE,,,,FALSE,TRUE
es019,hadizadeh_2018_irjbamedsci,experimental,19.51,19.51,19.51,Reported mean; used unchanged,3.07,1.25,3.07,Reported or previously approved SD; used unchanged,1.25,Reported SEM; used unchanged for analysis,hadizadeh_2018_irjbamedsci_fig2A; Figure 2A,FALSE,,,,FALSE,TRUE
es020,hadizadeh_2018_irjbamedsci,experimental,17.52,17.52,17.52,Reported mean; used unchanged,4.35,1.78,4.35,Reported or previously approved SD; used unchanged,1.78,Reported SEM; used unchanged for analysis,hadizadeh_2018_irjbamedsci_fig2B; Figure 2B,FALSE,,,,FALSE,TRUE
es021,abramova_2024_devneur,experimental,27.88,27.88,27.88,Reported mean; used unchanged,17.52,,17.52,Reported or previously approved SD; used unchanged,2.502857,SD / sqrt(n); derived for analysis from the extracted SD and sample size,abramova_2024_devneur_fig2a; Fig. 2. a,FALSE,,,,FALSE,TRUE
es022,abramova_2024_devneur,experimental,38.35,38.35,38.35,Reported mean; used unchanged,24.99,,24.99,Reported or previously approved SD; used unchanged,3.767384,SD / sqrt(n); derived for analysis from the extracted SD and sample size,abramova_2024_devneur_fig2a; Fig. 2. a,FALSE,,,,FALSE,TRUE
es023,abramova_2024_devneur,experimental,4.46,4.46,4.46,Reported mean; used unchanged,3.09,,3.09,Reported or previously approved SD; used unchanged,0.441429,SD / sqrt(n); derived for analysis from the extracted SD and sample size,abramova_2024_devneur_fig2b; Fig. 2. b,FALSE,,,,FALSE,TRUE
es024,abramova_2024_devneur,experimental,8.55,8.55,8.55,Reported mean; used unchanged,5.26,,5.26,Reported or previously approved SD; used unchanged,0.792975,SD / sqrt(n); derived for analysis from the extracted SD and sample size,abramova_2024_devneur_fig2b; Fig. 2. b,FALSE,,,,FALSE,TRUE
es025,abramova_2024_devneur,experimental,20.84,20.84,20.84,Reported mean; used unchanged,19.55,,19.55,Reported or previously approved SD; used unchanged,2.792857,SD / sqrt(n); derived for analysis from the extracted SD and sample size,abramova_2024_devneur_fig2c; Fig. 2. c,FALSE,,,,FALSE,TRUE
es026,abramova_2024_devneur,experimental,3.27,3.27,3.27,Reported mean; used unchanged,3.72,,3.72,Reported or previously approved SD; used unchanged,0.560811,SD / sqrt(n); derived for analysis from the extracted SD and sample size,abramova_2024_devneur_fig2c; Fig. 2. c,FALSE,,,,FALSE,TRUE
es027,abramova_2024_devneur,experimental,30.57,30.57,30.57,Reported mean; used unchanged,22.63,,22.63,Reported or previously approved SD; used unchanged,3.232857,SD / sqrt(n); derived for analysis from the extracted SD and sample size,abramova_2024_devneur_fig2d; Fig. 2. d,FALSE,,,,FALSE,TRUE
es028,abramova_2024_devneur,experimental,48.4,48.4,48.4,Reported mean; used unchanged,27.76,,27.76,Reported or previously approved SD; used unchanged,4.184977,SD / sqrt(n); derived for analysis from the extracted SD and sample size,abramova_2024_devneur_fig2d; Fig. 2. d,FALSE,,,,FALSE,TRUE
es029,abramova_2024_devneur,experimental,7.61,7.61,7.61,Reported mean; used unchanged,4.63,,4.63,Reported or previously approved SD; used unchanged,0.661429,SD / sqrt(n); derived for analysis from the extracted SD and sample size,abramova_2024_devneur_fig2e; Fig. 2. e,FALSE,,,,FALSE,TRUE
es030,abramova_2024_devneur,experimental,12.15,12.15,12.15,Reported mean; used unchanged,7.17,,7.17,Reported or previously approved SD; used unchanged,1.080918,SD / sqrt(n); derived for analysis from the extracted SD and sample size,abramova_2024_devneur_fig2e; Fig. 2. e,FALSE,,,,FALSE,TRUE
es031,abramova_2024_devneur,experimental,2.2,2.2,2.2,Reported mean; used unchanged,1.91,,1.91,Reported or previously approved SD; used unchanged,0.272857,SD / sqrt(n); derived for analysis from the extracted SD and sample size,abramova_2024_devneur_fig3a; Fig. 3. a,FALSE,,,,FALSE,TRUE
es032,abramova_2024_devneur,experimental,1.48,1.48,1.48,Reported mean; used unchanged,1.35,,1.35,Reported or previously approved SD; used unchanged,0.20352,SD / sqrt(n); derived for analysis from the extracted SD and sample size,abramova_2024_devneur_fig3a; Fig. 3. a,FALSE,,,,FALSE,TRUE
es033,abramova_2024_devneur,experimental,23.44,23.44,23.44,Reported mean; used unchanged,10.99,,10.99,Reported or previously approved SD; used unchanged,1.57,SD / sqrt(n); derived for analysis from the extracted SD and sample size,abramova_2024_devneur_fig3c; Fig. 3. c,FALSE,,,,FALSE,TRUE
es034,abramova_2024_devneur,experimental,15.37,15.37,15.37,Reported mean; used unchanged,8.01,,8.01,Reported or previously approved SD; used unchanged,1.207553,SD / sqrt(n); derived for analysis from the extracted SD and sample size,abramova_2024_devneur_fig3c; Fig. 3. c,FALSE,,,,FALSE,TRUE
es035,abramova_2024_devneur,experimental,44.22,44.22,44.22,Reported mean; used unchanged,17.61,,17.61,Reported or previously approved SD; used unchanged,2.515714,SD / sqrt(n); derived for analysis from the extracted SD and sample size,abramova_2024_devneur_fig3b; Fig. 3. b,FALSE,,,,FALSE,TRUE
es036,abramova_2024_devneur,experimental,32.55,32.55,32.55,Reported mean; used unchanged,13.67,,13.67,Reported or previously approved SD; used unchanged,2.06083,SD / sqrt(n); derived for analysis from the extracted SD and sample size,abramova_2024_devneur_fig3b; Fig. 3. b,FALSE,,,,FALSE,TRUE
es037,abramova_2024_devneur,experimental,31.13,31.13,31.13,Reported mean; used unchanged,30.81,,30.81,Reported or previously approved SD; used unchanged,4.401429,SD / sqrt(n); derived for analysis from the extracted SD and sample size,abramova_2024_devneur_fig3d; Fig. 3. d,FALSE,,,,FALSE,TRUE
es038,abramova_2024_devneur,experimental,51.69,51.69,51.69,Reported mean; used unchanged,49.02,,49.02,Reported or previously approved SD; used unchanged,7.390043,SD / sqrt(n); derived for analysis from the extracted SD and sample size,abramova_2024_devneur_fig3d; Fig. 3. d,FALSE,,,,FALSE,TRUE
es039,abramova_2024_devneur,experimental,29.12,29.12,29.12,Reported mean; used unchanged,17.2,,17.2,Reported or previously approved SD; used unchanged,2.457143,SD / sqrt(n); derived for analysis from the extracted SD and sample size,abramova_2024_devneur_fig3e; Fig. 3. e,FALSE,,,,FALSE,TRUE
es040,abramova_2024_devneur,experimental,40.38,40.38,40.38,Reported mean; used unchanged,25.3,,25.3,Reported or previously approved SD; used unchanged,3.814119,SD / sqrt(n); derived for analysis from the extracted SD and sample size,abramova_2024_devneur_fig3e; Fig. 3. e,FALSE,,,,FALSE,TRUE
es041,abramova_2024_devneur,experimental,4.49,4.49,4.49,Reported mean; used unchanged,2.18,,2.18,Reported or previously approved SD; used unchanged,0.311429,SD / sqrt(n); derived for analysis from the extracted SD and sample size,abramova_2024_devneur_fig3f; Fig. 3. f,FALSE,,,,FALSE,TRUE
es042,abramova_2024_devneur,experimental,4.46,4.46,4.46,Reported mean; used unchanged,2.78,,2.78,Reported or previously approved SD; used unchanged,0.419101,SD / sqrt(n); derived for analysis from the extracted SD and sample size,abramova_2024_devneur_fig3f; Fig. 3. f,FALSE,,,,FALSE,TRUE
es043,abramova_2024_devneur,experimental,86.12,86.12,86.12,Reported mean; used unchanged,19.43,,19.43,Reported or previously approved SD; used unchanged,5.388912,SD / sqrt(n); derived for analysis from the extracted SD and sample size,abramova_2024_devneur_fig4a; Fig.4. a,FALSE,,,,FALSE,TRUE
es044,abramova_2024_devneur,experimental,128.29,128.29,128.29,Reported mean; used unchanged,46.06,,46.06,Reported or previously approved SD; used unchanged,12.310053,SD / sqrt(n); derived for analysis from the extracted SD and sample size,abramova_2024_devneur_fig4a; Fig.4. a,FALSE,,,,FALSE,TRUE
es045,abramova_2024_devneur,experimental,59.8,59.8,59.8,Reported mean; used unchanged,,5.4,37.800000000000004,SD = reported SE * sqrt(n),5.4,Reported SE in author email; used unchanged for analysis,included_studies/abramova_2024_devneur/abramova_2024_devneur_author_email_sucrose_preference.png,FALSE,,,,FALSE,TRUE
es046,abramova_2024_devneur,experimental,57.8,57.8,57.8,Reported mean; used unchanged,,4.3,28.522973197056437,SD = reported SE * sqrt(n),4.3,Reported SE in author email; used unchanged for analysis,included_studies/abramova_2024_devneur/abramova_2024_devneur_author_email_sucrose_preference.png,FALSE,,,,FALSE,TRUE
es047,oliveira_2015_jbehavbraisci,experimental,6.22,6.22,6.22,Reported mean; used unchanged,14.36,4.15,14.36,Reported or previously approved SD; used unchanged,4.15,Reported SEM; used unchanged for analysis,oliveira_2015_jbehavbraisci_fig2b; Figure 2. b,FALSE,,,,FALSE,TRUE
es048,oliveira_2015_jbehavbraisci,experimental,86.53,86.53,86.53,Reported mean; used unchanged,131.03,37.82,131.03,Reported or previously approved SD; used unchanged,37.82,Reported SEM; used unchanged for analysis,oliveira_2015_jbehavbraisci_fig2b; Figure 2. b,FALSE,,,,FALSE,TRUE
es049,oliveira_2015_jbehavbraisci,experimental,136.27,136.27,136.27,Reported mean; used unchanged,147.18,42.49,147.18,Reported or previously approved SD; used unchanged,42.49,Reported SEM; used unchanged for analysis,oliveira_2015_jbehavbraisci_fig2b; Figure 2. b,FALSE,,,,FALSE,TRUE
es050,oliveira_2015_jbehavbraisci,experimental,6.54,6.54,6.54,Reported mean; used unchanged,8.21,2.37,8.21,Reported or previously approved SD; used unchanged,2.37,Reported SEM; used unchanged for analysis,oliveira_2015_jbehavbraisci_fig3b; Figure 3. b,FALSE,,,,FALSE,TRUE
es051,oliveira_2015_jbehavbraisci,experimental,6.6,6.6,6.6,Reported mean; used unchanged,4.06,1.17,4.06,Reported or previously approved SD; used unchanged,1.17,Reported SEM; used unchanged for analysis,oliveira_2015_jbehavbraisci_fig3b; Figure 3. b,FALSE,,,,FALSE,TRUE
es052,oliveira_2015_jbehavbraisci,experimental,13.2,13.2,13.2,Reported mean; used unchanged,15.44,4.46,15.44,Reported or previously approved SD; used unchanged,4.46,Reported SEM; used unchanged for analysis,oliveira_2015_jbehavbraisci_fig3b; Figure 3. b,FALSE,,,,FALSE,TRUE
es053,pavlov_2023_molsci,experimental,40.48,40.48,40.48,Reported mean; used unchanged,13.49,,13.49,Reported or previously approved SD; used unchanged,3.605354,SD / sqrt(n); derived for analysis from the extracted SD and sample size,pavlov_2023_molsci_Fig4A; Figure 4A,FALSE,,,,FALSE,TRUE
es054,pavlov_2023_molsci,experimental,6.4,6.4,6.4,Reported mean; used unchanged,3.17,,3.17,Reported or previously approved SD; used unchanged,0.847218,SD / sqrt(n); derived for analysis from the extracted SD and sample size,pavlov_2023_molsci_Fig4C; Figure 4C,FALSE,,,,FALSE,TRUE
es055,pavlov_2023_molsci,experimental,25.99,25.99,25.99,Reported mean; used unchanged,11.15,,11.15,Reported or previously approved SD; used unchanged,2.979963,SD / sqrt(n); derived for analysis from the extracted SD and sample size,pavlov_2023_molsci_Fig4D; Figure 4D,FALSE,,,,FALSE,TRUE
es056,pavlov_2023_molsci,experimental,25.42,25.42,25.42,Reported mean; used unchanged,9.56,,9.56,Reported or previously approved SD; used unchanged,2.555017,SD / sqrt(n); derived for analysis from the extracted SD and sample size,pavlov_2023_molsci_Fig4E; Figure 4E,FALSE,,,,FALSE,TRUE
es057,pavlov_2023_molsci,experimental,8.68,8.68,8.68,Reported mean; used unchanged,4.23,,4.23,Reported or previously approved SD; used unchanged,1.130515,SD / sqrt(n); derived for analysis from the extracted SD and sample size,pavlov_2023_molsci_Fig4F; Figure 4F,FALSE,,,,FALSE,TRUE
es058,nishio_2006_intjdevlneur,experimental,24.15,24.15,24.15,Reported mean; used unchanged,7.94,3.55,7.94,Reported or previously approved SD; used unchanged,3.55,Reported SEM; used unchanged for analysis,nishio_2006_intjdevlneur_fig2a; Fig. 2a,FALSE,,,,FALSE,TRUE
es059,nishio_2006_intjdevlneur,experimental,29.23,29.23,29.23,Reported mean; used unchanged,13.81,6.17,13.81,Reported or previously approved SD; used unchanged,6.17,Reported SEM; used unchanged for analysis,nishio_2006_intjdevlneur_fig2a; Fig. 2a,FALSE,,,,FALSE,TRUE
es060,nishio_2006_intjdevlneur,experimental,46.66,46.66,46.66,Reported mean; used unchanged,7.78,3.48,7.78,Reported or previously approved SD; used unchanged,3.48,Reported SEM; used unchanged for analysis,nishio_2006_intjdevlneur_fig2b; Fig. 2b,FALSE,,,,FALSE,TRUE
es061,nishio_2006_intjdevlneur,experimental,42.1,42.1,42.1,Reported mean; used unchanged,14.82,6.63,14.82,Reported or previously approved SD; used unchanged,6.63,Reported SEM; used unchanged for analysis,nishio_2006_intjdevlneur_fig2b; Fig. 2b,FALSE,,,,FALSE,TRUE
es062,nishio_2006_intjdevlneur,experimental,3.58,3.58,3.58,Reported mean; used unchanged,1.18,0.53,1.18,Reported or previously approved SD; used unchanged,0.53,Reported SEM; used unchanged for analysis,nishio_2006_intjdevlneur_fig2c; Fig. 2c,FALSE,,,,FALSE,TRUE
es063,nishio_2006_intjdevlneur,experimental,4.55,4.55,4.55,Reported mean; used unchanged,1.15,0.51,1.15,Reported or previously approved SD; used unchanged,0.51,Reported SEM; used unchanged for analysis,nishio_2006_intjdevlneur_fig2c; Fig. 2c,FALSE,,,,FALSE,TRUE
es064,uygur_2011_ankarauniv,experimental,26.79,26.79,26.79,Reported mean; used unchanged,,7.86,24.855502408923464,SD = reported SE * sqrt(n),7.86,Reported SEM; used unchanged for analysis,uygur_2011_ankarauniv.pdf; In paper: Table 2.,FALSE,,,,FALSE,TRUE
es065,uygur_2011_ankarauniv,experimental,48.87,48.87,48.87,Reported mean; used unchanged,,12.83,40.57202237996031,SD = reported SE * sqrt(n),12.83,Reported SEM; used unchanged for analysis,uygur_2011_ankarauniv.pdf; In paper: Table 2.,FALSE,,,,FALSE,TRUE
es066,uygur_2011_ankarauniv,experimental,39.08,39.08,39.08,Reported mean; used unchanged,,5.96,18.84717485460354,SD = reported SE * sqrt(n),5.96,Reported SEM; used unchanged for analysis,uygur_2011_ankarauniv.pdf; In paper: Table 2.,FALSE,,,,FALSE,TRUE
es067,uygur_2011_ankarauniv,experimental,33.44,33.44,33.44,Reported mean; used unchanged,,12.48,39.46522519890138,SD = reported SE * sqrt(n),12.48,Reported SEM; used unchanged for analysis,uygur_2011_ankarauniv.pdf; In paper: Table 2.,FALSE,,,,FALSE,TRUE
es068,uygur_2011_ankarauniv,experimental,6.2,6.2,6.2,Reported mean; used unchanged,,1.42,4.490434277439099,SD = reported SE * sqrt(n),1.42,Reported SEM; used unchanged for analysis,uygur_2011_ankarauniv.pdf; In paper: Table 2.,FALSE,,,,FALSE,TRUE
es069,uygur_2011_ankarauniv,experimental,1.7,1.7,1.7,Reported mean; used unchanged,,0.9,2.8460498941515415,SD = reported SE * sqrt(n),0.9,Reported SEM; used unchanged for analysis,uygur_2011_ankarauniv.pdf; In paper: Table 2.,FALSE,,,,FALSE,TRUE
es070,uygur_2011_ankarauniv,experimental,23,23,23,Reported mean; used unchanged,,4.64,14.67296834318128,SD = reported SE * sqrt(n),4.64,Reported SEM; used unchanged for analysis,uygur_2011_ankarauniv.pdf; In paper: Table 2.,FALSE,,,,FALSE,TRUE
es071,uygur_2011_ankarauniv,experimental,18.4,18.4,18.4,Reported mean; used unchanged,,3.73,11.795295672428056,SD = reported SE * sqrt(n),3.73,Reported SEM; used unchanged for analysis,uygur_2011_ankarauniv.pdf; In paper: Table 2.,FALSE,,,,FALSE,TRUE
es072,morra_1965_physiolrec,experimental,14.2,14.2,14.2,Reported mean; used unchanged,8.3,,8.3,Reported or previously approved SD; used unchanged,1.402956,SD / sqrt(n); derived for analysis from the extracted SD and sample size,Table 2 and text,FALSE,,,,FALSE,TRUE
es073,morra_1965_physiolrec,experimental,18.8,18.8,18.8,Reported mean; used unchanged,8.2,,8.2,Reported or previously approved SD; used unchanged,1.386053,SD / sqrt(n); derived for analysis from the extracted SD and sample size,Table 2 and text,FALSE,,,,FALSE,TRUE
es074,abramova_2021_front,experimental,24.8421,24.8421,24.8421,Reported mean; used unchanged,12.6985,,12.6985,Reported or previously approved SD; used unchanged,2.913236,"SD / sqrt(n), using the same-sex subgroup in author raw data","included_studies/abramova_2021_front/abramova_2021_front.xlsx, Лист1, handling=No handling",FALSE,,,,FALSE,TRUE
es075,abramova_2021_front,experimental,22.1667,22.1667,22.1667,Reported mean; used unchanged,14.5733,,14.5733,Reported or previously approved SD; used unchanged,3.43496,"SD / sqrt(n), using the same-sex subgroup in author raw data","included_studies/abramova_2021_front/abramova_2021_front.xlsx, Лист1, handling=No handling",FALSE,,,,FALSE,TRUE
es076,abramova_2021_front,experimental,6.8947,6.8947,6.8947,Reported mean; used unchanged,4.4208,,4.4208,Reported or previously approved SD; used unchanged,1.014201,"SD / sqrt(n), using the same-sex subgroup in author raw data","included_studies/abramova_2021_front/abramova_2021_front.xlsx, Лист1, handling=No handling",FALSE,,,,FALSE,TRUE
es077,abramova_2021_front,experimental,4.3889,4.3889,4.3889,Reported mean; used unchanged,4.1747,,4.1747,Reported or previously approved SD; used unchanged,0.983986,"SD / sqrt(n), using the same-sex subgroup in author raw data","included_studies/abramova_2021_front/abramova_2021_front.xlsx, Лист1, handling=No handling",FALSE,,,,FALSE,TRUE
es078,abramova_2021_front,experimental,1.3158,1.3158,1.3158,Reported mean; used unchanged,2.029,,2.029,Reported or previously approved SD; used unchanged,0.465485,"SD / sqrt(n), using the same-sex subgroup in author raw data","included_studies/abramova_2021_front/abramova_2021_front.xlsx, Лист1, handling=No handling",FALSE,,,,FALSE,TRUE
es079,abramova_2021_front,experimental,0.8889,0.8889,0.8889,Reported mean; used unchanged,2.3235,,2.3235,Reported or previously approved SD; used unchanged,0.547654,"SD / sqrt(n), using the same-sex subgroup in author raw data","included_studies/abramova_2021_front/abramova_2021_front.xlsx, Лист1, handling=No handling",FALSE,,,,FALSE,TRUE
es080,abramova_2021_front,experimental,2.9368,2.9368,2.9368,Reported mean; used unchanged,5.119,,5.119,Reported or previously approved SD; used unchanged,1.174379,"SD / sqrt(n), using the same-sex subgroup in author raw data","included_studies/abramova_2021_front/abramova_2021_front.xlsx, Лист1, handling=No handling",FALSE,,,,FALSE,TRUE
es081,abramova_2021_front,experimental,0.7739,0.7739,0.7739,Reported mean; used unchanged,2.1925,,2.1925,Reported or previously approved SD; used unchanged,0.516777,"SD / sqrt(n), using the same-sex subgroup in author raw data","included_studies/abramova_2021_front/abramova_2021_front.xlsx, Лист1, handling=No handling",FALSE,,,,FALSE,TRUE
es082,abramova_2021_front,experimental,2.7895,2.7895,2.7895,Reported mean; used unchanged,1.782,,1.782,Reported or previously approved SD; used unchanged,0.408819,"SD / sqrt(n), using the same-sex subgroup in author raw data","included_studies/abramova_2021_front/abramova_2021_front.xlsx, Лист1, handling=No handling",FALSE,,,,FALSE,TRUE
es083,abramova_2021_front,experimental,3,3,3,Reported mean; used unchanged,1.7489,,1.7489,Reported or previously approved SD; used unchanged,0.41222,"SD / sqrt(n), using the same-sex subgroup in author raw data","included_studies/abramova_2021_front/abramova_2021_front.xlsx, Лист1, handling=No handling",FALSE,,,,FALSE,TRUE
es084,abramova_2021_front,experimental,28.2516,28.2516,28.2516,Reported mean; used unchanged,24.6902,,24.6902,Reported or previously approved SD; used unchanged,5.66432,"SD / sqrt(n), using the same-sex subgroup in author raw data","included_studies/abramova_2021_front/abramova_2021_front.xlsx, Лист1, handling=No handling",FALSE,,,,FALSE,TRUE
es085,abramova_2021_front,experimental,24.2061,24.2061,24.2061,Reported mean; used unchanged,17.297,,17.297,Reported or previously approved SD; used unchanged,4.076942,"SD / sqrt(n), using the same-sex subgroup in author raw data","included_studies/abramova_2021_front/abramova_2021_front.xlsx, Лист1, handling=No handling",FALSE,,,,FALSE,TRUE
es086,abramova_2021_front,experimental,62.3595,62.3595,62.3595,Reported mean; used unchanged,53.8477,,53.8477,Reported or previously approved SD; used unchanged,12.35351,"SD / sqrt(n), using the same-sex subgroup in author raw data","included_studies/abramova_2021_front/abramova_2021_front.xlsx, Лист1, handling=No handling",FALSE,,,,FALSE,TRUE
es087,abramova_2021_front,experimental,79.8783,79.8783,79.8783,Reported mean; used unchanged,55.483,,55.483,Reported or previously approved SD; used unchanged,13.077469,"SD / sqrt(n), using the same-sex subgroup in author raw data","included_studies/abramova_2021_front/abramova_2021_front.xlsx, Лист1, handling=No handling",FALSE,,,,FALSE,TRUE
es088,badache_2017_stress,experimental,253.78,253.78,253.78,Reported mean; used unchanged,51.89,12.97,51.89,Reported or previously approved SD; used unchanged,12.97,Reported SEM; used unchanged for analysis,badache_2017_stress_5a; Figure 5a,FALSE,,,,FALSE,TRUE
es089,badache_2017_stress,experimental,45.26,45.26,45.26,Reported mean; used unchanged,8.92,2.23,8.92,Reported or previously approved SD; used unchanged,2.23,Reported SEM; used unchanged for analysis,badache_2017_stress_5b; Figure 5b,FALSE,,,,FALSE,TRUE
es090,badache_2017_stress,experimental,0.18,0.18,0.18,Reported mean; used unchanged,0.26,0.07,0.26,Reported or previously approved SD; used unchanged,0.07,Reported SEM; used unchanged for analysis,badache_2017_stress_5c; Figure 5c,FALSE,,,,FALSE,TRUE
es091,badache_2017_stress,experimental,8.54,8.54,8.54,Reported mean; used unchanged,1.93,0.48,1.93,Reported or previously approved SD; used unchanged,0.48,Reported SEM; used unchanged for analysis,badache_2017_stress_5d; Figure 5d,FALSE,,,,FALSE,TRUE
es092,badache_2017_stress,experimental,67.96,67.96,67.96,Reported mean; used unchanged,14.69,3.67,14.69,Reported or previously approved SD; used unchanged,3.67,Reported SEM; used unchanged for analysis,badache_2017_stress_6a; Figure 6a,FALSE,,,,FALSE,TRUE
es093,badache_2017_stress,experimental,7.77,7.77,7.77,Reported mean; used unchanged,2.05,0.51,2.05,Reported or previously approved SD; used unchanged,0.51,Reported SEM; used unchanged for analysis,badache_2017_stress_6b; Figure 6b,FALSE,,,,FALSE,TRUE
es094,whitlow_1978_thesis,experimental,71.2285,71.2285,71.2285,Reported mean; used unchanged,8.4397,,8.4397,Reported or previously approved SD; used unchanged,1.887174,Accepted analysis assumption: SD = sqrt(mean); SE = SD / sqrt(n),included_studies/whitlow_1978_thesis.pdf; figure error bars are not defined; assumption approved by reviewer,FALSE,,,,FALSE,TRUE
es095,whitlow_1978_thesis,experimental,60.8719,60.8719,60.8719,Reported mean; used unchanged,7.802,,7.802,Reported or previously approved SD; used unchanged,1.74458,Accepted analysis assumption: SD = sqrt(mean); SE = SD / sqrt(n),included_studies/whitlow_1978_thesis.pdf; figure error bars are not defined; assumption approved by reviewer,FALSE,,,,FALSE,TRUE
es096,whitlow_1978_thesis,experimental,42.8005,42.8005,42.8005,Reported mean; used unchanged,6.5422,,6.5422,Reported or previously approved SD; used unchanged,1.46288,Accepted analysis assumption: SD = sqrt(mean); SE = SD / sqrt(n),included_studies/whitlow_1978_thesis.pdf; figure error bars are not defined; assumption approved by reviewer,FALSE,,,,FALSE,TRUE
es097,whitlow_1978_thesis,experimental,36.8824,36.8824,36.8824,Reported mean; used unchanged,6.0731,,6.0731,Reported or previously approved SD; used unchanged,1.357986,Accepted analysis assumption: SD = sqrt(mean); SE = SD / sqrt(n),included_studies/whitlow_1978_thesis.pdf; figure error bars are not defined; assumption approved by reviewer,FALSE,,,,FALSE,TRUE
es098,whitlow_1978_thesis,experimental,26.7371,26.7371,26.7371,Reported mean; used unchanged,5.1708,,5.1708,Reported or previously approved SD; used unchanged,1.156226,Accepted analysis assumption: SD = sqrt(mean); SE = SD / sqrt(n),included_studies/whitlow_1978_thesis.pdf; figure error bars are not defined; assumption approved by reviewer,FALSE,,,,FALSE,TRUE
es099,whitlow_1978_thesis,experimental,15.7464,15.7464,15.7464,Reported mean; used unchanged,3.9682,,3.9682,Reported or previously approved SD; used unchanged,0.887316,Accepted analysis assumption: SD = sqrt(mean); SE = SD / sqrt(n),included_studies/whitlow_1978_thesis.pdf; figure error bars are not defined; assumption approved by reviewer,FALSE,,,,FALSE,TRUE
es100,whitlow_1978_thesis,experimental,3.6809,3.6809,3.6809,Reported mean; used unchanged,1.9186,,1.9186,Reported or previously approved SD; used unchanged,0.429012,Accepted analysis assumption: SD = sqrt(mean); SE = SD / sqrt(n),included_studies/whitlow_1978_thesis.pdf; figure error bars are not defined; assumption approved by reviewer,FALSE,,,,FALSE,TRUE
es101,whitlow_1978_thesis,experimental,3.708,3.708,3.708,Reported mean; used unchanged,1.9256,,1.9256,Reported or previously approved SD; used unchanged,0.430577,Accepted analysis assumption: SD = sqrt(mean); SE = SD / sqrt(n),included_studies/whitlow_1978_thesis.pdf; figure error bars are not defined; assumption approved by reviewer,FALSE,,,,FALSE,TRUE
es102,whitlow_1978_thesis,experimental,5.6705,5.6705,5.6705,Reported mean; used unchanged,2.3813,,2.3813,Reported or previously approved SD; used unchanged,0.532475,Accepted analysis assumption: SD = sqrt(mean); SE = SD / sqrt(n),included_studies/whitlow_1978_thesis.pdf; figure error bars are not defined; assumption approved by reviewer,FALSE,,,,FALSE,TRUE
es103,whitlow_1978_thesis,experimental,4.8023,4.8023,4.8023,Reported mean; used unchanged,2.1914,,2.1914,Reported or previously approved SD; used unchanged,0.490012,Accepted analysis assumption: SD = sqrt(mean); SE = SD / sqrt(n),included_studies/whitlow_1978_thesis.pdf; figure error bars are not defined; assumption approved by reviewer,FALSE,,,,FALSE,TRUE
es104,whitlow_1978_thesis,experimental,3.6899,3.6899,3.6899,Reported mean; used unchanged,1.9209,,1.9209,Reported or previously approved SD; used unchanged,0.429526,Accepted analysis assumption: SD = sqrt(mean); SE = SD / sqrt(n),included_studies/whitlow_1978_thesis.pdf; figure error bars are not defined; assumption approved by reviewer,FALSE,,,,FALSE,TRUE
es105,whitlow_1978_thesis,experimental,3.0749,3.0749,3.0749,Reported mean; used unchanged,1.7535,,1.7535,Reported or previously approved SD; used unchanged,0.392095,Accepted analysis assumption: SD = sqrt(mean); SE = SD / sqrt(n),included_studies/whitlow_1978_thesis.pdf; figure error bars are not defined; assumption approved by reviewer,FALSE,,,,FALSE,TRUE
es106,whitlow_1978_thesis,experimental,2.3777,2.3777,2.3777,Reported mean; used unchanged,1.542,,1.542,Reported or previously approved SD; used unchanged,0.344802,Accepted analysis assumption: SD = sqrt(mean); SE = SD / sqrt(n),included_studies/whitlow_1978_thesis.pdf; figure error bars are not defined; assumption approved by reviewer,FALSE,,,,FALSE,TRUE
es107,whitlow_1978_thesis,experimental,2.0226,2.0226,2.0226,Reported mean; used unchanged,1.4222,,1.4222,Reported or previously approved SD; used unchanged,0.318014,Accepted analysis assumption: SD = sqrt(mean); SE = SD / sqrt(n),included_studies/whitlow_1978_thesis.pdf; figure error bars are not defined; assumption approved by reviewer,FALSE,,,,FALSE,TRUE
es108,whitlow_1978_thesis,experimental,1.9827,1.9827,1.9827,Reported mean; used unchanged,1.4081,,1.4081,Reported or previously approved SD; used unchanged,0.314861,Accepted analysis assumption: SD = sqrt(mean); SE = SD / sqrt(n),included_studies/whitlow_1978_thesis.pdf; figure error bars are not defined; assumption approved by reviewer,FALSE,,,,FALSE,TRUE
es109,whitlow_1978_thesis,experimental,1.8311,1.8311,1.8311,Reported mean; used unchanged,1.3532,,1.3532,Reported or previously approved SD; used unchanged,0.302585,Accepted analysis assumption: SD = sqrt(mean); SE = SD / sqrt(n),included_studies/whitlow_1978_thesis.pdf; figure error bars are not defined; assumption approved by reviewer,FALSE,,,,FALSE,TRUE
es110,whitlow_1978_thesis,experimental,2.5731,2.5731,2.5731,Reported mean; used unchanged,1.6041,,1.6041,Reported or previously approved SD; used unchanged,0.358688,Accepted analysis assumption: SD = sqrt(mean); SE = SD / sqrt(n),included_studies/whitlow_1978_thesis.pdf; figure error bars are not defined; assumption approved by reviewer,FALSE,,,,FALSE,TRUE
es111,whitlow_1978_thesis,experimental,2.8604,2.8604,2.8604,Reported mean; used unchanged,1.6913,,1.6913,Reported or previously approved SD; used unchanged,0.378186,Accepted analysis assumption: SD = sqrt(mean); SE = SD / sqrt(n),included_studies/whitlow_1978_thesis.pdf; figure error bars are not defined; assumption approved by reviewer,FALSE,,,,FALSE,TRUE
es112,whitlow_1978_thesis,experimental,71.2285,71.2285,71.2285,Reported mean; used unchanged,8.4397,,8.4397,Reported or previously approved SD; used unchanged,1.887174,Accepted analysis assumption: SD = sqrt(mean); SE = SD / sqrt(n),included_studies/whitlow_1978_thesis.pdf; figure error bars are not defined; assumption approved by reviewer,FALSE,,,,FALSE,TRUE
es113,whitlow_1978_thesis,experimental,60.8719,60.8719,60.8719,Reported mean; used unchanged,7.802,,7.802,Reported or previously approved SD; used unchanged,1.74458,Accepted analysis assumption: SD = sqrt(mean); SE = SD / sqrt(n),included_studies/whitlow_1978_thesis.pdf; figure error bars are not defined; assumption approved by reviewer,FALSE,,,,FALSE,TRUE
es114,whitlow_1978_thesis,experimental,42.8005,42.8005,42.8005,Reported mean; used unchanged,6.5422,,6.5422,Reported or previously approved SD; used unchanged,1.46288,Accepted analysis assumption: SD = sqrt(mean); SE = SD / sqrt(n),included_studies/whitlow_1978_thesis.pdf; figure error bars are not defined; assumption approved by reviewer,FALSE,,,,FALSE,TRUE
es115,whitlow_1978_thesis,experimental,36.8824,36.8824,36.8824,Reported mean; used unchanged,6.0731,,6.0731,Reported or previously approved SD; used unchanged,1.357986,Accepted analysis assumption: SD = sqrt(mean); SE = SD / sqrt(n),included_studies/whitlow_1978_thesis.pdf; figure error bars are not defined; assumption approved by reviewer,FALSE,,,,FALSE,TRUE
es116,whitlow_1978_thesis,experimental,26.7371,26.7371,26.7371,Reported mean; used unchanged,5.1708,,5.1708,Reported or previously approved SD; used unchanged,1.156226,Accepted analysis assumption: SD = sqrt(mean); SE = SD / sqrt(n),included_studies/whitlow_1978_thesis.pdf; figure error bars are not defined; assumption approved by reviewer,FALSE,,,,FALSE,TRUE
es117,whitlow_1978_thesis,experimental,15.7464,15.7464,15.7464,Reported mean; used unchanged,3.9682,,3.9682,Reported or previously approved SD; used unchanged,0.887316,Accepted analysis assumption: SD = sqrt(mean); SE = SD / sqrt(n),included_studies/whitlow_1978_thesis.pdf; figure error bars are not defined; assumption approved by reviewer,FALSE,,,,FALSE,TRUE
es118,whitlow_1978_thesis,experimental,3.6809,3.6809,3.6809,Reported mean; used unchanged,1.9186,,1.9186,Reported or previously approved SD; used unchanged,0.429012,Accepted analysis assumption: SD = sqrt(mean); SE = SD / sqrt(n),included_studies/whitlow_1978_thesis.pdf; figure error bars are not defined; assumption approved by reviewer,FALSE,,,,FALSE,TRUE
es119,whitlow_1978_thesis,experimental,3.708,3.708,3.708,Reported mean; used unchanged,1.9256,,1.9256,Reported or previously approved SD; used unchanged,0.430577,Accepted analysis assumption: SD = sqrt(mean); SE = SD / sqrt(n),included_studies/whitlow_1978_thesis.pdf; figure error bars are not defined; assumption approved by reviewer,FALSE,,,,FALSE,TRUE
es120,whitlow_1978_thesis,experimental,5.6705,5.6705,5.6705,Reported mean; used unchanged,2.3813,,2.3813,Reported or previously approved SD; used unchanged,0.532475,Accepted analysis assumption: SD = sqrt(mean); SE = SD / sqrt(n),included_studies/whitlow_1978_thesis.pdf; figure error bars are not defined; assumption approved by reviewer,FALSE,,,,FALSE,TRUE
es121,whitlow_1978_thesis,experimental,4.8023,4.8023,4.8023,Reported mean; used unchanged,2.1914,,2.1914,Reported or previously approved SD; used unchanged,0.490012,Accepted analysis assumption: SD = sqrt(mean); SE = SD / sqrt(n),included_studies/whitlow_1978_thesis.pdf; figure error bars are not defined; assumption approved by reviewer,FALSE,,,,FALSE,TRUE
es122,whitlow_1978_thesis,experimental,3.6899,3.6899,3.6899,Reported mean; used unchanged,1.9209,,1.9209,Reported or previously approved SD; used unchanged,0.429526,Accepted analysis assumption: SD = sqrt(mean); SE = SD / sqrt(n),included_studies/whitlow_1978_thesis.pdf; figure error bars are not defined; assumption approved by reviewer,FALSE,,,,FALSE,TRUE
es123,whitlow_1978_thesis,experimental,3.0749,3.0749,3.0749,Reported mean; used unchanged,1.7535,,1.7535,Reported or previously approved SD; used unchanged,0.392095,Accepted analysis assumption: SD = sqrt(mean); SE = SD / sqrt(n),included_studies/whitlow_1978_thesis.pdf; figure error bars are not defined; assumption approved by reviewer,FALSE,,,,FALSE,TRUE
es124,whitlow_1978_thesis,experimental,2.3777,2.3777,2.3777,Reported mean; used unchanged,1.542,,1.542,Reported or previously approved SD; used unchanged,0.344802,Accepted analysis assumption: SD = sqrt(mean); SE = SD / sqrt(n),included_studies/whitlow_1978_thesis.pdf; figure error bars are not defined; assumption approved by reviewer,FALSE,,,,FALSE,TRUE
es125,whitlow_1978_thesis,experimental,2.0226,2.0226,2.0226,Reported mean; used unchanged,1.4222,,1.4222,Reported or previously approved SD; used unchanged,0.318014,Accepted analysis assumption: SD = sqrt(mean); SE = SD / sqrt(n),included_studies/whitlow_1978_thesis.pdf; figure error bars are not defined; assumption approved by reviewer,FALSE,,,,FALSE,TRUE
es126,whitlow_1978_thesis,experimental,1.9827,1.9827,1.9827,Reported mean; used unchanged,1.4081,,1.4081,Reported or previously approved SD; used unchanged,0.314861,Accepted analysis assumption: SD = sqrt(mean); SE = SD / sqrt(n),included_studies/whitlow_1978_thesis.pdf; figure error bars are not defined; assumption approved by reviewer,FALSE,,,,FALSE,TRUE
es127,whitlow_1978_thesis,experimental,1.8311,1.8311,1.8311,Reported mean; used unchanged,1.3532,,1.3532,Reported or previously approved SD; used unchanged,0.302585,Accepted analysis assumption: SD = sqrt(mean); SE = SD / sqrt(n),included_studies/whitlow_1978_thesis.pdf; figure error bars are not defined; assumption approved by reviewer,FALSE,,,,FALSE,TRUE
es128,whitlow_1978_thesis,experimental,2.5731,2.5731,2.5731,Reported mean; used unchanged,1.6041,,1.6041,Reported or previously approved SD; used unchanged,0.358688,Accepted analysis assumption: SD = sqrt(mean); SE = SD / sqrt(n),included_studies/whitlow_1978_thesis.pdf; figure error bars are not defined; assumption approved by reviewer,FALSE,,,,FALSE,TRUE
es129,whitlow_1978_thesis,experimental,2.8604,2.8604,2.8604,Reported mean; used unchanged,1.6913,,1.6913,Reported or previously approved SD; used unchanged,0.378186,Accepted analysis assumption: SD = sqrt(mean); SE = SD / sqrt(n),included_studies/whitlow_1978_thesis.pdf; figure error bars are not defined; assumption approved by reviewer,FALSE,,,,FALSE,TRUE
es130,abramova_2020_genpath,experimental,56.2632,56.2632,56.2632,Reported mean; used unchanged,26.4614,,26.4614,Reported or previously approved SD; used unchanged,6.070662,"SD / sqrt(n), using descriptive statistics calculated from author raw data","included_studies/abramova_2020_genpath/abramova2020_descriptives.xlsx, tidy_all",FALSE,,,,FALSE,TRUE
es131,abramova_2020_genpath,experimental,59.625,59.625,59.625,Reported mean; used unchanged,19.4418,,19.4418,Reported or previously approved SD; used unchanged,4.86045,"SD / sqrt(n), using descriptive statistics calculated from author raw data","included_studies/abramova_2020_genpath/abramova2020_descriptives.xlsx, tidy_all",FALSE,,,,FALSE,TRUE
es132,abramova_2020_genpath,experimental,23.5789,23.5789,23.5789,Reported mean; used unchanged,11.057,,11.057,Reported or previously approved SD; used unchanged,2.53665,"SD / sqrt(n), using descriptive statistics calculated from author raw data","included_studies/abramova_2020_genpath/abramova2020_descriptives.xlsx, tidy_all",FALSE,,,,FALSE,TRUE
es133,abramova_2020_genpath,experimental,28.1875,28.1875,28.1875,Reported mean; used unchanged,8.9086,,8.9086,Reported or previously approved SD; used unchanged,2.22715,"SD / sqrt(n), using descriptive statistics calculated from author raw data","included_studies/abramova_2020_genpath/abramova2020_descriptives.xlsx, tidy_all",FALSE,,,,FALSE,TRUE
es134,abramova_2020_genpath,experimental,1.8421,1.8421,1.8421,Reported mean; used unchanged,1.4245,,1.4245,Reported or previously approved SD; used unchanged,0.326803,"SD / sqrt(n), using descriptive statistics calculated from author raw data","included_studies/abramova_2020_genpath/abramova2020_descriptives.xlsx, tidy_all",FALSE,,,,FALSE,TRUE
es135,abramova_2020_genpath,experimental,1.25,1.25,1.25,Reported mean; used unchanged,0.9309,,0.9309,Reported or previously approved SD; used unchanged,0.232725,"SD / sqrt(n), using descriptive statistics calculated from author raw data","included_studies/abramova_2020_genpath/abramova2020_descriptives.xlsx, tidy_all",FALSE,,,,FALSE,TRUE
es136,abramova_2020_genpath,experimental,33.2405,33.2405,33.2405,Reported mean; used unchanged,19.9724,,19.9724,Reported or previously approved SD; used unchanged,4.581983,"SD / sqrt(n), using descriptive statistics calculated from author raw data","included_studies/abramova_2020_genpath/abramova2020_descriptives.xlsx, tidy_all",FALSE,,,,FALSE,TRUE
es137,abramova_2020_genpath,experimental,17.125,17.125,17.125,Reported mean; used unchanged,12.2961,,12.2961,Reported or previously approved SD; used unchanged,3.074025,"SD / sqrt(n), using descriptive statistics calculated from author raw data","included_studies/abramova_2020_genpath/abramova2020_descriptives.xlsx, tidy_all",FALSE,,,,FALSE,TRUE
es138,abramova_2020_genpath,experimental,33.2316,33.2316,33.2316,Reported mean; used unchanged,43.7813,,43.7813,Reported or previously approved SD; used unchanged,10.044119,"SD / sqrt(n), using descriptive statistics calculated from author raw data","included_studies/abramova_2020_genpath/abramova2020_descriptives.xlsx, tidy_all",FALSE,,,,FALSE,TRUE
es139,abramova_2020_genpath,experimental,32.7925,32.7925,32.7925,Reported mean; used unchanged,28.6499,,28.6499,Reported or previously approved SD; used unchanged,7.162475,"SD / sqrt(n), using descriptive statistics calculated from author raw data","included_studies/abramova_2020_genpath/abramova2020_descriptives.xlsx, tidy_all",FALSE,,,,FALSE,TRUE
es140,abramova_2020_genpath,experimental,4.2105,4.2105,4.2105,Reported mean; used unchanged,2.1751,,2.1751,Reported or previously approved SD; used unchanged,0.499002,"SD / sqrt(n), using descriptive statistics calculated from author raw data","included_studies/abramova_2020_genpath/abramova2020_descriptives.xlsx, tidy_all",FALSE,,,,FALSE,TRUE
es141,abramova_2020_genpath,experimental,3,3,3,Reported mean; used unchanged,1.3663,,1.3663,Reported or previously approved SD; used unchanged,0.341575,"SD / sqrt(n), using descriptive statistics calculated from author raw data","included_studies/abramova_2020_genpath/abramova2020_descriptives.xlsx, tidy_all",FALSE,,,,FALSE,TRUE
es142,abramova_2020_genpath,experimental,253.7111,253.7111,253.7111,Reported mean; used unchanged,39.4675,,39.4675,Reported or previously approved SD; used unchanged,9.054465,"SD / sqrt(n), using descriptive statistics calculated from author raw data","included_studies/abramova_2020_genpath/abramova2020_descriptives.xlsx, tidy_all",FALSE,,,,FALSE,TRUE
es143,abramova_2020_genpath,experimental,242.4406,242.4406,242.4406,Reported mean; used unchanged,43.8737,,43.8737,Reported or previously approved SD; used unchanged,10.968425,"SD / sqrt(n), using descriptive statistics calculated from author raw data","included_studies/abramova_2020_genpath/abramova2020_descriptives.xlsx, tidy_all",FALSE,,,,FALSE,TRUE
es144,abramova_2020_genpath,experimental,42.7837,42.7837,42.7837,Reported mean; used unchanged,38.8467,,38.8467,Reported or previously approved SD; used unchanged,8.912044,"SD / sqrt(n), using descriptive statistics calculated from author raw data","included_studies/abramova_2020_genpath/abramova2020_descriptives.xlsx, tidy_all",FALSE,,,,FALSE,TRUE
es145,abramova_2020_genpath,experimental,49.9631,49.9631,49.9631,Reported mean; used unchanged,41.8416,,41.8416,Reported or previously approved SD; used unchanged,10.4604,"SD / sqrt(n), using descriptive statistics calculated from author raw data","included_studies/abramova_2020_genpath/abramova2020_descriptives.xlsx, tidy_all",FALSE,,,,FALSE,TRUE
es146,abramova_2020_genpath,experimental,3.7895,3.7895,3.7895,Reported mean; used unchanged,3.1372,,3.1372,Reported or previously approved SD; used unchanged,0.719723,"SD / sqrt(n), using descriptive statistics calculated from author raw data","included_studies/abramova_2020_genpath/abramova2020_descriptives.xlsx, tidy_all",FALSE,,,,FALSE,TRUE
es147,abramova_2020_genpath,experimental,4.6875,4.6875,4.6875,Reported mean; used unchanged,3.2397,,3.2397,Reported or previously approved SD; used unchanged,0.809925,"SD / sqrt(n), using descriptive statistics calculated from author raw data","included_studies/abramova_2020_genpath/abramova2020_descriptives.xlsx, tidy_all",FALSE,,,,FALSE,TRUE
es148,abramova_2020_genpath,experimental,3.0526,3.0526,3.0526,Reported mean; used unchanged,2.1978,,2.1978,Reported or previously approved SD; used unchanged,0.50421,"SD / sqrt(n), using descriptive statistics calculated from author raw data","included_studies/abramova_2020_genpath/abramova2020_descriptives.xlsx, tidy_all",FALSE,,,,FALSE,TRUE
es149,abramova_2020_genpath,experimental,3.25,3.25,3.25,Reported mean; used unchanged,1.9149,,1.9149,Reported or previously approved SD; used unchanged,0.478725,"SD / sqrt(n), using descriptive statistics calculated from author raw data","included_studies/abramova_2020_genpath/abramova2020_descriptives.xlsx, tidy_all",FALSE,,,,FALSE,TRUE
es150,abramova_2020_genpath,experimental,7.1053,7.1053,7.1053,Reported mean; used unchanged,5.4149,,5.4149,Reported or previously approved SD; used unchanged,1.242263,"SD / sqrt(n), using descriptive statistics calculated from author raw data","included_studies/abramova_2020_genpath/abramova2020_descriptives.xlsx, tidy_all",FALSE,,,,FALSE,TRUE
es151,abramova_2020_genpath,experimental,8.625,8.625,8.625,Reported mean; used unchanged,6.8593,,6.8593,Reported or previously approved SD; used unchanged,1.714825,"SD / sqrt(n), using descriptive statistics calculated from author raw data","included_studies/abramova_2020_genpath/abramova2020_descriptives.xlsx, tidy_all",FALSE,,,,FALSE,TRUE
es152,abramova_2020_genpath,experimental,22.8753,22.8753,22.8753,Reported mean; used unchanged,20.7601,,20.7601,Reported or previously approved SD; used unchanged,4.762694,"SD / sqrt(n), using descriptive statistics calculated from author raw data","included_studies/abramova_2020_genpath/abramova2020_descriptives.xlsx, tidy_all",FALSE,,,,FALSE,TRUE
es153,abramova_2020_genpath,experimental,30.5488,30.5488,30.5488,Reported mean; used unchanged,22.0721,,22.0721,Reported or previously approved SD; used unchanged,5.518025,"SD / sqrt(n), using descriptive statistics calculated from author raw data","included_studies/abramova_2020_genpath/abramova2020_descriptives.xlsx, tidy_all",FALSE,,,,FALSE,TRUE
es154,abramova_2020_genpath,experimental,12.4211,12.4211,12.4211,Reported mean; used unchanged,5.3678,,5.3678,Reported or previously approved SD; used unchanged,1.231458,"SD / sqrt(n), using descriptive statistics calculated from author raw data","included_studies/abramova_2020_genpath/abramova2020_descriptives.xlsx, tidy_all",FALSE,,,,FALSE,TRUE
es155,abramova_2020_genpath,experimental,16.9375,16.9375,16.9375,Reported mean; used unchanged,6.678,,6.678,Reported or previously approved SD; used unchanged,1.6695,"SD / sqrt(n), using descriptive statistics calculated from author raw data","included_studies/abramova_2020_genpath/abramova2020_descriptives.xlsx, tidy_all",FALSE,,,,FALSE,TRUE
es156,abramova_2020_genpath,experimental,6.5274,6.5274,6.5274,Reported mean; used unchanged,11.2848,,11.2848,Reported or previously approved SD; used unchanged,2.588911,"SD / sqrt(n), using descriptive statistics calculated from author raw data","included_studies/abramova_2020_genpath/abramova2020_descriptives.xlsx, tidy_all",FALSE,,,,FALSE,TRUE
es157,abramova_2020_genpath,experimental,11.8338,11.8338,11.8338,Reported mean; used unchanged,18.4115,,18.4115,Reported or previously approved SD; used unchanged,4.602875,"SD / sqrt(n), using descriptive statistics calculated from author raw data","included_studies/abramova_2020_genpath/abramova2020_descriptives.xlsx, tidy_all",FALSE,,,,FALSE,TRUE
es158,abramova_2020_genpath,experimental,3.8421,3.8421,3.8421,Reported mean; used unchanged,2.5224,,2.5224,Reported or previously approved SD; used unchanged,0.578678,"SD / sqrt(n), using descriptive statistics calculated from author raw data","included_studies/abramova_2020_genpath/abramova2020_descriptives.xlsx, tidy_all",FALSE,,,,FALSE,TRUE
es159,abramova_2020_genpath,experimental,3.5625,3.5625,3.5625,Reported mean; used unchanged,1.8608,,1.8608,Reported or previously approved SD; used unchanged,0.4652,"SD / sqrt(n), using descriptive statistics calculated from author raw data","included_studies/abramova_2020_genpath/abramova2020_descriptives.xlsx, tidy_all",FALSE,,,,FALSE,TRUE
es160,abramova_2020_genpath,experimental,186.3768,186.3768,186.3768,Reported mean; used unchanged,71.3936,,71.3936,Reported or previously approved SD; used unchanged,16.378815,"SD / sqrt(n), using descriptive statistics calculated from author raw data","included_studies/abramova_2020_genpath/abramova2020_descriptives.xlsx, tidy_all",FALSE,,,,FALSE,TRUE
es161,abramova_2020_genpath,experimental,207.1638,207.1638,207.1638,Reported mean; used unchanged,75.8212,,75.8212,Reported or previously approved SD; used unchanged,18.9553,"SD / sqrt(n), using descriptive statistics calculated from author raw data","included_studies/abramova_2020_genpath/abramova2020_descriptives.xlsx, tidy_all",FALSE,,,,FALSE,TRUE
es162,abramova_2020_genpath,experimental,58.4183,58.4183,58.4183,Reported mean; used unchanged,28.935591,,28.935591,Reported or previously approved SD; used unchanged,6.63828,"SD / sqrt(n), using descriptive statistics calculated from author raw data","included_studies/abramova_2020_genpath/abramova2020_descriptives.xlsx, tidy_all",FALSE,,,,FALSE,TRUE
es163,abramova_2020_genpath,experimental,49.8194,49.8194,49.8194,Reported mean; used unchanged,33.9636,,33.9636,Reported or previously approved SD; used unchanged,8.4909,"SD / sqrt(n), using descriptive statistics calculated from author raw data","included_studies/abramova_2020_genpath/abramova2020_descriptives.xlsx, tidy_all",FALSE,,,,FALSE,TRUE
es164,abramova_2023_biopsy,experimental,22.3,22.3,22.3,Reported mean; used unchanged,10.4355,3.3,10.4355,Reported or previously approved SD; used unchanged,3.3,Reported SEM; used unchanged for analysis,"included_studies/abramova_2023_biopsy/abramova_2023_biopsy_data_calculations.xlsx, Table1_Extract, source row 2",FALSE,,,,FALSE,TRUE
es165,abramova_2023_biopsy,experimental,31.1,31.1,31.1,Reported mean; used unchanged,14.425,5.1,14.425,Reported or previously approved SD; used unchanged,5.1,Reported SEM; used unchanged for analysis,"included_studies/abramova_2023_biopsy/abramova_2023_biopsy_data_calculations.xlsx, Table1_Extract, source row 3",FALSE,,,,FALSE,TRUE
es166,abramova_2023_biopsy,experimental,8.4,8.4,8.4,Reported mean; used unchanged,3.7947,1.2,3.7947,Reported or previously approved SD; used unchanged,1.2,Reported SEM; used unchanged for analysis,"included_studies/abramova_2023_biopsy/abramova_2023_biopsy_data_calculations.xlsx, Table1_Extract, source row 4",FALSE,,,,FALSE,TRUE
es167,abramova_2023_biopsy,experimental,14.1,14.1,14.1,Reported mean; used unchanged,4.8083,1.7,4.8083,Reported or previously approved SD; used unchanged,1.7,Reported SEM; used unchanged for analysis,"included_studies/abramova_2023_biopsy/abramova_2023_biopsy_data_calculations.xlsx, Table1_Extract, source row 5",FALSE,,,,FALSE,TRUE
es168,abramova_2023_biopsy,experimental,,0.5,0.5,"Luo et al. (2018) from Q1, median, Q3 and n",,,0.8600034647511502,"Wan et al. (2014) from Q1, Q3 and n",0.2719569744249966,SE = Wan SD / sqrt(n),"included_studies/abramova_2023_biopsy/abramova_2023_biopsy_data_calculations.xlsx, Table1_Extract, source row 6",FALSE,,,,FALSE,TRUE
es169,abramova_2023_biopsy,experimental,,0.18718749999999998,0.18718749999999998,"Luo et al. (2018) from Q1, median, Q3 and n",,,0.446753844743742,"Wan et al. (2014) from Q1, Q3 and n",0.157951336569731,SE = Wan SD / sqrt(n),"included_studies/abramova_2023_biopsy/abramova_2023_biopsy_data_calculations.xlsx, Table1_Extract, source row 7",FALSE,,,,FALSE,TRUE
es170,abramova_2023_biopsy,experimental,80.1,80.1,80.1,Reported mean; used unchanged,61.3482,19.4,61.3482,Reported or previously approved SD; used unchanged,19.4,Reported SEM; used unchanged for analysis,"included_studies/abramova_2023_biopsy/abramova_2023_biopsy_data_calculations.xlsx, Table1_Extract, source row 8",FALSE,,,,FALSE,TRUE
es171,abramova_2023_biopsy,experimental,75.3,75.3,75.3,Reported mean; used unchanged,56.8514,20.1,56.8514,Reported or previously approved SD; used unchanged,20.1,Reported SEM; used unchanged for analysis,"included_studies/abramova_2023_biopsy/abramova_2023_biopsy_data_calculations.xlsx, Table1_Extract, source row 9",FALSE,,,,FALSE,TRUE
es172,abramova_2023_biopsy,experimental,,39.7633,39.7633,"Luo et al. (2018) from Q1, median, Q3 and n",,,31.47612680989209,"Wan et al. (2014) from Q1, Q3 and n",9.953625263954875,SE = Wan SD / sqrt(n),"included_studies/abramova_2023_biopsy/abramova_2023_biopsy_data_calculations.xlsx, Table1_Extract, source row 10",FALSE,,,,FALSE,TRUE
es173,abramova_2023_biopsy,experimental,,25.0113125,25.0113125,"Luo et al. (2018) from Q1, median, Q3 and n",,,19.389116861878406,"Wan et al. (2014) from Q1, Q3 and n",6.8550880071263265,SE = Wan SD / sqrt(n),"included_studies/abramova_2023_biopsy/abramova_2023_biopsy_data_calculations.xlsx, Table1_Extract, source row 11",FALSE,,,,FALSE,TRUE
es174,abramova_2023_biopsy,experimental,3.3,3.3,3.3,Reported mean; used unchanged,1.5811,0.5,1.5811,Reported or previously approved SD; used unchanged,0.5,Reported SEM; used unchanged for analysis,"included_studies/abramova_2023_biopsy/abramova_2023_biopsy_data_calculations.xlsx, Table1_Extract, source row 12",FALSE,,,,FALSE,TRUE
es175,abramova_2023_biopsy,experimental,2.9,2.9,2.9,Reported mean; used unchanged,1.6971,0.6,1.6971,Reported or previously approved SD; used unchanged,0.6,Reported SEM; used unchanged for analysis,"included_studies/abramova_2023_biopsy/abramova_2023_biopsy_data_calculations.xlsx, Table1_Extract, source row 13",FALSE,,,,FALSE,TRUE
es176,abramova_2023_biopsy,experimental,,0.63695,0.63695,"Luo et al. (2018) from Q1, median, Q3 and n",,,1.1180045041764952,"Wan et al. (2014) from Q1, Q3 and n",0.3535440667524956,SE = Wan SD / sqrt(n),"included_studies/abramova_2023_biopsy/abramova_2023_biopsy_data_calculations.xlsx, Table1_Extract, source row 14",FALSE,,,,FALSE,TRUE
es177,abramova_2023_biopsy,experimental,,0.11231249999999998,0.11231249999999998,"Luo et al. (2018) from Q1, median, Q3 and n",,,0.2680523068462452,"Wan et al. (2014) from Q1, Q3 and n",0.0947708019418386,SE = Wan SD / sqrt(n),"included_studies/abramova_2023_biopsy/abramova_2023_biopsy_data_calculations.xlsx, Table1_Extract, source row 15",FALSE,,,,FALSE,TRUE
es178,abramova_2023_biopsy,experimental,251,251,251,Reported mean; used unchanged,41.1096,13,41.1096,Reported or previously approved SD; used unchanged,13,Reported SEM; used unchanged for analysis,"included_studies/abramova_2023_biopsy/abramova_2023_biopsy_data_calculations.xlsx, Table1_Extract, source row 16",FALSE,,,,FALSE,TRUE
es179,abramova_2023_biopsy,experimental,266,266,266,Reported mean; used unchanged,31.1127,11,31.1127,Reported or previously approved SD; used unchanged,11,Reported SEM; used unchanged for analysis,"included_studies/abramova_2023_biopsy/abramova_2023_biopsy_data_calculations.xlsx, Table1_Extract, source row 17",FALSE,,,,FALSE,TRUE
es180,abramova_2023_biopsy,experimental,,34.6578,34.6578,"Luo et al. (2018) from Q1, median, Q3 and n",,,51.428207192118776,"Wan et al. (2014) from Q1, Q3 and n",16.263027070614797,SE = Wan SD / sqrt(n),"included_studies/abramova_2023_biopsy/abramova_2023_biopsy_data_calculations.xlsx, Table1_Extract, source row 18",FALSE,,,,FALSE,TRUE
es181,abramova_2023_biopsy,experimental,,33.1008125,33.1008125,"Luo et al. (2018) from Q1, median, Q3 and n",,,28.68159683254824,"Wan et al. (2014) from Q1, Q3 and n",10.140475807776731,SE = Wan SD / sqrt(n),"included_studies/abramova_2023_biopsy/abramova_2023_biopsy_data_calculations.xlsx, Table1_Extract, source row 19",FALSE,,,,FALSE,TRUE
es182,abramova_2023_biopsy,experimental,2.9,2.9,2.9,Reported mean; used unchanged,2.5298,0.8,2.5298,Reported or previously approved SD; used unchanged,0.8,Reported SEM; used unchanged for analysis,"included_studies/abramova_2023_biopsy/abramova_2023_biopsy_data_calculations.xlsx, Table1_Extract, source row 20",FALSE,,,,FALSE,TRUE
es183,abramova_2023_biopsy,experimental,2.9,2.9,2.9,Reported mean; used unchanged,1.9799,0.7,1.9799,Reported or previously approved SD; used unchanged,0.7,Reported SEM; used unchanged for analysis,"included_studies/abramova_2023_biopsy/abramova_2023_biopsy_data_calculations.xlsx, Table1_Extract, source row 21",FALSE,,,,FALSE,TRUE
es184,abramova_2023_biopsy,experimental,,0.25865,0.25865,"Luo et al. (2018) from Q1, median, Q3 and n",,,0.6020024253258051,"Wan et al. (2014) from Q1, Q3 and n",0.1903698820974976,SE = Wan SD / sqrt(n),"included_studies/abramova_2023_biopsy/abramova_2023_biopsy_data_calculations.xlsx, Table1_Extract, source row 22",FALSE,,,,FALSE,TRUE
es185,abramova_2023_biopsy,experimental,,0.6256250000000001,0.6256250000000001,"Luo et al. (2018) from Q1, median, Q3 and n",,,0.893507689487484,"Wan et al. (2014) from Q1, Q3 and n",0.315902673139462,SE = Wan SD / sqrt(n),"included_studies/abramova_2023_biopsy/abramova_2023_biopsy_data_calculations.xlsx, Table1_Extract, source row 23",FALSE,,,,FALSE,TRUE
es186,abramova_2023_biopsy,experimental,9.8,9.8,9.8,Reported mean; used unchanged,7.2732,2.3,7.2732,Reported or previously approved SD; used unchanged,2.3,Reported SEM; used unchanged for analysis,"included_studies/abramova_2023_biopsy/abramova_2023_biopsy_data_calculations.xlsx, Table1_Extract, source row 24",FALSE,,,,FALSE,TRUE
es187,abramova_2023_biopsy,experimental,8.1,8.1,8.1,Reported mean; used unchanged,4.8083,1.7,4.8083,Reported or previously approved SD; used unchanged,1.7,Reported SEM; used unchanged for analysis,"included_studies/abramova_2023_biopsy/abramova_2023_biopsy_data_calculations.xlsx, Table1_Extract, source row 25",FALSE,,,,FALSE,TRUE
es188,abramova_2023_biopsy,experimental,8,8,8,Reported mean; used unchanged,4.111,1.3,4.111,Reported or previously approved SD; used unchanged,1.3,Reported SEM; used unchanged for analysis,"included_studies/abramova_2023_biopsy/abramova_2023_biopsy_data_calculations.xlsx, Table1_Extract, source row 26",FALSE,,,,FALSE,TRUE
es189,abramova_2023_biopsy,experimental,15.2,15.2,15.2,Reported mean; used unchanged,3.9598,1.4,3.9598,Reported or previously approved SD; used unchanged,1.4,Reported SEM; used unchanged for analysis,"included_studies/abramova_2023_biopsy/abramova_2023_biopsy_data_calculations.xlsx, Table1_Extract, source row 27",FALSE,,,,FALSE,TRUE
es190,abramova_2023_biopsy,experimental,,1.13695,1.13695,"Luo et al. (2018) from Q1, median, Q3 and n",,,1.978007968927645,"Wan et al. (2014) from Q1, Q3 and n",0.6255010411774922,SE = Wan SD / sqrt(n),"included_studies/abramova_2023_biopsy/abramova_2023_biopsy_data_calculations.xlsx, Table1_Extract, source row 28",FALSE,,,,FALSE,TRUE
es191,abramova_2023_biopsy,experimental,,10.893999999999998,10.893999999999998,"Luo et al. (2018) from Q1, median, Q3 and n",,,16.440541486569707,"Wan et al. (2014) from Q1, Q3 and n",5.8126091857661,SE = Wan SD / sqrt(n),"included_studies/abramova_2023_biopsy/abramova_2023_biopsy_data_calculations.xlsx, Table1_Extract, source row 29",FALSE,,,,FALSE,TRUE
es192,abramova_2023_biopsy,experimental,46.8,46.8,46.8,Reported mean; used unchanged,20.871,6.6,20.871,Reported or previously approved SD; used unchanged,6.6,Reported SEM; used unchanged for analysis,"included_studies/abramova_2023_biopsy/abramova_2023_biopsy_data_calculations.xlsx, Table1_Extract, source row 30",FALSE,,,,FALSE,TRUE
es193,abramova_2023_biopsy,experimental,29.7,29.7,29.7,Reported mean; used unchanged,28.5671,10.1,28.5671,Reported or previously approved SD; used unchanged,10.1,Reported SEM; used unchanged for analysis,"included_studies/abramova_2023_biopsy/abramova_2023_biopsy_data_calculations.xlsx, Table1_Extract, source row 31",FALSE,,,,FALSE,TRUE
es194,abramova_2023_biopsy,experimental,,2.6281499999999998,2.6281499999999998,"Luo et al. (2018) from Q1, median, Q3 and n",,,2.8380114336787954,"Wan et al. (2014) from Q1, Q3 and n",0.8974580156024888,SE = Wan SD / sqrt(n),"included_studies/abramova_2023_biopsy/abramova_2023_biopsy_data_calculations.xlsx, Table1_Extract, source row 32",FALSE,,,,FALSE,TRUE
es195,abramova_2023_biopsy,experimental,,3.024125,3.024125,"Luo et al. (2018) from Q1, median, Q3 and n",,,4.467538447437421,"Wan et al. (2014) from Q1, Q3 and n",1.5795133656973102,SE = Wan SD / sqrt(n),"included_studies/abramova_2023_biopsy/abramova_2023_biopsy_data_calculations.xlsx, Table1_Extract, source row 33",FALSE,,,,FALSE,TRUE
es196,abramova_2023_biopsy,experimental,20.9,20.9,20.9,Reported mean; used unchanged,15.1789,4.8,15.1789,Reported or previously approved SD; used unchanged,4.8,Reported SEM; used unchanged for analysis,"included_studies/abramova_2023_biopsy/abramova_2023_biopsy_data_calculations.xlsx, Table1_Extract, source row 34",FALSE,,,,FALSE,TRUE
es197,abramova_2023_biopsy,experimental,8.8,8.8,8.8,Reported mean; used unchanged,8.2024,2.9,8.2024,Reported or previously approved SD; used unchanged,2.9,Reported SEM; used unchanged for analysis,"included_studies/abramova_2023_biopsy/abramova_2023_biopsy_data_calculations.xlsx, Table1_Extract, source row 35",FALSE,,,,FALSE,TRUE
es198,abramova_2023_biopsy,experimental,60.3,60.3,60.3,Reported mean; used unchanged,13.914,4.4,13.914,Reported or previously approved SD; used unchanged,4.4,Reported SEM; used unchanged for analysis,"included_studies/abramova_2023_biopsy/abramova_2023_biopsy_data_calculations.xlsx, Table1_Extract, source row 36",FALSE,,,,FALSE,TRUE
es199,abramova_2023_biopsy,experimental,83.4,83.4,83.4,Reported mean; used unchanged,11.3137,4,11.3137,Reported or previously approved SD; used unchanged,4,Reported SEM; used unchanged for analysis,"included_studies/abramova_2023_biopsy/abramova_2023_biopsy_data_calculations.xlsx, Table1_Extract, source row 37",FALSE,,,,FALSE,TRUE
es200,abramova_2023_biopsy,experimental,,134.827,134.827,"Luo et al. (2018) from Q1, median, Q3 and n",,,53.32021481457131,"Wan et al. (2014) from Q1, Q3 and n",16.86133241434979,SE = Wan SD / sqrt(n),"included_studies/abramova_2023_biopsy/abramova_2023_biopsy_data_calculations.xlsx, Table1_Extract, source row 38",FALSE,,,,FALSE,TRUE
es201,abramova_2023_biopsy,experimental,,98.5025,98.5025,"Luo et al. (2018) from Q1, median, Q3 and n",,,19.65716916872465,"Wan et al. (2014) from Q1, Q3 and n",6.949858809068164,SE = Wan SD / sqrt(n),"included_studies/abramova_2023_biopsy/abramova_2023_biopsy_data_calculations.xlsx, Table1_Extract, source row 39",FALSE,,,,FALSE,TRUE
es202,abramova_2023_biopsy,experimental,201,201,201,Reported mean; used unchanged,34.7851,11,34.7851,Reported or previously approved SD; used unchanged,11,Reported SEM; used unchanged for analysis,"included_studies/abramova_2023_biopsy/abramova_2023_biopsy_data_calculations.xlsx, Table1_Extract, source row 40",FALSE,,,,FALSE,TRUE
es203,abramova_2023_biopsy,experimental,228,228,228,Reported mean; used unchanged,22.6274,8,22.6274,Reported or previously approved SD; used unchanged,8,Reported SEM; used unchanged for analysis,"included_studies/abramova_2023_biopsy/abramova_2023_biopsy_data_calculations.xlsx, Table1_Extract, source row 41",FALSE,,,,FALSE,TRUE
es204,abramova_2023_biopsy,experimental,22,22,22,Reported mean; used unchanged,15.8114,5,15.8114,Reported or previously approved SD; used unchanged,5,Reported SEM; used unchanged for analysis,"included_studies/abramova_2023_biopsy/abramova_2023_biopsy_data_calculations.xlsx, Table1_Extract, source row 42",FALSE,,,,FALSE,TRUE
es205,abramova_2023_biopsy,experimental,36,36,36,Reported mean; used unchanged,19.799,7,19.799,Reported or previously approved SD; used unchanged,7,Reported SEM; used unchanged for analysis,"included_studies/abramova_2023_biopsy/abramova_2023_biopsy_data_calculations.xlsx, Table1_Extract, source row 43",FALSE,,,,FALSE,TRUE
es206,abramova_2023_biopsy,experimental,,2.88915,2.88915,"Luo et al. (2018) from Q1, median, Q3 and n",,,3.182012819579256,"Wan et al. (2014) from Q1, Q3 and n",1.0062408053724876,SE = Wan SD / sqrt(n),"included_studies/abramova_2023_biopsy/abramova_2023_biopsy_data_calculations.xlsx, Table1_Extract, source row 44",FALSE,,,,FALSE,TRUE
es207,abramova_2023_biopsy,experimental,,1,1,"Luo et al. (2018) from Q1, median, Q3 and n",,,1.787015378974968,"Wan et al. (2014) from Q1, Q3 and n",0.631805346278924,SE = Wan SD / sqrt(n),"included_studies/abramova_2023_biopsy/abramova_2023_biopsy_data_calculations.xlsx, Table1_Extract, source row 45",FALSE,,,,FALSE,TRUE
