issue_id,severity,certainty,category,study_id,es_id,csv_row,field,current_value,expected_or_review,evidence,source_file,source_locator,recommended_action
I0001,Low,Confirmed,Schema,,,,Unnamed: 70,entirely blank column,remove in next version,The column has no values and is not an extraction item in Protocol Table 5.,protocol/PCNE_protocol_v.4_111425.docx,Table 5,Drop only in the corrected copy; retain the original CSV unchanged.
I0002,Medium,Confirmed,Schema,,,,higher_better_notes / higher_better_notes.1,duplicate source header resolved by pandas suffix,two uniquely named fields or one consolidated notes field,Protocol Table 5 defines one higher_better_notes field; the CSV contains two identically named source headers.,protocol/PCNE_protocol_v.4_111425.docx,"Table 5, item higher_better_notes",Determine the meaning of the first duplicate (it appears to contain direction labels) and rename explicitly in the corrected copy.
I0003,Low,Confirmed,Coding,uygur_2010_aphyhun,es001,2,exposure_type,Intermitent,Intermittent,Protocol permits Intermittent or Continuous.,protocol/PCNE_protocol_v.4_111425.docx,"Table 5, item exposure_type",Standardize to the protocol spelling.
I0004,Low,Confirmed,Coding,uygur_2010_aphyhun,es001,2,measurement_timing,Light phase,Light Phase,Case does not match the protocol's three allowed labels.,protocol/PCNE_protocol_v.4_111425.docx,"Table 5, item measurement_timing",Standardize the label in the corrected copy.
I0005,Low,Confirmed,Coding,uygur_2010_aphyhun,es002,3,exposure_type,Intermitent,Intermittent,Protocol permits Intermittent or Continuous.,protocol/PCNE_protocol_v.4_111425.docx,"Table 5, item exposure_type",Standardize to the protocol spelling.
I0006,Low,Confirmed,Coding,uygur_2010_aphyhun,es002,3,measurement_timing,Light phase,Light Phase,Case does not match the protocol's three allowed labels.,protocol/PCNE_protocol_v.4_111425.docx,"Table 5, item measurement_timing",Standardize the label in the corrected copy.
I0007,Low,Confirmed,Coding,uygur_2010_aphyhun,es003,4,exposure_type,Intermitent,Intermittent,Protocol permits Intermittent or Continuous.,protocol/PCNE_protocol_v.4_111425.docx,"Table 5, item exposure_type",Standardize to the protocol spelling.
I0008,Low,Confirmed,Coding,uygur_2010_aphyhun,es003,4,measurement_timing,Light phase,Light Phase,Case does not match the protocol's three allowed labels.,protocol/PCNE_protocol_v.4_111425.docx,"Table 5, item measurement_timing",Standardize the label in the corrected copy.
I0009,Low,Confirmed,Coding,barzegar_2014_hippo,es004,5,exposure_type,Intermitent,Intermittent,Protocol permits Intermittent or Continuous.,protocol/PCNE_protocol_v.4_111425.docx,"Table 5, item exposure_type",Standardize to the protocol spelling.
I0010,Low,Confirmed,Coding,barzegar_2014_hippo,es004,5,measurement_timing,Not reported,Not Reported,Case does not match the protocol's three allowed labels.,protocol/PCNE_protocol_v.4_111425.docx,"Table 5, item measurement_timing",Standardize the label in the corrected copy.
I0011,Low,Confirmed,Coding,barzegar_2014_hippo,es005,6,exposure_type,Intermitent,Intermittent,Protocol permits Intermittent or Continuous.,protocol/PCNE_protocol_v.4_111425.docx,"Table 5, item exposure_type",Standardize to the protocol spelling.
I0012,Low,Confirmed,Coding,barzegar_2014_hippo,es005,6,measurement_timing,Not reported,Not Reported,Case does not match the protocol's three allowed labels.,protocol/PCNE_protocol_v.4_111425.docx,"Table 5, item measurement_timing",Standardize the label in the corrected copy.
I0013,Low,Confirmed,Coding,barzegar_2014_hippo,es006,7,exposure_type,Intermitent,Intermittent,Protocol permits Intermittent or Continuous.,protocol/PCNE_protocol_v.4_111425.docx,"Table 5, item exposure_type",Standardize to the protocol spelling.
I0014,Low,Confirmed,Coding,barzegar_2014_hippo,es006,7,measurement_timing,Not reported,Not Reported,Case does not match the protocol's three allowed labels.,protocol/PCNE_protocol_v.4_111425.docx,"Table 5, item measurement_timing",Standardize the label in the corrected copy.
I0015,Low,Confirmed,Coding,barzegar_2014_hippo,es007,8,exposure_type,Intermitent,Intermittent,Protocol permits Intermittent or Continuous.,protocol/PCNE_protocol_v.4_111425.docx,"Table 5, item exposure_type",Standardize to the protocol spelling.
I0016,Low,Confirmed,Coding,barzegar_2014_hippo,es007,8,measurement_timing,Not reported,Not Reported,Case does not match the protocol's three allowed labels.,protocol/PCNE_protocol_v.4_111425.docx,"Table 5, item measurement_timing",Standardize the label in the corrected copy.
I0017,Low,Confirmed,Coding,barzegar_2014_hippo,es008,9,exposure_type,Intermitent,Intermittent,Protocol permits Intermittent or Continuous.,protocol/PCNE_protocol_v.4_111425.docx,"Table 5, item exposure_type",Standardize to the protocol spelling.
I0018,Low,Confirmed,Coding,barzegar_2014_hippo,es008,9,measurement_timing,Not reported,Not Reported,Case does not match the protocol's three allowed labels.,protocol/PCNE_protocol_v.4_111425.docx,"Table 5, item measurement_timing",Standardize the label in the corrected copy.
I0019,Low,Confirmed,Coding,barzegar_2014_hippo,es009,10,exposure_type,Intermitent,Intermittent,Protocol permits Intermittent or Continuous.,protocol/PCNE_protocol_v.4_111425.docx,"Table 5, item exposure_type",Standardize to the protocol spelling.
I0020,Low,Confirmed,Coding,barzegar_2014_hippo,es009,10,measurement_timing,Not reported,Not Reported,Case does not match the protocol's three allowed labels.,protocol/PCNE_protocol_v.4_111425.docx,"Table 5, item measurement_timing",Standardize the label in the corrected copy.
I0021,Low,Confirmed,Coding,hassanvand_2012_phyphar,es010,11,exposure_type,Intermitent,Intermittent,Protocol permits Intermittent or Continuous.,protocol/PCNE_protocol_v.4_111425.docx,"Table 5, item exposure_type",Standardize to the protocol spelling.
I0022,Low,Confirmed,Coding,hassanvand_2012_phyphar,es010,11,measurement_timing,Not reported,Not Reported,Case does not match the protocol's three allowed labels.,protocol/PCNE_protocol_v.4_111425.docx,"Table 5, item measurement_timing",Standardize the label in the corrected copy.
I0023,Low,Confirmed,Coding,hassanvand_2012_phyphar,es011,12,exposure_type,Intermitent,Intermittent,Protocol permits Intermittent or Continuous.,protocol/PCNE_protocol_v.4_111425.docx,"Table 5, item exposure_type",Standardize to the protocol spelling.
I0024,Low,Confirmed,Coding,hassanvand_2012_phyphar,es011,12,measurement_timing,Not reported,Not Reported,Case does not match the protocol's three allowed labels.,protocol/PCNE_protocol_v.4_111425.docx,"Table 5, item measurement_timing",Standardize the label in the corrected copy.
I0025,Low,Confirmed,Coding,hassanvand_2012_phyphar,es012,13,exposure_type,Intermitent,Intermittent,Protocol permits Intermittent or Continuous.,protocol/PCNE_protocol_v.4_111425.docx,"Table 5, item exposure_type",Standardize to the protocol spelling.
I0026,Low,Confirmed,Coding,hassanvand_2012_phyphar,es012,13,measurement_timing,Not reported,Not Reported,Case does not match the protocol's three allowed labels.,protocol/PCNE_protocol_v.4_111425.docx,"Table 5, item measurement_timing",Standardize the label in the corrected copy.
I0027,Low,Confirmed,Coding,arjunan_2023_stress,es013,14,exposure_type,Intermitent,Intermittent,Protocol permits Intermittent or Continuous.,protocol/PCNE_protocol_v.4_111425.docx,"Table 5, item exposure_type",Standardize to the protocol spelling.
I0028,Low,Confirmed,Coding,arjunan_2023_stress,es013,14,measurement_timing,Not reported,Not Reported,Case does not match the protocol's three allowed labels.,protocol/PCNE_protocol_v.4_111425.docx,"Table 5, item measurement_timing",Standardize the label in the corrected copy.
I0029,Low,Confirmed,Coding,arjunan_2023_stress,es014,15,exposure_type,Intermitent,Intermittent,Protocol permits Intermittent or Continuous.,protocol/PCNE_protocol_v.4_111425.docx,"Table 5, item exposure_type",Standardize to the protocol spelling.
I0030,Low,Confirmed,Coding,arjunan_2023_stress,es014,15,measurement_timing,Not reported,Not Reported,Case does not match the protocol's three allowed labels.,protocol/PCNE_protocol_v.4_111425.docx,"Table 5, item measurement_timing",Standardize the label in the corrected copy.
I0031,Low,Confirmed,Coding,arjunan_2023_stress,es015,16,exposure_type,Intermitent,Intermittent,Protocol permits Intermittent or Continuous.,protocol/PCNE_protocol_v.4_111425.docx,"Table 5, item exposure_type",Standardize to the protocol spelling.
I0032,Low,Confirmed,Coding,arjunan_2023_stress,es015,16,measurement_timing,Not reported,Not Reported,Case does not match the protocol's three allowed labels.,protocol/PCNE_protocol_v.4_111425.docx,"Table 5, item measurement_timing",Standardize the label in the corrected copy.
I0033,Low,Confirmed,Coding,arjunan_2023_stress,es016,17,exposure_type,Intermitent,Intermittent,Protocol permits Intermittent or Continuous.,protocol/PCNE_protocol_v.4_111425.docx,"Table 5, item exposure_type",Standardize to the protocol spelling.
I0034,Low,Confirmed,Coding,arjunan_2023_stress,es016,17,measurement_timing,Not reported,Not Reported,Case does not match the protocol's three allowed labels.,protocol/PCNE_protocol_v.4_111425.docx,"Table 5, item measurement_timing",Standardize the label in the corrected copy.
I0035,Low,Confirmed,Coding,arjunan_2023_stress,es017,18,exposure_type,Intermitent,Intermittent,Protocol permits Intermittent or Continuous.,protocol/PCNE_protocol_v.4_111425.docx,"Table 5, item exposure_type",Standardize to the protocol spelling.
I0036,Low,Confirmed,Coding,arjunan_2023_stress,es017,18,measurement_timing,Not reported,Not Reported,Case does not match the protocol's three allowed labels.,protocol/PCNE_protocol_v.4_111425.docx,"Table 5, item measurement_timing",Standardize the label in the corrected copy.
I0037,Low,Confirmed,Coding,arjunan_2023_stress,es018,19,exposure_type,Intermitent,Intermittent,Protocol permits Intermittent or Continuous.,protocol/PCNE_protocol_v.4_111425.docx,"Table 5, item exposure_type",Standardize to the protocol spelling.
I0038,Low,Confirmed,Coding,arjunan_2023_stress,es018,19,measurement_timing,Not reported,Not Reported,Case does not match the protocol's three allowed labels.,protocol/PCNE_protocol_v.4_111425.docx,"Table 5, item measurement_timing",Standardize the label in the corrected copy.
I0039,Low,Confirmed,Coding,hadizadeh_2018_irjbamedsci,es019,20,exposure_type,Intermitent,Intermittent,Protocol permits Intermittent or Continuous.,protocol/PCNE_protocol_v.4_111425.docx,"Table 5, item exposure_type",Standardize to the protocol spelling.
I0040,Low,Confirmed,Coding,hadizadeh_2018_irjbamedsci,es019,20,measurement_timing,Not reported,Not Reported,Case does not match the protocol's three allowed labels.,protocol/PCNE_protocol_v.4_111425.docx,"Table 5, item measurement_timing",Standardize the label in the corrected copy.
I0041,Low,Confirmed,Coding,hadizadeh_2018_irjbamedsci,es020,21,exposure_type,Intermitent,Intermittent,Protocol permits Intermittent or Continuous.,protocol/PCNE_protocol_v.4_111425.docx,"Table 5, item exposure_type",Standardize to the protocol spelling.
I0042,Low,Confirmed,Coding,hadizadeh_2018_irjbamedsci,es020,21,measurement_timing,Not reported,Not Reported,Case does not match the protocol's three allowed labels.,protocol/PCNE_protocol_v.4_111425.docx,"Table 5, item measurement_timing",Standardize the label in the corrected copy.
I0043,Low,Confirmed,Protocol conformity,abramova_2024_devneur,es021,22,exposure_session_duration_h,24,blank (continuous exposure),Protocol says to populate session duration only for intermittent exposure.,protocol/PCNE_protocol_v.4_111425.docx,"Table 5, item exposure_session_duration","Move 24 h/day to notes if useful, or document a protocol deviation before retaining it."
I0044,Low,Confirmed,Coding,abramova_2024_devneur,es021,22,measurement_timing,Light phase,Light Phase,Case does not match the protocol's three allowed labels.,protocol/PCNE_protocol_v.4_111425.docx,"Table 5, item measurement_timing",Standardize the label in the corrected copy.
I0045,Low,Confirmed,Protocol conformity,abramova_2024_devneur,es022,23,exposure_session_duration_h,24,blank (continuous exposure),Protocol says to populate session duration only for intermittent exposure.,protocol/PCNE_protocol_v.4_111425.docx,"Table 5, item exposure_session_duration","Move 24 h/day to notes if useful, or document a protocol deviation before retaining it."
I0046,Low,Confirmed,Coding,abramova_2024_devneur,es022,23,measurement_timing,Light phase,Light Phase,Case does not match the protocol's three allowed labels.,protocol/PCNE_protocol_v.4_111425.docx,"Table 5, item measurement_timing",Standardize the label in the corrected copy.
I0047,Low,Confirmed,Protocol conformity,abramova_2024_devneur,es023,24,exposure_session_duration_h,24,blank (continuous exposure),Protocol says to populate session duration only for intermittent exposure.,protocol/PCNE_protocol_v.4_111425.docx,"Table 5, item exposure_session_duration","Move 24 h/day to notes if useful, or document a protocol deviation before retaining it."
I0048,Low,Confirmed,Coding,abramova_2024_devneur,es023,24,measurement_timing,Light phase,Light Phase,Case does not match the protocol's three allowed labels.,protocol/PCNE_protocol_v.4_111425.docx,"Table 5, item measurement_timing",Standardize the label in the corrected copy.
I0049,Low,Confirmed,Protocol conformity,abramova_2024_devneur,es024,25,exposure_session_duration_h,24,blank (continuous exposure),Protocol says to populate session duration only for intermittent exposure.,protocol/PCNE_protocol_v.4_111425.docx,"Table 5, item exposure_session_duration","Move 24 h/day to notes if useful, or document a protocol deviation before retaining it."
I0050,Low,Confirmed,Coding,abramova_2024_devneur,es024,25,measurement_timing,Light phase,Light Phase,Case does not match the protocol's three allowed labels.,protocol/PCNE_protocol_v.4_111425.docx,"Table 5, item measurement_timing",Standardize the label in the corrected copy.
I0051,Low,Confirmed,Protocol conformity,abramova_2024_devneur,es025,26,exposure_session_duration_h,24,blank (continuous exposure),Protocol says to populate session duration only for intermittent exposure.,protocol/PCNE_protocol_v.4_111425.docx,"Table 5, item exposure_session_duration","Move 24 h/day to notes if useful, or document a protocol deviation before retaining it."
I0052,Low,Confirmed,Coding,abramova_2024_devneur,es025,26,measurement_timing,Light phase,Light Phase,Case does not match the protocol's three allowed labels.,protocol/PCNE_protocol_v.4_111425.docx,"Table 5, item measurement_timing",Standardize the label in the corrected copy.
I0053,Low,Confirmed,Protocol conformity,abramova_2024_devneur,es026,27,exposure_session_duration_h,24,blank (continuous exposure),Protocol says to populate session duration only for intermittent exposure.,protocol/PCNE_protocol_v.4_111425.docx,"Table 5, item exposure_session_duration","Move 24 h/day to notes if useful, or document a protocol deviation before retaining it."
I0054,Low,Confirmed,Coding,abramova_2024_devneur,es026,27,measurement_timing,Light phase,Light Phase,Case does not match the protocol's three allowed labels.,protocol/PCNE_protocol_v.4_111425.docx,"Table 5, item measurement_timing",Standardize the label in the corrected copy.
I0055,Low,Confirmed,Protocol conformity,abramova_2024_devneur,es027,28,exposure_session_duration_h,24,blank (continuous exposure),Protocol says to populate session duration only for intermittent exposure.,protocol/PCNE_protocol_v.4_111425.docx,"Table 5, item exposure_session_duration","Move 24 h/day to notes if useful, or document a protocol deviation before retaining it."
I0056,Low,Confirmed,Coding,abramova_2024_devneur,es027,28,measurement_timing,Light phase,Light Phase,Case does not match the protocol's three allowed labels.,protocol/PCNE_protocol_v.4_111425.docx,"Table 5, item measurement_timing",Standardize the label in the corrected copy.
I0057,Low,Confirmed,Protocol conformity,abramova_2024_devneur,es028,29,exposure_session_duration_h,24,blank (continuous exposure),Protocol says to populate session duration only for intermittent exposure.,protocol/PCNE_protocol_v.4_111425.docx,"Table 5, item exposure_session_duration","Move 24 h/day to notes if useful, or document a protocol deviation before retaining it."
I0058,Low,Confirmed,Coding,abramova_2024_devneur,es028,29,measurement_timing,Light phase,Light Phase,Case does not match the protocol's three allowed labels.,protocol/PCNE_protocol_v.4_111425.docx,"Table 5, item measurement_timing",Standardize the label in the corrected copy.
I0059,Low,Confirmed,Protocol conformity,abramova_2024_devneur,es029,30,exposure_session_duration_h,24,blank (continuous exposure),Protocol says to populate session duration only for intermittent exposure.,protocol/PCNE_protocol_v.4_111425.docx,"Table 5, item exposure_session_duration","Move 24 h/day to notes if useful, or document a protocol deviation before retaining it."
I0060,Low,Confirmed,Coding,abramova_2024_devneur,es029,30,measurement_timing,Light phase,Light Phase,Case does not match the protocol's three allowed labels.,protocol/PCNE_protocol_v.4_111425.docx,"Table 5, item measurement_timing",Standardize the label in the corrected copy.
I0061,Low,Confirmed,Protocol conformity,abramova_2024_devneur,es030,31,exposure_session_duration_h,24,blank (continuous exposure),Protocol says to populate session duration only for intermittent exposure.,protocol/PCNE_protocol_v.4_111425.docx,"Table 5, item exposure_session_duration","Move 24 h/day to notes if useful, or document a protocol deviation before retaining it."
I0062,Low,Confirmed,Coding,abramova_2024_devneur,es030,31,measurement_timing,Light phase,Light Phase,Case does not match the protocol's three allowed labels.,protocol/PCNE_protocol_v.4_111425.docx,"Table 5, item measurement_timing",Standardize the label in the corrected copy.
I0063,Low,Confirmed,Protocol conformity,abramova_2024_devneur,es031,32,exposure_session_duration_h,24,blank (continuous exposure),Protocol says to populate session duration only for intermittent exposure.,protocol/PCNE_protocol_v.4_111425.docx,"Table 5, item exposure_session_duration","Move 24 h/day to notes if useful, or document a protocol deviation before retaining it."
I0064,Low,Confirmed,Coding,abramova_2024_devneur,es031,32,measurement_timing,Light phase,Light Phase,Case does not match the protocol's three allowed labels.,protocol/PCNE_protocol_v.4_111425.docx,"Table 5, item measurement_timing",Standardize the label in the corrected copy.
I0065,Low,Confirmed,Protocol conformity,abramova_2024_devneur,es032,33,exposure_session_duration_h,24,blank (continuous exposure),Protocol says to populate session duration only for intermittent exposure.,protocol/PCNE_protocol_v.4_111425.docx,"Table 5, item exposure_session_duration","Move 24 h/day to notes if useful, or document a protocol deviation before retaining it."
I0066,Low,Confirmed,Coding,abramova_2024_devneur,es032,33,measurement_timing,Light phase,Light Phase,Case does not match the protocol's three allowed labels.,protocol/PCNE_protocol_v.4_111425.docx,"Table 5, item measurement_timing",Standardize the label in the corrected copy.
I0067,Low,Confirmed,Protocol conformity,abramova_2024_devneur,es033,34,exposure_session_duration_h,24,blank (continuous exposure),Protocol says to populate session duration only for intermittent exposure.,protocol/PCNE_protocol_v.4_111425.docx,"Table 5, item exposure_session_duration","Move 24 h/day to notes if useful, or document a protocol deviation before retaining it."
I0068,Low,Confirmed,Coding,abramova_2024_devneur,es033,34,measurement_timing,Light phase,Light Phase,Case does not match the protocol's three allowed labels.,protocol/PCNE_protocol_v.4_111425.docx,"Table 5, item measurement_timing",Standardize the label in the corrected copy.
I0069,Low,Confirmed,Protocol conformity,abramova_2024_devneur,es034,35,exposure_session_duration_h,24,blank (continuous exposure),Protocol says to populate session duration only for intermittent exposure.,protocol/PCNE_protocol_v.4_111425.docx,"Table 5, item exposure_session_duration","Move 24 h/day to notes if useful, or document a protocol deviation before retaining it."
I0070,Low,Confirmed,Coding,abramova_2024_devneur,es034,35,measurement_timing,Light phase,Light Phase,Case does not match the protocol's three allowed labels.,protocol/PCNE_protocol_v.4_111425.docx,"Table 5, item measurement_timing",Standardize the label in the corrected copy.
I0071,Low,Confirmed,Protocol conformity,abramova_2024_devneur,es035,36,exposure_session_duration_h,24,blank (continuous exposure),Protocol says to populate session duration only for intermittent exposure.,protocol/PCNE_protocol_v.4_111425.docx,"Table 5, item exposure_session_duration","Move 24 h/day to notes if useful, or document a protocol deviation before retaining it."
I0072,Low,Confirmed,Coding,abramova_2024_devneur,es035,36,measurement_timing,Light phase,Light Phase,Case does not match the protocol's three allowed labels.,protocol/PCNE_protocol_v.4_111425.docx,"Table 5, item measurement_timing",Standardize the label in the corrected copy.
I0073,Low,Confirmed,Protocol conformity,abramova_2024_devneur,es036,37,exposure_session_duration_h,24,blank (continuous exposure),Protocol says to populate session duration only for intermittent exposure.,protocol/PCNE_protocol_v.4_111425.docx,"Table 5, item exposure_session_duration","Move 24 h/day to notes if useful, or document a protocol deviation before retaining it."
I0074,Low,Confirmed,Coding,abramova_2024_devneur,es036,37,measurement_timing,Light phase,Light Phase,Case does not match the protocol's three allowed labels.,protocol/PCNE_protocol_v.4_111425.docx,"Table 5, item measurement_timing",Standardize the label in the corrected copy.
I0075,Low,Confirmed,Protocol conformity,abramova_2024_devneur,es037,38,exposure_session_duration_h,24,blank (continuous exposure),Protocol says to populate session duration only for intermittent exposure.,protocol/PCNE_protocol_v.4_111425.docx,"Table 5, item exposure_session_duration","Move 24 h/day to notes if useful, or document a protocol deviation before retaining it."
I0076,Low,Confirmed,Coding,abramova_2024_devneur,es037,38,measurement_timing,Light phase,Light Phase,Case does not match the protocol's three allowed labels.,protocol/PCNE_protocol_v.4_111425.docx,"Table 5, item measurement_timing",Standardize the label in the corrected copy.
I0077,Low,Confirmed,Protocol conformity,abramova_2024_devneur,es038,39,exposure_session_duration_h,24,blank (continuous exposure),Protocol says to populate session duration only for intermittent exposure.,protocol/PCNE_protocol_v.4_111425.docx,"Table 5, item exposure_session_duration","Move 24 h/day to notes if useful, or document a protocol deviation before retaining it."
I0078,Low,Confirmed,Coding,abramova_2024_devneur,es038,39,measurement_timing,Light phase,Light Phase,Case does not match the protocol's three allowed labels.,protocol/PCNE_protocol_v.4_111425.docx,"Table 5, item measurement_timing",Standardize the label in the corrected copy.
I0079,Low,Confirmed,Protocol conformity,abramova_2024_devneur,es039,40,exposure_session_duration_h,24,blank (continuous exposure),Protocol says to populate session duration only for intermittent exposure.,protocol/PCNE_protocol_v.4_111425.docx,"Table 5, item exposure_session_duration","Move 24 h/day to notes if useful, or document a protocol deviation before retaining it."
I0080,Low,Confirmed,Coding,abramova_2024_devneur,es039,40,measurement_timing,Light phase,Light Phase,Case does not match the protocol's three allowed labels.,protocol/PCNE_protocol_v.4_111425.docx,"Table 5, item measurement_timing",Standardize the label in the corrected copy.
I0081,Low,Confirmed,Protocol conformity,abramova_2024_devneur,es040,41,exposure_session_duration_h,24,blank (continuous exposure),Protocol says to populate session duration only for intermittent exposure.,protocol/PCNE_protocol_v.4_111425.docx,"Table 5, item exposure_session_duration","Move 24 h/day to notes if useful, or document a protocol deviation before retaining it."
I0082,Low,Confirmed,Coding,abramova_2024_devneur,es040,41,measurement_timing,Light phase,Light Phase,Case does not match the protocol's three allowed labels.,protocol/PCNE_protocol_v.4_111425.docx,"Table 5, item measurement_timing",Standardize the label in the corrected copy.
I0083,Low,Confirmed,Protocol conformity,abramova_2024_devneur,es041,42,exposure_session_duration_h,24,blank (continuous exposure),Protocol says to populate session duration only for intermittent exposure.,protocol/PCNE_protocol_v.4_111425.docx,"Table 5, item exposure_session_duration","Move 24 h/day to notes if useful, or document a protocol deviation before retaining it."
I0084,Low,Confirmed,Coding,abramova_2024_devneur,es041,42,measurement_timing,Light phase,Light Phase,Case does not match the protocol's three allowed labels.,protocol/PCNE_protocol_v.4_111425.docx,"Table 5, item measurement_timing",Standardize the label in the corrected copy.
I0085,Low,Confirmed,Protocol conformity,abramova_2024_devneur,es042,43,exposure_session_duration_h,24,blank (continuous exposure),Protocol says to populate session duration only for intermittent exposure.,protocol/PCNE_protocol_v.4_111425.docx,"Table 5, item exposure_session_duration","Move 24 h/day to notes if useful, or document a protocol deviation before retaining it."
I0086,Low,Confirmed,Coding,abramova_2024_devneur,es042,43,measurement_timing,Light phase,Light Phase,Case does not match the protocol's three allowed labels.,protocol/PCNE_protocol_v.4_111425.docx,"Table 5, item measurement_timing",Standardize the label in the corrected copy.
I0087,Low,Confirmed,Protocol conformity,abramova_2024_devneur,es043,44,exposure_session_duration_h,24,blank (continuous exposure),Protocol says to populate session duration only for intermittent exposure.,protocol/PCNE_protocol_v.4_111425.docx,"Table 5, item exposure_session_duration","Move 24 h/day to notes if useful, or document a protocol deviation before retaining it."
I0088,Low,Confirmed,Coding,abramova_2024_devneur,es043,44,measurement_timing,Light phase,Light Phase,Case does not match the protocol's three allowed labels.,protocol/PCNE_protocol_v.4_111425.docx,"Table 5, item measurement_timing",Standardize the label in the corrected copy.
I0089,Low,Confirmed,Protocol conformity,abramova_2024_devneur,es044,45,exposure_session_duration_h,24,blank (continuous exposure),Protocol says to populate session duration only for intermittent exposure.,protocol/PCNE_protocol_v.4_111425.docx,"Table 5, item exposure_session_duration","Move 24 h/day to notes if useful, or document a protocol deviation before retaining it."
I0090,Low,Confirmed,Coding,abramova_2024_devneur,es044,45,measurement_timing,Light phase,Light Phase,Case does not match the protocol's three allowed labels.,protocol/PCNE_protocol_v.4_111425.docx,"Table 5, item measurement_timing",Standardize the label in the corrected copy.
I0091,Low,Confirmed,Protocol conformity,abramova_2024_devneur,es045,46,exposure_session_duration_h,24,blank (continuous exposure),Protocol says to populate session duration only for intermittent exposure.,protocol/PCNE_protocol_v.4_111425.docx,"Table 5, item exposure_session_duration","Move 24 h/day to notes if useful, or document a protocol deviation before retaining it."
I0092,Low,Confirmed,Coding,abramova_2024_devneur,es045,46,measurement_timing,Light phase,Light Phase,Case does not match the protocol's three allowed labels.,protocol/PCNE_protocol_v.4_111425.docx,"Table 5, item measurement_timing",Standardize the label in the corrected copy.
I0093,Low,Confirmed,Protocol conformity,abramova_2024_devneur,es046,47,exposure_session_duration_h,24,blank (continuous exposure),Protocol says to populate session duration only for intermittent exposure.,protocol/PCNE_protocol_v.4_111425.docx,"Table 5, item exposure_session_duration","Move 24 h/day to notes if useful, or document a protocol deviation before retaining it."
I0094,Low,Confirmed,Coding,abramova_2024_devneur,es046,47,measurement_timing,Light phase,Light Phase,Case does not match the protocol's three allowed labels.,protocol/PCNE_protocol_v.4_111425.docx,"Table 5, item measurement_timing",Standardize the label in the corrected copy.
I0095,Low,Confirmed,Coding,oliveira_2015_jbehavbraisci,es047,48,exposure_type,Intermitent,Intermittent,Protocol permits Intermittent or Continuous.,protocol/PCNE_protocol_v.4_111425.docx,"Table 5, item exposure_type",Standardize to the protocol spelling.
I0096,Low,Confirmed,Coding,oliveira_2015_jbehavbraisci,es047,48,measurement_timing,Light phase,Light Phase,Case does not match the protocol's three allowed labels.,protocol/PCNE_protocol_v.4_111425.docx,"Table 5, item measurement_timing",Standardize the label in the corrected copy.
I0097,Low,Confirmed,Coding,oliveira_2015_jbehavbraisci,es048,49,exposure_type,Intermitent,Intermittent,Protocol permits Intermittent or Continuous.,protocol/PCNE_protocol_v.4_111425.docx,"Table 5, item exposure_type",Standardize to the protocol spelling.
I0098,Low,Confirmed,Coding,oliveira_2015_jbehavbraisci,es048,49,measurement_timing,Light phase,Light Phase,Case does not match the protocol's three allowed labels.,protocol/PCNE_protocol_v.4_111425.docx,"Table 5, item measurement_timing",Standardize the label in the corrected copy.
I0099,Low,Confirmed,Coding,oliveira_2015_jbehavbraisci,es049,50,exposure_type,Intermitent,Intermittent,Protocol permits Intermittent or Continuous.,protocol/PCNE_protocol_v.4_111425.docx,"Table 5, item exposure_type",Standardize to the protocol spelling.
I0100,Low,Confirmed,Coding,oliveira_2015_jbehavbraisci,es049,50,measurement_timing,Light phase,Light Phase,Case does not match the protocol's three allowed labels.,protocol/PCNE_protocol_v.4_111425.docx,"Table 5, item measurement_timing",Standardize the label in the corrected copy.
I0101,Low,Confirmed,Coding,oliveira_2015_jbehavbraisci,es050,51,exposure_type,Intermitent,Intermittent,Protocol permits Intermittent or Continuous.,protocol/PCNE_protocol_v.4_111425.docx,"Table 5, item exposure_type",Standardize to the protocol spelling.
I0102,Low,Confirmed,Coding,oliveira_2015_jbehavbraisci,es050,51,measurement_timing,Light phase,Light Phase,Case does not match the protocol's three allowed labels.,protocol/PCNE_protocol_v.4_111425.docx,"Table 5, item measurement_timing",Standardize the label in the corrected copy.
I0103,Low,Confirmed,Coding,oliveira_2015_jbehavbraisci,es051,52,exposure_type,Intermitent,Intermittent,Protocol permits Intermittent or Continuous.,protocol/PCNE_protocol_v.4_111425.docx,"Table 5, item exposure_type",Standardize to the protocol spelling.
I0104,Low,Confirmed,Coding,oliveira_2015_jbehavbraisci,es051,52,measurement_timing,Light phase,Light Phase,Case does not match the protocol's three allowed labels.,protocol/PCNE_protocol_v.4_111425.docx,"Table 5, item measurement_timing",Standardize the label in the corrected copy.
I0105,Low,Confirmed,Coding,oliveira_2015_jbehavbraisci,es052,53,exposure_type,Intermitent,Intermittent,Protocol permits Intermittent or Continuous.,protocol/PCNE_protocol_v.4_111425.docx,"Table 5, item exposure_type",Standardize to the protocol spelling.
I0106,Low,Confirmed,Coding,oliveira_2015_jbehavbraisci,es052,53,measurement_timing,Light phase,Light Phase,Case does not match the protocol's three allowed labels.,protocol/PCNE_protocol_v.4_111425.docx,"Table 5, item measurement_timing",Standardize the label in the corrected copy.
I0107,Low,Confirmed,Protocol conformity,pavlov_2023_molsci,es053,54,exposure_session_duration_h,24,blank (continuous exposure),Protocol says to populate session duration only for intermittent exposure.,protocol/PCNE_protocol_v.4_111425.docx,"Table 5, item exposure_session_duration","Move 24 h/day to notes if useful, or document a protocol deviation before retaining it."
I0108,Low,Confirmed,Coding,pavlov_2023_molsci,es053,54,measurement_timing,Dark phase,Dark Phase,Case does not match the protocol's three allowed labels.,protocol/PCNE_protocol_v.4_111425.docx,"Table 5, item measurement_timing",Standardize the label in the corrected copy.
I0109,Low,Confirmed,Protocol conformity,pavlov_2023_molsci,es054,55,exposure_session_duration_h,24,blank (continuous exposure),Protocol says to populate session duration only for intermittent exposure.,protocol/PCNE_protocol_v.4_111425.docx,"Table 5, item exposure_session_duration","Move 24 h/day to notes if useful, or document a protocol deviation before retaining it."
I0110,Low,Confirmed,Coding,pavlov_2023_molsci,es054,55,measurement_timing,Dark phase,Dark Phase,Case does not match the protocol's three allowed labels.,protocol/PCNE_protocol_v.4_111425.docx,"Table 5, item measurement_timing",Standardize the label in the corrected copy.
I0111,Low,Confirmed,Protocol conformity,pavlov_2023_molsci,es055,56,exposure_session_duration_h,24,blank (continuous exposure),Protocol says to populate session duration only for intermittent exposure.,protocol/PCNE_protocol_v.4_111425.docx,"Table 5, item exposure_session_duration","Move 24 h/day to notes if useful, or document a protocol deviation before retaining it."
I0112,Low,Confirmed,Coding,pavlov_2023_molsci,es055,56,measurement_timing,Dark phase,Dark Phase,Case does not match the protocol's three allowed labels.,protocol/PCNE_protocol_v.4_111425.docx,"Table 5, item measurement_timing",Standardize the label in the corrected copy.
I0113,Low,Confirmed,Protocol conformity,pavlov_2023_molsci,es056,57,exposure_session_duration_h,24,blank (continuous exposure),Protocol says to populate session duration only for intermittent exposure.,protocol/PCNE_protocol_v.4_111425.docx,"Table 5, item exposure_session_duration","Move 24 h/day to notes if useful, or document a protocol deviation before retaining it."
I0114,Low,Confirmed,Coding,pavlov_2023_molsci,es056,57,measurement_timing,Dark phase,Dark Phase,Case does not match the protocol's three allowed labels.,protocol/PCNE_protocol_v.4_111425.docx,"Table 5, item measurement_timing",Standardize the label in the corrected copy.
I0115,Low,Confirmed,Protocol conformity,pavlov_2023_molsci,es057,58,exposure_session_duration_h,24,blank (continuous exposure),Protocol says to populate session duration only for intermittent exposure.,protocol/PCNE_protocol_v.4_111425.docx,"Table 5, item exposure_session_duration","Move 24 h/day to notes if useful, or document a protocol deviation before retaining it."
I0116,Low,Confirmed,Coding,pavlov_2023_molsci,es057,58,measurement_timing,Dark phase,Dark Phase,Case does not match the protocol's three allowed labels.,protocol/PCNE_protocol_v.4_111425.docx,"Table 5, item measurement_timing",Standardize the label in the corrected copy.
I0117,Low,Confirmed,Coding,nishio_2006_intjdevlneur,es058,59,exposure_type,Intermitent,Intermittent,Protocol permits Intermittent or Continuous.,protocol/PCNE_protocol_v.4_111425.docx,"Table 5, item exposure_type",Standardize to the protocol spelling.
I0118,Low,Confirmed,Coding,nishio_2006_intjdevlneur,es058,59,measurement_timing,Not reported,Not Reported,Case does not match the protocol's three allowed labels.,protocol/PCNE_protocol_v.4_111425.docx,"Table 5, item measurement_timing",Standardize the label in the corrected copy.
I0119,Low,Confirmed,Coding,nishio_2006_intjdevlneur,es059,60,exposure_type,Intermitent,Intermittent,Protocol permits Intermittent or Continuous.,protocol/PCNE_protocol_v.4_111425.docx,"Table 5, item exposure_type",Standardize to the protocol spelling.
I0120,Low,Confirmed,Coding,nishio_2006_intjdevlneur,es059,60,measurement_timing,Not reported,Not Reported,Case does not match the protocol's three allowed labels.,protocol/PCNE_protocol_v.4_111425.docx,"Table 5, item measurement_timing",Standardize the label in the corrected copy.
I0121,Low,Confirmed,Coding,nishio_2006_intjdevlneur,es060,61,exposure_type,Intermitent,Intermittent,Protocol permits Intermittent or Continuous.,protocol/PCNE_protocol_v.4_111425.docx,"Table 5, item exposure_type",Standardize to the protocol spelling.
I0122,Low,Confirmed,Coding,nishio_2006_intjdevlneur,es060,61,measurement_timing,Not reported,Not Reported,Case does not match the protocol's three allowed labels.,protocol/PCNE_protocol_v.4_111425.docx,"Table 5, item measurement_timing",Standardize the label in the corrected copy.
I0123,Low,Confirmed,Coding,nishio_2006_intjdevlneur,es061,62,exposure_type,Intermitent,Intermittent,Protocol permits Intermittent or Continuous.,protocol/PCNE_protocol_v.4_111425.docx,"Table 5, item exposure_type",Standardize to the protocol spelling.
I0124,Low,Confirmed,Coding,nishio_2006_intjdevlneur,es061,62,measurement_timing,Not reported,Not Reported,Case does not match the protocol's three allowed labels.,protocol/PCNE_protocol_v.4_111425.docx,"Table 5, item measurement_timing",Standardize the label in the corrected copy.
I0125,Low,Confirmed,Coding,nishio_2006_intjdevlneur,es062,63,exposure_type,Intermitent,Intermittent,Protocol permits Intermittent or Continuous.,protocol/PCNE_protocol_v.4_111425.docx,"Table 5, item exposure_type",Standardize to the protocol spelling.
I0126,Low,Confirmed,Coding,nishio_2006_intjdevlneur,es062,63,measurement_timing,Not reported,Not Reported,Case does not match the protocol's three allowed labels.,protocol/PCNE_protocol_v.4_111425.docx,"Table 5, item measurement_timing",Standardize the label in the corrected copy.
I0127,Low,Confirmed,Coding,nishio_2006_intjdevlneur,es063,64,exposure_type,Intermitent,Intermittent,Protocol permits Intermittent or Continuous.,protocol/PCNE_protocol_v.4_111425.docx,"Table 5, item exposure_type",Standardize to the protocol spelling.
I0128,Low,Confirmed,Coding,nishio_2006_intjdevlneur,es063,64,measurement_timing,Not reported,Not Reported,Case does not match the protocol's three allowed labels.,protocol/PCNE_protocol_v.4_111425.docx,"Table 5, item measurement_timing",Standardize the label in the corrected copy.
I0129,Low,Confirmed,Coding,uygur_2011_ankarauniv,es064,65,exposure_type,Intermitent,Intermittent,Protocol permits Intermittent or Continuous.,protocol/PCNE_protocol_v.4_111425.docx,"Table 5, item exposure_type",Standardize to the protocol spelling.
I0130,Low,Confirmed,Coding,uygur_2011_ankarauniv,es064,65,measurement_timing,Light phase,Light Phase,Case does not match the protocol's three allowed labels.,protocol/PCNE_protocol_v.4_111425.docx,"Table 5, item measurement_timing",Standardize the label in the corrected copy.
I0131,Low,Confirmed,Coding,uygur_2011_ankarauniv,es065,66,exposure_type,Intermitent,Intermittent,Protocol permits Intermittent or Continuous.,protocol/PCNE_protocol_v.4_111425.docx,"Table 5, item exposure_type",Standardize to the protocol spelling.
I0132,Low,Confirmed,Coding,uygur_2011_ankarauniv,es065,66,measurement_timing,Light phase,Light Phase,Case does not match the protocol's three allowed labels.,protocol/PCNE_protocol_v.4_111425.docx,"Table 5, item measurement_timing",Standardize the label in the corrected copy.
I0133,Low,Confirmed,Coding,uygur_2011_ankarauniv,es066,67,exposure_type,Intermitent,Intermittent,Protocol permits Intermittent or Continuous.,protocol/PCNE_protocol_v.4_111425.docx,"Table 5, item exposure_type",Standardize to the protocol spelling.
I0134,Low,Confirmed,Coding,uygur_2011_ankarauniv,es066,67,measurement_timing,Light phase,Light Phase,Case does not match the protocol's three allowed labels.,protocol/PCNE_protocol_v.4_111425.docx,"Table 5, item measurement_timing",Standardize the label in the corrected copy.
I0135,Low,Confirmed,Coding,uygur_2011_ankarauniv,es067,68,exposure_type,Intermitent,Intermittent,Protocol permits Intermittent or Continuous.,protocol/PCNE_protocol_v.4_111425.docx,"Table 5, item exposure_type",Standardize to the protocol spelling.
I0136,Low,Confirmed,Coding,uygur_2011_ankarauniv,es067,68,measurement_timing,Light phase,Light Phase,Case does not match the protocol's three allowed labels.,protocol/PCNE_protocol_v.4_111425.docx,"Table 5, item measurement_timing",Standardize the label in the corrected copy.
I0137,Low,Confirmed,Coding,uygur_2011_ankarauniv,es068,69,exposure_type,Intermitent,Intermittent,Protocol permits Intermittent or Continuous.,protocol/PCNE_protocol_v.4_111425.docx,"Table 5, item exposure_type",Standardize to the protocol spelling.
I0138,Low,Confirmed,Coding,uygur_2011_ankarauniv,es068,69,measurement_timing,Light phase,Light Phase,Case does not match the protocol's three allowed labels.,protocol/PCNE_protocol_v.4_111425.docx,"Table 5, item measurement_timing",Standardize the label in the corrected copy.
I0139,Low,Confirmed,Coding,uygur_2011_ankarauniv,es069,70,exposure_type,Intermitent,Intermittent,Protocol permits Intermittent or Continuous.,protocol/PCNE_protocol_v.4_111425.docx,"Table 5, item exposure_type",Standardize to the protocol spelling.
I0140,Low,Confirmed,Coding,uygur_2011_ankarauniv,es069,70,measurement_timing,Light phase,Light Phase,Case does not match the protocol's three allowed labels.,protocol/PCNE_protocol_v.4_111425.docx,"Table 5, item measurement_timing",Standardize the label in the corrected copy.
I0141,Low,Confirmed,Coding,uygur_2011_ankarauniv,es070,71,exposure_type,Intermitent,Intermittent,Protocol permits Intermittent or Continuous.,protocol/PCNE_protocol_v.4_111425.docx,"Table 5, item exposure_type",Standardize to the protocol spelling.
I0142,Low,Confirmed,Coding,uygur_2011_ankarauniv,es070,71,measurement_timing,Light phase,Light Phase,Case does not match the protocol's three allowed labels.,protocol/PCNE_protocol_v.4_111425.docx,"Table 5, item measurement_timing",Standardize the label in the corrected copy.
I0143,Low,Confirmed,Coding,uygur_2011_ankarauniv,es071,72,exposure_type,Intermitent,Intermittent,Protocol permits Intermittent or Continuous.,protocol/PCNE_protocol_v.4_111425.docx,"Table 5, item exposure_type",Standardize to the protocol spelling.
I0144,Low,Confirmed,Coding,uygur_2011_ankarauniv,es071,72,measurement_timing,Light phase,Light Phase,Case does not match the protocol's three allowed labels.,protocol/PCNE_protocol_v.4_111425.docx,"Table 5, item measurement_timing",Standardize the label in the corrected copy.
I0145,Low,Confirmed,Coding,morra_1965_physiolrec,es072,73,exposure_type,Intermitent,Intermittent,Protocol permits Intermittent or Continuous.,protocol/PCNE_protocol_v.4_111425.docx,"Table 5, item exposure_type",Standardize to the protocol spelling.
I0146,Medium,Confirmed,Coding,morra_1965_physiolrec,es072,73,outcome_type,Axiety,Anxiety,"Value is outside Protocol Table 5 categories Anxiety, Depression, or Both.",protocol/PCNE_protocol_v.4_111425.docx,"Table 5, item outcome_type",Correct the category before analysis.
I0147,Low,Confirmed,Coding,morra_1965_physiolrec,es072,73,measurement_timing,Not reported,Not Reported,Case does not match the protocol's three allowed labels.,protocol/PCNE_protocol_v.4_111425.docx,"Table 5, item measurement_timing",Standardize the label in the corrected copy.
I0148,Low,Confirmed,Coding,morra_1965_physiolrec,es073,74,exposure_type,Intermitent,Intermittent,Protocol permits Intermittent or Continuous.,protocol/PCNE_protocol_v.4_111425.docx,"Table 5, item exposure_type",Standardize to the protocol spelling.
I0149,Medium,Confirmed,Coding,morra_1965_physiolrec,es073,74,outcome_type,Axiety,Anxiety,"Value is outside Protocol Table 5 categories Anxiety, Depression, or Both.",protocol/PCNE_protocol_v.4_111425.docx,"Table 5, item outcome_type",Correct the category before analysis.
I0150,Low,Confirmed,Coding,morra_1965_physiolrec,es073,74,measurement_timing,Not reported,Not Reported,Case does not match the protocol's three allowed labels.,protocol/PCNE_protocol_v.4_111425.docx,"Table 5, item measurement_timing",Standardize the label in the corrected copy.
I0151,Low,Confirmed,Protocol conformity,abramova_2021_front,es074,75,exposure_session_duration_h,24,blank (continuous exposure),Protocol says to populate session duration only for intermittent exposure.,protocol/PCNE_protocol_v.4_111425.docx,"Table 5, item exposure_session_duration","Move 24 h/day to notes if useful, or document a protocol deviation before retaining it."
I0152,Medium,Confirmed,Coding,abramova_2021_front,es074,75,outcome_type,Axiety,Anxiety,"Value is outside Protocol Table 5 categories Anxiety, Depression, or Both.",protocol/PCNE_protocol_v.4_111425.docx,"Table 5, item outcome_type",Correct the category before analysis.
I0153,Low,Confirmed,Coding,abramova_2021_front,es074,75,measurement_timing,Light phase,Light Phase,Case does not match the protocol's three allowed labels.,protocol/PCNE_protocol_v.4_111425.docx,"Table 5, item measurement_timing",Standardize the label in the corrected copy.
I0154,Low,Confirmed,Protocol conformity,abramova_2021_front,es075,76,exposure_session_duration_h,24,blank (continuous exposure),Protocol says to populate session duration only for intermittent exposure.,protocol/PCNE_protocol_v.4_111425.docx,"Table 5, item exposure_session_duration","Move 24 h/day to notes if useful, or document a protocol deviation before retaining it."
I0155,Medium,Confirmed,Coding,abramova_2021_front,es075,76,outcome_type,Axiety,Anxiety,"Value is outside Protocol Table 5 categories Anxiety, Depression, or Both.",protocol/PCNE_protocol_v.4_111425.docx,"Table 5, item outcome_type",Correct the category before analysis.
I0156,Low,Confirmed,Coding,abramova_2021_front,es075,76,measurement_timing,Light phase,Light Phase,Case does not match the protocol's three allowed labels.,protocol/PCNE_protocol_v.4_111425.docx,"Table 5, item measurement_timing",Standardize the label in the corrected copy.
I0157,Low,Confirmed,Protocol conformity,abramova_2021_front,es076,77,exposure_session_duration_h,24,blank (continuous exposure),Protocol says to populate session duration only for intermittent exposure.,protocol/PCNE_protocol_v.4_111425.docx,"Table 5, item exposure_session_duration","Move 24 h/day to notes if useful, or document a protocol deviation before retaining it."
I0158,Medium,Confirmed,Coding,abramova_2021_front,es076,77,outcome_type,Axiety,Anxiety,"Value is outside Protocol Table 5 categories Anxiety, Depression, or Both.",protocol/PCNE_protocol_v.4_111425.docx,"Table 5, item outcome_type",Correct the category before analysis.
I0159,Low,Confirmed,Coding,abramova_2021_front,es076,77,measurement_timing,Light phase,Light Phase,Case does not match the protocol's three allowed labels.,protocol/PCNE_protocol_v.4_111425.docx,"Table 5, item measurement_timing",Standardize the label in the corrected copy.
I0160,Low,Confirmed,Protocol conformity,abramova_2021_front,es077,78,exposure_session_duration_h,24,blank (continuous exposure),Protocol says to populate session duration only for intermittent exposure.,protocol/PCNE_protocol_v.4_111425.docx,"Table 5, item exposure_session_duration","Move 24 h/day to notes if useful, or document a protocol deviation before retaining it."
I0161,Medium,Confirmed,Coding,abramova_2021_front,es077,78,outcome_type,Axiety,Anxiety,"Value is outside Protocol Table 5 categories Anxiety, Depression, or Both.",protocol/PCNE_protocol_v.4_111425.docx,"Table 5, item outcome_type",Correct the category before analysis.
I0162,Low,Confirmed,Coding,abramova_2021_front,es077,78,measurement_timing,Light phase,Light Phase,Case does not match the protocol's three allowed labels.,protocol/PCNE_protocol_v.4_111425.docx,"Table 5, item measurement_timing",Standardize the label in the corrected copy.
I0163,Low,Confirmed,Protocol conformity,abramova_2021_front,es078,79,exposure_session_duration_h,24,blank (continuous exposure),Protocol says to populate session duration only for intermittent exposure.,protocol/PCNE_protocol_v.4_111425.docx,"Table 5, item exposure_session_duration","Move 24 h/day to notes if useful, or document a protocol deviation before retaining it."
I0164,Medium,Confirmed,Coding,abramova_2021_front,es078,79,outcome_type,Axiety,Anxiety,"Value is outside Protocol Table 5 categories Anxiety, Depression, or Both.",protocol/PCNE_protocol_v.4_111425.docx,"Table 5, item outcome_type",Correct the category before analysis.
I0165,Low,Confirmed,Coding,abramova_2021_front,es078,79,measurement_timing,Light phase,Light Phase,Case does not match the protocol's three allowed labels.,protocol/PCNE_protocol_v.4_111425.docx,"Table 5, item measurement_timing",Standardize the label in the corrected copy.
I0166,Low,Confirmed,Protocol conformity,abramova_2021_front,es079,80,exposure_session_duration_h,24,blank (continuous exposure),Protocol says to populate session duration only for intermittent exposure.,protocol/PCNE_protocol_v.4_111425.docx,"Table 5, item exposure_session_duration","Move 24 h/day to notes if useful, or document a protocol deviation before retaining it."
I0167,Medium,Confirmed,Coding,abramova_2021_front,es079,80,outcome_type,Axiety,Anxiety,"Value is outside Protocol Table 5 categories Anxiety, Depression, or Both.",protocol/PCNE_protocol_v.4_111425.docx,"Table 5, item outcome_type",Correct the category before analysis.
I0168,Low,Confirmed,Coding,abramova_2021_front,es079,80,measurement_timing,Light phase,Light Phase,Case does not match the protocol's three allowed labels.,protocol/PCNE_protocol_v.4_111425.docx,"Table 5, item measurement_timing",Standardize the label in the corrected copy.
I0169,Low,Confirmed,Protocol conformity,abramova_2021_front,es080,81,exposure_session_duration_h,24,blank (continuous exposure),Protocol says to populate session duration only for intermittent exposure.,protocol/PCNE_protocol_v.4_111425.docx,"Table 5, item exposure_session_duration","Move 24 h/day to notes if useful, or document a protocol deviation before retaining it."
I0170,Medium,Confirmed,Coding,abramova_2021_front,es080,81,outcome_type,Axiety,Anxiety,"Value is outside Protocol Table 5 categories Anxiety, Depression, or Both.",protocol/PCNE_protocol_v.4_111425.docx,"Table 5, item outcome_type",Correct the category before analysis.
I0171,Low,Confirmed,Coding,abramova_2021_front,es080,81,measurement_timing,Light phase,Light Phase,Case does not match the protocol's three allowed labels.,protocol/PCNE_protocol_v.4_111425.docx,"Table 5, item measurement_timing",Standardize the label in the corrected copy.
I0172,Low,Confirmed,Protocol conformity,abramova_2021_front,es081,82,exposure_session_duration_h,24,blank (continuous exposure),Protocol says to populate session duration only for intermittent exposure.,protocol/PCNE_protocol_v.4_111425.docx,"Table 5, item exposure_session_duration","Move 24 h/day to notes if useful, or document a protocol deviation before retaining it."
I0173,Medium,Confirmed,Coding,abramova_2021_front,es081,82,outcome_type,Axiety,Anxiety,"Value is outside Protocol Table 5 categories Anxiety, Depression, or Both.",protocol/PCNE_protocol_v.4_111425.docx,"Table 5, item outcome_type",Correct the category before analysis.
I0174,Low,Confirmed,Coding,abramova_2021_front,es081,82,measurement_timing,Light phase,Light Phase,Case does not match the protocol's three allowed labels.,protocol/PCNE_protocol_v.4_111425.docx,"Table 5, item measurement_timing",Standardize the label in the corrected copy.
I0175,Low,Confirmed,Protocol conformity,abramova_2021_front,es082,83,exposure_session_duration_h,24,blank (continuous exposure),Protocol says to populate session duration only for intermittent exposure.,protocol/PCNE_protocol_v.4_111425.docx,"Table 5, item exposure_session_duration","Move 24 h/day to notes if useful, or document a protocol deviation before retaining it."
I0176,Medium,Confirmed,Coding,abramova_2021_front,es082,83,outcome_type,Axiety,Anxiety,"Value is outside Protocol Table 5 categories Anxiety, Depression, or Both.",protocol/PCNE_protocol_v.4_111425.docx,"Table 5, item outcome_type",Correct the category before analysis.
I0177,Low,Confirmed,Coding,abramova_2021_front,es082,83,measurement_timing,Light phase,Light Phase,Case does not match the protocol's three allowed labels.,protocol/PCNE_protocol_v.4_111425.docx,"Table 5, item measurement_timing",Standardize the label in the corrected copy.
I0178,Low,Confirmed,Protocol conformity,abramova_2021_front,es083,84,exposure_session_duration_h,24,blank (continuous exposure),Protocol says to populate session duration only for intermittent exposure.,protocol/PCNE_protocol_v.4_111425.docx,"Table 5, item exposure_session_duration","Move 24 h/day to notes if useful, or document a protocol deviation before retaining it."
I0179,Medium,Confirmed,Coding,abramova_2021_front,es083,84,outcome_type,Axiety,Anxiety,"Value is outside Protocol Table 5 categories Anxiety, Depression, or Both.",protocol/PCNE_protocol_v.4_111425.docx,"Table 5, item outcome_type",Correct the category before analysis.
I0180,Low,Confirmed,Coding,abramova_2021_front,es083,84,measurement_timing,Light phase,Light Phase,Case does not match the protocol's three allowed labels.,protocol/PCNE_protocol_v.4_111425.docx,"Table 5, item measurement_timing",Standardize the label in the corrected copy.
I0181,Low,Confirmed,Protocol conformity,abramova_2021_front,es084,85,exposure_session_duration_h,24,blank (continuous exposure),Protocol says to populate session duration only for intermittent exposure.,protocol/PCNE_protocol_v.4_111425.docx,"Table 5, item exposure_session_duration","Move 24 h/day to notes if useful, or document a protocol deviation before retaining it."
I0182,Medium,Confirmed,Coding,abramova_2021_front,es084,85,outcome_type,Axiety,Anxiety,"Value is outside Protocol Table 5 categories Anxiety, Depression, or Both.",protocol/PCNE_protocol_v.4_111425.docx,"Table 5, item outcome_type",Correct the category before analysis.
I0183,Low,Confirmed,Coding,abramova_2021_front,es084,85,measurement_timing,Light phase,Light Phase,Case does not match the protocol's three allowed labels.,protocol/PCNE_protocol_v.4_111425.docx,"Table 5, item measurement_timing",Standardize the label in the corrected copy.
I0184,Low,Confirmed,Protocol conformity,abramova_2021_front,es085,86,exposure_session_duration_h,24,blank (continuous exposure),Protocol says to populate session duration only for intermittent exposure.,protocol/PCNE_protocol_v.4_111425.docx,"Table 5, item exposure_session_duration","Move 24 h/day to notes if useful, or document a protocol deviation before retaining it."
I0185,Medium,Confirmed,Coding,abramova_2021_front,es085,86,outcome_type,Axiety,Anxiety,"Value is outside Protocol Table 5 categories Anxiety, Depression, or Both.",protocol/PCNE_protocol_v.4_111425.docx,"Table 5, item outcome_type",Correct the category before analysis.
I0186,Low,Confirmed,Coding,abramova_2021_front,es085,86,measurement_timing,Light phase,Light Phase,Case does not match the protocol's three allowed labels.,protocol/PCNE_protocol_v.4_111425.docx,"Table 5, item measurement_timing",Standardize the label in the corrected copy.
I0187,Low,Confirmed,Protocol conformity,abramova_2021_front,es086,87,exposure_session_duration_h,24,blank (continuous exposure),Protocol says to populate session duration only for intermittent exposure.,protocol/PCNE_protocol_v.4_111425.docx,"Table 5, item exposure_session_duration","Move 24 h/day to notes if useful, or document a protocol deviation before retaining it."
I0188,Medium,Confirmed,Coding,abramova_2021_front,es086,87,outcome_type,Axiety,Anxiety,"Value is outside Protocol Table 5 categories Anxiety, Depression, or Both.",protocol/PCNE_protocol_v.4_111425.docx,"Table 5, item outcome_type",Correct the category before analysis.
I0189,Low,Confirmed,Coding,abramova_2021_front,es086,87,measurement_timing,Light phase,Light Phase,Case does not match the protocol's three allowed labels.,protocol/PCNE_protocol_v.4_111425.docx,"Table 5, item measurement_timing",Standardize the label in the corrected copy.
I0190,Low,Confirmed,Protocol conformity,abramova_2021_front,es087,88,exposure_session_duration_h,24,blank (continuous exposure),Protocol says to populate session duration only for intermittent exposure.,protocol/PCNE_protocol_v.4_111425.docx,"Table 5, item exposure_session_duration","Move 24 h/day to notes if useful, or document a protocol deviation before retaining it."
I0191,Medium,Confirmed,Coding,abramova_2021_front,es087,88,outcome_type,Axiety,Anxiety,"Value is outside Protocol Table 5 categories Anxiety, Depression, or Both.",protocol/PCNE_protocol_v.4_111425.docx,"Table 5, item outcome_type",Correct the category before analysis.
I0192,Low,Confirmed,Coding,abramova_2021_front,es087,88,measurement_timing,Light phase,Light Phase,Case does not match the protocol's three allowed labels.,protocol/PCNE_protocol_v.4_111425.docx,"Table 5, item measurement_timing",Standardize the label in the corrected copy.
I0193,Low,Confirmed,Coding,badache_2017_stress,es088,89,exposure_type,Intermitent,Intermittent,Protocol permits Intermittent or Continuous.,protocol/PCNE_protocol_v.4_111425.docx,"Table 5, item exposure_type",Standardize to the protocol spelling.
I0194,Low,Confirmed,Coding,badache_2017_stress,es088,89,measurement_timing,Light phase,Light Phase,Case does not match the protocol's three allowed labels.,protocol/PCNE_protocol_v.4_111425.docx,"Table 5, item measurement_timing",Standardize the label in the corrected copy.
I0195,Low,Confirmed,Coding,badache_2017_stress,es089,90,exposure_type,Intermitent,Intermittent,Protocol permits Intermittent or Continuous.,protocol/PCNE_protocol_v.4_111425.docx,"Table 5, item exposure_type",Standardize to the protocol spelling.
I0196,Low,Confirmed,Coding,badache_2017_stress,es089,90,measurement_timing,Light phase,Light Phase,Case does not match the protocol's three allowed labels.,protocol/PCNE_protocol_v.4_111425.docx,"Table 5, item measurement_timing",Standardize the label in the corrected copy.
I0197,Low,Confirmed,Coding,badache_2017_stress,es090,91,exposure_type,Intermitent,Intermittent,Protocol permits Intermittent or Continuous.,protocol/PCNE_protocol_v.4_111425.docx,"Table 5, item exposure_type",Standardize to the protocol spelling.
I0198,Low,Confirmed,Coding,badache_2017_stress,es090,91,measurement_timing,Light phase,Light Phase,Case does not match the protocol's three allowed labels.,protocol/PCNE_protocol_v.4_111425.docx,"Table 5, item measurement_timing",Standardize the label in the corrected copy.
I0199,Low,Confirmed,Coding,badache_2017_stress,es091,92,exposure_type,Intermitent,Intermittent,Protocol permits Intermittent or Continuous.,protocol/PCNE_protocol_v.4_111425.docx,"Table 5, item exposure_type",Standardize to the protocol spelling.
I0200,Low,Confirmed,Coding,badache_2017_stress,es091,92,measurement_timing,Light phase,Light Phase,Case does not match the protocol's three allowed labels.,protocol/PCNE_protocol_v.4_111425.docx,"Table 5, item measurement_timing",Standardize the label in the corrected copy.
I0201,Low,Confirmed,Coding,badache_2017_stress,es092,93,exposure_type,Intermitent,Intermittent,Protocol permits Intermittent or Continuous.,protocol/PCNE_protocol_v.4_111425.docx,"Table 5, item exposure_type",Standardize to the protocol spelling.
I0202,Low,Confirmed,Coding,badache_2017_stress,es092,93,measurement_timing,Light phase,Light Phase,Case does not match the protocol's three allowed labels.,protocol/PCNE_protocol_v.4_111425.docx,"Table 5, item measurement_timing",Standardize the label in the corrected copy.
I0203,Low,Confirmed,Coding,badache_2017_stress,es093,94,exposure_type,Intermitent,Intermittent,Protocol permits Intermittent or Continuous.,protocol/PCNE_protocol_v.4_111425.docx,"Table 5, item exposure_type",Standardize to the protocol spelling.
I0204,Low,Confirmed,Coding,badache_2017_stress,es093,94,measurement_timing,Light phase,Light Phase,Case does not match the protocol's three allowed labels.,protocol/PCNE_protocol_v.4_111425.docx,"Table 5, item measurement_timing",Standardize the label in the corrected copy.
I0205,Low,Confirmed,Coding,whitlow_1978_thesis,es094,95,exposure_type,Intermitent,Intermittent,Protocol permits Intermittent or Continuous.,protocol/PCNE_protocol_v.4_111425.docx,"Table 5, item exposure_type",Standardize to the protocol spelling.
I0206,Low,Confirmed,Coding,whitlow_1978_thesis,es094,95,measurement_timing,Not reported,Not Reported,Case does not match the protocol's three allowed labels.,protocol/PCNE_protocol_v.4_111425.docx,"Table 5, item measurement_timing",Standardize the label in the corrected copy.
I0207,Low,Confirmed,Coding,whitlow_1978_thesis,es095,96,exposure_type,Intermitent,Intermittent,Protocol permits Intermittent or Continuous.,protocol/PCNE_protocol_v.4_111425.docx,"Table 5, item exposure_type",Standardize to the protocol spelling.
I0208,Low,Confirmed,Coding,whitlow_1978_thesis,es095,96,measurement_timing,Not reported,Not Reported,Case does not match the protocol's three allowed labels.,protocol/PCNE_protocol_v.4_111425.docx,"Table 5, item measurement_timing",Standardize the label in the corrected copy.
I0209,Low,Confirmed,Coding,whitlow_1978_thesis,es096,97,exposure_type,Intermitent,Intermittent,Protocol permits Intermittent or Continuous.,protocol/PCNE_protocol_v.4_111425.docx,"Table 5, item exposure_type",Standardize to the protocol spelling.
I0210,Low,Confirmed,Coding,whitlow_1978_thesis,es096,97,measurement_timing,Not reported,Not Reported,Case does not match the protocol's three allowed labels.,protocol/PCNE_protocol_v.4_111425.docx,"Table 5, item measurement_timing",Standardize the label in the corrected copy.
I0211,Low,Confirmed,Coding,whitlow_1978_thesis,es097,98,exposure_type,Intermitent,Intermittent,Protocol permits Intermittent or Continuous.,protocol/PCNE_protocol_v.4_111425.docx,"Table 5, item exposure_type",Standardize to the protocol spelling.
I0212,Low,Confirmed,Coding,whitlow_1978_thesis,es097,98,measurement_timing,Not reported,Not Reported,Case does not match the protocol's three allowed labels.,protocol/PCNE_protocol_v.4_111425.docx,"Table 5, item measurement_timing",Standardize the label in the corrected copy.
I0213,Low,Confirmed,Coding,whitlow_1978_thesis,es098,99,exposure_type,Intermitent,Intermittent,Protocol permits Intermittent or Continuous.,protocol/PCNE_protocol_v.4_111425.docx,"Table 5, item exposure_type",Standardize to the protocol spelling.
I0214,Low,Confirmed,Coding,whitlow_1978_thesis,es098,99,measurement_timing,Not reported,Not Reported,Case does not match the protocol's three allowed labels.,protocol/PCNE_protocol_v.4_111425.docx,"Table 5, item measurement_timing",Standardize the label in the corrected copy.
I0215,Low,Confirmed,Coding,whitlow_1978_thesis,es099,100,exposure_type,Intermitent,Intermittent,Protocol permits Intermittent or Continuous.,protocol/PCNE_protocol_v.4_111425.docx,"Table 5, item exposure_type",Standardize to the protocol spelling.
I0216,Low,Confirmed,Coding,whitlow_1978_thesis,es099,100,measurement_timing,Not reported,Not Reported,Case does not match the protocol's three allowed labels.,protocol/PCNE_protocol_v.4_111425.docx,"Table 5, item measurement_timing",Standardize the label in the corrected copy.
I0217,Low,Confirmed,Coding,whitlow_1978_thesis,es100,101,exposure_type,Intermitent,Intermittent,Protocol permits Intermittent or Continuous.,protocol/PCNE_protocol_v.4_111425.docx,"Table 5, item exposure_type",Standardize to the protocol spelling.
I0218,Low,Confirmed,Coding,whitlow_1978_thesis,es100,101,measurement_timing,Not reported,Not Reported,Case does not match the protocol's three allowed labels.,protocol/PCNE_protocol_v.4_111425.docx,"Table 5, item measurement_timing",Standardize the label in the corrected copy.
I0219,Low,Confirmed,Coding,whitlow_1978_thesis,es101,102,exposure_type,Intermitent,Intermittent,Protocol permits Intermittent or Continuous.,protocol/PCNE_protocol_v.4_111425.docx,"Table 5, item exposure_type",Standardize to the protocol spelling.
I0220,Low,Confirmed,Coding,whitlow_1978_thesis,es101,102,measurement_timing,Not reported,Not Reported,Case does not match the protocol's three allowed labels.,protocol/PCNE_protocol_v.4_111425.docx,"Table 5, item measurement_timing",Standardize the label in the corrected copy.
I0221,Low,Confirmed,Coding,whitlow_1978_thesis,es102,103,exposure_type,Intermitent,Intermittent,Protocol permits Intermittent or Continuous.,protocol/PCNE_protocol_v.4_111425.docx,"Table 5, item exposure_type",Standardize to the protocol spelling.
I0222,Low,Confirmed,Coding,whitlow_1978_thesis,es102,103,measurement_timing,Not reported,Not Reported,Case does not match the protocol's three allowed labels.,protocol/PCNE_protocol_v.4_111425.docx,"Table 5, item measurement_timing",Standardize the label in the corrected copy.
I0223,Low,Confirmed,Coding,whitlow_1978_thesis,es103,104,exposure_type,Intermitent,Intermittent,Protocol permits Intermittent or Continuous.,protocol/PCNE_protocol_v.4_111425.docx,"Table 5, item exposure_type",Standardize to the protocol spelling.
I0224,Low,Confirmed,Coding,whitlow_1978_thesis,es103,104,measurement_timing,Not reported,Not Reported,Case does not match the protocol's three allowed labels.,protocol/PCNE_protocol_v.4_111425.docx,"Table 5, item measurement_timing",Standardize the label in the corrected copy.
I0225,Low,Confirmed,Coding,whitlow_1978_thesis,es104,105,exposure_type,Intermitent,Intermittent,Protocol permits Intermittent or Continuous.,protocol/PCNE_protocol_v.4_111425.docx,"Table 5, item exposure_type",Standardize to the protocol spelling.
I0226,Low,Confirmed,Coding,whitlow_1978_thesis,es104,105,measurement_timing,Not reported,Not Reported,Case does not match the protocol's three allowed labels.,protocol/PCNE_protocol_v.4_111425.docx,"Table 5, item measurement_timing",Standardize the label in the corrected copy.
I0227,Low,Confirmed,Coding,whitlow_1978_thesis,es105,106,exposure_type,Intermitent,Intermittent,Protocol permits Intermittent or Continuous.,protocol/PCNE_protocol_v.4_111425.docx,"Table 5, item exposure_type",Standardize to the protocol spelling.
I0228,Low,Confirmed,Coding,whitlow_1978_thesis,es105,106,measurement_timing,Not reported,Not Reported,Case does not match the protocol's three allowed labels.,protocol/PCNE_protocol_v.4_111425.docx,"Table 5, item measurement_timing",Standardize the label in the corrected copy.
I0229,Low,Confirmed,Coding,whitlow_1978_thesis,es106,107,exposure_type,Intermitent,Intermittent,Protocol permits Intermittent or Continuous.,protocol/PCNE_protocol_v.4_111425.docx,"Table 5, item exposure_type",Standardize to the protocol spelling.
I0230,Low,Confirmed,Coding,whitlow_1978_thesis,es106,107,measurement_timing,Not reported,Not Reported,Case does not match the protocol's three allowed labels.,protocol/PCNE_protocol_v.4_111425.docx,"Table 5, item measurement_timing",Standardize the label in the corrected copy.
I0231,Low,Confirmed,Coding,whitlow_1978_thesis,es107,108,exposure_type,Intermitent,Intermittent,Protocol permits Intermittent or Continuous.,protocol/PCNE_protocol_v.4_111425.docx,"Table 5, item exposure_type",Standardize to the protocol spelling.
I0232,Low,Confirmed,Coding,whitlow_1978_thesis,es107,108,measurement_timing,Not reported,Not Reported,Case does not match the protocol's three allowed labels.,protocol/PCNE_protocol_v.4_111425.docx,"Table 5, item measurement_timing",Standardize the label in the corrected copy.
I0233,Low,Confirmed,Coding,whitlow_1978_thesis,es108,109,exposure_type,Intermitent,Intermittent,Protocol permits Intermittent or Continuous.,protocol/PCNE_protocol_v.4_111425.docx,"Table 5, item exposure_type",Standardize to the protocol spelling.
I0234,Low,Confirmed,Coding,whitlow_1978_thesis,es108,109,measurement_timing,Not reported,Not Reported,Case does not match the protocol's three allowed labels.,protocol/PCNE_protocol_v.4_111425.docx,"Table 5, item measurement_timing",Standardize the label in the corrected copy.
I0235,Low,Confirmed,Coding,whitlow_1978_thesis,es109,110,exposure_type,Intermitent,Intermittent,Protocol permits Intermittent or Continuous.,protocol/PCNE_protocol_v.4_111425.docx,"Table 5, item exposure_type",Standardize to the protocol spelling.
I0236,Low,Confirmed,Coding,whitlow_1978_thesis,es109,110,measurement_timing,Not reported,Not Reported,Case does not match the protocol's three allowed labels.,protocol/PCNE_protocol_v.4_111425.docx,"Table 5, item measurement_timing",Standardize the label in the corrected copy.
I0237,Low,Confirmed,Coding,whitlow_1978_thesis,es110,111,exposure_type,Intermitent,Intermittent,Protocol permits Intermittent or Continuous.,protocol/PCNE_protocol_v.4_111425.docx,"Table 5, item exposure_type",Standardize to the protocol spelling.
I0238,Low,Confirmed,Coding,whitlow_1978_thesis,es110,111,measurement_timing,Not reported,Not Reported,Case does not match the protocol's three allowed labels.,protocol/PCNE_protocol_v.4_111425.docx,"Table 5, item measurement_timing",Standardize the label in the corrected copy.
I0239,Low,Confirmed,Coding,whitlow_1978_thesis,es111,112,exposure_type,Intermitent,Intermittent,Protocol permits Intermittent or Continuous.,protocol/PCNE_protocol_v.4_111425.docx,"Table 5, item exposure_type",Standardize to the protocol spelling.
I0240,Low,Confirmed,Coding,whitlow_1978_thesis,es111,112,measurement_timing,Not reported,Not Reported,Case does not match the protocol's three allowed labels.,protocol/PCNE_protocol_v.4_111425.docx,"Table 5, item measurement_timing",Standardize the label in the corrected copy.
I0241,Low,Confirmed,Coding,whitlow_1978_thesis,es112,113,exposure_type,Intermitent,Intermittent,Protocol permits Intermittent or Continuous.,protocol/PCNE_protocol_v.4_111425.docx,"Table 5, item exposure_type",Standardize to the protocol spelling.
I0242,Low,Confirmed,Coding,whitlow_1978_thesis,es112,113,measurement_timing,Not reported,Not Reported,Case does not match the protocol's three allowed labels.,protocol/PCNE_protocol_v.4_111425.docx,"Table 5, item measurement_timing",Standardize the label in the corrected copy.
I0243,Low,Confirmed,Coding,whitlow_1978_thesis,es113,114,exposure_type,Intermitent,Intermittent,Protocol permits Intermittent or Continuous.,protocol/PCNE_protocol_v.4_111425.docx,"Table 5, item exposure_type",Standardize to the protocol spelling.
I0244,Low,Confirmed,Coding,whitlow_1978_thesis,es113,114,measurement_timing,Not reported,Not Reported,Case does not match the protocol's three allowed labels.,protocol/PCNE_protocol_v.4_111425.docx,"Table 5, item measurement_timing",Standardize the label in the corrected copy.
I0245,Low,Confirmed,Coding,whitlow_1978_thesis,es114,115,exposure_type,Intermitent,Intermittent,Protocol permits Intermittent or Continuous.,protocol/PCNE_protocol_v.4_111425.docx,"Table 5, item exposure_type",Standardize to the protocol spelling.
I0246,Low,Confirmed,Coding,whitlow_1978_thesis,es114,115,measurement_timing,Not reported,Not Reported,Case does not match the protocol's three allowed labels.,protocol/PCNE_protocol_v.4_111425.docx,"Table 5, item measurement_timing",Standardize the label in the corrected copy.
I0247,Low,Confirmed,Coding,whitlow_1978_thesis,es115,116,exposure_type,Intermitent,Intermittent,Protocol permits Intermittent or Continuous.,protocol/PCNE_protocol_v.4_111425.docx,"Table 5, item exposure_type",Standardize to the protocol spelling.
I0248,Low,Confirmed,Coding,whitlow_1978_thesis,es115,116,measurement_timing,Not reported,Not Reported,Case does not match the protocol's three allowed labels.,protocol/PCNE_protocol_v.4_111425.docx,"Table 5, item measurement_timing",Standardize the label in the corrected copy.
I0249,Low,Confirmed,Coding,whitlow_1978_thesis,es116,117,exposure_type,Intermitent,Intermittent,Protocol permits Intermittent or Continuous.,protocol/PCNE_protocol_v.4_111425.docx,"Table 5, item exposure_type",Standardize to the protocol spelling.
I0250,Low,Confirmed,Coding,whitlow_1978_thesis,es116,117,measurement_timing,Not reported,Not Reported,Case does not match the protocol's three allowed labels.,protocol/PCNE_protocol_v.4_111425.docx,"Table 5, item measurement_timing",Standardize the label in the corrected copy.
I0251,Low,Confirmed,Coding,whitlow_1978_thesis,es117,118,exposure_type,Intermitent,Intermittent,Protocol permits Intermittent or Continuous.,protocol/PCNE_protocol_v.4_111425.docx,"Table 5, item exposure_type",Standardize to the protocol spelling.
I0252,Low,Confirmed,Coding,whitlow_1978_thesis,es117,118,measurement_timing,Not reported,Not Reported,Case does not match the protocol's three allowed labels.,protocol/PCNE_protocol_v.4_111425.docx,"Table 5, item measurement_timing",Standardize the label in the corrected copy.
I0253,Low,Confirmed,Coding,whitlow_1978_thesis,es118,119,exposure_type,Intermitent,Intermittent,Protocol permits Intermittent or Continuous.,protocol/PCNE_protocol_v.4_111425.docx,"Table 5, item exposure_type",Standardize to the protocol spelling.
I0254,Low,Confirmed,Coding,whitlow_1978_thesis,es118,119,measurement_timing,Not reported,Not Reported,Case does not match the protocol's three allowed labels.,protocol/PCNE_protocol_v.4_111425.docx,"Table 5, item measurement_timing",Standardize the label in the corrected copy.
I0255,Low,Confirmed,Coding,whitlow_1978_thesis,es119,120,exposure_type,Intermitent,Intermittent,Protocol permits Intermittent or Continuous.,protocol/PCNE_protocol_v.4_111425.docx,"Table 5, item exposure_type",Standardize to the protocol spelling.
I0256,Low,Confirmed,Coding,whitlow_1978_thesis,es119,120,measurement_timing,Not reported,Not Reported,Case does not match the protocol's three allowed labels.,protocol/PCNE_protocol_v.4_111425.docx,"Table 5, item measurement_timing",Standardize the label in the corrected copy.
I0257,Low,Confirmed,Coding,whitlow_1978_thesis,es120,121,exposure_type,Intermitent,Intermittent,Protocol permits Intermittent or Continuous.,protocol/PCNE_protocol_v.4_111425.docx,"Table 5, item exposure_type",Standardize to the protocol spelling.
I0258,Low,Confirmed,Coding,whitlow_1978_thesis,es120,121,measurement_timing,Not reported,Not Reported,Case does not match the protocol's three allowed labels.,protocol/PCNE_protocol_v.4_111425.docx,"Table 5, item measurement_timing",Standardize the label in the corrected copy.
I0259,Low,Confirmed,Coding,whitlow_1978_thesis,es121,122,exposure_type,Intermitent,Intermittent,Protocol permits Intermittent or Continuous.,protocol/PCNE_protocol_v.4_111425.docx,"Table 5, item exposure_type",Standardize to the protocol spelling.
I0260,Low,Confirmed,Coding,whitlow_1978_thesis,es121,122,measurement_timing,Not reported,Not Reported,Case does not match the protocol's three allowed labels.,protocol/PCNE_protocol_v.4_111425.docx,"Table 5, item measurement_timing",Standardize the label in the corrected copy.
I0261,Low,Confirmed,Coding,whitlow_1978_thesis,es122,123,exposure_type,Intermitent,Intermittent,Protocol permits Intermittent or Continuous.,protocol/PCNE_protocol_v.4_111425.docx,"Table 5, item exposure_type",Standardize to the protocol spelling.
I0262,Low,Confirmed,Coding,whitlow_1978_thesis,es122,123,measurement_timing,Not reported,Not Reported,Case does not match the protocol's three allowed labels.,protocol/PCNE_protocol_v.4_111425.docx,"Table 5, item measurement_timing",Standardize the label in the corrected copy.
I0263,Low,Confirmed,Coding,whitlow_1978_thesis,es123,124,exposure_type,Intermitent,Intermittent,Protocol permits Intermittent or Continuous.,protocol/PCNE_protocol_v.4_111425.docx,"Table 5, item exposure_type",Standardize to the protocol spelling.
I0264,Low,Confirmed,Coding,whitlow_1978_thesis,es123,124,measurement_timing,Not reported,Not Reported,Case does not match the protocol's three allowed labels.,protocol/PCNE_protocol_v.4_111425.docx,"Table 5, item measurement_timing",Standardize the label in the corrected copy.
I0265,Low,Confirmed,Coding,whitlow_1978_thesis,es124,125,exposure_type,Intermitent,Intermittent,Protocol permits Intermittent or Continuous.,protocol/PCNE_protocol_v.4_111425.docx,"Table 5, item exposure_type",Standardize to the protocol spelling.
I0266,Low,Confirmed,Coding,whitlow_1978_thesis,es124,125,measurement_timing,Not reported,Not Reported,Case does not match the protocol's three allowed labels.,protocol/PCNE_protocol_v.4_111425.docx,"Table 5, item measurement_timing",Standardize the label in the corrected copy.
I0267,Low,Confirmed,Coding,whitlow_1978_thesis,es125,126,exposure_type,Intermitent,Intermittent,Protocol permits Intermittent or Continuous.,protocol/PCNE_protocol_v.4_111425.docx,"Table 5, item exposure_type",Standardize to the protocol spelling.
I0268,Low,Confirmed,Coding,whitlow_1978_thesis,es125,126,measurement_timing,Not reported,Not Reported,Case does not match the protocol's three allowed labels.,protocol/PCNE_protocol_v.4_111425.docx,"Table 5, item measurement_timing",Standardize the label in the corrected copy.
I0269,Low,Confirmed,Coding,whitlow_1978_thesis,es126,127,exposure_type,Intermitent,Intermittent,Protocol permits Intermittent or Continuous.,protocol/PCNE_protocol_v.4_111425.docx,"Table 5, item exposure_type",Standardize to the protocol spelling.
I0270,Low,Confirmed,Coding,whitlow_1978_thesis,es126,127,measurement_timing,Not reported,Not Reported,Case does not match the protocol's three allowed labels.,protocol/PCNE_protocol_v.4_111425.docx,"Table 5, item measurement_timing",Standardize the label in the corrected copy.
I0271,Low,Confirmed,Coding,whitlow_1978_thesis,es127,128,exposure_type,Intermitent,Intermittent,Protocol permits Intermittent or Continuous.,protocol/PCNE_protocol_v.4_111425.docx,"Table 5, item exposure_type",Standardize to the protocol spelling.
I0272,Low,Confirmed,Coding,whitlow_1978_thesis,es127,128,measurement_timing,Not reported,Not Reported,Case does not match the protocol's three allowed labels.,protocol/PCNE_protocol_v.4_111425.docx,"Table 5, item measurement_timing",Standardize the label in the corrected copy.
I0273,Low,Confirmed,Coding,whitlow_1978_thesis,es128,129,exposure_type,Intermitent,Intermittent,Protocol permits Intermittent or Continuous.,protocol/PCNE_protocol_v.4_111425.docx,"Table 5, item exposure_type",Standardize to the protocol spelling.
I0274,Low,Confirmed,Coding,whitlow_1978_thesis,es128,129,measurement_timing,Not reported,Not Reported,Case does not match the protocol's three allowed labels.,protocol/PCNE_protocol_v.4_111425.docx,"Table 5, item measurement_timing",Standardize the label in the corrected copy.
I0275,Low,Confirmed,Coding,whitlow_1978_thesis,es129,130,exposure_type,Intermitent,Intermittent,Protocol permits Intermittent or Continuous.,protocol/PCNE_protocol_v.4_111425.docx,"Table 5, item exposure_type",Standardize to the protocol spelling.
I0276,Low,Confirmed,Coding,whitlow_1978_thesis,es129,130,measurement_timing,Not reported,Not Reported,Case does not match the protocol's three allowed labels.,protocol/PCNE_protocol_v.4_111425.docx,"Table 5, item measurement_timing",Standardize the label in the corrected copy.
I0277,Low,Confirmed,Protocol conformity,abramova_2020_genpath,es130,131,exposure_session_duration_h,24,blank (continuous exposure),Protocol says to populate session duration only for intermittent exposure.,protocol/PCNE_protocol_v.4_111425.docx,"Table 5, item exposure_session_duration","Move 24 h/day to notes if useful, or document a protocol deviation before retaining it."
I0278,Low,Confirmed,Coding,abramova_2020_genpath,es130,131,measurement_timing,Light phase,Light Phase,Case does not match the protocol's three allowed labels.,protocol/PCNE_protocol_v.4_111425.docx,"Table 5, item measurement_timing",Standardize the label in the corrected copy.
I0279,Low,Confirmed,Protocol conformity,abramova_2020_genpath,es131,132,exposure_session_duration_h,24,blank (continuous exposure),Protocol says to populate session duration only for intermittent exposure.,protocol/PCNE_protocol_v.4_111425.docx,"Table 5, item exposure_session_duration","Move 24 h/day to notes if useful, or document a protocol deviation before retaining it."
I0280,Low,Confirmed,Coding,abramova_2020_genpath,es131,132,measurement_timing,Light phase,Light Phase,Case does not match the protocol's three allowed labels.,protocol/PCNE_protocol_v.4_111425.docx,"Table 5, item measurement_timing",Standardize the label in the corrected copy.
I0281,Low,Confirmed,Protocol conformity,abramova_2020_genpath,es132,133,exposure_session_duration_h,24,blank (continuous exposure),Protocol says to populate session duration only for intermittent exposure.,protocol/PCNE_protocol_v.4_111425.docx,"Table 5, item exposure_session_duration","Move 24 h/day to notes if useful, or document a protocol deviation before retaining it."
I0282,Low,Confirmed,Coding,abramova_2020_genpath,es132,133,measurement_timing,Light phase,Light Phase,Case does not match the protocol's three allowed labels.,protocol/PCNE_protocol_v.4_111425.docx,"Table 5, item measurement_timing",Standardize the label in the corrected copy.
I0283,Low,Confirmed,Protocol conformity,abramova_2020_genpath,es133,134,exposure_session_duration_h,24,blank (continuous exposure),Protocol says to populate session duration only for intermittent exposure.,protocol/PCNE_protocol_v.4_111425.docx,"Table 5, item exposure_session_duration","Move 24 h/day to notes if useful, or document a protocol deviation before retaining it."
I0284,Low,Confirmed,Coding,abramova_2020_genpath,es133,134,measurement_timing,Light phase,Light Phase,Case does not match the protocol's three allowed labels.,protocol/PCNE_protocol_v.4_111425.docx,"Table 5, item measurement_timing",Standardize the label in the corrected copy.
I0285,Low,Confirmed,Protocol conformity,abramova_2020_genpath,es134,135,exposure_session_duration_h,24,blank (continuous exposure),Protocol says to populate session duration only for intermittent exposure.,protocol/PCNE_protocol_v.4_111425.docx,"Table 5, item exposure_session_duration","Move 24 h/day to notes if useful, or document a protocol deviation before retaining it."
I0286,Low,Confirmed,Coding,abramova_2020_genpath,es134,135,measurement_timing,Light phase,Light Phase,Case does not match the protocol's three allowed labels.,protocol/PCNE_protocol_v.4_111425.docx,"Table 5, item measurement_timing",Standardize the label in the corrected copy.
I0287,Low,Confirmed,Protocol conformity,abramova_2020_genpath,es135,136,exposure_session_duration_h,24,blank (continuous exposure),Protocol says to populate session duration only for intermittent exposure.,protocol/PCNE_protocol_v.4_111425.docx,"Table 5, item exposure_session_duration","Move 24 h/day to notes if useful, or document a protocol deviation before retaining it."
I0288,Low,Confirmed,Coding,abramova_2020_genpath,es135,136,measurement_timing,Light phase,Light Phase,Case does not match the protocol's three allowed labels.,protocol/PCNE_protocol_v.4_111425.docx,"Table 5, item measurement_timing",Standardize the label in the corrected copy.
I0289,Low,Confirmed,Protocol conformity,abramova_2020_genpath,es136,137,exposure_session_duration_h,24,blank (continuous exposure),Protocol says to populate session duration only for intermittent exposure.,protocol/PCNE_protocol_v.4_111425.docx,"Table 5, item exposure_session_duration","Move 24 h/day to notes if useful, or document a protocol deviation before retaining it."
I0290,Low,Confirmed,Coding,abramova_2020_genpath,es136,137,measurement_timing,Light phase,Light Phase,Case does not match the protocol's three allowed labels.,protocol/PCNE_protocol_v.4_111425.docx,"Table 5, item measurement_timing",Standardize the label in the corrected copy.
I0291,Low,Confirmed,Protocol conformity,abramova_2020_genpath,es137,138,exposure_session_duration_h,24,blank (continuous exposure),Protocol says to populate session duration only for intermittent exposure.,protocol/PCNE_protocol_v.4_111425.docx,"Table 5, item exposure_session_duration","Move 24 h/day to notes if useful, or document a protocol deviation before retaining it."
I0292,Low,Confirmed,Coding,abramova_2020_genpath,es137,138,measurement_timing,Light phase,Light Phase,Case does not match the protocol's three allowed labels.,protocol/PCNE_protocol_v.4_111425.docx,"Table 5, item measurement_timing",Standardize the label in the corrected copy.
I0293,Low,Confirmed,Protocol conformity,abramova_2020_genpath,es138,139,exposure_session_duration_h,24,blank (continuous exposure),Protocol says to populate session duration only for intermittent exposure.,protocol/PCNE_protocol_v.4_111425.docx,"Table 5, item exposure_session_duration","Move 24 h/day to notes if useful, or document a protocol deviation before retaining it."
I0294,Low,Confirmed,Coding,abramova_2020_genpath,es138,139,measurement_timing,Light phase,Light Phase,Case does not match the protocol's three allowed labels.,protocol/PCNE_protocol_v.4_111425.docx,"Table 5, item measurement_timing",Standardize the label in the corrected copy.
I0295,Low,Confirmed,Protocol conformity,abramova_2020_genpath,es139,140,exposure_session_duration_h,24,blank (continuous exposure),Protocol says to populate session duration only for intermittent exposure.,protocol/PCNE_protocol_v.4_111425.docx,"Table 5, item exposure_session_duration","Move 24 h/day to notes if useful, or document a protocol deviation before retaining it."
I0296,Low,Confirmed,Coding,abramova_2020_genpath,es139,140,measurement_timing,Light phase,Light Phase,Case does not match the protocol's three allowed labels.,protocol/PCNE_protocol_v.4_111425.docx,"Table 5, item measurement_timing",Standardize the label in the corrected copy.
I0297,Low,Confirmed,Protocol conformity,abramova_2020_genpath,es140,141,exposure_session_duration_h,24,blank (continuous exposure),Protocol says to populate session duration only for intermittent exposure.,protocol/PCNE_protocol_v.4_111425.docx,"Table 5, item exposure_session_duration","Move 24 h/day to notes if useful, or document a protocol deviation before retaining it."
I0298,Low,Confirmed,Coding,abramova_2020_genpath,es140,141,measurement_timing,Light phase,Light Phase,Case does not match the protocol's three allowed labels.,protocol/PCNE_protocol_v.4_111425.docx,"Table 5, item measurement_timing",Standardize the label in the corrected copy.
I0299,Low,Confirmed,Protocol conformity,abramova_2020_genpath,es141,142,exposure_session_duration_h,24,blank (continuous exposure),Protocol says to populate session duration only for intermittent exposure.,protocol/PCNE_protocol_v.4_111425.docx,"Table 5, item exposure_session_duration","Move 24 h/day to notes if useful, or document a protocol deviation before retaining it."
I0300,Low,Confirmed,Coding,abramova_2020_genpath,es141,142,measurement_timing,Light phase,Light Phase,Case does not match the protocol's three allowed labels.,protocol/PCNE_protocol_v.4_111425.docx,"Table 5, item measurement_timing",Standardize the label in the corrected copy.
I0301,Low,Confirmed,Protocol conformity,abramova_2020_genpath,es142,143,exposure_session_duration_h,24,blank (continuous exposure),Protocol says to populate session duration only for intermittent exposure.,protocol/PCNE_protocol_v.4_111425.docx,"Table 5, item exposure_session_duration","Move 24 h/day to notes if useful, or document a protocol deviation before retaining it."
I0302,Low,Confirmed,Coding,abramova_2020_genpath,es142,143,measurement_timing,Light phase,Light Phase,Case does not match the protocol's three allowed labels.,protocol/PCNE_protocol_v.4_111425.docx,"Table 5, item measurement_timing",Standardize the label in the corrected copy.
I0303,Low,Confirmed,Protocol conformity,abramova_2020_genpath,es143,144,exposure_session_duration_h,24,blank (continuous exposure),Protocol says to populate session duration only for intermittent exposure.,protocol/PCNE_protocol_v.4_111425.docx,"Table 5, item exposure_session_duration","Move 24 h/day to notes if useful, or document a protocol deviation before retaining it."
I0304,Low,Confirmed,Coding,abramova_2020_genpath,es143,144,measurement_timing,Light phase,Light Phase,Case does not match the protocol's three allowed labels.,protocol/PCNE_protocol_v.4_111425.docx,"Table 5, item measurement_timing",Standardize the label in the corrected copy.
I0305,Low,Confirmed,Protocol conformity,abramova_2020_genpath,es144,145,exposure_session_duration_h,24,blank (continuous exposure),Protocol says to populate session duration only for intermittent exposure.,protocol/PCNE_protocol_v.4_111425.docx,"Table 5, item exposure_session_duration","Move 24 h/day to notes if useful, or document a protocol deviation before retaining it."
I0306,Low,Confirmed,Coding,abramova_2020_genpath,es144,145,measurement_timing,Light phase,Light Phase,Case does not match the protocol's three allowed labels.,protocol/PCNE_protocol_v.4_111425.docx,"Table 5, item measurement_timing",Standardize the label in the corrected copy.
I0307,Low,Confirmed,Protocol conformity,abramova_2020_genpath,es145,146,exposure_session_duration_h,24,blank (continuous exposure),Protocol says to populate session duration only for intermittent exposure.,protocol/PCNE_protocol_v.4_111425.docx,"Table 5, item exposure_session_duration","Move 24 h/day to notes if useful, or document a protocol deviation before retaining it."
I0308,Low,Confirmed,Coding,abramova_2020_genpath,es145,146,measurement_timing,Light phase,Light Phase,Case does not match the protocol's three allowed labels.,protocol/PCNE_protocol_v.4_111425.docx,"Table 5, item measurement_timing",Standardize the label in the corrected copy.
I0309,Low,Confirmed,Protocol conformity,abramova_2020_genpath,es146,147,exposure_session_duration_h,24,blank (continuous exposure),Protocol says to populate session duration only for intermittent exposure.,protocol/PCNE_protocol_v.4_111425.docx,"Table 5, item exposure_session_duration","Move 24 h/day to notes if useful, or document a protocol deviation before retaining it."
I0310,Low,Confirmed,Coding,abramova_2020_genpath,es146,147,measurement_timing,Light phase,Light Phase,Case does not match the protocol's three allowed labels.,protocol/PCNE_protocol_v.4_111425.docx,"Table 5, item measurement_timing",Standardize the label in the corrected copy.
I0311,Low,Confirmed,Protocol conformity,abramova_2020_genpath,es147,148,exposure_session_duration_h,24,blank (continuous exposure),Protocol says to populate session duration only for intermittent exposure.,protocol/PCNE_protocol_v.4_111425.docx,"Table 5, item exposure_session_duration","Move 24 h/day to notes if useful, or document a protocol deviation before retaining it."
I0312,Low,Confirmed,Coding,abramova_2020_genpath,es147,148,measurement_timing,Light phase,Light Phase,Case does not match the protocol's three allowed labels.,protocol/PCNE_protocol_v.4_111425.docx,"Table 5, item measurement_timing",Standardize the label in the corrected copy.
I0313,Low,Confirmed,Protocol conformity,abramova_2020_genpath,es148,149,exposure_session_duration_h,24,blank (continuous exposure),Protocol says to populate session duration only for intermittent exposure.,protocol/PCNE_protocol_v.4_111425.docx,"Table 5, item exposure_session_duration","Move 24 h/day to notes if useful, or document a protocol deviation before retaining it."
I0314,Low,Confirmed,Coding,abramova_2020_genpath,es148,149,measurement_timing,Light phase,Light Phase,Case does not match the protocol's three allowed labels.,protocol/PCNE_protocol_v.4_111425.docx,"Table 5, item measurement_timing",Standardize the label in the corrected copy.
I0315,Low,Confirmed,Protocol conformity,abramova_2020_genpath,es149,150,exposure_session_duration_h,24,blank (continuous exposure),Protocol says to populate session duration only for intermittent exposure.,protocol/PCNE_protocol_v.4_111425.docx,"Table 5, item exposure_session_duration","Move 24 h/day to notes if useful, or document a protocol deviation before retaining it."
I0316,Low,Confirmed,Coding,abramova_2020_genpath,es149,150,measurement_timing,Light phase,Light Phase,Case does not match the protocol's three allowed labels.,protocol/PCNE_protocol_v.4_111425.docx,"Table 5, item measurement_timing",Standardize the label in the corrected copy.
I0317,Low,Confirmed,Protocol conformity,abramova_2020_genpath,es150,151,exposure_session_duration_h,24,blank (continuous exposure),Protocol says to populate session duration only for intermittent exposure.,protocol/PCNE_protocol_v.4_111425.docx,"Table 5, item exposure_session_duration","Move 24 h/day to notes if useful, or document a protocol deviation before retaining it."
I0318,Low,Confirmed,Coding,abramova_2020_genpath,es150,151,measurement_timing,Light phase,Light Phase,Case does not match the protocol's three allowed labels.,protocol/PCNE_protocol_v.4_111425.docx,"Table 5, item measurement_timing",Standardize the label in the corrected copy.
I0319,Low,Confirmed,Protocol conformity,abramova_2020_genpath,es151,152,exposure_session_duration_h,24,blank (continuous exposure),Protocol says to populate session duration only for intermittent exposure.,protocol/PCNE_protocol_v.4_111425.docx,"Table 5, item exposure_session_duration","Move 24 h/day to notes if useful, or document a protocol deviation before retaining it."
I0320,Low,Confirmed,Coding,abramova_2020_genpath,es151,152,measurement_timing,Light phase,Light Phase,Case does not match the protocol's three allowed labels.,protocol/PCNE_protocol_v.4_111425.docx,"Table 5, item measurement_timing",Standardize the label in the corrected copy.
I0321,Low,Confirmed,Protocol conformity,abramova_2020_genpath,es152,153,exposure_session_duration_h,24,blank (continuous exposure),Protocol says to populate session duration only for intermittent exposure.,protocol/PCNE_protocol_v.4_111425.docx,"Table 5, item exposure_session_duration","Move 24 h/day to notes if useful, or document a protocol deviation before retaining it."
I0322,Low,Confirmed,Coding,abramova_2020_genpath,es152,153,measurement_timing,Light phase,Light Phase,Case does not match the protocol's three allowed labels.,protocol/PCNE_protocol_v.4_111425.docx,"Table 5, item measurement_timing",Standardize the label in the corrected copy.
I0323,Low,Confirmed,Protocol conformity,abramova_2020_genpath,es153,154,exposure_session_duration_h,24,blank (continuous exposure),Protocol says to populate session duration only for intermittent exposure.,protocol/PCNE_protocol_v.4_111425.docx,"Table 5, item exposure_session_duration","Move 24 h/day to notes if useful, or document a protocol deviation before retaining it."
I0324,Low,Confirmed,Coding,abramova_2020_genpath,es153,154,measurement_timing,Light phase,Light Phase,Case does not match the protocol's three allowed labels.,protocol/PCNE_protocol_v.4_111425.docx,"Table 5, item measurement_timing",Standardize the label in the corrected copy.
I0325,Low,Confirmed,Protocol conformity,abramova_2020_genpath,es154,155,exposure_session_duration_h,24,blank (continuous exposure),Protocol says to populate session duration only for intermittent exposure.,protocol/PCNE_protocol_v.4_111425.docx,"Table 5, item exposure_session_duration","Move 24 h/day to notes if useful, or document a protocol deviation before retaining it."
I0326,Low,Confirmed,Coding,abramova_2020_genpath,es154,155,measurement_timing,Light phase,Light Phase,Case does not match the protocol's three allowed labels.,protocol/PCNE_protocol_v.4_111425.docx,"Table 5, item measurement_timing",Standardize the label in the corrected copy.
I0327,Low,Confirmed,Protocol conformity,abramova_2020_genpath,es155,156,exposure_session_duration_h,24,blank (continuous exposure),Protocol says to populate session duration only for intermittent exposure.,protocol/PCNE_protocol_v.4_111425.docx,"Table 5, item exposure_session_duration","Move 24 h/day to notes if useful, or document a protocol deviation before retaining it."
I0328,Low,Confirmed,Coding,abramova_2020_genpath,es155,156,measurement_timing,Light phase,Light Phase,Case does not match the protocol's three allowed labels.,protocol/PCNE_protocol_v.4_111425.docx,"Table 5, item measurement_timing",Standardize the label in the corrected copy.
I0329,Low,Confirmed,Protocol conformity,abramova_2020_genpath,es156,157,exposure_session_duration_h,24,blank (continuous exposure),Protocol says to populate session duration only for intermittent exposure.,protocol/PCNE_protocol_v.4_111425.docx,"Table 5, item exposure_session_duration","Move 24 h/day to notes if useful, or document a protocol deviation before retaining it."
I0330,Low,Confirmed,Coding,abramova_2020_genpath,es156,157,measurement_timing,Light phase,Light Phase,Case does not match the protocol's three allowed labels.,protocol/PCNE_protocol_v.4_111425.docx,"Table 5, item measurement_timing",Standardize the label in the corrected copy.
I0331,Low,Confirmed,Protocol conformity,abramova_2020_genpath,es157,158,exposure_session_duration_h,24,blank (continuous exposure),Protocol says to populate session duration only for intermittent exposure.,protocol/PCNE_protocol_v.4_111425.docx,"Table 5, item exposure_session_duration","Move 24 h/day to notes if useful, or document a protocol deviation before retaining it."
I0332,Low,Confirmed,Coding,abramova_2020_genpath,es157,158,measurement_timing,Light phase,Light Phase,Case does not match the protocol's three allowed labels.,protocol/PCNE_protocol_v.4_111425.docx,"Table 5, item measurement_timing",Standardize the label in the corrected copy.
I0333,Low,Confirmed,Protocol conformity,abramova_2020_genpath,es158,159,exposure_session_duration_h,24,blank (continuous exposure),Protocol says to populate session duration only for intermittent exposure.,protocol/PCNE_protocol_v.4_111425.docx,"Table 5, item exposure_session_duration","Move 24 h/day to notes if useful, or document a protocol deviation before retaining it."
I0334,Low,Confirmed,Coding,abramova_2020_genpath,es158,159,measurement_timing,Light phase,Light Phase,Case does not match the protocol's three allowed labels.,protocol/PCNE_protocol_v.4_111425.docx,"Table 5, item measurement_timing",Standardize the label in the corrected copy.
I0335,Low,Confirmed,Protocol conformity,abramova_2020_genpath,es159,160,exposure_session_duration_h,24,blank (continuous exposure),Protocol says to populate session duration only for intermittent exposure.,protocol/PCNE_protocol_v.4_111425.docx,"Table 5, item exposure_session_duration","Move 24 h/day to notes if useful, or document a protocol deviation before retaining it."
I0336,Low,Confirmed,Coding,abramova_2020_genpath,es159,160,measurement_timing,Light phase,Light Phase,Case does not match the protocol's three allowed labels.,protocol/PCNE_protocol_v.4_111425.docx,"Table 5, item measurement_timing",Standardize the label in the corrected copy.
I0337,Low,Confirmed,Protocol conformity,abramova_2020_genpath,es160,161,exposure_session_duration_h,24,blank (continuous exposure),Protocol says to populate session duration only for intermittent exposure.,protocol/PCNE_protocol_v.4_111425.docx,"Table 5, item exposure_session_duration","Move 24 h/day to notes if useful, or document a protocol deviation before retaining it."
I0338,Low,Confirmed,Coding,abramova_2020_genpath,es160,161,measurement_timing,Light phase,Light Phase,Case does not match the protocol's three allowed labels.,protocol/PCNE_protocol_v.4_111425.docx,"Table 5, item measurement_timing",Standardize the label in the corrected copy.
I0339,Low,Confirmed,Protocol conformity,abramova_2020_genpath,es161,162,exposure_session_duration_h,24,blank (continuous exposure),Protocol says to populate session duration only for intermittent exposure.,protocol/PCNE_protocol_v.4_111425.docx,"Table 5, item exposure_session_duration","Move 24 h/day to notes if useful, or document a protocol deviation before retaining it."
I0340,Low,Confirmed,Coding,abramova_2020_genpath,es161,162,measurement_timing,Light phase,Light Phase,Case does not match the protocol's three allowed labels.,protocol/PCNE_protocol_v.4_111425.docx,"Table 5, item measurement_timing",Standardize the label in the corrected copy.
I0341,Low,Confirmed,Protocol conformity,abramova_2020_genpath,es162,163,exposure_session_duration_h,24,blank (continuous exposure),Protocol says to populate session duration only for intermittent exposure.,protocol/PCNE_protocol_v.4_111425.docx,"Table 5, item exposure_session_duration","Move 24 h/day to notes if useful, or document a protocol deviation before retaining it."
I0342,Low,Confirmed,Coding,abramova_2020_genpath,es162,163,measurement_timing,Light phase,Light Phase,Case does not match the protocol's three allowed labels.,protocol/PCNE_protocol_v.4_111425.docx,"Table 5, item measurement_timing",Standardize the label in the corrected copy.
I0343,Low,Confirmed,Protocol conformity,abramova_2020_genpath,es163,164,exposure_session_duration_h,24,blank (continuous exposure),Protocol says to populate session duration only for intermittent exposure.,protocol/PCNE_protocol_v.4_111425.docx,"Table 5, item exposure_session_duration","Move 24 h/day to notes if useful, or document a protocol deviation before retaining it."
I0344,Low,Confirmed,Coding,abramova_2020_genpath,es163,164,measurement_timing,Light phase,Light Phase,Case does not match the protocol's three allowed labels.,protocol/PCNE_protocol_v.4_111425.docx,"Table 5, item measurement_timing",Standardize the label in the corrected copy.
I0345,Low,Confirmed,Coding,abramova_2023_biopsy,es164,165,gest_stage_ex,"Early, mid, late","early, mid, late",Protocol coding categories are lower-case; case variation creates duplicate levels.,protocol/PCNE_protocol_v.4_111425.docx,"Table 5, item gest_stage_ex",Standardize case in the corrected copy.
I0346,Low,Confirmed,Protocol conformity,abramova_2023_biopsy,es164,165,exposure_session_duration_h,24,blank (continuous exposure),Protocol says to populate session duration only for intermittent exposure.,protocol/PCNE_protocol_v.4_111425.docx,"Table 5, item exposure_session_duration","Move 24 h/day to notes if useful, or document a protocol deviation before retaining it."
I0347,Low,Confirmed,Coding,abramova_2023_biopsy,es164,165,measurement_timing,Light phase,Light Phase,Case does not match the protocol's three allowed labels.,protocol/PCNE_protocol_v.4_111425.docx,"Table 5, item measurement_timing",Standardize the label in the corrected copy.
I0348,Low,Confirmed,Coding,abramova_2023_biopsy,es165,166,gest_stage_ex,"Early, mid, late","early, mid, late",Protocol coding categories are lower-case; case variation creates duplicate levels.,protocol/PCNE_protocol_v.4_111425.docx,"Table 5, item gest_stage_ex",Standardize case in the corrected copy.
I0349,Low,Confirmed,Protocol conformity,abramova_2023_biopsy,es165,166,exposure_session_duration_h,24,blank (continuous exposure),Protocol says to populate session duration only for intermittent exposure.,protocol/PCNE_protocol_v.4_111425.docx,"Table 5, item exposure_session_duration","Move 24 h/day to notes if useful, or document a protocol deviation before retaining it."
I0350,Low,Confirmed,Coding,abramova_2023_biopsy,es165,166,measurement_timing,Light phase,Light Phase,Case does not match the protocol's three allowed labels.,protocol/PCNE_protocol_v.4_111425.docx,"Table 5, item measurement_timing",Standardize the label in the corrected copy.
I0351,Low,Confirmed,Coding,abramova_2023_biopsy,es166,167,gest_stage_ex,"Early, mid, late","early, mid, late",Protocol coding categories are lower-case; case variation creates duplicate levels.,protocol/PCNE_protocol_v.4_111425.docx,"Table 5, item gest_stage_ex",Standardize case in the corrected copy.
I0352,Low,Confirmed,Protocol conformity,abramova_2023_biopsy,es166,167,exposure_session_duration_h,24,blank (continuous exposure),Protocol says to populate session duration only for intermittent exposure.,protocol/PCNE_protocol_v.4_111425.docx,"Table 5, item exposure_session_duration","Move 24 h/day to notes if useful, or document a protocol deviation before retaining it."
I0353,Low,Confirmed,Coding,abramova_2023_biopsy,es166,167,measurement_timing,Light phase,Light Phase,Case does not match the protocol's three allowed labels.,protocol/PCNE_protocol_v.4_111425.docx,"Table 5, item measurement_timing",Standardize the label in the corrected copy.
I0354,Low,Confirmed,Coding,abramova_2023_biopsy,es167,168,gest_stage_ex,"Early, mid, late","early, mid, late",Protocol coding categories are lower-case; case variation creates duplicate levels.,protocol/PCNE_protocol_v.4_111425.docx,"Table 5, item gest_stage_ex",Standardize case in the corrected copy.
I0355,Low,Confirmed,Protocol conformity,abramova_2023_biopsy,es167,168,exposure_session_duration_h,24,blank (continuous exposure),Protocol says to populate session duration only for intermittent exposure.,protocol/PCNE_protocol_v.4_111425.docx,"Table 5, item exposure_session_duration","Move 24 h/day to notes if useful, or document a protocol deviation before retaining it."
I0356,Low,Confirmed,Coding,abramova_2023_biopsy,es167,168,measurement_timing,Light phase,Light Phase,Case does not match the protocol's three allowed labels.,protocol/PCNE_protocol_v.4_111425.docx,"Table 5, item measurement_timing",Standardize the label in the corrected copy.
I0357,Low,Confirmed,Coding,abramova_2023_biopsy,es168,169,gest_stage_ex,"Early, mid, late","early, mid, late",Protocol coding categories are lower-case; case variation creates duplicate levels.,protocol/PCNE_protocol_v.4_111425.docx,"Table 5, item gest_stage_ex",Standardize case in the corrected copy.
I0358,Low,Confirmed,Protocol conformity,abramova_2023_biopsy,es168,169,exposure_session_duration_h,24,blank (continuous exposure),Protocol says to populate session duration only for intermittent exposure.,protocol/PCNE_protocol_v.4_111425.docx,"Table 5, item exposure_session_duration","Move 24 h/day to notes if useful, or document a protocol deviation before retaining it."
I0359,Low,Confirmed,Coding,abramova_2023_biopsy,es168,169,measurement_timing,Light phase,Light Phase,Case does not match the protocol's three allowed labels.,protocol/PCNE_protocol_v.4_111425.docx,"Table 5, item measurement_timing",Standardize the label in the corrected copy.
I0360,Low,Confirmed,Coding,abramova_2023_biopsy,es169,170,gest_stage_ex,"Early, mid, late","early, mid, late",Protocol coding categories are lower-case; case variation creates duplicate levels.,protocol/PCNE_protocol_v.4_111425.docx,"Table 5, item gest_stage_ex",Standardize case in the corrected copy.
I0361,Low,Confirmed,Protocol conformity,abramova_2023_biopsy,es169,170,exposure_session_duration_h,24,blank (continuous exposure),Protocol says to populate session duration only for intermittent exposure.,protocol/PCNE_protocol_v.4_111425.docx,"Table 5, item exposure_session_duration","Move 24 h/day to notes if useful, or document a protocol deviation before retaining it."
I0362,Low,Confirmed,Coding,abramova_2023_biopsy,es169,170,measurement_timing,Light phase,Light Phase,Case does not match the protocol's three allowed labels.,protocol/PCNE_protocol_v.4_111425.docx,"Table 5, item measurement_timing",Standardize the label in the corrected copy.
I0363,Low,Confirmed,Coding,abramova_2023_biopsy,es170,171,gest_stage_ex,"Early, mid, late","early, mid, late",Protocol coding categories are lower-case; case variation creates duplicate levels.,protocol/PCNE_protocol_v.4_111425.docx,"Table 5, item gest_stage_ex",Standardize case in the corrected copy.
I0364,Low,Confirmed,Protocol conformity,abramova_2023_biopsy,es170,171,exposure_session_duration_h,24,blank (continuous exposure),Protocol says to populate session duration only for intermittent exposure.,protocol/PCNE_protocol_v.4_111425.docx,"Table 5, item exposure_session_duration","Move 24 h/day to notes if useful, or document a protocol deviation before retaining it."
I0365,Low,Confirmed,Coding,abramova_2023_biopsy,es170,171,measurement_timing,Light phase,Light Phase,Case does not match the protocol's three allowed labels.,protocol/PCNE_protocol_v.4_111425.docx,"Table 5, item measurement_timing",Standardize the label in the corrected copy.
I0366,Low,Confirmed,Coding,abramova_2023_biopsy,es171,172,gest_stage_ex,"Early, mid, late","early, mid, late",Protocol coding categories are lower-case; case variation creates duplicate levels.,protocol/PCNE_protocol_v.4_111425.docx,"Table 5, item gest_stage_ex",Standardize case in the corrected copy.
I0367,Low,Confirmed,Protocol conformity,abramova_2023_biopsy,es171,172,exposure_session_duration_h,24,blank (continuous exposure),Protocol says to populate session duration only for intermittent exposure.,protocol/PCNE_protocol_v.4_111425.docx,"Table 5, item exposure_session_duration","Move 24 h/day to notes if useful, or document a protocol deviation before retaining it."
I0368,Low,Confirmed,Coding,abramova_2023_biopsy,es171,172,measurement_timing,Light phase,Light Phase,Case does not match the protocol's three allowed labels.,protocol/PCNE_protocol_v.4_111425.docx,"Table 5, item measurement_timing",Standardize the label in the corrected copy.
I0369,Low,Confirmed,Coding,abramova_2023_biopsy,es172,173,gest_stage_ex,"Early, mid, late","early, mid, late",Protocol coding categories are lower-case; case variation creates duplicate levels.,protocol/PCNE_protocol_v.4_111425.docx,"Table 5, item gest_stage_ex",Standardize case in the corrected copy.
I0370,Low,Confirmed,Protocol conformity,abramova_2023_biopsy,es172,173,exposure_session_duration_h,24,blank (continuous exposure),Protocol says to populate session duration only for intermittent exposure.,protocol/PCNE_protocol_v.4_111425.docx,"Table 5, item exposure_session_duration","Move 24 h/day to notes if useful, or document a protocol deviation before retaining it."
I0371,Low,Confirmed,Coding,abramova_2023_biopsy,es172,173,measurement_timing,Light phase,Light Phase,Case does not match the protocol's three allowed labels.,protocol/PCNE_protocol_v.4_111425.docx,"Table 5, item measurement_timing",Standardize the label in the corrected copy.
I0372,Low,Confirmed,Coding,abramova_2023_biopsy,es173,174,gest_stage_ex,"Early, mid, late","early, mid, late",Protocol coding categories are lower-case; case variation creates duplicate levels.,protocol/PCNE_protocol_v.4_111425.docx,"Table 5, item gest_stage_ex",Standardize case in the corrected copy.
I0373,Low,Confirmed,Protocol conformity,abramova_2023_biopsy,es173,174,exposure_session_duration_h,24,blank (continuous exposure),Protocol says to populate session duration only for intermittent exposure.,protocol/PCNE_protocol_v.4_111425.docx,"Table 5, item exposure_session_duration","Move 24 h/day to notes if useful, or document a protocol deviation before retaining it."
I0374,Low,Confirmed,Coding,abramova_2023_biopsy,es173,174,measurement_timing,Light phase,Light Phase,Case does not match the protocol's three allowed labels.,protocol/PCNE_protocol_v.4_111425.docx,"Table 5, item measurement_timing",Standardize the label in the corrected copy.
I0375,Low,Confirmed,Coding,abramova_2023_biopsy,es174,175,gest_stage_ex,"Early, mid, late","early, mid, late",Protocol coding categories are lower-case; case variation creates duplicate levels.,protocol/PCNE_protocol_v.4_111425.docx,"Table 5, item gest_stage_ex",Standardize case in the corrected copy.
I0376,Low,Confirmed,Protocol conformity,abramova_2023_biopsy,es174,175,exposure_session_duration_h,24,blank (continuous exposure),Protocol says to populate session duration only for intermittent exposure.,protocol/PCNE_protocol_v.4_111425.docx,"Table 5, item exposure_session_duration","Move 24 h/day to notes if useful, or document a protocol deviation before retaining it."
I0377,Low,Confirmed,Coding,abramova_2023_biopsy,es174,175,measurement_timing,Light phase,Light Phase,Case does not match the protocol's three allowed labels.,protocol/PCNE_protocol_v.4_111425.docx,"Table 5, item measurement_timing",Standardize the label in the corrected copy.
I0378,Low,Confirmed,Coding,abramova_2023_biopsy,es175,176,gest_stage_ex,"Early, mid, late","early, mid, late",Protocol coding categories are lower-case; case variation creates duplicate levels.,protocol/PCNE_protocol_v.4_111425.docx,"Table 5, item gest_stage_ex",Standardize case in the corrected copy.
I0379,Low,Confirmed,Protocol conformity,abramova_2023_biopsy,es175,176,exposure_session_duration_h,24,blank (continuous exposure),Protocol says to populate session duration only for intermittent exposure.,protocol/PCNE_protocol_v.4_111425.docx,"Table 5, item exposure_session_duration","Move 24 h/day to notes if useful, or document a protocol deviation before retaining it."
I0380,Low,Confirmed,Coding,abramova_2023_biopsy,es175,176,measurement_timing,Light phase,Light Phase,Case does not match the protocol's three allowed labels.,protocol/PCNE_protocol_v.4_111425.docx,"Table 5, item measurement_timing",Standardize the label in the corrected copy.
I0381,Low,Confirmed,Coding,abramova_2023_biopsy,es176,177,gest_stage_ex,"Early, mid, late","early, mid, late",Protocol coding categories are lower-case; case variation creates duplicate levels.,protocol/PCNE_protocol_v.4_111425.docx,"Table 5, item gest_stage_ex",Standardize case in the corrected copy.
I0382,Low,Confirmed,Protocol conformity,abramova_2023_biopsy,es176,177,exposure_session_duration_h,24,blank (continuous exposure),Protocol says to populate session duration only for intermittent exposure.,protocol/PCNE_protocol_v.4_111425.docx,"Table 5, item exposure_session_duration","Move 24 h/day to notes if useful, or document a protocol deviation before retaining it."
I0383,Low,Confirmed,Coding,abramova_2023_biopsy,es176,177,measurement_timing,Light phase,Light Phase,Case does not match the protocol's three allowed labels.,protocol/PCNE_protocol_v.4_111425.docx,"Table 5, item measurement_timing",Standardize the label in the corrected copy.
I0384,Low,Confirmed,Coding,abramova_2023_biopsy,es177,178,gest_stage_ex,"Early, mid, late","early, mid, late",Protocol coding categories are lower-case; case variation creates duplicate levels.,protocol/PCNE_protocol_v.4_111425.docx,"Table 5, item gest_stage_ex",Standardize case in the corrected copy.
I0385,Low,Confirmed,Protocol conformity,abramova_2023_biopsy,es177,178,exposure_session_duration_h,24,blank (continuous exposure),Protocol says to populate session duration only for intermittent exposure.,protocol/PCNE_protocol_v.4_111425.docx,"Table 5, item exposure_session_duration","Move 24 h/day to notes if useful, or document a protocol deviation before retaining it."
I0386,Low,Confirmed,Coding,abramova_2023_biopsy,es177,178,measurement_timing,Light phase,Light Phase,Case does not match the protocol's three allowed labels.,protocol/PCNE_protocol_v.4_111425.docx,"Table 5, item measurement_timing",Standardize the label in the corrected copy.
I0387,Low,Confirmed,Coding,abramova_2023_biopsy,es178,179,gest_stage_ex,"Early, mid, late","early, mid, late",Protocol coding categories are lower-case; case variation creates duplicate levels.,protocol/PCNE_protocol_v.4_111425.docx,"Table 5, item gest_stage_ex",Standardize case in the corrected copy.
I0388,Low,Confirmed,Protocol conformity,abramova_2023_biopsy,es178,179,exposure_session_duration_h,24,blank (continuous exposure),Protocol says to populate session duration only for intermittent exposure.,protocol/PCNE_protocol_v.4_111425.docx,"Table 5, item exposure_session_duration","Move 24 h/day to notes if useful, or document a protocol deviation before retaining it."
I0389,Low,Confirmed,Coding,abramova_2023_biopsy,es178,179,measurement_timing,Light phase,Light Phase,Case does not match the protocol's three allowed labels.,protocol/PCNE_protocol_v.4_111425.docx,"Table 5, item measurement_timing",Standardize the label in the corrected copy.
I0390,Low,Confirmed,Coding,abramova_2023_biopsy,es179,180,gest_stage_ex,"Early, mid, late","early, mid, late",Protocol coding categories are lower-case; case variation creates duplicate levels.,protocol/PCNE_protocol_v.4_111425.docx,"Table 5, item gest_stage_ex",Standardize case in the corrected copy.
I0391,Low,Confirmed,Protocol conformity,abramova_2023_biopsy,es179,180,exposure_session_duration_h,24,blank (continuous exposure),Protocol says to populate session duration only for intermittent exposure.,protocol/PCNE_protocol_v.4_111425.docx,"Table 5, item exposure_session_duration","Move 24 h/day to notes if useful, or document a protocol deviation before retaining it."
I0392,Low,Confirmed,Coding,abramova_2023_biopsy,es179,180,measurement_timing,Light phase,Light Phase,Case does not match the protocol's three allowed labels.,protocol/PCNE_protocol_v.4_111425.docx,"Table 5, item measurement_timing",Standardize the label in the corrected copy.
I0393,Low,Confirmed,Coding,abramova_2023_biopsy,es180,181,gest_stage_ex,"Early, mid, late","early, mid, late",Protocol coding categories are lower-case; case variation creates duplicate levels.,protocol/PCNE_protocol_v.4_111425.docx,"Table 5, item gest_stage_ex",Standardize case in the corrected copy.
I0394,Low,Confirmed,Protocol conformity,abramova_2023_biopsy,es180,181,exposure_session_duration_h,24,blank (continuous exposure),Protocol says to populate session duration only for intermittent exposure.,protocol/PCNE_protocol_v.4_111425.docx,"Table 5, item exposure_session_duration","Move 24 h/day to notes if useful, or document a protocol deviation before retaining it."
I0395,Low,Confirmed,Coding,abramova_2023_biopsy,es180,181,measurement_timing,Light phase,Light Phase,Case does not match the protocol's three allowed labels.,protocol/PCNE_protocol_v.4_111425.docx,"Table 5, item measurement_timing",Standardize the label in the corrected copy.
I0396,Low,Confirmed,Coding,abramova_2023_biopsy,es181,182,gest_stage_ex,"Early, mid, late","early, mid, late",Protocol coding categories are lower-case; case variation creates duplicate levels.,protocol/PCNE_protocol_v.4_111425.docx,"Table 5, item gest_stage_ex",Standardize case in the corrected copy.
I0397,Low,Confirmed,Protocol conformity,abramova_2023_biopsy,es181,182,exposure_session_duration_h,24,blank (continuous exposure),Protocol says to populate session duration only for intermittent exposure.,protocol/PCNE_protocol_v.4_111425.docx,"Table 5, item exposure_session_duration","Move 24 h/day to notes if useful, or document a protocol deviation before retaining it."
I0398,Low,Confirmed,Coding,abramova_2023_biopsy,es181,182,measurement_timing,Light phase,Light Phase,Case does not match the protocol's three allowed labels.,protocol/PCNE_protocol_v.4_111425.docx,"Table 5, item measurement_timing",Standardize the label in the corrected copy.
I0399,Low,Confirmed,Coding,abramova_2023_biopsy,es182,183,gest_stage_ex,"Early, mid, late","early, mid, late",Protocol coding categories are lower-case; case variation creates duplicate levels.,protocol/PCNE_protocol_v.4_111425.docx,"Table 5, item gest_stage_ex",Standardize case in the corrected copy.
I0400,Low,Confirmed,Protocol conformity,abramova_2023_biopsy,es182,183,exposure_session_duration_h,24,blank (continuous exposure),Protocol says to populate session duration only for intermittent exposure.,protocol/PCNE_protocol_v.4_111425.docx,"Table 5, item exposure_session_duration","Move 24 h/day to notes if useful, or document a protocol deviation before retaining it."
I0401,Low,Confirmed,Coding,abramova_2023_biopsy,es182,183,measurement_timing,Light phase,Light Phase,Case does not match the protocol's three allowed labels.,protocol/PCNE_protocol_v.4_111425.docx,"Table 5, item measurement_timing",Standardize the label in the corrected copy.
I0402,Low,Confirmed,Coding,abramova_2023_biopsy,es183,184,gest_stage_ex,"Early, mid, late","early, mid, late",Protocol coding categories are lower-case; case variation creates duplicate levels.,protocol/PCNE_protocol_v.4_111425.docx,"Table 5, item gest_stage_ex",Standardize case in the corrected copy.
I0403,Low,Confirmed,Protocol conformity,abramova_2023_biopsy,es183,184,exposure_session_duration_h,24,blank (continuous exposure),Protocol says to populate session duration only for intermittent exposure.,protocol/PCNE_protocol_v.4_111425.docx,"Table 5, item exposure_session_duration","Move 24 h/day to notes if useful, or document a protocol deviation before retaining it."
I0404,Low,Confirmed,Coding,abramova_2023_biopsy,es183,184,measurement_timing,Light phase,Light Phase,Case does not match the protocol's three allowed labels.,protocol/PCNE_protocol_v.4_111425.docx,"Table 5, item measurement_timing",Standardize the label in the corrected copy.
I0405,Low,Confirmed,Coding,abramova_2023_biopsy,es184,185,gest_stage_ex,"Early, mid, late","early, mid, late",Protocol coding categories are lower-case; case variation creates duplicate levels.,protocol/PCNE_protocol_v.4_111425.docx,"Table 5, item gest_stage_ex",Standardize case in the corrected copy.
I0406,Low,Confirmed,Protocol conformity,abramova_2023_biopsy,es184,185,exposure_session_duration_h,24,blank (continuous exposure),Protocol says to populate session duration only for intermittent exposure.,protocol/PCNE_protocol_v.4_111425.docx,"Table 5, item exposure_session_duration","Move 24 h/day to notes if useful, or document a protocol deviation before retaining it."
I0407,Low,Confirmed,Coding,abramova_2023_biopsy,es184,185,measurement_timing,Light phase,Light Phase,Case does not match the protocol's three allowed labels.,protocol/PCNE_protocol_v.4_111425.docx,"Table 5, item measurement_timing",Standardize the label in the corrected copy.
I0408,Low,Confirmed,Coding,abramova_2023_biopsy,es185,186,gest_stage_ex,"Early, mid, late","early, mid, late",Protocol coding categories are lower-case; case variation creates duplicate levels.,protocol/PCNE_protocol_v.4_111425.docx,"Table 5, item gest_stage_ex",Standardize case in the corrected copy.
I0409,Low,Confirmed,Protocol conformity,abramova_2023_biopsy,es185,186,exposure_session_duration_h,24,blank (continuous exposure),Protocol says to populate session duration only for intermittent exposure.,protocol/PCNE_protocol_v.4_111425.docx,"Table 5, item exposure_session_duration","Move 24 h/day to notes if useful, or document a protocol deviation before retaining it."
I0410,Low,Confirmed,Coding,abramova_2023_biopsy,es185,186,measurement_timing,Light phase,Light Phase,Case does not match the protocol's three allowed labels.,protocol/PCNE_protocol_v.4_111425.docx,"Table 5, item measurement_timing",Standardize the label in the corrected copy.
I0411,Low,Confirmed,Coding,abramova_2023_biopsy,es186,187,gest_stage_ex,"Early, mid, late","early, mid, late",Protocol coding categories are lower-case; case variation creates duplicate levels.,protocol/PCNE_protocol_v.4_111425.docx,"Table 5, item gest_stage_ex",Standardize case in the corrected copy.
I0412,Low,Confirmed,Protocol conformity,abramova_2023_biopsy,es186,187,exposure_session_duration_h,24,blank (continuous exposure),Protocol says to populate session duration only for intermittent exposure.,protocol/PCNE_protocol_v.4_111425.docx,"Table 5, item exposure_session_duration","Move 24 h/day to notes if useful, or document a protocol deviation before retaining it."
I0413,Low,Confirmed,Coding,abramova_2023_biopsy,es186,187,measurement_timing,Light phase,Light Phase,Case does not match the protocol's three allowed labels.,protocol/PCNE_protocol_v.4_111425.docx,"Table 5, item measurement_timing",Standardize the label in the corrected copy.
I0414,Low,Confirmed,Coding,abramova_2023_biopsy,es187,188,gest_stage_ex,"Early, mid, late","early, mid, late",Protocol coding categories are lower-case; case variation creates duplicate levels.,protocol/PCNE_protocol_v.4_111425.docx,"Table 5, item gest_stage_ex",Standardize case in the corrected copy.
I0415,Low,Confirmed,Protocol conformity,abramova_2023_biopsy,es187,188,exposure_session_duration_h,24,blank (continuous exposure),Protocol says to populate session duration only for intermittent exposure.,protocol/PCNE_protocol_v.4_111425.docx,"Table 5, item exposure_session_duration","Move 24 h/day to notes if useful, or document a protocol deviation before retaining it."
I0416,Low,Confirmed,Coding,abramova_2023_biopsy,es187,188,measurement_timing,Light phase,Light Phase,Case does not match the protocol's three allowed labels.,protocol/PCNE_protocol_v.4_111425.docx,"Table 5, item measurement_timing",Standardize the label in the corrected copy.
I0417,Low,Confirmed,Coding,abramova_2023_biopsy,es188,189,gest_stage_ex,"Early, mid, late","early, mid, late",Protocol coding categories are lower-case; case variation creates duplicate levels.,protocol/PCNE_protocol_v.4_111425.docx,"Table 5, item gest_stage_ex",Standardize case in the corrected copy.
I0418,Low,Confirmed,Protocol conformity,abramova_2023_biopsy,es188,189,exposure_session_duration_h,24,blank (continuous exposure),Protocol says to populate session duration only for intermittent exposure.,protocol/PCNE_protocol_v.4_111425.docx,"Table 5, item exposure_session_duration","Move 24 h/day to notes if useful, or document a protocol deviation before retaining it."
I0419,Low,Confirmed,Coding,abramova_2023_biopsy,es188,189,measurement_timing,Light phase,Light Phase,Case does not match the protocol's three allowed labels.,protocol/PCNE_protocol_v.4_111425.docx,"Table 5, item measurement_timing",Standardize the label in the corrected copy.
I0420,Low,Confirmed,Coding,abramova_2023_biopsy,es189,190,gest_stage_ex,"Early, mid, late","early, mid, late",Protocol coding categories are lower-case; case variation creates duplicate levels.,protocol/PCNE_protocol_v.4_111425.docx,"Table 5, item gest_stage_ex",Standardize case in the corrected copy.
I0421,Low,Confirmed,Protocol conformity,abramova_2023_biopsy,es189,190,exposure_session_duration_h,24,blank (continuous exposure),Protocol says to populate session duration only for intermittent exposure.,protocol/PCNE_protocol_v.4_111425.docx,"Table 5, item exposure_session_duration","Move 24 h/day to notes if useful, or document a protocol deviation before retaining it."
I0422,Low,Confirmed,Coding,abramova_2023_biopsy,es189,190,measurement_timing,Light phase,Light Phase,Case does not match the protocol's three allowed labels.,protocol/PCNE_protocol_v.4_111425.docx,"Table 5, item measurement_timing",Standardize the label in the corrected copy.
I0423,Low,Confirmed,Coding,abramova_2023_biopsy,es190,191,gest_stage_ex,"Early, mid, late","early, mid, late",Protocol coding categories are lower-case; case variation creates duplicate levels.,protocol/PCNE_protocol_v.4_111425.docx,"Table 5, item gest_stage_ex",Standardize case in the corrected copy.
I0424,Low,Confirmed,Protocol conformity,abramova_2023_biopsy,es190,191,exposure_session_duration_h,24,blank (continuous exposure),Protocol says to populate session duration only for intermittent exposure.,protocol/PCNE_protocol_v.4_111425.docx,"Table 5, item exposure_session_duration","Move 24 h/day to notes if useful, or document a protocol deviation before retaining it."
I0425,Low,Confirmed,Coding,abramova_2023_biopsy,es190,191,measurement_timing,Light phase,Light Phase,Case does not match the protocol's three allowed labels.,protocol/PCNE_protocol_v.4_111425.docx,"Table 5, item measurement_timing",Standardize the label in the corrected copy.
I0426,Low,Confirmed,Coding,abramova_2023_biopsy,es191,192,gest_stage_ex,"Early, mid, late","early, mid, late",Protocol coding categories are lower-case; case variation creates duplicate levels.,protocol/PCNE_protocol_v.4_111425.docx,"Table 5, item gest_stage_ex",Standardize case in the corrected copy.
I0427,Low,Confirmed,Protocol conformity,abramova_2023_biopsy,es191,192,exposure_session_duration_h,24,blank (continuous exposure),Protocol says to populate session duration only for intermittent exposure.,protocol/PCNE_protocol_v.4_111425.docx,"Table 5, item exposure_session_duration","Move 24 h/day to notes if useful, or document a protocol deviation before retaining it."
I0428,Low,Confirmed,Coding,abramova_2023_biopsy,es191,192,measurement_timing,Light phase,Light Phase,Case does not match the protocol's three allowed labels.,protocol/PCNE_protocol_v.4_111425.docx,"Table 5, item measurement_timing",Standardize the label in the corrected copy.
I0429,Low,Confirmed,Coding,abramova_2023_biopsy,es192,193,gest_stage_ex,"Early, mid, late","early, mid, late",Protocol coding categories are lower-case; case variation creates duplicate levels.,protocol/PCNE_protocol_v.4_111425.docx,"Table 5, item gest_stage_ex",Standardize case in the corrected copy.
I0430,Low,Confirmed,Protocol conformity,abramova_2023_biopsy,es192,193,exposure_session_duration_h,24,blank (continuous exposure),Protocol says to populate session duration only for intermittent exposure.,protocol/PCNE_protocol_v.4_111425.docx,"Table 5, item exposure_session_duration","Move 24 h/day to notes if useful, or document a protocol deviation before retaining it."
I0431,Low,Confirmed,Coding,abramova_2023_biopsy,es192,193,measurement_timing,Light phase,Light Phase,Case does not match the protocol's three allowed labels.,protocol/PCNE_protocol_v.4_111425.docx,"Table 5, item measurement_timing",Standardize the label in the corrected copy.
I0432,Low,Confirmed,Coding,abramova_2023_biopsy,es193,194,gest_stage_ex,"Early, mid, late","early, mid, late",Protocol coding categories are lower-case; case variation creates duplicate levels.,protocol/PCNE_protocol_v.4_111425.docx,"Table 5, item gest_stage_ex",Standardize case in the corrected copy.
I0433,Low,Confirmed,Protocol conformity,abramova_2023_biopsy,es193,194,exposure_session_duration_h,24,blank (continuous exposure),Protocol says to populate session duration only for intermittent exposure.,protocol/PCNE_protocol_v.4_111425.docx,"Table 5, item exposure_session_duration","Move 24 h/day to notes if useful, or document a protocol deviation before retaining it."
I0434,Low,Confirmed,Coding,abramova_2023_biopsy,es193,194,measurement_timing,Light phase,Light Phase,Case does not match the protocol's three allowed labels.,protocol/PCNE_protocol_v.4_111425.docx,"Table 5, item measurement_timing",Standardize the label in the corrected copy.
I0435,Low,Confirmed,Coding,abramova_2023_biopsy,es194,195,gest_stage_ex,"Early, mid, late","early, mid, late",Protocol coding categories are lower-case; case variation creates duplicate levels.,protocol/PCNE_protocol_v.4_111425.docx,"Table 5, item gest_stage_ex",Standardize case in the corrected copy.
I0436,Low,Confirmed,Protocol conformity,abramova_2023_biopsy,es194,195,exposure_session_duration_h,24,blank (continuous exposure),Protocol says to populate session duration only for intermittent exposure.,protocol/PCNE_protocol_v.4_111425.docx,"Table 5, item exposure_session_duration","Move 24 h/day to notes if useful, or document a protocol deviation before retaining it."
I0437,Low,Confirmed,Coding,abramova_2023_biopsy,es194,195,measurement_timing,Light phase,Light Phase,Case does not match the protocol's three allowed labels.,protocol/PCNE_protocol_v.4_111425.docx,"Table 5, item measurement_timing",Standardize the label in the corrected copy.
I0438,Low,Confirmed,Coding,abramova_2023_biopsy,es195,196,gest_stage_ex,"Early, mid, late","early, mid, late",Protocol coding categories are lower-case; case variation creates duplicate levels.,protocol/PCNE_protocol_v.4_111425.docx,"Table 5, item gest_stage_ex",Standardize case in the corrected copy.
I0439,Low,Confirmed,Protocol conformity,abramova_2023_biopsy,es195,196,exposure_session_duration_h,24,blank (continuous exposure),Protocol says to populate session duration only for intermittent exposure.,protocol/PCNE_protocol_v.4_111425.docx,"Table 5, item exposure_session_duration","Move 24 h/day to notes if useful, or document a protocol deviation before retaining it."
I0440,Low,Confirmed,Coding,abramova_2023_biopsy,es195,196,measurement_timing,Light phase,Light Phase,Case does not match the protocol's three allowed labels.,protocol/PCNE_protocol_v.4_111425.docx,"Table 5, item measurement_timing",Standardize the label in the corrected copy.
I0441,Low,Confirmed,Coding,abramova_2023_biopsy,es196,197,gest_stage_ex,"Early, mid, late","early, mid, late",Protocol coding categories are lower-case; case variation creates duplicate levels.,protocol/PCNE_protocol_v.4_111425.docx,"Table 5, item gest_stage_ex",Standardize case in the corrected copy.
I0442,Low,Confirmed,Protocol conformity,abramova_2023_biopsy,es196,197,exposure_session_duration_h,24,blank (continuous exposure),Protocol says to populate session duration only for intermittent exposure.,protocol/PCNE_protocol_v.4_111425.docx,"Table 5, item exposure_session_duration","Move 24 h/day to notes if useful, or document a protocol deviation before retaining it."
I0443,Low,Confirmed,Coding,abramova_2023_biopsy,es196,197,measurement_timing,Light phase,Light Phase,Case does not match the protocol's three allowed labels.,protocol/PCNE_protocol_v.4_111425.docx,"Table 5, item measurement_timing",Standardize the label in the corrected copy.
I0444,Low,Confirmed,Coding,abramova_2023_biopsy,es197,198,gest_stage_ex,"Early, mid, late","early, mid, late",Protocol coding categories are lower-case; case variation creates duplicate levels.,protocol/PCNE_protocol_v.4_111425.docx,"Table 5, item gest_stage_ex",Standardize case in the corrected copy.
I0445,Low,Confirmed,Protocol conformity,abramova_2023_biopsy,es197,198,exposure_session_duration_h,24,blank (continuous exposure),Protocol says to populate session duration only for intermittent exposure.,protocol/PCNE_protocol_v.4_111425.docx,"Table 5, item exposure_session_duration","Move 24 h/day to notes if useful, or document a protocol deviation before retaining it."
I0446,Low,Confirmed,Coding,abramova_2023_biopsy,es197,198,measurement_timing,Light phase,Light Phase,Case does not match the protocol's three allowed labels.,protocol/PCNE_protocol_v.4_111425.docx,"Table 5, item measurement_timing",Standardize the label in the corrected copy.
I0447,Low,Confirmed,Coding,abramova_2023_biopsy,es198,199,gest_stage_ex,"Early, mid, late","early, mid, late",Protocol coding categories are lower-case; case variation creates duplicate levels.,protocol/PCNE_protocol_v.4_111425.docx,"Table 5, item gest_stage_ex",Standardize case in the corrected copy.
I0448,Low,Confirmed,Protocol conformity,abramova_2023_biopsy,es198,199,exposure_session_duration_h,24,blank (continuous exposure),Protocol says to populate session duration only for intermittent exposure.,protocol/PCNE_protocol_v.4_111425.docx,"Table 5, item exposure_session_duration","Move 24 h/day to notes if useful, or document a protocol deviation before retaining it."
I0449,Low,Confirmed,Coding,abramova_2023_biopsy,es198,199,measurement_timing,Light phase,Light Phase,Case does not match the protocol's three allowed labels.,protocol/PCNE_protocol_v.4_111425.docx,"Table 5, item measurement_timing",Standardize the label in the corrected copy.
I0450,Low,Confirmed,Coding,abramova_2023_biopsy,es199,200,gest_stage_ex,"Early, mid, late","early, mid, late",Protocol coding categories are lower-case; case variation creates duplicate levels.,protocol/PCNE_protocol_v.4_111425.docx,"Table 5, item gest_stage_ex",Standardize case in the corrected copy.
I0451,Low,Confirmed,Protocol conformity,abramova_2023_biopsy,es199,200,exposure_session_duration_h,24,blank (continuous exposure),Protocol says to populate session duration only for intermittent exposure.,protocol/PCNE_protocol_v.4_111425.docx,"Table 5, item exposure_session_duration","Move 24 h/day to notes if useful, or document a protocol deviation before retaining it."
I0452,Low,Confirmed,Coding,abramova_2023_biopsy,es199,200,measurement_timing,Light phase,Light Phase,Case does not match the protocol's three allowed labels.,protocol/PCNE_protocol_v.4_111425.docx,"Table 5, item measurement_timing",Standardize the label in the corrected copy.
I0453,Low,Confirmed,Coding,abramova_2023_biopsy,es200,201,gest_stage_ex,"Early, mid, late","early, mid, late",Protocol coding categories are lower-case; case variation creates duplicate levels.,protocol/PCNE_protocol_v.4_111425.docx,"Table 5, item gest_stage_ex",Standardize case in the corrected copy.
I0454,Low,Confirmed,Protocol conformity,abramova_2023_biopsy,es200,201,exposure_session_duration_h,24,blank (continuous exposure),Protocol says to populate session duration only for intermittent exposure.,protocol/PCNE_protocol_v.4_111425.docx,"Table 5, item exposure_session_duration","Move 24 h/day to notes if useful, or document a protocol deviation before retaining it."
I0455,Low,Confirmed,Coding,abramova_2023_biopsy,es200,201,measurement_timing,Light phase,Light Phase,Case does not match the protocol's three allowed labels.,protocol/PCNE_protocol_v.4_111425.docx,"Table 5, item measurement_timing",Standardize the label in the corrected copy.
I0456,Low,Confirmed,Coding,abramova_2023_biopsy,es201,202,gest_stage_ex,"Early, mid, late","early, mid, late",Protocol coding categories are lower-case; case variation creates duplicate levels.,protocol/PCNE_protocol_v.4_111425.docx,"Table 5, item gest_stage_ex",Standardize case in the corrected copy.
I0457,Low,Confirmed,Protocol conformity,abramova_2023_biopsy,es201,202,exposure_session_duration_h,24,blank (continuous exposure),Protocol says to populate session duration only for intermittent exposure.,protocol/PCNE_protocol_v.4_111425.docx,"Table 5, item exposure_session_duration","Move 24 h/day to notes if useful, or document a protocol deviation before retaining it."
I0458,Low,Confirmed,Coding,abramova_2023_biopsy,es201,202,measurement_timing,Light phase,Light Phase,Case does not match the protocol's three allowed labels.,protocol/PCNE_protocol_v.4_111425.docx,"Table 5, item measurement_timing",Standardize the label in the corrected copy.
I0459,Low,Confirmed,Coding,abramova_2023_biopsy,es202,203,gest_stage_ex,"Early, mid, late","early, mid, late",Protocol coding categories are lower-case; case variation creates duplicate levels.,protocol/PCNE_protocol_v.4_111425.docx,"Table 5, item gest_stage_ex",Standardize case in the corrected copy.
I0460,Low,Confirmed,Protocol conformity,abramova_2023_biopsy,es202,203,exposure_session_duration_h,24,blank (continuous exposure),Protocol says to populate session duration only for intermittent exposure.,protocol/PCNE_protocol_v.4_111425.docx,"Table 5, item exposure_session_duration","Move 24 h/day to notes if useful, or document a protocol deviation before retaining it."
I0461,Low,Confirmed,Coding,abramova_2023_biopsy,es202,203,measurement_timing,Light phase,Light Phase,Case does not match the protocol's three allowed labels.,protocol/PCNE_protocol_v.4_111425.docx,"Table 5, item measurement_timing",Standardize the label in the corrected copy.
I0462,Low,Confirmed,Coding,abramova_2023_biopsy,es203,204,gest_stage_ex,"Early, mid, late","early, mid, late",Protocol coding categories are lower-case; case variation creates duplicate levels.,protocol/PCNE_protocol_v.4_111425.docx,"Table 5, item gest_stage_ex",Standardize case in the corrected copy.
I0463,Low,Confirmed,Protocol conformity,abramova_2023_biopsy,es203,204,exposure_session_duration_h,24,blank (continuous exposure),Protocol says to populate session duration only for intermittent exposure.,protocol/PCNE_protocol_v.4_111425.docx,"Table 5, item exposure_session_duration","Move 24 h/day to notes if useful, or document a protocol deviation before retaining it."
I0464,Low,Confirmed,Coding,abramova_2023_biopsy,es203,204,measurement_timing,Light phase,Light Phase,Case does not match the protocol's three allowed labels.,protocol/PCNE_protocol_v.4_111425.docx,"Table 5, item measurement_timing",Standardize the label in the corrected copy.
I0465,Low,Confirmed,Coding,abramova_2023_biopsy,es204,205,gest_stage_ex,"Early, mid, late","early, mid, late",Protocol coding categories are lower-case; case variation creates duplicate levels.,protocol/PCNE_protocol_v.4_111425.docx,"Table 5, item gest_stage_ex",Standardize case in the corrected copy.
I0466,Low,Confirmed,Protocol conformity,abramova_2023_biopsy,es204,205,exposure_session_duration_h,24,blank (continuous exposure),Protocol says to populate session duration only for intermittent exposure.,protocol/PCNE_protocol_v.4_111425.docx,"Table 5, item exposure_session_duration","Move 24 h/day to notes if useful, or document a protocol deviation before retaining it."
I0467,Low,Confirmed,Coding,abramova_2023_biopsy,es204,205,measurement_timing,Light phase,Light Phase,Case does not match the protocol's three allowed labels.,protocol/PCNE_protocol_v.4_111425.docx,"Table 5, item measurement_timing",Standardize the label in the corrected copy.
I0468,Low,Confirmed,Coding,abramova_2023_biopsy,es205,206,gest_stage_ex,"Early, mid, late","early, mid, late",Protocol coding categories are lower-case; case variation creates duplicate levels.,protocol/PCNE_protocol_v.4_111425.docx,"Table 5, item gest_stage_ex",Standardize case in the corrected copy.
I0469,Low,Confirmed,Protocol conformity,abramova_2023_biopsy,es205,206,exposure_session_duration_h,24,blank (continuous exposure),Protocol says to populate session duration only for intermittent exposure.,protocol/PCNE_protocol_v.4_111425.docx,"Table 5, item exposure_session_duration","Move 24 h/day to notes if useful, or document a protocol deviation before retaining it."
I0470,Low,Confirmed,Coding,abramova_2023_biopsy,es205,206,measurement_timing,Light phase,Light Phase,Case does not match the protocol's three allowed labels.,protocol/PCNE_protocol_v.4_111425.docx,"Table 5, item measurement_timing",Standardize the label in the corrected copy.
I0471,Low,Confirmed,Coding,abramova_2023_biopsy,es206,207,gest_stage_ex,"Early, mid, late","early, mid, late",Protocol coding categories are lower-case; case variation creates duplicate levels.,protocol/PCNE_protocol_v.4_111425.docx,"Table 5, item gest_stage_ex",Standardize case in the corrected copy.
I0472,Low,Confirmed,Protocol conformity,abramova_2023_biopsy,es206,207,exposure_session_duration_h,24,blank (continuous exposure),Protocol says to populate session duration only for intermittent exposure.,protocol/PCNE_protocol_v.4_111425.docx,"Table 5, item exposure_session_duration","Move 24 h/day to notes if useful, or document a protocol deviation before retaining it."
I0473,Low,Confirmed,Coding,abramova_2023_biopsy,es206,207,measurement_timing,Light phase,Light Phase,Case does not match the protocol's three allowed labels.,protocol/PCNE_protocol_v.4_111425.docx,"Table 5, item measurement_timing",Standardize the label in the corrected copy.
I0474,Low,Confirmed,Coding,abramova_2023_biopsy,es207,208,gest_stage_ex,"Early, mid, late","early, mid, late",Protocol coding categories are lower-case; case variation creates duplicate levels.,protocol/PCNE_protocol_v.4_111425.docx,"Table 5, item gest_stage_ex",Standardize case in the corrected copy.
I0475,Low,Confirmed,Protocol conformity,abramova_2023_biopsy,es207,208,exposure_session_duration_h,24,blank (continuous exposure),Protocol says to populate session duration only for intermittent exposure.,protocol/PCNE_protocol_v.4_111425.docx,"Table 5, item exposure_session_duration","Move 24 h/day to notes if useful, or document a protocol deviation before retaining it."
I0476,Low,Confirmed,Coding,abramova_2023_biopsy,es207,208,measurement_timing,Light phase,Light Phase,Case does not match the protocol's three allowed labels.,protocol/PCNE_protocol_v.4_111425.docx,"Table 5, item measurement_timing",Standardize the label in the corrected copy.
I0477,High,Confirmed,Study metadata,barzegar_2014_hippo,es004,5,title,Effects of chronic stress on cognitive functions and anxiety related behaviors in rats,"Prenatal Exposure to Noise Stress: Anxiety, Impaired Spatial Memory, and Deteriorated Hippocampal Plasticity in Postnatal Life",A study_id should map to one publication title; this row contains a title from another included study.,included_studies/barzegar_2014_hippo.pdf,PDF page 1,Replace with the publication title used by the other rows for this study_id.
I0478,Medium,Confirmed,Study metadata,hassanvand_2012_phyphar,es010,11,doi,http://ppj.phypha.ir/article-1-805-en.html,blank if no DOI; keep the article URL in a separate URL field,Protocol specifies a short DOI beginning with 10.; the current value is a webpage URL.,protocol/PCNE_protocol_v.4_111425.docx,"Table 5, item doi",Do not treat the article landing-page URL as a DOI.
I0479,Medium,Confirmed,Study metadata,hassanvand_2012_phyphar,es011,12,doi,http://ppj.phypha.ir/article-1-805-en.html,blank if no DOI; keep the article URL in a separate URL field,Protocol specifies a short DOI beginning with 10.; the current value is a webpage URL.,protocol/PCNE_protocol_v.4_111425.docx,"Table 5, item doi",Do not treat the article landing-page URL as a DOI.
I0480,Medium,Confirmed,Study metadata,hassanvand_2012_phyphar,es012,13,doi,http://ppj.phypha.ir/article-1-805-en.html,blank if no DOI; keep the article URL in a separate URL field,Protocol specifies a short DOI beginning with 10.; the current value is a webpage URL.,protocol/PCNE_protocol_v.4_111425.docx,"Table 5, item doi",Do not treat the article landing-page URL as a DOI.
I0481,High,Confirmed,Summary statistics,barzegar_2014_hippo,es006,7,ex_se,8.43,2.6658,The stored SE is inconsistent with ex_sd / sqrt(ex_n).,Metadigitise_figs/metaDigitise_output.csv,matching figure/group row,Recalculate SE from the verified SD and n in the corrected copy; preserve the original value in an audit column.
I0482,High,Confirmed,Summary statistics,abramova_2020_genpath,es130,131,c_se,18.1638,5.948995,The stored SE is inconsistent with c_sd / sqrt(c_n).,included_studies/abramova_2020_genpath/abramova2020_descriptives.xlsx,matching descriptive-statistics row,Recalculate SE from the verified SD and n in the corrected copy; preserve the original value in an audit column.
I0483,High,Confirmed,Summary statistics,abramova_2020_genpath,es131,132,c_se,23.1577,6.011893,The stored SE is inconsistent with c_sd / sqrt(c_n).,included_studies/abramova_2020_genpath/abramova2020_descriptives.xlsx,matching descriptive-statistics row,Recalculate SE from the verified SD and n in the corrected copy; preserve the original value in an audit column.
I0484,High,Confirmed,Summary statistics,abramova_2020_genpath,es131,132,ex_se,14.9063,4.86045,The stored SE is inconsistent with ex_sd / sqrt(ex_n).,included_studies/abramova_2020_genpath/abramova2020_descriptives.xlsx,matching descriptive-statistics row,Recalculate SE from the verified SD and n in the corrected copy; preserve the original value in an audit column.
I0485,High,Confirmed,Summary statistics,abramova_2020_genpath,es132,133,c_se,8.3527,2.38249,The stored SE is inconsistent with c_sd / sqrt(c_n).,included_studies/abramova_2020_genpath/abramova2020_descriptives.xlsx,matching descriptive-statistics row,Recalculate SE from the verified SD and n in the corrected copy; preserve the original value in an audit column.
I0486,High,Confirmed,Summary statistics,abramova_2020_genpath,es133,134,c_se,9.9437,2.286889,The stored SE is inconsistent with c_sd / sqrt(c_n).,included_studies/abramova_2020_genpath/abramova2020_descriptives.xlsx,matching descriptive-statistics row,Recalculate SE from the verified SD and n in the corrected copy; preserve the original value in an audit column.
I0487,High,Confirmed,Summary statistics,abramova_2020_genpath,es133,134,ex_se,7.0469,2.22715,The stored SE is inconsistent with ex_sd / sqrt(ex_n).,included_studies/abramova_2020_genpath/abramova2020_descriptives.xlsx,matching descriptive-statistics row,Recalculate SE from the verified SD and n in the corrected copy; preserve the original value in an audit column.
I0488,High,Confirmed,Summary statistics,abramova_2020_genpath,es134,135,c_se,0.6629,1.0596,The stored SE is inconsistent with c_sd / sqrt(c_n).,included_studies/abramova_2020_genpath/abramova2020_descriptives.xlsx,matching descriptive-statistics row,Recalculate SE from the verified SD and n in the corrected copy; preserve the original value in an audit column.
I0489,High,Confirmed,Summary statistics,abramova_2020_genpath,es135,136,c_se,0.9723,0.647816,The stored SE is inconsistent with c_sd / sqrt(c_n).,included_studies/abramova_2020_genpath/abramova2020_descriptives.xlsx,matching descriptive-statistics row,Recalculate SE from the verified SD and n in the corrected copy; preserve the original value in an audit column.
I0490,High,Confirmed,Summary statistics,abramova_2020_genpath,es135,136,ex_se,0.3125,0.232725,The stored SE is inconsistent with ex_sd / sqrt(ex_n).,included_studies/abramova_2020_genpath/abramova2020_descriptives.xlsx,matching descriptive-statistics row,Recalculate SE from the verified SD and n in the corrected copy; preserve the original value in an audit column.
I0491,High,Confirmed,Summary statistics,abramova_2020_genpath,es136,137,c_se,4.4207,3.898315,The stored SE is inconsistent with c_sd / sqrt(c_n).,included_studies/abramova_2020_genpath/abramova2020_descriptives.xlsx,matching descriptive-statistics row,Recalculate SE from the verified SD and n in the corrected copy; preserve the original value in an audit column.
I0492,High,Confirmed,Summary statistics,abramova_2020_genpath,es137,138,c_se,4.9042,4.774845,The stored SE is inconsistent with c_sd / sqrt(c_n).,included_studies/abramova_2020_genpath/abramova2020_descriptives.xlsx,matching descriptive-statistics row,Recalculate SE from the verified SD and n in the corrected copy; preserve the original value in an audit column.
I0493,High,Confirmed,Summary statistics,abramova_2020_genpath,es137,138,ex_se,4.2813,3.074025,The stored SE is inconsistent with ex_sd / sqrt(ex_n).,included_studies/abramova_2020_genpath/abramova2020_descriptives.xlsx,matching descriptive-statistics row,Recalculate SE from the verified SD and n in the corrected copy; preserve the original value in an audit column.
I0494,High,Confirmed,Summary statistics,abramova_2020_genpath,es138,139,c_se,3.3508,5.49871,The stored SE is inconsistent with c_sd / sqrt(c_n).,included_studies/abramova_2020_genpath/abramova2020_descriptives.xlsx,matching descriptive-statistics row,Recalculate SE from the verified SD and n in the corrected copy; preserve the original value in an audit column.
I0495,High,Confirmed,Summary statistics,abramova_2020_genpath,es139,140,c_se,2.919,7.584251,The stored SE is inconsistent with c_sd / sqrt(c_n).,included_studies/abramova_2020_genpath/abramova2020_descriptives.xlsx,matching descriptive-statistics row,Recalculate SE from the verified SD and n in the corrected copy; preserve the original value in an audit column.
I0496,High,Confirmed,Summary statistics,abramova_2020_genpath,es139,140,ex_se,8.1981,7.162475,The stored SE is inconsistent with ex_sd / sqrt(ex_n).,included_studies/abramova_2020_genpath/abramova2020_descriptives.xlsx,matching descriptive-statistics row,Recalculate SE from the verified SD and n in the corrected copy; preserve the original value in an audit column.
I0497,High,Confirmed,Summary statistics,abramova_2020_genpath,es140,141,c_se,1.6352,1.308466,The stored SE is inconsistent with c_sd / sqrt(c_n).,included_studies/abramova_2020_genpath/abramova2020_descriptives.xlsx,matching descriptive-statistics row,Recalculate SE from the verified SD and n in the corrected copy; preserve the original value in an audit column.
I0498,High,Confirmed,Summary statistics,abramova_2020_genpath,es141,142,c_se,1.0165,0.639118,The stored SE is inconsistent with c_sd / sqrt(c_n).,included_studies/abramova_2020_genpath/abramova2020_descriptives.xlsx,matching descriptive-statistics row,Recalculate SE from the verified SD and n in the corrected copy; preserve the original value in an audit column.
I0499,High,Confirmed,Summary statistics,abramova_2020_genpath,es141,142,ex_se,0.75,0.341575,The stored SE is inconsistent with ex_sd / sqrt(ex_n).,included_studies/abramova_2020_genpath/abramova2020_descriptives.xlsx,matching descriptive-statistics row,Recalculate SE from the verified SD and n in the corrected copy; preserve the original value in an audit column.
I0500,High,Confirmed,Summary statistics,abramova_2020_genpath,es142,143,c_se,63.1059,3.82068,The stored SE is inconsistent with c_sd / sqrt(c_n).,included_studies/abramova_2020_genpath/abramova2020_descriptives.xlsx,matching descriptive-statistics row,Recalculate SE from the verified SD and n in the corrected copy; preserve the original value in an audit column.
I0501,High,Confirmed,Summary statistics,abramova_2020_genpath,es143,144,c_se,63.7452,5.562291,The stored SE is inconsistent with c_sd / sqrt(c_n).,included_studies/abramova_2020_genpath/abramova2020_descriptives.xlsx,matching descriptive-statistics row,Recalculate SE from the verified SD and n in the corrected copy; preserve the original value in an audit column.
I0502,High,Confirmed,Summary statistics,abramova_2020_genpath,es144,145,c_se,3.4941,3.644701,The stored SE is inconsistent with c_sd / sqrt(c_n).,included_studies/abramova_2020_genpath/abramova2020_descriptives.xlsx,matching descriptive-statistics row,Recalculate SE from the verified SD and n in the corrected copy; preserve the original value in an audit column.
I0503,High,Confirmed,Summary statistics,abramova_2020_genpath,es145,146,c_se,6.324,5.168479,The stored SE is inconsistent with c_sd / sqrt(c_n).,included_studies/abramova_2020_genpath/abramova2020_descriptives.xlsx,matching descriptive-statistics row,Recalculate SE from the verified SD and n in the corrected copy; preserve the original value in an audit column.
I0504,High,Confirmed,Summary statistics,abramova_2020_genpath,es146,147,c_se,0.436,0.467204,The stored SE is inconsistent with c_sd / sqrt(c_n).,included_studies/abramova_2020_genpath/abramova2020_descriptives.xlsx,matching descriptive-statistics row,Recalculate SE from the verified SD and n in the corrected copy; preserve the original value in an audit column.
I0505,High,Confirmed,Summary statistics,abramova_2020_genpath,es147,148,c_se,1.0345,0.616432,The stored SE is inconsistent with c_sd / sqrt(c_n).,included_studies/abramova_2020_genpath/abramova2020_descriptives.xlsx,matching descriptive-statistics row,Recalculate SE from the verified SD and n in the corrected copy; preserve the original value in an audit column.
I0506,High,Confirmed,Summary statistics,abramova_2020_genpath,es148,149,c_se,0.6485,0.280045,The stored SE is inconsistent with c_sd / sqrt(c_n).,included_studies/abramova_2020_genpath/abramova2020_descriptives.xlsx,matching descriptive-statistics row,Recalculate SE from the verified SD and n in the corrected copy; preserve the original value in an audit column.
I0507,High,Confirmed,Summary statistics,abramova_2020_genpath,es149,150,c_se,0.8773,0.441376,The stored SE is inconsistent with c_sd / sqrt(c_n).,included_studies/abramova_2020_genpath/abramova2020_descriptives.xlsx,matching descriptive-statistics row,Recalculate SE from the verified SD and n in the corrected copy; preserve the original value in an audit column.
I0508,High,Confirmed,Summary statistics,abramova_2020_genpath,es150,151,c_se,0.6596,0.682381,The stored SE is inconsistent with c_sd / sqrt(c_n).,included_studies/abramova_2020_genpath/abramova2020_descriptives.xlsx,matching descriptive-statistics row,Recalculate SE from the verified SD and n in the corrected copy; preserve the original value in an audit column.
I0509,High,Confirmed,Summary statistics,abramova_2020_genpath,es151,152,c_se,1.3618,1.164723,The stored SE is inconsistent with c_sd / sqrt(c_n).,included_studies/abramova_2020_genpath/abramova2020_descriptives.xlsx,matching descriptive-statistics row,Recalculate SE from the verified SD and n in the corrected copy; preserve the original value in an audit column.
I0510,High,Confirmed,Summary statistics,abramova_2020_genpath,es152,153,c_se,10.6014,8.57418,The stored SE is inconsistent with c_sd / sqrt(c_n).,included_studies/abramova_2020_genpath/abramova2020_descriptives.xlsx,matching descriptive-statistics row,Recalculate SE from the verified SD and n in the corrected copy; preserve the original value in an audit column.
I0511,High,Confirmed,Summary statistics,abramova_2020_genpath,es153,154,c_se,11.0271,10.421458,The stored SE is inconsistent with c_sd / sqrt(c_n).,included_studies/abramova_2020_genpath/abramova2020_descriptives.xlsx,matching descriptive-statistics row,Recalculate SE from the verified SD and n in the corrected copy; preserve the original value in an audit column.
I0512,High,Confirmed,Summary statistics,abramova_2020_genpath,es154,155,c_se,1.8448,0.864128,The stored SE is inconsistent with c_sd / sqrt(c_n).,included_studies/abramova_2020_genpath/abramova2020_descriptives.xlsx,matching descriptive-statistics row,Recalculate SE from the verified SD and n in the corrected copy; preserve the original value in an audit column.
I0513,High,Confirmed,Summary statistics,abramova_2020_genpath,es155,156,c_se,2.763,1.295561,The stored SE is inconsistent with c_sd / sqrt(c_n).,included_studies/abramova_2020_genpath/abramova2020_descriptives.xlsx,matching descriptive-statistics row,Recalculate SE from the verified SD and n in the corrected copy; preserve the original value in an audit column.
I0514,High,Confirmed,Summary statistics,abramova_2020_genpath,es156,157,c_se,5.1394,8.108117,The stored SE is inconsistent with c_sd / sqrt(c_n).,included_studies/abramova_2020_genpath/abramova2020_descriptives.xlsx,matching descriptive-statistics row,Recalculate SE from the verified SD and n in the corrected copy; preserve the original value in an audit column.
I0515,High,Confirmed,Summary statistics,abramova_2020_genpath,es157,158,c_se,2.6348,7.265923,The stored SE is inconsistent with c_sd / sqrt(c_n).,included_studies/abramova_2020_genpath/abramova2020_descriptives.xlsx,matching descriptive-statistics row,Recalculate SE from the verified SD and n in the corrected copy; preserve the original value in an audit column.
I0516,High,Confirmed,Summary statistics,abramova_2020_genpath,es158,159,c_se,0.8497,0.531133,The stored SE is inconsistent with c_sd / sqrt(c_n).,included_studies/abramova_2020_genpath/abramova2020_descriptives.xlsx,matching descriptive-statistics row,Recalculate SE from the verified SD and n in the corrected copy; preserve the original value in an audit column.
I0517,High,Confirmed,Summary statistics,abramova_2020_genpath,es159,160,c_se,1.0345,0.53099,The stored SE is inconsistent with c_sd / sqrt(c_n).,included_studies/abramova_2020_genpath/abramova2020_descriptives.xlsx,matching descriptive-statistics row,Recalculate SE from the verified SD and n in the corrected copy; preserve the original value in an audit column.
I0518,High,Confirmed,Summary statistics,abramova_2020_genpath,es160,161,c_se,54.0167,13.930026,The stored SE is inconsistent with c_sd / sqrt(c_n).,included_studies/abramova_2020_genpath/abramova2020_descriptives.xlsx,matching descriptive-statistics row,Recalculate SE from the verified SD and n in the corrected copy; preserve the original value in an audit column.
I0519,High,Confirmed,Summary statistics,abramova_2020_genpath,es160,161,ex_se,42.7578,16.378815,The stored SE is inconsistent with ex_sd / sqrt(ex_n).,included_studies/abramova_2020_genpath/abramova2020_descriptives.xlsx,matching descriptive-statistics row,Recalculate SE from the verified SD and n in the corrected copy; preserve the original value in an audit column.
I0520,High,Confirmed,Summary statistics,abramova_2020_genpath,es161,162,c_se,42.2685,13.264451,The stored SE is inconsistent with c_sd / sqrt(c_n).,included_studies/abramova_2020_genpath/abramova2020_descriptives.xlsx,matching descriptive-statistics row,Recalculate SE from the verified SD and n in the corrected copy; preserve the original value in an audit column.
I0521,High,Confirmed,Summary statistics,abramova_2020_genpath,es161,162,ex_se,51.7909,18.9553,The stored SE is inconsistent with ex_sd / sqrt(ex_n).,included_studies/abramova_2020_genpath/abramova2020_descriptives.xlsx,matching descriptive-statistics row,Recalculate SE from the verified SD and n in the corrected copy; preserve the original value in an audit column.
I0522,High,Confirmed,Summary statistics,abramova_2020_genpath,es162,163,c_se,18.658,12.045387,The stored SE is inconsistent with c_sd / sqrt(c_n).,included_studies/abramova_2020_genpath/abramova2020_descriptives.xlsx,matching descriptive-statistics row,Recalculate SE from the verified SD and n in the corrected copy; preserve the original value in an audit column.
I0523,High,Confirmed,Summary statistics,abramova_2020_genpath,es162,163,ex_se,13.4021,6.558537,The stored SE is inconsistent with ex_sd / sqrt(ex_n).,included_studies/abramova_2020_genpath/abramova2020_descriptives.xlsx,matching descriptive-statistics row,Recalculate SE from the verified SD and n in the corrected copy; preserve the original value in an audit column.
I0524,High,Confirmed,Summary statistics,abramova_2020_genpath,es163,164,c_se,15.4811,6.411963,The stored SE is inconsistent with c_sd / sqrt(c_n).,included_studies/abramova_2020_genpath/abramova2020_descriptives.xlsx,matching descriptive-statistics row,Recalculate SE from the verified SD and n in the corrected copy; preserve the original value in an audit column.
I0525,High,Confirmed,Summary statistics,abramova_2020_genpath,es163,164,ex_se,12.4549,8.4909,The stored SE is inconsistent with ex_sd / sqrt(ex_n).,included_studies/abramova_2020_genpath/abramova2020_descriptives.xlsx,matching descriptive-statistics row,Recalculate SE from the verified SD and n in the corrected copy; preserve the original value in an audit column.
I0526,Medium,Confirmed,Source traceability,barzegar_2014_hippo,es004,5,data_file,barzegar_2014_figure2,barzegar_2014_figure2a.png,No PNG in Metadigitise_figs has the current data_file stem.,Metadigitise_figs/,file inventory,Use the exact saved PNG stem so the extraction is reproducible.
I0527,Medium,Confirmed,Source traceability,barzegar_2014_hippo,es005,6,data_file,barzegar_2014_figure2,barzegar_2014_figure2b.png,No PNG in Metadigitise_figs has the current data_file stem.,Metadigitise_figs/,file inventory,Use the exact saved PNG stem so the extraction is reproducible.
I0528,Medium,Confirmed,Source traceability,barzegar_2014_hippo,es006,7,data_file,barzegar_2014_figure2,barzegar_2014_figure2a.png,No PNG in Metadigitise_figs has the current data_file stem.,Metadigitise_figs/,file inventory,Use the exact saved PNG stem so the extraction is reproducible.
I0529,Medium,Confirmed,Source traceability,barzegar_2014_hippo,es007,8,data_file,barzegar_2014_figure2,barzegar_2014_figure2b.png,No PNG in Metadigitise_figs has the current data_file stem.,Metadigitise_figs/,file inventory,Use the exact saved PNG stem so the extraction is reproducible.
I0530,Medium,Confirmed,Source traceability,barzegar_2014_hippo,es008,9,data_file,barzegar_2014_figure2,barzegar_2014_figure2a.png,No PNG in Metadigitise_figs has the current data_file stem.,Metadigitise_figs/,file inventory,Use the exact saved PNG stem so the extraction is reproducible.
I0531,Medium,Confirmed,Source traceability,arjunan_2023_stress,es014,15,data_file,arjunan_2023_stress_fig3B_per,arjunan_2023_stress_fig3B_peri.png,No PNG in Metadigitise_figs has the current data_file stem.,Metadigitise_figs/,file inventory,Use the exact saved PNG stem so the extraction is reproducible.
I0532,Medium,Confirmed,Source traceability,arjunan_2023_stress,es016,17,data_file,arjunan_2023_stress_fig3B_per,arjunan_2023_stress_fig3B_peri.png,No PNG in Metadigitise_figs has the current data_file stem.,Metadigitise_figs/,file inventory,Use the exact saved PNG stem so the extraction is reproducible.
I0533,Medium,Confirmed,Source traceability,arjunan_2023_stress,es018,19,data_file,arjunan_2023_stress_fig3B_per,arjunan_2023_stress_fig3B_peri.png,No PNG in Metadigitise_figs has the current data_file stem.,Metadigitise_figs/,file inventory,Use the exact saved PNG stem so the extraction is reproducible.
I0534,High,Confirmed,Author raw-data reconciliation,abramova_2021_front,es074,75,c_mean; c_sd; c_n; c_se,mean=29; sd=15.7903; n=25; se=3.1581,mean=33.73913; sd=16.895985; n=23; se=3.5230564,"Control summaries match author raw-data sex=male, whereas offspring_sex and the experimental arm are sex=female.",included_studies/abramova_2021_front/abramova_2021_front.xlsx,Лист1; No handling; metric=squares; Control Females,Replace the four control statistics with the same-sex Control subgroup and retain offspring_sex/experimental statistics.
I0535,High,Confirmed,Source traceability,abramova_2021_front,es074,75,data_source,Figure 2a,Author raw data,"The CSV statistics exactly reproduce the author raw-data subgroup, not the MetaDigitise values for the cited figure.",included_studies/abramova_2021_front/abramova_2021_front.xlsx,Лист1; No handling; squares,Change the source field and retain the figure only as a secondary publication reference.
I0536,Medium,Confirmed,Source traceability,abramova_2021_front,es074,75,data_file,OF-pups-abramova2015,included_studies/abramova_2021_front/abramova_2021_front.xlsx,The current value is not a file in the study folder; the statistics are reproducible from the author workbook.,included_studies/abramova_2021_front/abramova_2021_front.xlsx,Лист1,Use the exact author workbook filename/path in the corrected copy.
I0537,High,Confirmed,Author raw-data reconciliation,abramova_2021_front,es075,76,c_mean; c_sd; c_n; c_se,mean=33.7391; sd=16.896; n=23; se=3.5231,mean=29; sd=15.790292; n=25; se=3.1580585,"Control summaries match author raw-data sex=female, whereas offspring_sex and the experimental arm are sex=male.",included_studies/abramova_2021_front/abramova_2021_front.xlsx,Лист1; No handling; metric=squares; Control Males,Replace the four control statistics with the same-sex Control subgroup and retain offspring_sex/experimental statistics.
I0538,High,Confirmed,Source traceability,abramova_2021_front,es075,76,data_source,Figure 2a,Author raw data,"The CSV statistics exactly reproduce the author raw-data subgroup, not the MetaDigitise values for the cited figure.",included_studies/abramova_2021_front/abramova_2021_front.xlsx,Лист1; No handling; squares,Change the source field and retain the figure only as a secondary publication reference.
I0539,Medium,Confirmed,Source traceability,abramova_2021_front,es075,76,data_file,OF-pups-abramova2016,included_studies/abramova_2021_front/abramova_2021_front.xlsx,The current value is not a file in the study folder; the statistics are reproducible from the author workbook.,included_studies/abramova_2021_front/abramova_2021_front.xlsx,Лист1,Use the exact author workbook filename/path in the corrected copy.
I0540,High,Confirmed,Author raw-data reconciliation,abramova_2021_front,es076,77,c_mean; c_sd; c_n; c_se,mean=8.92; sd=6.9337; n=25; se=1.3867,mean=10.130435; sd=8.7557999; n=23; se=1.8257105,"Control summaries match author raw-data sex=male, whereas offspring_sex and the experimental arm are sex=female.",included_studies/abramova_2021_front/abramova_2021_front.xlsx,Лист1; No handling; metric=rearing; Control Females,Replace the four control statistics with the same-sex Control subgroup and retain offspring_sex/experimental statistics.
I0541,High,Confirmed,Source traceability,abramova_2021_front,es076,77,data_source,Figure 2b,Author raw data,"The CSV statistics exactly reproduce the author raw-data subgroup, not the MetaDigitise values for the cited figure.",included_studies/abramova_2021_front/abramova_2021_front.xlsx,Лист1; No handling; rearing,Change the source field and retain the figure only as a secondary publication reference.
I0542,Medium,Confirmed,Source traceability,abramova_2021_front,es076,77,data_file,OF-pups-abramova2017,included_studies/abramova_2021_front/abramova_2021_front.xlsx,The current value is not a file in the study folder; the statistics are reproducible from the author workbook.,included_studies/abramova_2021_front/abramova_2021_front.xlsx,Лист1,Use the exact author workbook filename/path in the corrected copy.
I0543,High,Confirmed,Author raw-data reconciliation,abramova_2021_front,es077,78,c_mean; c_sd; c_n; c_se,mean=10.1304; sd=8.7558; n=23; se=1.8257,mean=8.92; sd=6.933734; n=25; se=1.3867468,"Control summaries match author raw-data sex=female, whereas offspring_sex and the experimental arm are sex=male.",included_studies/abramova_2021_front/abramova_2021_front.xlsx,Лист1; No handling; metric=rearing; Control Males,Replace the four control statistics with the same-sex Control subgroup and retain offspring_sex/experimental statistics.
I0544,High,Confirmed,Source traceability,abramova_2021_front,es077,78,data_source,Figure 2b,Author raw data,"The CSV statistics exactly reproduce the author raw-data subgroup, not the MetaDigitise values for the cited figure.",included_studies/abramova_2021_front/abramova_2021_front.xlsx,Лист1; No handling; rearing,Change the source field and retain the figure only as a secondary publication reference.
I0545,Medium,Confirmed,Source traceability,abramova_2021_front,es077,78,data_file,OF-pups-abramova2018,included_studies/abramova_2021_front/abramova_2021_front.xlsx,The current value is not a file in the study folder; the statistics are reproducible from the author workbook.,included_studies/abramova_2021_front/abramova_2021_front.xlsx,Лист1,Use the exact author workbook filename/path in the corrected copy.
I0546,High,Confirmed,Author raw-data reconciliation,abramova_2021_front,es078,79,c_mean; c_sd; c_n; c_se,mean=1.16; sd=1.4911; n=25; se=0.2982,mean=2.2608696; sd=2.526539; n=23; se=0.52681979,"Control summaries match author raw-data sex=male, whereas offspring_sex and the experimental arm are sex=female.",included_studies/abramova_2021_front/abramova_2021_front.xlsx,Лист1; No handling; metric=center_num; Control Females,Replace the four control statistics with the same-sex Control subgroup and retain offspring_sex/experimental statistics.
I0547,Medium,Confirmed,Source traceability,abramova_2021_front,es078,79,data_file,OF-pups-abramova2019,included_studies/abramova_2021_front/abramova_2021_front.xlsx,The current value is not a file in the study folder; the statistics are reproducible from the author workbook.,included_studies/abramova_2021_front/abramova_2021_front.xlsx,Лист1,Use the exact author workbook filename/path in the corrected copy.
I0548,High,Confirmed,Author raw-data reconciliation,abramova_2021_front,es079,80,c_mean; c_sd; c_n; c_se,mean=2.2609; sd=2.5265; n=23; se=0.5268,mean=1.16; sd=1.4910846; n=25; se=0.29821692,"Control summaries match author raw-data sex=female, whereas offspring_sex and the experimental arm are sex=male.",included_studies/abramova_2021_front/abramova_2021_front.xlsx,Лист1; No handling; metric=center_num; Control Males,Replace the four control statistics with the same-sex Control subgroup and retain offspring_sex/experimental statistics.
I0549,Medium,Confirmed,Source traceability,abramova_2021_front,es079,80,data_file,OF-pups-abramova2020,included_studies/abramova_2021_front/abramova_2021_front.xlsx,The current value is not a file in the study folder; the statistics are reproducible from the author workbook.,included_studies/abramova_2021_front/abramova_2021_front.xlsx,Лист1,Use the exact author workbook filename/path in the corrected copy.
I0550,High,Confirmed,Author raw-data reconciliation,abramova_2021_front,es080,81,c_mean; c_sd; c_n; c_se,mean=2.0964; sd=3.3901; n=25; se=0.678,mean=5.1769565; sd=6.837676; n=23; se=1.425754,"Control summaries match author raw-data sex=male, whereas offspring_sex and the experimental arm are sex=female.",included_studies/abramova_2021_front/abramova_2021_front.xlsx,Лист1; No handling; metric=center_totalTime; Control Females,Replace the four control statistics with the same-sex Control subgroup and retain offspring_sex/experimental statistics.
I0551,Medium,Confirmed,Source traceability,abramova_2021_front,es080,81,data_file,OF-pups-abramova2021,included_studies/abramova_2021_front/abramova_2021_front.xlsx,The current value is not a file in the study folder; the statistics are reproducible from the author workbook.,included_studies/abramova_2021_front/abramova_2021_front.xlsx,Лист1,Use the exact author workbook filename/path in the corrected copy.
I0552,High,Confirmed,Author raw-data reconciliation,abramova_2021_front,es081,82,c_mean; c_sd; c_n; c_se,mean=5.177; sd=6.8377; n=23; se=1.4258,mean=2.0964; sd=3.3900675; n=25; se=0.67801349,"Control summaries match author raw-data sex=female, whereas offspring_sex and the experimental arm are sex=male.",included_studies/abramova_2021_front/abramova_2021_front.xlsx,Лист1; No handling; metric=center_totalTime; Control Males,Replace the four control statistics with the same-sex Control subgroup and retain offspring_sex/experimental statistics.
I0553,Medium,Confirmed,Source traceability,abramova_2021_front,es081,82,data_file,OF-pups-abramova2022,included_studies/abramova_2021_front/abramova_2021_front.xlsx,The current value is not a file in the study folder; the statistics are reproducible from the author workbook.,included_studies/abramova_2021_front/abramova_2021_front.xlsx,Лист1,Use the exact author workbook filename/path in the corrected copy.
I0554,High,Confirmed,Author raw-data reconciliation,abramova_2021_front,es082,83,c_mean; c_sd; c_n; c_se,mean=3.76; sd=1.6653; n=25; se=0.3331,mean=2.6521739; sd=1.4650068; n=23; se=0.30547504,"Control summaries match author raw-data sex=male, whereas offspring_sex and the experimental arm are sex=female.",included_studies/abramova_2021_front/abramova_2021_front.xlsx,Лист1; No handling; metric=grum_number; Control Females,Replace the four control statistics with the same-sex Control subgroup and retain offspring_sex/experimental statistics.
I0555,Medium,Confirmed,Source traceability,abramova_2021_front,es082,83,data_file,OF-pups-abramova2023,included_studies/abramova_2021_front/abramova_2021_front.xlsx,The current value is not a file in the study folder; the statistics are reproducible from the author workbook.,included_studies/abramova_2021_front/abramova_2021_front.xlsx,Лист1,Use the exact author workbook filename/path in the corrected copy.
I0556,High,Confirmed,Author raw-data reconciliation,abramova_2021_front,es083,84,c_mean; c_sd; c_n; c_se,mean=2.6522; sd=1.465; n=23; se=0.3055,mean=3.76; sd=1.6653328; n=25; se=0.33306656,"Control summaries match author raw-data sex=female, whereas offspring_sex and the experimental arm are sex=male.",included_studies/abramova_2021_front/abramova_2021_front.xlsx,Лист1; No handling; metric=grum_number; Control Males,Replace the four control statistics with the same-sex Control subgroup and retain offspring_sex/experimental statistics.
I0557,Medium,Confirmed,Source traceability,abramova_2021_front,es083,84,data_file,OF-pups-abramova2024,included_studies/abramova_2021_front/abramova_2021_front.xlsx,The current value is not a file in the study folder; the statistics are reproducible from the author workbook.,included_studies/abramova_2021_front/abramova_2021_front.xlsx,Лист1,Use the exact author workbook filename/path in the corrected copy.
I0558,High,Confirmed,Author raw-data reconciliation,abramova_2021_front,es084,85,c_mean; c_sd; c_n; c_se,mean=34.048; sd=25.0853; n=25; se=5.0171,mean=16.378696; sd=13.13384; n=23; se=2.738595,"Control summaries match author raw-data sex=male, whereas offspring_sex and the experimental arm are sex=female.",included_studies/abramova_2021_front/abramova_2021_front.xlsx,Лист1; No handling; metric=grum_totalTime; Control Females,Replace the four control statistics with the same-sex Control subgroup and retain offspring_sex/experimental statistics.
I0559,Medium,Confirmed,Source traceability,abramova_2021_front,es084,85,data_file,OF-pups-abramova2025,included_studies/abramova_2021_front/abramova_2021_front.xlsx,The current value is not a file in the study folder; the statistics are reproducible from the author workbook.,included_studies/abramova_2021_front/abramova_2021_front.xlsx,Лист1,Use the exact author workbook filename/path in the corrected copy.
I0560,High,Confirmed,Author raw-data reconciliation,abramova_2021_front,es085,86,c_mean; c_sd; c_n; c_se,mean=16.3787; sd=13.1338; n=23; se=2.7386,mean=34.048; sd=25.085267; n=25; se=5.0170534,"Control summaries match author raw-data sex=female, whereas offspring_sex and the experimental arm are sex=male.",included_studies/abramova_2021_front/abramova_2021_front.xlsx,Лист1; No handling; metric=grum_totalTime; Control Males,Replace the four control statistics with the same-sex Control subgroup and retain offspring_sex/experimental statistics.
I0561,Medium,Confirmed,Source traceability,abramova_2021_front,es085,86,data_file,OF-pups-abramova2026,included_studies/abramova_2021_front/abramova_2021_front.xlsx,The current value is not a file in the study folder; the statistics are reproducible from the author workbook.,included_studies/abramova_2021_front/abramova_2021_front.xlsx,Лист1,Use the exact author workbook filename/path in the corrected copy.
I0562,High,Confirmed,Author raw-data reconciliation,abramova_2021_front,es086,87,c_mean; c_sd; c_n; c_se,mean=36.678; sd=36.638; n=25; se=7.3276,mean=39.256957; sd=41.727392; n=23; se=8.7007627,"Control summaries match author raw-data sex=male, whereas offspring_sex and the experimental arm are sex=female.",included_studies/abramova_2021_front/abramova_2021_front.xlsx,Лист1; No handling; metric=freez_totalTime; Control Females,Replace the four control statistics with the same-sex Control subgroup and retain offspring_sex/experimental statistics.
I0563,High,Confirmed,Source traceability,abramova_2021_front,es086,87,data_source,Figure 2c,Author raw data,"The CSV statistics exactly reproduce the author raw-data subgroup, not the MetaDigitise values for the cited figure.",included_studies/abramova_2021_front/abramova_2021_front.xlsx,Лист1; No handling; freez_totalTime,Change the source field and retain the figure only as a secondary publication reference.
I0564,Medium,Confirmed,Source traceability,abramova_2021_front,es086,87,data_file,OF-pups-abramova2027,included_studies/abramova_2021_front/abramova_2021_front.xlsx,The current value is not a file in the study folder; the statistics are reproducible from the author workbook.,included_studies/abramova_2021_front/abramova_2021_front.xlsx,Лист1,Use the exact author workbook filename/path in the corrected copy.
I0565,High,Confirmed,Author raw-data reconciliation,abramova_2021_front,es087,88,c_mean; c_sd; c_n; c_se,mean=39.257; sd=41.7274; n=23; se=8.7008,mean=36.678; sd=36.638022; n=25; se=7.3276043,"Control summaries match author raw-data sex=female, whereas offspring_sex and the experimental arm are sex=male.",included_studies/abramova_2021_front/abramova_2021_front.xlsx,Лист1; No handling; metric=freez_totalTime; Control Males,Replace the four control statistics with the same-sex Control subgroup and retain offspring_sex/experimental statistics.
I0566,High,Confirmed,Source traceability,abramova_2021_front,es087,88,data_source,Figure 2c,Author raw data,"The CSV statistics exactly reproduce the author raw-data subgroup, not the MetaDigitise values for the cited figure.",included_studies/abramova_2021_front/abramova_2021_front.xlsx,Лист1; No handling; freez_totalTime,Change the source field and retain the figure only as a secondary publication reference.
I0567,Medium,Confirmed,Source traceability,abramova_2021_front,es087,88,data_file,OF-pups-abramova2028,included_studies/abramova_2021_front/abramova_2021_front.xlsx,The current value is not a file in the study folder; the statistics are reproducible from the author workbook.,included_studies/abramova_2021_front/abramova_2021_front.xlsx,Лист1,Use the exact author workbook filename/path in the corrected copy.
I0568,Medium,Review,Statistical assumption,whitlow_1978_thesis,es094,95,c_sd; ex_sd,8.1012; 8.4397,decision required,stat_comment states SD was imputed as sqrt(mean); the figure error-bar meaning is not reported.,included_studies/whitlow_1978_thesis.pdf,Figure 2 and Metadigitise_figs/whitlow_1978_thesis_fig2.png,"Pre-specify whether to retain this variance assumption, derive an alternative, or include these effects only in sensitivity analysis."
I0569,Medium,Review,Statistical assumption,whitlow_1978_thesis,es095,96,c_sd; ex_sd,8.1012; 7.802,decision required,stat_comment states SD was imputed as sqrt(mean); the figure error-bar meaning is not reported.,included_studies/whitlow_1978_thesis.pdf,Figure 2 and Metadigitise_figs/whitlow_1978_thesis_fig2.png,"Pre-specify whether to retain this variance assumption, derive an alternative, or include these effects only in sensitivity analysis."
I0570,Medium,Review,Statistical assumption,whitlow_1978_thesis,es096,97,c_sd; ex_sd,6.304; 6.5422,decision required,stat_comment states SD was imputed as sqrt(mean); the figure error-bar meaning is not reported.,included_studies/whitlow_1978_thesis.pdf,Figure 2 and Metadigitise_figs/whitlow_1978_thesis_fig2.png,"Pre-specify whether to retain this variance assumption, derive an alternative, or include these effects only in sensitivity analysis."
I0571,Medium,Review,Statistical assumption,whitlow_1978_thesis,es097,98,c_sd; ex_sd,6.304; 6.0731,decision required,stat_comment states SD was imputed as sqrt(mean); the figure error-bar meaning is not reported.,included_studies/whitlow_1978_thesis.pdf,Figure 2 and Metadigitise_figs/whitlow_1978_thesis_fig2.png,"Pre-specify whether to retain this variance assumption, derive an alternative, or include these effects only in sensitivity analysis."
I0572,Medium,Review,Statistical assumption,whitlow_1978_thesis,es098,99,c_sd; ex_sd,4.1629; 5.1708,decision required,stat_comment states SD was imputed as sqrt(mean); the figure error-bar meaning is not reported.,included_studies/whitlow_1978_thesis.pdf,Figure 2 and Metadigitise_figs/whitlow_1978_thesis_fig2.png,"Pre-specify whether to retain this variance assumption, derive an alternative, or include these effects only in sensitivity analysis."
I0573,Medium,Review,Statistical assumption,whitlow_1978_thesis,es099,100,c_sd; ex_sd,4.1629; 3.9682,decision required,stat_comment states SD was imputed as sqrt(mean); the figure error-bar meaning is not reported.,included_studies/whitlow_1978_thesis.pdf,Figure 2 and Metadigitise_figs/whitlow_1978_thesis_fig2.png,"Pre-specify whether to retain this variance assumption, derive an alternative, or include these effects only in sensitivity analysis."
I0574,Medium,Review,Statistical assumption,whitlow_1978_thesis,es100,101,c_sd; ex_sd,2.1166; 1.9186,decision required,stat_comment states SD was imputed as sqrt(mean); the figure error-bar meaning is not reported.,included_studies/whitlow_1978_thesis.pdf,Figure 4 and Metadigitise_figs/whitlow_1978_thesis_fig4.png,"Pre-specify whether to retain this variance assumption, derive an alternative, or include these effects only in sensitivity analysis."
I0575,Medium,Review,Statistical assumption,whitlow_1978_thesis,es101,102,c_sd; ex_sd,2.1166; 1.9256,decision required,stat_comment states SD was imputed as sqrt(mean); the figure error-bar meaning is not reported.,included_studies/whitlow_1978_thesis.pdf,Figure 4 and Metadigitise_figs/whitlow_1978_thesis_fig4.png,"Pre-specify whether to retain this variance assumption, derive an alternative, or include these effects only in sensitivity analysis."
I0576,Medium,Review,Statistical assumption,whitlow_1978_thesis,es102,103,c_sd; ex_sd,2.5278; 2.3813,decision required,stat_comment states SD was imputed as sqrt(mean); the figure error-bar meaning is not reported.,included_studies/whitlow_1978_thesis.pdf,Figure 4 and Metadigitise_figs/whitlow_1978_thesis_fig4.png,"Pre-specify whether to retain this variance assumption, derive an alternative, or include these effects only in sensitivity analysis."
I0577,Medium,Review,Statistical assumption,whitlow_1978_thesis,es103,104,c_sd; ex_sd,2.5278; 2.1914,decision required,stat_comment states SD was imputed as sqrt(mean); the figure error-bar meaning is not reported.,included_studies/whitlow_1978_thesis.pdf,Figure 4 and Metadigitise_figs/whitlow_1978_thesis_fig4.png,"Pre-specify whether to retain this variance assumption, derive an alternative, or include these effects only in sensitivity analysis."
I0578,Medium,Review,Statistical assumption,whitlow_1978_thesis,es104,105,c_sd; ex_sd,1.9596; 1.9209,decision required,stat_comment states SD was imputed as sqrt(mean); the figure error-bar meaning is not reported.,included_studies/whitlow_1978_thesis.pdf,Figure 4 and Metadigitise_figs/whitlow_1978_thesis_fig4.png,"Pre-specify whether to retain this variance assumption, derive an alternative, or include these effects only in sensitivity analysis."
I0579,Medium,Review,Statistical assumption,whitlow_1978_thesis,es105,106,c_sd; ex_sd,1.9596; 1.7535,decision required,stat_comment states SD was imputed as sqrt(mean); the figure error-bar meaning is not reported.,included_studies/whitlow_1978_thesis.pdf,Figure 4 and Metadigitise_figs/whitlow_1978_thesis_fig4.png,"Pre-specify whether to retain this variance assumption, derive an alternative, or include these effects only in sensitivity analysis."
I0580,Medium,Review,Statistical assumption,whitlow_1978_thesis,es106,107,c_sd; ex_sd,1.3191; 1.542,decision required,stat_comment states SD was imputed as sqrt(mean); the figure error-bar meaning is not reported.,included_studies/whitlow_1978_thesis.pdf,Figure 5 and Metadigitise_figs/whitlow_1978_thesis_fig5.png,"Pre-specify whether to retain this variance assumption, derive an alternative, or include these effects only in sensitivity analysis."
I0581,Medium,Review,Statistical assumption,whitlow_1978_thesis,es107,108,c_sd; ex_sd,1.3191; 1.4222,decision required,stat_comment states SD was imputed as sqrt(mean); the figure error-bar meaning is not reported.,included_studies/whitlow_1978_thesis.pdf,Figure 5 and Metadigitise_figs/whitlow_1978_thesis_fig5.png,"Pre-specify whether to retain this variance assumption, derive an alternative, or include these effects only in sensitivity analysis."
I0582,Medium,Review,Statistical assumption,whitlow_1978_thesis,es108,109,c_sd; ex_sd,1.49; 1.4081,decision required,stat_comment states SD was imputed as sqrt(mean); the figure error-bar meaning is not reported.,included_studies/whitlow_1978_thesis.pdf,Figure 5 and Metadigitise_figs/whitlow_1978_thesis_fig5.png,"Pre-specify whether to retain this variance assumption, derive an alternative, or include these effects only in sensitivity analysis."
I0583,Medium,Review,Statistical assumption,whitlow_1978_thesis,es109,110,c_sd; ex_sd,1.49; 1.3532,decision required,stat_comment states SD was imputed as sqrt(mean); the figure error-bar meaning is not reported.,included_studies/whitlow_1978_thesis.pdf,Figure 5 and Metadigitise_figs/whitlow_1978_thesis_fig5.png,"Pre-specify whether to retain this variance assumption, derive an alternative, or include these effects only in sensitivity analysis."
I0584,Medium,Review,Statistical assumption,whitlow_1978_thesis,es110,111,c_sd; ex_sd,1.0677; 1.6041,decision required,stat_comment states SD was imputed as sqrt(mean); the figure error-bar meaning is not reported.,included_studies/whitlow_1978_thesis.pdf,Figure 5 and Metadigitise_figs/whitlow_1978_thesis_fig5.png,"Pre-specify whether to retain this variance assumption, derive an alternative, or include these effects only in sensitivity analysis."
I0585,Medium,Review,Statistical assumption,whitlow_1978_thesis,es111,112,c_sd; ex_sd,1.0677; 1.6913,decision required,stat_comment states SD was imputed as sqrt(mean); the figure error-bar meaning is not reported.,included_studies/whitlow_1978_thesis.pdf,Figure 5 and Metadigitise_figs/whitlow_1978_thesis_fig5.png,"Pre-specify whether to retain this variance assumption, derive an alternative, or include these effects only in sensitivity analysis."
I0586,Medium,Review,Statistical assumption,whitlow_1978_thesis,es112,113,c_sd; ex_sd,6.7651; 8.4397,decision required,stat_comment states SD was imputed as sqrt(mean); the figure error-bar meaning is not reported.,included_studies/whitlow_1978_thesis.pdf,Figure 2 and Metadigitise_figs/whitlow_1978_thesis_fig2.png,"Pre-specify whether to retain this variance assumption, derive an alternative, or include these effects only in sensitivity analysis."
I0587,Medium,Review,Statistical assumption,whitlow_1978_thesis,es113,114,c_sd; ex_sd,6.7651; 7.802,decision required,stat_comment states SD was imputed as sqrt(mean); the figure error-bar meaning is not reported.,included_studies/whitlow_1978_thesis.pdf,Figure 2 and Metadigitise_figs/whitlow_1978_thesis_fig2.png,"Pre-specify whether to retain this variance assumption, derive an alternative, or include these effects only in sensitivity analysis."
I0588,Medium,Review,Statistical assumption,whitlow_1978_thesis,es114,115,c_sd; ex_sd,5.6335; 6.5422,decision required,stat_comment states SD was imputed as sqrt(mean); the figure error-bar meaning is not reported.,included_studies/whitlow_1978_thesis.pdf,Figure 2 and Metadigitise_figs/whitlow_1978_thesis_fig2.png,"Pre-specify whether to retain this variance assumption, derive an alternative, or include these effects only in sensitivity analysis."
I0589,Medium,Review,Statistical assumption,whitlow_1978_thesis,es115,116,c_sd; ex_sd,5.6335; 6.0731,decision required,stat_comment states SD was imputed as sqrt(mean); the figure error-bar meaning is not reported.,included_studies/whitlow_1978_thesis.pdf,Figure 2 and Metadigitise_figs/whitlow_1978_thesis_fig2.png,"Pre-specify whether to retain this variance assumption, derive an alternative, or include these effects only in sensitivity analysis."
I0590,Medium,Review,Statistical assumption,whitlow_1978_thesis,es116,117,c_sd; ex_sd,4.3726; 5.1708,decision required,stat_comment states SD was imputed as sqrt(mean); the figure error-bar meaning is not reported.,included_studies/whitlow_1978_thesis.pdf,Figure 2 and Metadigitise_figs/whitlow_1978_thesis_fig2.png,"Pre-specify whether to retain this variance assumption, derive an alternative, or include these effects only in sensitivity analysis."
I0591,Medium,Review,Statistical assumption,whitlow_1978_thesis,es117,118,c_sd; ex_sd,4.3726; 3.9682,decision required,stat_comment states SD was imputed as sqrt(mean); the figure error-bar meaning is not reported.,included_studies/whitlow_1978_thesis.pdf,Figure 2 and Metadigitise_figs/whitlow_1978_thesis_fig2.png,"Pre-specify whether to retain this variance assumption, derive an alternative, or include these effects only in sensitivity analysis."
I0592,Medium,Review,Statistical assumption,whitlow_1978_thesis,es118,119,c_sd; ex_sd,2.0131; 1.9186,decision required,stat_comment states SD was imputed as sqrt(mean); the figure error-bar meaning is not reported.,included_studies/whitlow_1978_thesis.pdf,Figure 4 and Metadigitise_figs/whitlow_1978_thesis_fig4.png,"Pre-specify whether to retain this variance assumption, derive an alternative, or include these effects only in sensitivity analysis."
I0593,Medium,Review,Statistical assumption,whitlow_1978_thesis,es119,120,c_sd; ex_sd,2.0131; 1.9256,decision required,stat_comment states SD was imputed as sqrt(mean); the figure error-bar meaning is not reported.,included_studies/whitlow_1978_thesis.pdf,Figure 4 and Metadigitise_figs/whitlow_1978_thesis_fig4.png,"Pre-specify whether to retain this variance assumption, derive an alternative, or include these effects only in sensitivity analysis."
I0594,Medium,Review,Statistical assumption,whitlow_1978_thesis,es120,121,c_sd; ex_sd,1.8742; 2.3813,decision required,stat_comment states SD was imputed as sqrt(mean); the figure error-bar meaning is not reported.,included_studies/whitlow_1978_thesis.pdf,Figure 4 and Metadigitise_figs/whitlow_1978_thesis_fig4.png,"Pre-specify whether to retain this variance assumption, derive an alternative, or include these effects only in sensitivity analysis."
I0595,Medium,Review,Statistical assumption,whitlow_1978_thesis,es121,122,c_sd; ex_sd,1.8742; 2.1914,decision required,stat_comment states SD was imputed as sqrt(mean); the figure error-bar meaning is not reported.,included_studies/whitlow_1978_thesis.pdf,Figure 4 and Metadigitise_figs/whitlow_1978_thesis_fig4.png,"Pre-specify whether to retain this variance assumption, derive an alternative, or include these effects only in sensitivity analysis."
I0596,Medium,Review,Statistical assumption,whitlow_1978_thesis,es122,123,c_sd; ex_sd,1.9616; 1.9209,decision required,stat_comment states SD was imputed as sqrt(mean); the figure error-bar meaning is not reported.,included_studies/whitlow_1978_thesis.pdf,Figure 4 and Metadigitise_figs/whitlow_1978_thesis_fig4.png,"Pre-specify whether to retain this variance assumption, derive an alternative, or include these effects only in sensitivity analysis."
I0597,Medium,Review,Statistical assumption,whitlow_1978_thesis,es123,124,c_sd; ex_sd,1.9616; 1.7535,decision required,stat_comment states SD was imputed as sqrt(mean); the figure error-bar meaning is not reported.,included_studies/whitlow_1978_thesis.pdf,Figure 4 and Metadigitise_figs/whitlow_1978_thesis_fig4.png,"Pre-specify whether to retain this variance assumption, derive an alternative, or include these effects only in sensitivity analysis."
I0598,Medium,Review,Statistical assumption,whitlow_1978_thesis,es124,125,c_sd; ex_sd,1.5443; 1.542,decision required,stat_comment states SD was imputed as sqrt(mean); the figure error-bar meaning is not reported.,included_studies/whitlow_1978_thesis.pdf,Figure 5 and Metadigitise_figs/whitlow_1978_thesis_fig5.png,"Pre-specify whether to retain this variance assumption, derive an alternative, or include these effects only in sensitivity analysis."
I0599,Medium,Review,Statistical assumption,whitlow_1978_thesis,es125,126,c_sd; ex_sd,1.5443; 1.4222,decision required,stat_comment states SD was imputed as sqrt(mean); the figure error-bar meaning is not reported.,included_studies/whitlow_1978_thesis.pdf,Figure 5 and Metadigitise_figs/whitlow_1978_thesis_fig5.png,"Pre-specify whether to retain this variance assumption, derive an alternative, or include these effects only in sensitivity analysis."
I0600,Medium,Review,Statistical assumption,whitlow_1978_thesis,es126,127,c_sd; ex_sd,1.2357; 1.4081,decision required,stat_comment states SD was imputed as sqrt(mean); the figure error-bar meaning is not reported.,included_studies/whitlow_1978_thesis.pdf,Figure 5 and Metadigitise_figs/whitlow_1978_thesis_fig5.png,"Pre-specify whether to retain this variance assumption, derive an alternative, or include these effects only in sensitivity analysis."
I0601,Medium,Review,Statistical assumption,whitlow_1978_thesis,es127,128,c_sd; ex_sd,1.2357; 1.3532,decision required,stat_comment states SD was imputed as sqrt(mean); the figure error-bar meaning is not reported.,included_studies/whitlow_1978_thesis.pdf,Figure 5 and Metadigitise_figs/whitlow_1978_thesis_fig5.png,"Pre-specify whether to retain this variance assumption, derive an alternative, or include these effects only in sensitivity analysis."
I0602,Medium,Review,Statistical assumption,whitlow_1978_thesis,es128,129,c_sd; ex_sd,1.6658; 1.6041,decision required,stat_comment states SD was imputed as sqrt(mean); the figure error-bar meaning is not reported.,included_studies/whitlow_1978_thesis.pdf,Figure 5 and Metadigitise_figs/whitlow_1978_thesis_fig5.png,"Pre-specify whether to retain this variance assumption, derive an alternative, or include these effects only in sensitivity analysis."
I0603,Medium,Review,Statistical assumption,whitlow_1978_thesis,es129,130,c_sd; ex_sd,1.6658; 1.6913,decision required,stat_comment states SD was imputed as sqrt(mean); the figure error-bar meaning is not reported.,included_studies/whitlow_1978_thesis.pdf,Figure 5 and Metadigitise_figs/whitlow_1978_thesis_fig5.png,"Pre-specify whether to retain this variance assumption, derive an alternative, or include these effects only in sensitivity analysis."
I0604,High,Confirmed,Author raw-data reconciliation,abramova_2020_genpath,es162,163,ex_sd,28.588,28.935591,"The experimental mean and n identify the US male sucrose-index row, but the stored SD differs from the author-data descriptive statistic.",included_studies/abramova_2020_genpath/abramova2020_descriptives.xlsx,tidy_all row 150; sheet=sucrose; group_code=US; sex=m; variable=Индекс,Replace ex_sd with the source descriptive SD and recalculate ex_se.
I0605,Medium,Confirmed,Source traceability,abramova_2023_biopsy,es164,165,data_file,abramova_2023_biopsy_data.xlsx,included_studies/abramova_2023_biopsy/abramova_2023_biopsy_data_calculations.xlsx,The referenced workbook name does not exist; this is the available calculation/source workbook used for reconciliation.,included_studies/abramova_2023_biopsy/abramova_2023_biopsy_data_calculations.xlsx,Table1_Extract,Use the exact filename/path in the corrected copy.
I0606,Medium,Confirmed,Source traceability,abramova_2023_biopsy,es165,166,data_file,abramova_2023_biopsy_data.xlsx,included_studies/abramova_2023_biopsy/abramova_2023_biopsy_data_calculations.xlsx,The referenced workbook name does not exist; this is the available calculation/source workbook used for reconciliation.,included_studies/abramova_2023_biopsy/abramova_2023_biopsy_data_calculations.xlsx,Table1_Extract,Use the exact filename/path in the corrected copy.
I0607,Medium,Confirmed,Source traceability,abramova_2023_biopsy,es166,167,data_file,abramova_2023_biopsy_data.xlsx,included_studies/abramova_2023_biopsy/abramova_2023_biopsy_data_calculations.xlsx,The referenced workbook name does not exist; this is the available calculation/source workbook used for reconciliation.,included_studies/abramova_2023_biopsy/abramova_2023_biopsy_data_calculations.xlsx,Table1_Extract,Use the exact filename/path in the corrected copy.
I0608,Medium,Confirmed,Source traceability,abramova_2023_biopsy,es167,168,data_file,abramova_2023_biopsy_data.xlsx,included_studies/abramova_2023_biopsy/abramova_2023_biopsy_data_calculations.xlsx,The referenced workbook name does not exist; this is the available calculation/source workbook used for reconciliation.,included_studies/abramova_2023_biopsy/abramova_2023_biopsy_data_calculations.xlsx,Table1_Extract,Use the exact filename/path in the corrected copy.
I0609,Medium,Confirmed,Source traceability,abramova_2023_biopsy,es168,169,data_file,abramova_2023_biopsy_data.xlsx,included_studies/abramova_2023_biopsy/abramova_2023_biopsy_data_calculations.xlsx,The referenced workbook name does not exist; this is the available calculation/source workbook used for reconciliation.,included_studies/abramova_2023_biopsy/abramova_2023_biopsy_data_calculations.xlsx,Table1_Extract,Use the exact filename/path in the corrected copy.
I0610,High,Confirmed,Identifier integrity,abramova_2023_biopsy,es169,170,c_a_id,KON_m_,ID containing _f_,Sex token in arm ID conflicts with offspring_sex and the matched source row.,included_studies/abramova_2023_biopsy/abramova_2023_biopsy_data_calculations.xlsx,Table1_Extract row 7,Rebuild the arm and comparison IDs from the corrected sex/group labels.
I0611,High,Confirmed,Identifier integrity,abramova_2023_biopsy,es169,170,ex_a_id,PS_m_,ID containing _f_,Sex token in arm ID conflicts with offspring_sex and the matched source row.,included_studies/abramova_2023_biopsy/abramova_2023_biopsy_data_calculations.xlsx,Table1_Extract row 7,Rebuild the arm and comparison IDs from the corrected sex/group labels.
I0612,High,Confirmed,Identifier integrity,abramova_2023_biopsy,es169,170,comparison,KON_PS_m_,ID containing _f_,Sex token in arm ID conflicts with offspring_sex and the matched source row.,included_studies/abramova_2023_biopsy/abramova_2023_biopsy_data_calculations.xlsx,Table1_Extract row 7,Rebuild the arm and comparison IDs from the corrected sex/group labels.
I0613,Medium,Confirmed,Source traceability,abramova_2023_biopsy,es169,170,data_file,abramova_2023_biopsy_data.xlsx,included_studies/abramova_2023_biopsy/abramova_2023_biopsy_data_calculations.xlsx,The referenced workbook name does not exist; this is the available calculation/source workbook used for reconciliation.,included_studies/abramova_2023_biopsy/abramova_2023_biopsy_data_calculations.xlsx,Table1_Extract,Use the exact filename/path in the corrected copy.
I0614,High,Confirmed,Identifier integrity,abramova_2023_biopsy,es170,171,c_a_id,KON_f_,ID containing _m_,Sex token in arm ID conflicts with offspring_sex and the matched source row.,included_studies/abramova_2023_biopsy/abramova_2023_biopsy_data_calculations.xlsx,Table1_Extract row 8,Rebuild the arm and comparison IDs from the corrected sex/group labels.
I0615,High,Confirmed,Identifier integrity,abramova_2023_biopsy,es170,171,ex_a_id,PS_f_,ID containing _m_,Sex token in arm ID conflicts with offspring_sex and the matched source row.,included_studies/abramova_2023_biopsy/abramova_2023_biopsy_data_calculations.xlsx,Table1_Extract row 8,Rebuild the arm and comparison IDs from the corrected sex/group labels.
I0616,High,Confirmed,Identifier integrity,abramova_2023_biopsy,es170,171,comparison,KON_PS_f_,ID containing _m_,Sex token in arm ID conflicts with offspring_sex and the matched source row.,included_studies/abramova_2023_biopsy/abramova_2023_biopsy_data_calculations.xlsx,Table1_Extract row 8,Rebuild the arm and comparison IDs from the corrected sex/group labels.
I0617,Medium,Confirmed,Source traceability,abramova_2023_biopsy,es170,171,data_file,abramova_2023_biopsy_data.xlsx,included_studies/abramova_2023_biopsy/abramova_2023_biopsy_data_calculations.xlsx,The referenced workbook name does not exist; this is the available calculation/source workbook used for reconciliation.,included_studies/abramova_2023_biopsy/abramova_2023_biopsy_data_calculations.xlsx,Table1_Extract,Use the exact filename/path in the corrected copy.
I0618,High,Confirmed,Identifier integrity,abramova_2023_biopsy,es171,172,c_a_id,KON_m_,ID containing _f_,Sex token in arm ID conflicts with offspring_sex and the matched source row.,included_studies/abramova_2023_biopsy/abramova_2023_biopsy_data_calculations.xlsx,Table1_Extract row 9,Rebuild the arm and comparison IDs from the corrected sex/group labels.
I0619,High,Confirmed,Identifier integrity,abramova_2023_biopsy,es171,172,ex_a_id,PS_m_,ID containing _f_,Sex token in arm ID conflicts with offspring_sex and the matched source row.,included_studies/abramova_2023_biopsy/abramova_2023_biopsy_data_calculations.xlsx,Table1_Extract row 9,Rebuild the arm and comparison IDs from the corrected sex/group labels.
I0620,High,Confirmed,Identifier integrity,abramova_2023_biopsy,es171,172,comparison,KON_PS_m_,ID containing _f_,Sex token in arm ID conflicts with offspring_sex and the matched source row.,included_studies/abramova_2023_biopsy/abramova_2023_biopsy_data_calculations.xlsx,Table1_Extract row 9,Rebuild the arm and comparison IDs from the corrected sex/group labels.
I0621,Medium,Confirmed,Source traceability,abramova_2023_biopsy,es171,172,data_file,abramova_2023_biopsy_data.xlsx,included_studies/abramova_2023_biopsy/abramova_2023_biopsy_data_calculations.xlsx,The referenced workbook name does not exist; this is the available calculation/source workbook used for reconciliation.,included_studies/abramova_2023_biopsy/abramova_2023_biopsy_data_calculations.xlsx,Table1_Extract,Use the exact filename/path in the corrected copy.
I0622,High,Confirmed,Identifier integrity,abramova_2023_biopsy,es172,173,c_a_id,KON_f_,ID containing _m_,Sex token in arm ID conflicts with offspring_sex and the matched source row.,included_studies/abramova_2023_biopsy/abramova_2023_biopsy_data_calculations.xlsx,Table1_Extract row 10,Rebuild the arm and comparison IDs from the corrected sex/group labels.
I0623,High,Confirmed,Identifier integrity,abramova_2023_biopsy,es172,173,ex_a_id,PS_f_,ID containing _m_,Sex token in arm ID conflicts with offspring_sex and the matched source row.,included_studies/abramova_2023_biopsy/abramova_2023_biopsy_data_calculations.xlsx,Table1_Extract row 10,Rebuild the arm and comparison IDs from the corrected sex/group labels.
I0624,High,Confirmed,Identifier integrity,abramova_2023_biopsy,es172,173,comparison,KON_PS_f_,ID containing _m_,Sex token in arm ID conflicts with offspring_sex and the matched source row.,included_studies/abramova_2023_biopsy/abramova_2023_biopsy_data_calculations.xlsx,Table1_Extract row 10,Rebuild the arm and comparison IDs from the corrected sex/group labels.
I0625,Medium,Confirmed,Source traceability,abramova_2023_biopsy,es172,173,data_file,abramova_2023_biopsy_data.xlsx,included_studies/abramova_2023_biopsy/abramova_2023_biopsy_data_calculations.xlsx,The referenced workbook name does not exist; this is the available calculation/source workbook used for reconciliation.,included_studies/abramova_2023_biopsy/abramova_2023_biopsy_data_calculations.xlsx,Table1_Extract,Use the exact filename/path in the corrected copy.
I0626,High,Confirmed,Identifier integrity,abramova_2023_biopsy,es173,174,c_a_id,KON_m_,ID containing _f_,Sex token in arm ID conflicts with offspring_sex and the matched source row.,included_studies/abramova_2023_biopsy/abramova_2023_biopsy_data_calculations.xlsx,Table1_Extract row 11,Rebuild the arm and comparison IDs from the corrected sex/group labels.
I0627,High,Confirmed,Identifier integrity,abramova_2023_biopsy,es173,174,ex_a_id,PS_m_,ID containing _f_,Sex token in arm ID conflicts with offspring_sex and the matched source row.,included_studies/abramova_2023_biopsy/abramova_2023_biopsy_data_calculations.xlsx,Table1_Extract row 11,Rebuild the arm and comparison IDs from the corrected sex/group labels.
I0628,High,Confirmed,Identifier integrity,abramova_2023_biopsy,es173,174,comparison,KON_PS_m_,ID containing _f_,Sex token in arm ID conflicts with offspring_sex and the matched source row.,included_studies/abramova_2023_biopsy/abramova_2023_biopsy_data_calculations.xlsx,Table1_Extract row 11,Rebuild the arm and comparison IDs from the corrected sex/group labels.
I0629,Medium,Confirmed,Source traceability,abramova_2023_biopsy,es173,174,data_file,abramova_2023_biopsy_data.xlsx,included_studies/abramova_2023_biopsy/abramova_2023_biopsy_data_calculations.xlsx,The referenced workbook name does not exist; this is the available calculation/source workbook used for reconciliation.,included_studies/abramova_2023_biopsy/abramova_2023_biopsy_data_calculations.xlsx,Table1_Extract,Use the exact filename/path in the corrected copy.
I0630,High,Confirmed,Identifier integrity,abramova_2023_biopsy,es174,175,c_a_id,KON_f_,ID containing _m_,Sex token in arm ID conflicts with offspring_sex and the matched source row.,included_studies/abramova_2023_biopsy/abramova_2023_biopsy_data_calculations.xlsx,Table1_Extract row 12,Rebuild the arm and comparison IDs from the corrected sex/group labels.
I0631,High,Confirmed,Identifier integrity,abramova_2023_biopsy,es174,175,ex_a_id,PS_f_,ID containing _m_,Sex token in arm ID conflicts with offspring_sex and the matched source row.,included_studies/abramova_2023_biopsy/abramova_2023_biopsy_data_calculations.xlsx,Table1_Extract row 12,Rebuild the arm and comparison IDs from the corrected sex/group labels.
I0632,High,Confirmed,Identifier integrity,abramova_2023_biopsy,es174,175,comparison,KON_PS_f_,ID containing _m_,Sex token in arm ID conflicts with offspring_sex and the matched source row.,included_studies/abramova_2023_biopsy/abramova_2023_biopsy_data_calculations.xlsx,Table1_Extract row 12,Rebuild the arm and comparison IDs from the corrected sex/group labels.
I0633,Medium,Confirmed,Source traceability,abramova_2023_biopsy,es174,175,data_file,abramova_2023_biopsy_data.xlsx,included_studies/abramova_2023_biopsy/abramova_2023_biopsy_data_calculations.xlsx,The referenced workbook name does not exist; this is the available calculation/source workbook used for reconciliation.,included_studies/abramova_2023_biopsy/abramova_2023_biopsy_data_calculations.xlsx,Table1_Extract,Use the exact filename/path in the corrected copy.
I0634,High,Confirmed,Identifier integrity,abramova_2023_biopsy,es175,176,c_a_id,KON_m_,ID containing _f_,Sex token in arm ID conflicts with offspring_sex and the matched source row.,included_studies/abramova_2023_biopsy/abramova_2023_biopsy_data_calculations.xlsx,Table1_Extract row 13,Rebuild the arm and comparison IDs from the corrected sex/group labels.
I0635,High,Confirmed,Identifier integrity,abramova_2023_biopsy,es175,176,ex_a_id,PS_m_,ID containing _f_,Sex token in arm ID conflicts with offspring_sex and the matched source row.,included_studies/abramova_2023_biopsy/abramova_2023_biopsy_data_calculations.xlsx,Table1_Extract row 13,Rebuild the arm and comparison IDs from the corrected sex/group labels.
I0636,High,Confirmed,Identifier integrity,abramova_2023_biopsy,es175,176,comparison,KON_PS_m_,ID containing _f_,Sex token in arm ID conflicts with offspring_sex and the matched source row.,included_studies/abramova_2023_biopsy/abramova_2023_biopsy_data_calculations.xlsx,Table1_Extract row 13,Rebuild the arm and comparison IDs from the corrected sex/group labels.
I0637,Medium,Confirmed,Source traceability,abramova_2023_biopsy,es175,176,data_file,abramova_2023_biopsy_data.xlsx,included_studies/abramova_2023_biopsy/abramova_2023_biopsy_data_calculations.xlsx,The referenced workbook name does not exist; this is the available calculation/source workbook used for reconciliation.,included_studies/abramova_2023_biopsy/abramova_2023_biopsy_data_calculations.xlsx,Table1_Extract,Use the exact filename/path in the corrected copy.
I0638,High,Confirmed,Identifier integrity,abramova_2023_biopsy,es176,177,c_a_id,KON_f_,ID containing _m_,Sex token in arm ID conflicts with offspring_sex and the matched source row.,included_studies/abramova_2023_biopsy/abramova_2023_biopsy_data_calculations.xlsx,Table1_Extract row 14,Rebuild the arm and comparison IDs from the corrected sex/group labels.
I0639,High,Confirmed,Identifier integrity,abramova_2023_biopsy,es176,177,ex_a_id,PS_f_,ID containing _m_,Sex token in arm ID conflicts with offspring_sex and the matched source row.,included_studies/abramova_2023_biopsy/abramova_2023_biopsy_data_calculations.xlsx,Table1_Extract row 14,Rebuild the arm and comparison IDs from the corrected sex/group labels.
I0640,High,Confirmed,Identifier integrity,abramova_2023_biopsy,es176,177,comparison,KON_PS_f_,ID containing _m_,Sex token in arm ID conflicts with offspring_sex and the matched source row.,included_studies/abramova_2023_biopsy/abramova_2023_biopsy_data_calculations.xlsx,Table1_Extract row 14,Rebuild the arm and comparison IDs from the corrected sex/group labels.
I0641,High,Confirmed,Outcome metadata,abramova_2023_biopsy,es176,177,data_units,%,s,Unit conflicts with the Table 1 extraction.,included_studies/abramova_2023_biopsy/abramova_2023_biopsy_data_calculations.xlsx,Table1_Extract row 14; Metric=Mean grooming bout duration,Correct unit and data_type together.
I0642,High,Confirmed,Outcome metadata,abramova_2023_biopsy,es176,177,data_type,Percentage,Time,Data type conflicts with the unit and metric in the Table 1 extraction.,included_studies/abramova_2023_biopsy/abramova_2023_biopsy_data_calculations.xlsx,Table1_Extract row 14; Metric=Mean grooming bout duration,Correct data_type and data_units together.
I0643,Medium,Confirmed,Source traceability,abramova_2023_biopsy,es176,177,data_file,abramova_2023_biopsy_data.xlsx,included_studies/abramova_2023_biopsy/abramova_2023_biopsy_data_calculations.xlsx,The referenced workbook name does not exist; this is the available calculation/source workbook used for reconciliation.,included_studies/abramova_2023_biopsy/abramova_2023_biopsy_data_calculations.xlsx,Table1_Extract,Use the exact filename/path in the corrected copy.
I0644,High,Confirmed,Identifier integrity,abramova_2023_biopsy,es177,178,c_a_id,KON_m_,ID containing _f_,Sex token in arm ID conflicts with offspring_sex and the matched source row.,included_studies/abramova_2023_biopsy/abramova_2023_biopsy_data_calculations.xlsx,Table1_Extract row 15,Rebuild the arm and comparison IDs from the corrected sex/group labels.
I0645,High,Confirmed,Identifier integrity,abramova_2023_biopsy,es177,178,ex_a_id,PS_m_,ID containing _f_,Sex token in arm ID conflicts with offspring_sex and the matched source row.,included_studies/abramova_2023_biopsy/abramova_2023_biopsy_data_calculations.xlsx,Table1_Extract row 15,Rebuild the arm and comparison IDs from the corrected sex/group labels.
I0646,High,Confirmed,Identifier integrity,abramova_2023_biopsy,es177,178,comparison,KON_PS_m_,ID containing _f_,Sex token in arm ID conflicts with offspring_sex and the matched source row.,included_studies/abramova_2023_biopsy/abramova_2023_biopsy_data_calculations.xlsx,Table1_Extract row 15,Rebuild the arm and comparison IDs from the corrected sex/group labels.
I0647,High,Confirmed,Outcome metadata,abramova_2023_biopsy,es177,178,data_units,%,s,Unit conflicts with the Table 1 extraction.,included_studies/abramova_2023_biopsy/abramova_2023_biopsy_data_calculations.xlsx,Table1_Extract row 15; Metric=Mean grooming bout duration,Correct unit and data_type together.
I0648,High,Confirmed,Outcome metadata,abramova_2023_biopsy,es177,178,data_type,Percentage,Time,Data type conflicts with the unit and metric in the Table 1 extraction.,included_studies/abramova_2023_biopsy/abramova_2023_biopsy_data_calculations.xlsx,Table1_Extract row 15; Metric=Mean grooming bout duration,Correct data_type and data_units together.
I0649,Medium,Confirmed,Source traceability,abramova_2023_biopsy,es177,178,data_file,abramova_2023_biopsy_data.xlsx,included_studies/abramova_2023_biopsy/abramova_2023_biopsy_data_calculations.xlsx,The referenced workbook name does not exist; this is the available calculation/source workbook used for reconciliation.,included_studies/abramova_2023_biopsy/abramova_2023_biopsy_data_calculations.xlsx,Table1_Extract,Use the exact filename/path in the corrected copy.
I0650,High,Confirmed,Identifier integrity,abramova_2023_biopsy,es178,179,c_a_id,KON_f_,ID containing _m_,Sex token in arm ID conflicts with offspring_sex and the matched source row.,included_studies/abramova_2023_biopsy/abramova_2023_biopsy_data_calculations.xlsx,Table1_Extract row 16,Rebuild the arm and comparison IDs from the corrected sex/group labels.
I0651,High,Confirmed,Identifier integrity,abramova_2023_biopsy,es178,179,ex_a_id,PS_f_,ID containing _m_,Sex token in arm ID conflicts with offspring_sex and the matched source row.,included_studies/abramova_2023_biopsy/abramova_2023_biopsy_data_calculations.xlsx,Table1_Extract row 16,Rebuild the arm and comparison IDs from the corrected sex/group labels.
I0652,High,Confirmed,Identifier integrity,abramova_2023_biopsy,es178,179,comparison,KON_PS_f_,ID containing _m_,Sex token in arm ID conflicts with offspring_sex and the matched source row.,included_studies/abramova_2023_biopsy/abramova_2023_biopsy_data_calculations.xlsx,Table1_Extract row 16,Rebuild the arm and comparison IDs from the corrected sex/group labels.
I0653,Medium,Confirmed,Source traceability,abramova_2023_biopsy,es178,179,data_file,abramova_2023_biopsy_data.xlsx,included_studies/abramova_2023_biopsy/abramova_2023_biopsy_data_calculations.xlsx,The referenced workbook name does not exist; this is the available calculation/source workbook used for reconciliation.,included_studies/abramova_2023_biopsy/abramova_2023_biopsy_data_calculations.xlsx,Table1_Extract,Use the exact filename/path in the corrected copy.
I0654,High,Confirmed,Identifier integrity,abramova_2023_biopsy,es179,180,c_a_id,KON_m_,ID containing _f_,Sex token in arm ID conflicts with offspring_sex and the matched source row.,included_studies/abramova_2023_biopsy/abramova_2023_biopsy_data_calculations.xlsx,Table1_Extract row 17,Rebuild the arm and comparison IDs from the corrected sex/group labels.
I0655,High,Confirmed,Identifier integrity,abramova_2023_biopsy,es179,180,ex_a_id,PS_m_,ID containing _f_,Sex token in arm ID conflicts with offspring_sex and the matched source row.,included_studies/abramova_2023_biopsy/abramova_2023_biopsy_data_calculations.xlsx,Table1_Extract row 17,Rebuild the arm and comparison IDs from the corrected sex/group labels.
I0656,High,Confirmed,Identifier integrity,abramova_2023_biopsy,es179,180,comparison,KON_PS_m_,ID containing _f_,Sex token in arm ID conflicts with offspring_sex and the matched source row.,included_studies/abramova_2023_biopsy/abramova_2023_biopsy_data_calculations.xlsx,Table1_Extract row 17,Rebuild the arm and comparison IDs from the corrected sex/group labels.
I0657,Medium,Confirmed,Source traceability,abramova_2023_biopsy,es179,180,data_file,abramova_2023_biopsy_data.xlsx,included_studies/abramova_2023_biopsy/abramova_2023_biopsy_data_calculations.xlsx,The referenced workbook name does not exist; this is the available calculation/source workbook used for reconciliation.,included_studies/abramova_2023_biopsy/abramova_2023_biopsy_data_calculations.xlsx,Table1_Extract,Use the exact filename/path in the corrected copy.
I0658,High,Confirmed,Identifier integrity,abramova_2023_biopsy,es180,181,c_a_id,KON_f_,ID containing _m_,Sex token in arm ID conflicts with offspring_sex and the matched source row.,included_studies/abramova_2023_biopsy/abramova_2023_biopsy_data_calculations.xlsx,Table1_Extract row 18,Rebuild the arm and comparison IDs from the corrected sex/group labels.
I0659,High,Confirmed,Identifier integrity,abramova_2023_biopsy,es180,181,ex_a_id,PS_f_,ID containing _m_,Sex token in arm ID conflicts with offspring_sex and the matched source row.,included_studies/abramova_2023_biopsy/abramova_2023_biopsy_data_calculations.xlsx,Table1_Extract row 18,Rebuild the arm and comparison IDs from the corrected sex/group labels.
I0660,High,Confirmed,Identifier integrity,abramova_2023_biopsy,es180,181,comparison,KON_PS_f_,ID containing _m_,Sex token in arm ID conflicts with offspring_sex and the matched source row.,included_studies/abramova_2023_biopsy/abramova_2023_biopsy_data_calculations.xlsx,Table1_Extract row 18,Rebuild the arm and comparison IDs from the corrected sex/group labels.
I0661,Medium,Confirmed,Source traceability,abramova_2023_biopsy,es180,181,data_file,abramova_2023_biopsy_data.xlsx,included_studies/abramova_2023_biopsy/abramova_2023_biopsy_data_calculations.xlsx,The referenced workbook name does not exist; this is the available calculation/source workbook used for reconciliation.,included_studies/abramova_2023_biopsy/abramova_2023_biopsy_data_calculations.xlsx,Table1_Extract,Use the exact filename/path in the corrected copy.
I0662,High,Confirmed,Identifier integrity,abramova_2023_biopsy,es181,182,c_a_id,KON_m_,ID containing _f_,Sex token in arm ID conflicts with offspring_sex and the matched source row.,included_studies/abramova_2023_biopsy/abramova_2023_biopsy_data_calculations.xlsx,Table1_Extract row 19,Rebuild the arm and comparison IDs from the corrected sex/group labels.
I0663,High,Confirmed,Identifier integrity,abramova_2023_biopsy,es181,182,ex_a_id,PS_m_,ID containing _f_,Sex token in arm ID conflicts with offspring_sex and the matched source row.,included_studies/abramova_2023_biopsy/abramova_2023_biopsy_data_calculations.xlsx,Table1_Extract row 19,Rebuild the arm and comparison IDs from the corrected sex/group labels.
I0664,High,Confirmed,Identifier integrity,abramova_2023_biopsy,es181,182,comparison,KON_PS_m_,ID containing _f_,Sex token in arm ID conflicts with offspring_sex and the matched source row.,included_studies/abramova_2023_biopsy/abramova_2023_biopsy_data_calculations.xlsx,Table1_Extract row 19,Rebuild the arm and comparison IDs from the corrected sex/group labels.
I0665,Medium,Confirmed,Source traceability,abramova_2023_biopsy,es181,182,data_file,abramova_2023_biopsy_data.xlsx,included_studies/abramova_2023_biopsy/abramova_2023_biopsy_data_calculations.xlsx,The referenced workbook name does not exist; this is the available calculation/source workbook used for reconciliation.,included_studies/abramova_2023_biopsy/abramova_2023_biopsy_data_calculations.xlsx,Table1_Extract,Use the exact filename/path in the corrected copy.
I0666,High,Confirmed,Identifier integrity,abramova_2023_biopsy,es182,183,c_a_id,KON_f_,ID containing _m_,Sex token in arm ID conflicts with offspring_sex and the matched source row.,included_studies/abramova_2023_biopsy/abramova_2023_biopsy_data_calculations.xlsx,Table1_Extract row 20,Rebuild the arm and comparison IDs from the corrected sex/group labels.
I0667,High,Confirmed,Identifier integrity,abramova_2023_biopsy,es182,183,ex_a_id,PS_f_,ID containing _m_,Sex token in arm ID conflicts with offspring_sex and the matched source row.,included_studies/abramova_2023_biopsy/abramova_2023_biopsy_data_calculations.xlsx,Table1_Extract row 20,Rebuild the arm and comparison IDs from the corrected sex/group labels.
I0668,High,Confirmed,Identifier integrity,abramova_2023_biopsy,es182,183,comparison,KON_PS_f_,ID containing _m_,Sex token in arm ID conflicts with offspring_sex and the matched source row.,included_studies/abramova_2023_biopsy/abramova_2023_biopsy_data_calculations.xlsx,Table1_Extract row 20,Rebuild the arm and comparison IDs from the corrected sex/group labels.
I0669,Medium,Confirmed,Source traceability,abramova_2023_biopsy,es182,183,data_file,abramova_2023_biopsy_data.xlsx,included_studies/abramova_2023_biopsy/abramova_2023_biopsy_data_calculations.xlsx,The referenced workbook name does not exist; this is the available calculation/source workbook used for reconciliation.,included_studies/abramova_2023_biopsy/abramova_2023_biopsy_data_calculations.xlsx,Table1_Extract,Use the exact filename/path in the corrected copy.
I0670,High,Confirmed,Identifier integrity,abramova_2023_biopsy,es183,184,c_a_id,KON_m_,ID containing _f_,Sex token in arm ID conflicts with offspring_sex and the matched source row.,included_studies/abramova_2023_biopsy/abramova_2023_biopsy_data_calculations.xlsx,Table1_Extract row 21,Rebuild the arm and comparison IDs from the corrected sex/group labels.
I0671,High,Confirmed,Identifier integrity,abramova_2023_biopsy,es183,184,ex_a_id,PS_m_,ID containing _f_,Sex token in arm ID conflicts with offspring_sex and the matched source row.,included_studies/abramova_2023_biopsy/abramova_2023_biopsy_data_calculations.xlsx,Table1_Extract row 21,Rebuild the arm and comparison IDs from the corrected sex/group labels.
I0672,High,Confirmed,Identifier integrity,abramova_2023_biopsy,es183,184,comparison,KON_PS_m_,ID containing _f_,Sex token in arm ID conflicts with offspring_sex and the matched source row.,included_studies/abramova_2023_biopsy/abramova_2023_biopsy_data_calculations.xlsx,Table1_Extract row 21,Rebuild the arm and comparison IDs from the corrected sex/group labels.
I0673,Medium,Confirmed,Source traceability,abramova_2023_biopsy,es183,184,data_file,abramova_2023_biopsy_data.xlsx,included_studies/abramova_2023_biopsy/abramova_2023_biopsy_data_calculations.xlsx,The referenced workbook name does not exist; this is the available calculation/source workbook used for reconciliation.,included_studies/abramova_2023_biopsy/abramova_2023_biopsy_data_calculations.xlsx,Table1_Extract,Use the exact filename/path in the corrected copy.
I0674,High,Confirmed,Identifier integrity,abramova_2023_biopsy,es184,185,c_a_id,KON_f_,ID containing _m_,Sex token in arm ID conflicts with offspring_sex and the matched source row.,included_studies/abramova_2023_biopsy/abramova_2023_biopsy_data_calculations.xlsx,Table1_Extract row 22,Rebuild the arm and comparison IDs from the corrected sex/group labels.
I0675,High,Confirmed,Identifier integrity,abramova_2023_biopsy,es184,185,ex_a_id,PS_f_,ID containing _m_,Sex token in arm ID conflicts with offspring_sex and the matched source row.,included_studies/abramova_2023_biopsy/abramova_2023_biopsy_data_calculations.xlsx,Table1_Extract row 22,Rebuild the arm and comparison IDs from the corrected sex/group labels.
I0676,High,Confirmed,Identifier integrity,abramova_2023_biopsy,es184,185,comparison,KON_PS_f_,ID containing _m_,Sex token in arm ID conflicts with offspring_sex and the matched source row.,included_studies/abramova_2023_biopsy/abramova_2023_biopsy_data_calculations.xlsx,Table1_Extract row 22,Rebuild the arm and comparison IDs from the corrected sex/group labels.
I0677,Medium,Confirmed,Source traceability,abramova_2023_biopsy,es184,185,data_file,abramova_2023_biopsy_data.xlsx,included_studies/abramova_2023_biopsy/abramova_2023_biopsy_data_calculations.xlsx,The referenced workbook name does not exist; this is the available calculation/source workbook used for reconciliation.,included_studies/abramova_2023_biopsy/abramova_2023_biopsy_data_calculations.xlsx,Table1_Extract,Use the exact filename/path in the corrected copy.
I0678,High,Confirmed,Identifier integrity,abramova_2023_biopsy,es185,186,c_a_id,KON_m_,ID containing _f_,Sex token in arm ID conflicts with offspring_sex and the matched source row.,included_studies/abramova_2023_biopsy/abramova_2023_biopsy_data_calculations.xlsx,Table1_Extract row 23,Rebuild the arm and comparison IDs from the corrected sex/group labels.
I0679,High,Confirmed,Identifier integrity,abramova_2023_biopsy,es185,186,ex_a_id,PS_m_,ID containing _f_,Sex token in arm ID conflicts with offspring_sex and the matched source row.,included_studies/abramova_2023_biopsy/abramova_2023_biopsy_data_calculations.xlsx,Table1_Extract row 23,Rebuild the arm and comparison IDs from the corrected sex/group labels.
I0680,High,Confirmed,Identifier integrity,abramova_2023_biopsy,es185,186,comparison,KON_PS_m_,ID containing _f_,Sex token in arm ID conflicts with offspring_sex and the matched source row.,included_studies/abramova_2023_biopsy/abramova_2023_biopsy_data_calculations.xlsx,Table1_Extract row 23,Rebuild the arm and comparison IDs from the corrected sex/group labels.
I0681,Medium,Confirmed,Source traceability,abramova_2023_biopsy,es185,186,data_file,abramova_2023_biopsy_data.xlsx,included_studies/abramova_2023_biopsy/abramova_2023_biopsy_data_calculations.xlsx,The referenced workbook name does not exist; this is the available calculation/source workbook used for reconciliation.,included_studies/abramova_2023_biopsy/abramova_2023_biopsy_data_calculations.xlsx,Table1_Extract,Use the exact filename/path in the corrected copy.
I0682,High,Confirmed,Identifier integrity,abramova_2023_biopsy,es186,187,c_a_id,KON_f_,ID containing _m_,Sex token in arm ID conflicts with offspring_sex and the matched source row.,included_studies/abramova_2023_biopsy/abramova_2023_biopsy_data_calculations.xlsx,Table1_Extract row 24,Rebuild the arm and comparison IDs from the corrected sex/group labels.
I0683,High,Confirmed,Identifier integrity,abramova_2023_biopsy,es186,187,ex_a_id,PS_f_,ID containing _m_,Sex token in arm ID conflicts with offspring_sex and the matched source row.,included_studies/abramova_2023_biopsy/abramova_2023_biopsy_data_calculations.xlsx,Table1_Extract row 24,Rebuild the arm and comparison IDs from the corrected sex/group labels.
I0684,High,Confirmed,Identifier integrity,abramova_2023_biopsy,es186,187,comparison,KON_PS_f_,ID containing _m_,Sex token in arm ID conflicts with offspring_sex and the matched source row.,included_studies/abramova_2023_biopsy/abramova_2023_biopsy_data_calculations.xlsx,Table1_Extract row 24,Rebuild the arm and comparison IDs from the corrected sex/group labels.
I0685,Medium,Confirmed,Source traceability,abramova_2023_biopsy,es186,187,data_file,abramova_2023_biopsy_data.xlsx,included_studies/abramova_2023_biopsy/abramova_2023_biopsy_data_calculations.xlsx,The referenced workbook name does not exist; this is the available calculation/source workbook used for reconciliation.,included_studies/abramova_2023_biopsy/abramova_2023_biopsy_data_calculations.xlsx,Table1_Extract,Use the exact filename/path in the corrected copy.
I0686,High,Confirmed,Identifier integrity,abramova_2023_biopsy,es187,188,c_a_id,KON_m_,ID containing _f_,Sex token in arm ID conflicts with offspring_sex and the matched source row.,included_studies/abramova_2023_biopsy/abramova_2023_biopsy_data_calculations.xlsx,Table1_Extract row 25,Rebuild the arm and comparison IDs from the corrected sex/group labels.
I0687,High,Confirmed,Identifier integrity,abramova_2023_biopsy,es187,188,ex_a_id,PS_m_,ID containing _f_,Sex token in arm ID conflicts with offspring_sex and the matched source row.,included_studies/abramova_2023_biopsy/abramova_2023_biopsy_data_calculations.xlsx,Table1_Extract row 25,Rebuild the arm and comparison IDs from the corrected sex/group labels.
I0688,High,Confirmed,Identifier integrity,abramova_2023_biopsy,es187,188,comparison,KON_PS_m_,ID containing _f_,Sex token in arm ID conflicts with offspring_sex and the matched source row.,included_studies/abramova_2023_biopsy/abramova_2023_biopsy_data_calculations.xlsx,Table1_Extract row 25,Rebuild the arm and comparison IDs from the corrected sex/group labels.
I0689,Medium,Confirmed,Source traceability,abramova_2023_biopsy,es187,188,data_file,abramova_2023_biopsy_data.xlsx,included_studies/abramova_2023_biopsy/abramova_2023_biopsy_data_calculations.xlsx,The referenced workbook name does not exist; this is the available calculation/source workbook used for reconciliation.,included_studies/abramova_2023_biopsy/abramova_2023_biopsy_data_calculations.xlsx,Table1_Extract,Use the exact filename/path in the corrected copy.
I0690,High,Confirmed,Identifier integrity,abramova_2023_biopsy,es188,189,c_a_id,KON_f_,ID containing _m_,Sex token in arm ID conflicts with offspring_sex and the matched source row.,included_studies/abramova_2023_biopsy/abramova_2023_biopsy_data_calculations.xlsx,Table1_Extract row 26,Rebuild the arm and comparison IDs from the corrected sex/group labels.
I0691,High,Confirmed,Identifier integrity,abramova_2023_biopsy,es188,189,ex_a_id,PS_f_,ID containing _m_,Sex token in arm ID conflicts with offspring_sex and the matched source row.,included_studies/abramova_2023_biopsy/abramova_2023_biopsy_data_calculations.xlsx,Table1_Extract row 26,Rebuild the arm and comparison IDs from the corrected sex/group labels.
I0692,High,Confirmed,Identifier integrity,abramova_2023_biopsy,es188,189,comparison,KON_PS_f_,ID containing _m_,Sex token in arm ID conflicts with offspring_sex and the matched source row.,included_studies/abramova_2023_biopsy/abramova_2023_biopsy_data_calculations.xlsx,Table1_Extract row 26,Rebuild the arm and comparison IDs from the corrected sex/group labels.
I0693,Medium,Confirmed,Source traceability,abramova_2023_biopsy,es188,189,data_file,abramova_2023_biopsy_data.xlsx,included_studies/abramova_2023_biopsy/abramova_2023_biopsy_data_calculations.xlsx,The referenced workbook name does not exist; this is the available calculation/source workbook used for reconciliation.,included_studies/abramova_2023_biopsy/abramova_2023_biopsy_data_calculations.xlsx,Table1_Extract,Use the exact filename/path in the corrected copy.
I0694,High,Confirmed,Identifier integrity,abramova_2023_biopsy,es189,190,c_a_id,KON_m_,ID containing _f_,Sex token in arm ID conflicts with offspring_sex and the matched source row.,included_studies/abramova_2023_biopsy/abramova_2023_biopsy_data_calculations.xlsx,Table1_Extract row 27,Rebuild the arm and comparison IDs from the corrected sex/group labels.
I0695,High,Confirmed,Identifier integrity,abramova_2023_biopsy,es189,190,ex_a_id,PS_m_,ID containing _f_,Sex token in arm ID conflicts with offspring_sex and the matched source row.,included_studies/abramova_2023_biopsy/abramova_2023_biopsy_data_calculations.xlsx,Table1_Extract row 27,Rebuild the arm and comparison IDs from the corrected sex/group labels.
I0696,High,Confirmed,Identifier integrity,abramova_2023_biopsy,es189,190,comparison,KON_PS_m_,ID containing _f_,Sex token in arm ID conflicts with offspring_sex and the matched source row.,included_studies/abramova_2023_biopsy/abramova_2023_biopsy_data_calculations.xlsx,Table1_Extract row 27,Rebuild the arm and comparison IDs from the corrected sex/group labels.
I0697,Medium,Confirmed,Source traceability,abramova_2023_biopsy,es189,190,data_file,abramova_2023_biopsy_data.xlsx,included_studies/abramova_2023_biopsy/abramova_2023_biopsy_data_calculations.xlsx,The referenced workbook name does not exist; this is the available calculation/source workbook used for reconciliation.,included_studies/abramova_2023_biopsy/abramova_2023_biopsy_data_calculations.xlsx,Table1_Extract,Use the exact filename/path in the corrected copy.
I0698,High,Confirmed,Identifier integrity,abramova_2023_biopsy,es190,191,c_a_id,KON_f_,ID containing _m_,Sex token in arm ID conflicts with offspring_sex and the matched source row.,included_studies/abramova_2023_biopsy/abramova_2023_biopsy_data_calculations.xlsx,Table1_Extract row 28,Rebuild the arm and comparison IDs from the corrected sex/group labels.
I0699,High,Confirmed,Identifier integrity,abramova_2023_biopsy,es190,191,ex_a_id,PS_f_,ID containing _m_,Sex token in arm ID conflicts with offspring_sex and the matched source row.,included_studies/abramova_2023_biopsy/abramova_2023_biopsy_data_calculations.xlsx,Table1_Extract row 28,Rebuild the arm and comparison IDs from the corrected sex/group labels.
I0700,High,Confirmed,Identifier integrity,abramova_2023_biopsy,es190,191,comparison,KON_PS_f_,ID containing _m_,Sex token in arm ID conflicts with offspring_sex and the matched source row.,included_studies/abramova_2023_biopsy/abramova_2023_biopsy_data_calculations.xlsx,Table1_Extract row 28,Rebuild the arm and comparison IDs from the corrected sex/group labels.
I0701,Medium,Confirmed,Source traceability,abramova_2023_biopsy,es190,191,data_file,abramova_2023_biopsy_data.xlsx,included_studies/abramova_2023_biopsy/abramova_2023_biopsy_data_calculations.xlsx,The referenced workbook name does not exist; this is the available calculation/source workbook used for reconciliation.,included_studies/abramova_2023_biopsy/abramova_2023_biopsy_data_calculations.xlsx,Table1_Extract,Use the exact filename/path in the corrected copy.
I0702,High,Confirmed,Identifier integrity,abramova_2023_biopsy,es191,192,c_a_id,KON_m_,ID containing _f_,Sex token in arm ID conflicts with offspring_sex and the matched source row.,included_studies/abramova_2023_biopsy/abramova_2023_biopsy_data_calculations.xlsx,Table1_Extract row 29,Rebuild the arm and comparison IDs from the corrected sex/group labels.
I0703,High,Confirmed,Identifier integrity,abramova_2023_biopsy,es191,192,ex_a_id,PS_m_,ID containing _f_,Sex token in arm ID conflicts with offspring_sex and the matched source row.,included_studies/abramova_2023_biopsy/abramova_2023_biopsy_data_calculations.xlsx,Table1_Extract row 29,Rebuild the arm and comparison IDs from the corrected sex/group labels.
I0704,High,Confirmed,Identifier integrity,abramova_2023_biopsy,es191,192,comparison,KON_PS_m_,ID containing _f_,Sex token in arm ID conflicts with offspring_sex and the matched source row.,included_studies/abramova_2023_biopsy/abramova_2023_biopsy_data_calculations.xlsx,Table1_Extract row 29,Rebuild the arm and comparison IDs from the corrected sex/group labels.
I0705,Medium,Confirmed,Source traceability,abramova_2023_biopsy,es191,192,data_file,abramova_2023_biopsy_data.xlsx,included_studies/abramova_2023_biopsy/abramova_2023_biopsy_data_calculations.xlsx,The referenced workbook name does not exist; this is the available calculation/source workbook used for reconciliation.,included_studies/abramova_2023_biopsy/abramova_2023_biopsy_data_calculations.xlsx,Table1_Extract,Use the exact filename/path in the corrected copy.
I0706,High,Confirmed,Identifier integrity,abramova_2023_biopsy,es192,193,c_a_id,KON_f_,ID containing _m_,Sex token in arm ID conflicts with offspring_sex and the matched source row.,included_studies/abramova_2023_biopsy/abramova_2023_biopsy_data_calculations.xlsx,Table1_Extract row 30,Rebuild the arm and comparison IDs from the corrected sex/group labels.
I0707,High,Confirmed,Identifier integrity,abramova_2023_biopsy,es192,193,ex_a_id,PS_f_,ID containing _m_,Sex token in arm ID conflicts with offspring_sex and the matched source row.,included_studies/abramova_2023_biopsy/abramova_2023_biopsy_data_calculations.xlsx,Table1_Extract row 30,Rebuild the arm and comparison IDs from the corrected sex/group labels.
I0708,High,Confirmed,Identifier integrity,abramova_2023_biopsy,es192,193,comparison,KON_PS_f_,ID containing _m_,Sex token in arm ID conflicts with offspring_sex and the matched source row.,included_studies/abramova_2023_biopsy/abramova_2023_biopsy_data_calculations.xlsx,Table1_Extract row 30,Rebuild the arm and comparison IDs from the corrected sex/group labels.
I0709,Medium,Confirmed,Source traceability,abramova_2023_biopsy,es192,193,data_file,abramova_2023_biopsy_data.xlsx,included_studies/abramova_2023_biopsy/abramova_2023_biopsy_data_calculations.xlsx,The referenced workbook name does not exist; this is the available calculation/source workbook used for reconciliation.,included_studies/abramova_2023_biopsy/abramova_2023_biopsy_data_calculations.xlsx,Table1_Extract,Use the exact filename/path in the corrected copy.
I0710,High,Confirmed,Identifier integrity,abramova_2023_biopsy,es193,194,c_a_id,KON_m_,ID containing _f_,Sex token in arm ID conflicts with offspring_sex and the matched source row.,included_studies/abramova_2023_biopsy/abramova_2023_biopsy_data_calculations.xlsx,Table1_Extract row 31,Rebuild the arm and comparison IDs from the corrected sex/group labels.
I0711,High,Confirmed,Identifier integrity,abramova_2023_biopsy,es193,194,ex_a_id,PS_m_,ID containing _f_,Sex token in arm ID conflicts with offspring_sex and the matched source row.,included_studies/abramova_2023_biopsy/abramova_2023_biopsy_data_calculations.xlsx,Table1_Extract row 31,Rebuild the arm and comparison IDs from the corrected sex/group labels.
I0712,High,Confirmed,Identifier integrity,abramova_2023_biopsy,es193,194,comparison,KON_PS_m_,ID containing _f_,Sex token in arm ID conflicts with offspring_sex and the matched source row.,included_studies/abramova_2023_biopsy/abramova_2023_biopsy_data_calculations.xlsx,Table1_Extract row 31,Rebuild the arm and comparison IDs from the corrected sex/group labels.
I0713,Medium,Confirmed,Source traceability,abramova_2023_biopsy,es193,194,data_file,abramova_2023_biopsy_data.xlsx,included_studies/abramova_2023_biopsy/abramova_2023_biopsy_data_calculations.xlsx,The referenced workbook name does not exist; this is the available calculation/source workbook used for reconciliation.,included_studies/abramova_2023_biopsy/abramova_2023_biopsy_data_calculations.xlsx,Table1_Extract,Use the exact filename/path in the corrected copy.
I0714,High,Confirmed,Identifier integrity,abramova_2023_biopsy,es194,195,c_a_id,KON_f_,ID containing _m_,Sex token in arm ID conflicts with offspring_sex and the matched source row.,included_studies/abramova_2023_biopsy/abramova_2023_biopsy_data_calculations.xlsx,Table1_Extract row 32,Rebuild the arm and comparison IDs from the corrected sex/group labels.
I0715,High,Confirmed,Identifier integrity,abramova_2023_biopsy,es194,195,ex_a_id,PS_f_,ID containing _m_,Sex token in arm ID conflicts with offspring_sex and the matched source row.,included_studies/abramova_2023_biopsy/abramova_2023_biopsy_data_calculations.xlsx,Table1_Extract row 32,Rebuild the arm and comparison IDs from the corrected sex/group labels.
I0716,High,Confirmed,Identifier integrity,abramova_2023_biopsy,es194,195,comparison,KON_PS_f_,ID containing _m_,Sex token in arm ID conflicts with offspring_sex and the matched source row.,included_studies/abramova_2023_biopsy/abramova_2023_biopsy_data_calculations.xlsx,Table1_Extract row 32,Rebuild the arm and comparison IDs from the corrected sex/group labels.
I0717,Medium,Confirmed,Source traceability,abramova_2023_biopsy,es194,195,data_file,abramova_2023_biopsy_data.xlsx,included_studies/abramova_2023_biopsy/abramova_2023_biopsy_data_calculations.xlsx,The referenced workbook name does not exist; this is the available calculation/source workbook used for reconciliation.,included_studies/abramova_2023_biopsy/abramova_2023_biopsy_data_calculations.xlsx,Table1_Extract,Use the exact filename/path in the corrected copy.
I0718,High,Confirmed,Identifier integrity,abramova_2023_biopsy,es195,196,c_a_id,KON_m_,ID containing _f_,Sex token in arm ID conflicts with offspring_sex and the matched source row.,included_studies/abramova_2023_biopsy/abramova_2023_biopsy_data_calculations.xlsx,Table1_Extract row 33,Rebuild the arm and comparison IDs from the corrected sex/group labels.
I0719,High,Confirmed,Identifier integrity,abramova_2023_biopsy,es195,196,ex_a_id,PS_m_,ID containing _f_,Sex token in arm ID conflicts with offspring_sex and the matched source row.,included_studies/abramova_2023_biopsy/abramova_2023_biopsy_data_calculations.xlsx,Table1_Extract row 33,Rebuild the arm and comparison IDs from the corrected sex/group labels.
I0720,High,Confirmed,Identifier integrity,abramova_2023_biopsy,es195,196,comparison,KON_PS_m_,ID containing _f_,Sex token in arm ID conflicts with offspring_sex and the matched source row.,included_studies/abramova_2023_biopsy/abramova_2023_biopsy_data_calculations.xlsx,Table1_Extract row 33,Rebuild the arm and comparison IDs from the corrected sex/group labels.
I0721,Medium,Confirmed,Source traceability,abramova_2023_biopsy,es195,196,data_file,abramova_2023_biopsy_data.xlsx,included_studies/abramova_2023_biopsy/abramova_2023_biopsy_data_calculations.xlsx,The referenced workbook name does not exist; this is the available calculation/source workbook used for reconciliation.,included_studies/abramova_2023_biopsy/abramova_2023_biopsy_data_calculations.xlsx,Table1_Extract,Use the exact filename/path in the corrected copy.
I0722,High,Confirmed,Identifier integrity,abramova_2023_biopsy,es196,197,c_a_id,KON_f_,ID containing _m_,Sex token in arm ID conflicts with offspring_sex and the matched source row.,included_studies/abramova_2023_biopsy/abramova_2023_biopsy_data_calculations.xlsx,Table1_Extract row 34,Rebuild the arm and comparison IDs from the corrected sex/group labels.
I0723,High,Confirmed,Identifier integrity,abramova_2023_biopsy,es196,197,ex_a_id,PS_f_,ID containing _m_,Sex token in arm ID conflicts with offspring_sex and the matched source row.,included_studies/abramova_2023_biopsy/abramova_2023_biopsy_data_calculations.xlsx,Table1_Extract row 34,Rebuild the arm and comparison IDs from the corrected sex/group labels.
I0724,High,Confirmed,Identifier integrity,abramova_2023_biopsy,es196,197,comparison,KON_PS_f_,ID containing _m_,Sex token in arm ID conflicts with offspring_sex and the matched source row.,included_studies/abramova_2023_biopsy/abramova_2023_biopsy_data_calculations.xlsx,Table1_Extract row 34,Rebuild the arm and comparison IDs from the corrected sex/group labels.
I0725,High,Confirmed,Outcome metadata,abramova_2023_biopsy,es196,197,data_units,%,s,Unit conflicts with the Table 1 extraction.,included_studies/abramova_2023_biopsy/abramova_2023_biopsy_data_calculations.xlsx,Table1_Extract row 34; Metric=Mean grooming bout duration,Correct unit and data_type together.
I0726,High,Confirmed,Outcome metadata,abramova_2023_biopsy,es196,197,data_type,Percentage,Time,Data type conflicts with the unit and metric in the Table 1 extraction.,included_studies/abramova_2023_biopsy/abramova_2023_biopsy_data_calculations.xlsx,Table1_Extract row 34; Metric=Mean grooming bout duration,Correct data_type and data_units together.
I0727,Medium,Confirmed,Source traceability,abramova_2023_biopsy,es196,197,data_file,abramova_2023_biopsy_data.xlsx,included_studies/abramova_2023_biopsy/abramova_2023_biopsy_data_calculations.xlsx,The referenced workbook name does not exist; this is the available calculation/source workbook used for reconciliation.,included_studies/abramova_2023_biopsy/abramova_2023_biopsy_data_calculations.xlsx,Table1_Extract,Use the exact filename/path in the corrected copy.
I0728,High,Confirmed,Identifier integrity,abramova_2023_biopsy,es197,198,c_a_id,KON_m_,ID containing _f_,Sex token in arm ID conflicts with offspring_sex and the matched source row.,included_studies/abramova_2023_biopsy/abramova_2023_biopsy_data_calculations.xlsx,Table1_Extract row 35,Rebuild the arm and comparison IDs from the corrected sex/group labels.
I0729,High,Confirmed,Identifier integrity,abramova_2023_biopsy,es197,198,ex_a_id,PS_m_,ID containing _f_,Sex token in arm ID conflicts with offspring_sex and the matched source row.,included_studies/abramova_2023_biopsy/abramova_2023_biopsy_data_calculations.xlsx,Table1_Extract row 35,Rebuild the arm and comparison IDs from the corrected sex/group labels.
I0730,High,Confirmed,Identifier integrity,abramova_2023_biopsy,es197,198,comparison,KON_PS_m_,ID containing _f_,Sex token in arm ID conflicts with offspring_sex and the matched source row.,included_studies/abramova_2023_biopsy/abramova_2023_biopsy_data_calculations.xlsx,Table1_Extract row 35,Rebuild the arm and comparison IDs from the corrected sex/group labels.
I0731,High,Confirmed,Outcome metadata,abramova_2023_biopsy,es197,198,data_units,%,s,Unit conflicts with the Table 1 extraction.,included_studies/abramova_2023_biopsy/abramova_2023_biopsy_data_calculations.xlsx,Table1_Extract row 35; Metric=Mean grooming bout duration,Correct unit and data_type together.
I0732,High,Confirmed,Outcome metadata,abramova_2023_biopsy,es197,198,data_type,Percentage,Time,Data type conflicts with the unit and metric in the Table 1 extraction.,included_studies/abramova_2023_biopsy/abramova_2023_biopsy_data_calculations.xlsx,Table1_Extract row 35; Metric=Mean grooming bout duration,Correct data_type and data_units together.
I0733,Medium,Confirmed,Source traceability,abramova_2023_biopsy,es197,198,data_file,abramova_2023_biopsy_data.xlsx,included_studies/abramova_2023_biopsy/abramova_2023_biopsy_data_calculations.xlsx,The referenced workbook name does not exist; this is the available calculation/source workbook used for reconciliation.,included_studies/abramova_2023_biopsy/abramova_2023_biopsy_data_calculations.xlsx,Table1_Extract,Use the exact filename/path in the corrected copy.
I0734,High,Confirmed,Identifier integrity,abramova_2023_biopsy,es198,199,c_a_id,KON_f_,ID containing _m_,Sex token in arm ID conflicts with offspring_sex and the matched source row.,included_studies/abramova_2023_biopsy/abramova_2023_biopsy_data_calculations.xlsx,Table1_Extract row 36,Rebuild the arm and comparison IDs from the corrected sex/group labels.
I0735,High,Confirmed,Identifier integrity,abramova_2023_biopsy,es198,199,ex_a_id,PS_f_,ID containing _m_,Sex token in arm ID conflicts with offspring_sex and the matched source row.,included_studies/abramova_2023_biopsy/abramova_2023_biopsy_data_calculations.xlsx,Table1_Extract row 36,Rebuild the arm and comparison IDs from the corrected sex/group labels.
I0736,High,Confirmed,Identifier integrity,abramova_2023_biopsy,es198,199,comparison,KON_PS_f_,ID containing _m_,Sex token in arm ID conflicts with offspring_sex and the matched source row.,included_studies/abramova_2023_biopsy/abramova_2023_biopsy_data_calculations.xlsx,Table1_Extract row 36,Rebuild the arm and comparison IDs from the corrected sex/group labels.
I0737,Medium,Confirmed,Source traceability,abramova_2023_biopsy,es198,199,data_file,abramova_2023_biopsy_data.xlsx,included_studies/abramova_2023_biopsy/abramova_2023_biopsy_data_calculations.xlsx,The referenced workbook name does not exist; this is the available calculation/source workbook used for reconciliation.,included_studies/abramova_2023_biopsy/abramova_2023_biopsy_data_calculations.xlsx,Table1_Extract,Use the exact filename/path in the corrected copy.
I0738,High,Confirmed,Identifier integrity,abramova_2023_biopsy,es199,200,c_a_id,KON_m_,ID containing _f_,Sex token in arm ID conflicts with offspring_sex and the matched source row.,included_studies/abramova_2023_biopsy/abramova_2023_biopsy_data_calculations.xlsx,Table1_Extract row 37,Rebuild the arm and comparison IDs from the corrected sex/group labels.
I0739,High,Confirmed,Identifier integrity,abramova_2023_biopsy,es199,200,ex_a_id,PS_m_,ID containing _f_,Sex token in arm ID conflicts with offspring_sex and the matched source row.,included_studies/abramova_2023_biopsy/abramova_2023_biopsy_data_calculations.xlsx,Table1_Extract row 37,Rebuild the arm and comparison IDs from the corrected sex/group labels.
I0740,High,Confirmed,Identifier integrity,abramova_2023_biopsy,es199,200,comparison,KON_PS_m_,ID containing _f_,Sex token in arm ID conflicts with offspring_sex and the matched source row.,included_studies/abramova_2023_biopsy/abramova_2023_biopsy_data_calculations.xlsx,Table1_Extract row 37,Rebuild the arm and comparison IDs from the corrected sex/group labels.
I0741,Medium,Confirmed,Source traceability,abramova_2023_biopsy,es199,200,data_file,abramova_2023_biopsy_data.xlsx,included_studies/abramova_2023_biopsy/abramova_2023_biopsy_data_calculations.xlsx,The referenced workbook name does not exist; this is the available calculation/source workbook used for reconciliation.,included_studies/abramova_2023_biopsy/abramova_2023_biopsy_data_calculations.xlsx,Table1_Extract,Use the exact filename/path in the corrected copy.
I0742,High,Confirmed,Identifier integrity,abramova_2023_biopsy,es200,201,c_a_id,KON_f_,ID containing _m_,Sex token in arm ID conflicts with offspring_sex and the matched source row.,included_studies/abramova_2023_biopsy/abramova_2023_biopsy_data_calculations.xlsx,Table1_Extract row 38,Rebuild the arm and comparison IDs from the corrected sex/group labels.
I0743,High,Confirmed,Identifier integrity,abramova_2023_biopsy,es200,201,ex_a_id,PS_f_,ID containing _m_,Sex token in arm ID conflicts with offspring_sex and the matched source row.,included_studies/abramova_2023_biopsy/abramova_2023_biopsy_data_calculations.xlsx,Table1_Extract row 38,Rebuild the arm and comparison IDs from the corrected sex/group labels.
I0744,High,Confirmed,Identifier integrity,abramova_2023_biopsy,es200,201,comparison,KON_PS_f_,ID containing _m_,Sex token in arm ID conflicts with offspring_sex and the matched source row.,included_studies/abramova_2023_biopsy/abramova_2023_biopsy_data_calculations.xlsx,Table1_Extract row 38,Rebuild the arm and comparison IDs from the corrected sex/group labels.
I0745,Medium,Confirmed,Source traceability,abramova_2023_biopsy,es200,201,data_file,abramova_2023_biopsy_data.xlsx,included_studies/abramova_2023_biopsy/abramova_2023_biopsy_data_calculations.xlsx,The referenced workbook name does not exist; this is the available calculation/source workbook used for reconciliation.,included_studies/abramova_2023_biopsy/abramova_2023_biopsy_data_calculations.xlsx,Table1_Extract,Use the exact filename/path in the corrected copy.
I0746,High,Confirmed,Identifier integrity,abramova_2023_biopsy,es201,202,c_a_id,KON_m_,ID containing _f_,Sex token in arm ID conflicts with offspring_sex and the matched source row.,included_studies/abramova_2023_biopsy/abramova_2023_biopsy_data_calculations.xlsx,Table1_Extract row 39,Rebuild the arm and comparison IDs from the corrected sex/group labels.
I0747,High,Confirmed,Identifier integrity,abramova_2023_biopsy,es201,202,ex_a_id,PS_m_,ID containing _f_,Sex token in arm ID conflicts with offspring_sex and the matched source row.,included_studies/abramova_2023_biopsy/abramova_2023_biopsy_data_calculations.xlsx,Table1_Extract row 39,Rebuild the arm and comparison IDs from the corrected sex/group labels.
I0748,High,Confirmed,Identifier integrity,abramova_2023_biopsy,es201,202,comparison,KON_PS_m_,ID containing _f_,Sex token in arm ID conflicts with offspring_sex and the matched source row.,included_studies/abramova_2023_biopsy/abramova_2023_biopsy_data_calculations.xlsx,Table1_Extract row 39,Rebuild the arm and comparison IDs from the corrected sex/group labels.
I0749,Medium,Confirmed,Source traceability,abramova_2023_biopsy,es201,202,data_file,abramova_2023_biopsy_data.xlsx,included_studies/abramova_2023_biopsy/abramova_2023_biopsy_data_calculations.xlsx,The referenced workbook name does not exist; this is the available calculation/source workbook used for reconciliation.,included_studies/abramova_2023_biopsy/abramova_2023_biopsy_data_calculations.xlsx,Table1_Extract,Use the exact filename/path in the corrected copy.
I0750,High,Confirmed,Identifier integrity,abramova_2023_biopsy,es202,203,c_a_id,KON_f_,ID containing _m_,Sex token in arm ID conflicts with offspring_sex and the matched source row.,included_studies/abramova_2023_biopsy/abramova_2023_biopsy_data_calculations.xlsx,Table1_Extract row 40,Rebuild the arm and comparison IDs from the corrected sex/group labels.
I0751,High,Confirmed,Identifier integrity,abramova_2023_biopsy,es202,203,ex_a_id,PS_f_,ID containing _m_,Sex token in arm ID conflicts with offspring_sex and the matched source row.,included_studies/abramova_2023_biopsy/abramova_2023_biopsy_data_calculations.xlsx,Table1_Extract row 40,Rebuild the arm and comparison IDs from the corrected sex/group labels.
I0752,High,Confirmed,Identifier integrity,abramova_2023_biopsy,es202,203,comparison,KON_PS_f_,ID containing _m_,Sex token in arm ID conflicts with offspring_sex and the matched source row.,included_studies/abramova_2023_biopsy/abramova_2023_biopsy_data_calculations.xlsx,Table1_Extract row 40,Rebuild the arm and comparison IDs from the corrected sex/group labels.
I0753,Medium,Confirmed,Source traceability,abramova_2023_biopsy,es202,203,data_file,abramova_2023_biopsy_data.xlsx,included_studies/abramova_2023_biopsy/abramova_2023_biopsy_data_calculations.xlsx,The referenced workbook name does not exist; this is the available calculation/source workbook used for reconciliation.,included_studies/abramova_2023_biopsy/abramova_2023_biopsy_data_calculations.xlsx,Table1_Extract,Use the exact filename/path in the corrected copy.
I0754,High,Confirmed,Identifier integrity,abramova_2023_biopsy,es203,204,c_a_id,KON_m_,ID containing _f_,Sex token in arm ID conflicts with offspring_sex and the matched source row.,included_studies/abramova_2023_biopsy/abramova_2023_biopsy_data_calculations.xlsx,Table1_Extract row 41,Rebuild the arm and comparison IDs from the corrected sex/group labels.
I0755,High,Confirmed,Identifier integrity,abramova_2023_biopsy,es203,204,ex_a_id,PS_m_,ID containing _f_,Sex token in arm ID conflicts with offspring_sex and the matched source row.,included_studies/abramova_2023_biopsy/abramova_2023_biopsy_data_calculations.xlsx,Table1_Extract row 41,Rebuild the arm and comparison IDs from the corrected sex/group labels.
I0756,High,Confirmed,Identifier integrity,abramova_2023_biopsy,es203,204,comparison,KON_PS_m_,ID containing _f_,Sex token in arm ID conflicts with offspring_sex and the matched source row.,included_studies/abramova_2023_biopsy/abramova_2023_biopsy_data_calculations.xlsx,Table1_Extract row 41,Rebuild the arm and comparison IDs from the corrected sex/group labels.
I0757,Medium,Confirmed,Source traceability,abramova_2023_biopsy,es203,204,data_file,abramova_2023_biopsy_data.xlsx,included_studies/abramova_2023_biopsy/abramova_2023_biopsy_data_calculations.xlsx,The referenced workbook name does not exist; this is the available calculation/source workbook used for reconciliation.,included_studies/abramova_2023_biopsy/abramova_2023_biopsy_data_calculations.xlsx,Table1_Extract,Use the exact filename/path in the corrected copy.
I0758,High,Confirmed,Identifier integrity,abramova_2023_biopsy,es204,205,c_a_id,KON_f_,ID containing _m_,Sex token in arm ID conflicts with offspring_sex and the matched source row.,included_studies/abramova_2023_biopsy/abramova_2023_biopsy_data_calculations.xlsx,Table1_Extract row 42,Rebuild the arm and comparison IDs from the corrected sex/group labels.
I0759,High,Confirmed,Identifier integrity,abramova_2023_biopsy,es204,205,ex_a_id,PS_f_,ID containing _m_,Sex token in arm ID conflicts with offspring_sex and the matched source row.,included_studies/abramova_2023_biopsy/abramova_2023_biopsy_data_calculations.xlsx,Table1_Extract row 42,Rebuild the arm and comparison IDs from the corrected sex/group labels.
I0760,High,Confirmed,Identifier integrity,abramova_2023_biopsy,es204,205,comparison,KON_PS_f_,ID containing _m_,Sex token in arm ID conflicts with offspring_sex and the matched source row.,included_studies/abramova_2023_biopsy/abramova_2023_biopsy_data_calculations.xlsx,Table1_Extract row 42,Rebuild the arm and comparison IDs from the corrected sex/group labels.
I0761,Medium,Confirmed,Source traceability,abramova_2023_biopsy,es204,205,data_file,abramova_2023_biopsy_data.xlsx,included_studies/abramova_2023_biopsy/abramova_2023_biopsy_data_calculations.xlsx,The referenced workbook name does not exist; this is the available calculation/source workbook used for reconciliation.,included_studies/abramova_2023_biopsy/abramova_2023_biopsy_data_calculations.xlsx,Table1_Extract,Use the exact filename/path in the corrected copy.
I0762,High,Confirmed,Identifier integrity,abramova_2023_biopsy,es205,206,c_a_id,KON_m_,ID containing _f_,Sex token in arm ID conflicts with offspring_sex and the matched source row.,included_studies/abramova_2023_biopsy/abramova_2023_biopsy_data_calculations.xlsx,Table1_Extract row 43,Rebuild the arm and comparison IDs from the corrected sex/group labels.
I0763,High,Confirmed,Identifier integrity,abramova_2023_biopsy,es205,206,ex_a_id,PS_m_,ID containing _f_,Sex token in arm ID conflicts with offspring_sex and the matched source row.,included_studies/abramova_2023_biopsy/abramova_2023_biopsy_data_calculations.xlsx,Table1_Extract row 43,Rebuild the arm and comparison IDs from the corrected sex/group labels.
I0764,High,Confirmed,Identifier integrity,abramova_2023_biopsy,es205,206,comparison,KON_PS_m_,ID containing _f_,Sex token in arm ID conflicts with offspring_sex and the matched source row.,included_studies/abramova_2023_biopsy/abramova_2023_biopsy_data_calculations.xlsx,Table1_Extract row 43,Rebuild the arm and comparison IDs from the corrected sex/group labels.
I0765,Medium,Confirmed,Source traceability,abramova_2023_biopsy,es205,206,data_file,abramova_2023_biopsy_data.xlsx,included_studies/abramova_2023_biopsy/abramova_2023_biopsy_data_calculations.xlsx,The referenced workbook name does not exist; this is the available calculation/source workbook used for reconciliation.,included_studies/abramova_2023_biopsy/abramova_2023_biopsy_data_calculations.xlsx,Table1_Extract,Use the exact filename/path in the corrected copy.
I0766,High,Confirmed,Identifier integrity,abramova_2023_biopsy,es206,207,c_a_id,KON_f_,ID containing _m_,Sex token in arm ID conflicts with offspring_sex and the matched source row.,included_studies/abramova_2023_biopsy/abramova_2023_biopsy_data_calculations.xlsx,Table1_Extract row 44,Rebuild the arm and comparison IDs from the corrected sex/group labels.
I0767,High,Confirmed,Identifier integrity,abramova_2023_biopsy,es206,207,ex_a_id,PS_f_,ID containing _m_,Sex token in arm ID conflicts with offspring_sex and the matched source row.,included_studies/abramova_2023_biopsy/abramova_2023_biopsy_data_calculations.xlsx,Table1_Extract row 44,Rebuild the arm and comparison IDs from the corrected sex/group labels.
I0768,High,Confirmed,Identifier integrity,abramova_2023_biopsy,es206,207,comparison,KON_PS_f_,ID containing _m_,Sex token in arm ID conflicts with offspring_sex and the matched source row.,included_studies/abramova_2023_biopsy/abramova_2023_biopsy_data_calculations.xlsx,Table1_Extract row 44,Rebuild the arm and comparison IDs from the corrected sex/group labels.
I0769,Medium,Confirmed,Source traceability,abramova_2023_biopsy,es206,207,data_file,abramova_2023_biopsy_data.xlsx,included_studies/abramova_2023_biopsy/abramova_2023_biopsy_data_calculations.xlsx,The referenced workbook name does not exist; this is the available calculation/source workbook used for reconciliation.,included_studies/abramova_2023_biopsy/abramova_2023_biopsy_data_calculations.xlsx,Table1_Extract,Use the exact filename/path in the corrected copy.
I0770,High,Confirmed,Identifier integrity,abramova_2023_biopsy,es207,208,c_a_id,KON_m_,ID containing _f_,Sex token in arm ID conflicts with offspring_sex and the matched source row.,included_studies/abramova_2023_biopsy/abramova_2023_biopsy_data_calculations.xlsx,Table1_Extract row 45,Rebuild the arm and comparison IDs from the corrected sex/group labels.
I0771,High,Confirmed,Identifier integrity,abramova_2023_biopsy,es207,208,ex_a_id,PS_m_,ID containing _f_,Sex token in arm ID conflicts with offspring_sex and the matched source row.,included_studies/abramova_2023_biopsy/abramova_2023_biopsy_data_calculations.xlsx,Table1_Extract row 45,Rebuild the arm and comparison IDs from the corrected sex/group labels.
I0772,High,Confirmed,Identifier integrity,abramova_2023_biopsy,es207,208,comparison,KON_PS_m_,ID containing _f_,Sex token in arm ID conflicts with offspring_sex and the matched source row.,included_studies/abramova_2023_biopsy/abramova_2023_biopsy_data_calculations.xlsx,Table1_Extract row 45,Rebuild the arm and comparison IDs from the corrected sex/group labels.
I0773,Medium,Confirmed,Source traceability,abramova_2023_biopsy,es207,208,data_file,abramova_2023_biopsy_data.xlsx,included_studies/abramova_2023_biopsy/abramova_2023_biopsy_data_calculations.xlsx,The referenced workbook name does not exist; this is the available calculation/source workbook used for reconciliation.,included_studies/abramova_2023_biopsy/abramova_2023_biopsy_data_calculations.xlsx,Table1_Extract,Use the exact filename/path in the corrected copy.
I0774,High,Confirmed,Exposure metadata,arjunan_2023_stress,es013,14,noise_type,Ultrasound,White noise / broadband audible noise,Methods specify a white-noise generator emitting 0-20 kHz; this is not ultrasound-only exposure.,included_studies/arjunan_2023_stress.pdf,"PDF page 8, section 4.3 Noise Exposure",Correct the exposure category and re-evaluate any derived acoustic-band moderator.
I0775,High,Confirmed,Exposure metadata,arjunan_2023_stress,es013,14,frequency_Hz,"0-2,000","0-20,000",Methods report all frequencies in the 0-20 kHz range; the extraction is missing one zero in the upper bound.,included_studies/arjunan_2023_stress.pdf,"PDF page 8, section 4.3 Noise Exposure",Correct the frequency range before acoustic-band derivation.
I0776,High,Confirmed,Exposure metadata,arjunan_2023_stress,es014,15,noise_type,Ultrasound,White noise / broadband audible noise,Methods specify a white-noise generator emitting 0-20 kHz; this is not ultrasound-only exposure.,included_studies/arjunan_2023_stress.pdf,"PDF page 8, section 4.3 Noise Exposure",Correct the exposure category and re-evaluate any derived acoustic-band moderator.
I0777,High,Confirmed,Exposure metadata,arjunan_2023_stress,es014,15,frequency_Hz,"0-2,000","0-20,000",Methods report all frequencies in the 0-20 kHz range; the extraction is missing one zero in the upper bound.,included_studies/arjunan_2023_stress.pdf,"PDF page 8, section 4.3 Noise Exposure",Correct the frequency range before acoustic-band derivation.
I0778,High,Confirmed,Exposure metadata,arjunan_2023_stress,es015,16,noise_type,Ultrasound,White noise / broadband audible noise,Methods specify a white-noise generator emitting 0-20 kHz; this is not ultrasound-only exposure.,included_studies/arjunan_2023_stress.pdf,"PDF page 8, section 4.3 Noise Exposure",Correct the exposure category and re-evaluate any derived acoustic-band moderator.
I0779,High,Confirmed,Exposure metadata,arjunan_2023_stress,es015,16,frequency_Hz,"0-2,000","0-20,000",Methods report all frequencies in the 0-20 kHz range; the extraction is missing one zero in the upper bound.,included_studies/arjunan_2023_stress.pdf,"PDF page 8, section 4.3 Noise Exposure",Correct the frequency range before acoustic-band derivation.
I0780,High,Confirmed,Exposure metadata,arjunan_2023_stress,es016,17,noise_type,Ultrasound,White noise / broadband audible noise,Methods specify a white-noise generator emitting 0-20 kHz; this is not ultrasound-only exposure.,included_studies/arjunan_2023_stress.pdf,"PDF page 8, section 4.3 Noise Exposure",Correct the exposure category and re-evaluate any derived acoustic-band moderator.
I0781,High,Confirmed,Exposure metadata,arjunan_2023_stress,es016,17,frequency_Hz,"0-2,000","0-20,000",Methods report all frequencies in the 0-20 kHz range; the extraction is missing one zero in the upper bound.,included_studies/arjunan_2023_stress.pdf,"PDF page 8, section 4.3 Noise Exposure",Correct the frequency range before acoustic-band derivation.
I0782,High,Confirmed,Exposure metadata,arjunan_2023_stress,es017,18,noise_type,Ultrasound,White noise / broadband audible noise,Methods specify a white-noise generator emitting 0-20 kHz; this is not ultrasound-only exposure.,included_studies/arjunan_2023_stress.pdf,"PDF page 8, section 4.3 Noise Exposure",Correct the exposure category and re-evaluate any derived acoustic-band moderator.
I0783,High,Confirmed,Exposure metadata,arjunan_2023_stress,es017,18,frequency_Hz,"0-2,000","0-20,000",Methods report all frequencies in the 0-20 kHz range; the extraction is missing one zero in the upper bound.,included_studies/arjunan_2023_stress.pdf,"PDF page 8, section 4.3 Noise Exposure",Correct the frequency range before acoustic-band derivation.
I0784,High,Confirmed,Exposure metadata,arjunan_2023_stress,es018,19,noise_type,Ultrasound,White noise / broadband audible noise,Methods specify a white-noise generator emitting 0-20 kHz; this is not ultrasound-only exposure.,included_studies/arjunan_2023_stress.pdf,"PDF page 8, section 4.3 Noise Exposure",Correct the exposure category and re-evaluate any derived acoustic-band moderator.
I0785,High,Confirmed,Exposure metadata,arjunan_2023_stress,es018,19,frequency_Hz,"0-2,000","0-20,000",Methods report all frequencies in the 0-20 kHz range; the extraction is missing one zero in the upper bound.,included_studies/arjunan_2023_stress.pdf,"PDF page 8, section 4.3 Noise Exposure",Correct the frequency range before acoustic-band derivation.
I0786,High,Confirmed,Exposure metadata,uygur_2010_aphyhun,es001,2,exposure_session_duration_h,0.66,0.75,Methods report 45 min/day; 45/60 = 0.75 h.,included_studies/uygur_2010_aphyhun.pdf,"PDF page 3, Stress procedures",Correct the daily exposure duration.
I0787,High,Confirmed,Sample size,uygur_2010_aphyhun,es001,2,c_n; ex_n,9; 10,10; 9,Table II labels CON n=10 and PSN n=9; the means/SEs in this row correspond to CON and PSN respectively.,included_studies/uygur_2010_aphyhun.pdf,"PDF page 5, Table II",Swap the control and experimental sample sizes; retain the arm means and SEs.
I0788,High,Confirmed,Exposure metadata,uygur_2010_aphyhun,es002,3,exposure_session_duration_h,0.66,0.75,Methods report 45 min/day; 45/60 = 0.75 h.,included_studies/uygur_2010_aphyhun.pdf,"PDF page 3, Stress procedures",Correct the daily exposure duration.
I0789,High,Confirmed,Sample size,uygur_2010_aphyhun,es002,3,c_n; ex_n,9; 10,10; 9,Table II labels CON n=10 and PSN n=9; the means/SEs in this row correspond to CON and PSN respectively.,included_studies/uygur_2010_aphyhun.pdf,"PDF page 5, Table II",Swap the control and experimental sample sizes; retain the arm means and SEs.
I0790,High,Confirmed,Exposure metadata,uygur_2010_aphyhun,es003,4,exposure_session_duration_h,0.66,0.75,Methods report 45 min/day; 45/60 = 0.75 h.,included_studies/uygur_2010_aphyhun.pdf,"PDF page 3, Stress procedures",Correct the daily exposure duration.
I0791,High,Confirmed,Sample size,uygur_2010_aphyhun,es003,4,c_n; ex_n,9; 10,10; 9,Table II labels CON n=10 and PSN n=9; the means/SEs in this row correspond to CON and PSN respectively.,included_studies/uygur_2010_aphyhun.pdf,"PDF page 5, Table II",Swap the control and experimental sample sizes; retain the arm means and SEs.
I0792,High,Confirmed,Outcome metadata,uygur_2011_ankarauniv,es068,69,data_type; data_units,Count; Count,Time; s,"Methods state that total time spent immobile, swimming, jumping, and diving was calculated for the test period.",included_studies/uygur_2011_ankarauniv.pdf,"PDF page 3, Forced swimming test; PDF page 4, Table 2",Correct both data type and unit before outcome harmonization.
I0793,High,Confirmed,Outcome metadata,uygur_2011_ankarauniv,es069,70,data_type; data_units,Count; Count,Time; s,"Methods state that total time spent immobile, swimming, jumping, and diving was calculated for the test period.",included_studies/uygur_2011_ankarauniv.pdf,"PDF page 3, Forced swimming test; PDF page 4, Table 2",Correct both data type and unit before outcome harmonization.
I0794,High,Confirmed,Outcome metadata,uygur_2011_ankarauniv,es070,71,data_type; data_units,Count; Count,Time; s,"Methods state that total time spent immobile, swimming, jumping, and diving was calculated for the test period.",included_studies/uygur_2011_ankarauniv.pdf,"PDF page 3, Forced swimming test; PDF page 4, Table 2",Correct both data type and unit before outcome harmonization.
I0795,High,Confirmed,Outcome metadata,uygur_2011_ankarauniv,es071,72,data_type; data_units,Count; Count,Time; s,"Methods state that total time spent immobile, swimming, jumping, and diving was calculated for the test period.",included_studies/uygur_2011_ankarauniv.pdf,"PDF page 3, Forced swimming test; PDF page 4, Table 2",Correct both data type and unit before outcome harmonization.
I0796,High,Confirmed,Source traceability,abramova_2024_devneur,es033,34,data_file,abramova_2024_devneur_fig3b,abramova_2024_devneur_fig3c,The current screenshot stem points to the other Figure 3 panel; the MetaDigitise file and group labels identify the correct panel.,Metadigitise_figs/metaDigitise_output.csv,filename=abramova_2024_devneur_fig3c.png,Correct the screenshot filename without changing the already matching extracted statistics.
I0797,High,Confirmed,Source traceability,abramova_2024_devneur,es034,35,data_file,abramova_2024_devneur_fig3b,abramova_2024_devneur_fig3c,The current screenshot stem points to the other Figure 3 panel; the MetaDigitise file and group labels identify the correct panel.,Metadigitise_figs/metaDigitise_output.csv,filename=abramova_2024_devneur_fig3c.png,Correct the screenshot filename without changing the already matching extracted statistics.
I0798,High,Confirmed,Source traceability,abramova_2024_devneur,es035,36,data_file,abramova_2024_devneur_fig3c,abramova_2024_devneur_fig3b,The current screenshot stem points to the other Figure 3 panel; the MetaDigitise file and group labels identify the correct panel.,Metadigitise_figs/metaDigitise_output.csv,filename=abramova_2024_devneur_fig3b.png,Correct the screenshot filename without changing the already matching extracted statistics.
I0799,High,Confirmed,Source traceability,abramova_2024_devneur,es036,37,data_file,abramova_2024_devneur_fig3c,abramova_2024_devneur_fig3b,The current screenshot stem points to the other Figure 3 panel; the MetaDigitise file and group labels identify the correct panel.,Metadigitise_figs/metaDigitise_output.csv,filename=abramova_2024_devneur_fig3b.png,Correct the screenshot filename without changing the already matching extracted statistics.
I0800,Medium,Confirmed,Protocol conformity,badache_2017_stress,es093,94,experimental_procedures,Cross-Fostered,None; document cross-fostering in experimental_procedures_notes or a dedicated design field,Protocol defines this field only for sham surgical or pharmacological interventions.,protocol/PCNE_protocol_v.4_111425.docx,"Table 5, item experimental_procedures","Preserve cross-fostering information, but move it to an appropriate notes/design variable."
I0801,Medium,Confirmed,Protocol conformity,whitlow_1978_thesis,es094,95,experimental_procedures,Cross-Fostered,None; document cross-fostering in experimental_procedures_notes or a dedicated design field,Protocol defines this field only for sham surgical or pharmacological interventions.,protocol/PCNE_protocol_v.4_111425.docx,"Table 5, item experimental_procedures","Preserve cross-fostering information, but move it to an appropriate notes/design variable."
I0802,Medium,Confirmed,Protocol conformity,whitlow_1978_thesis,es095,96,experimental_procedures,Cross-Fostered,None; document cross-fostering in experimental_procedures_notes or a dedicated design field,Protocol defines this field only for sham surgical or pharmacological interventions.,protocol/PCNE_protocol_v.4_111425.docx,"Table 5, item experimental_procedures","Preserve cross-fostering information, but move it to an appropriate notes/design variable."
I0803,Medium,Confirmed,Protocol conformity,whitlow_1978_thesis,es096,97,experimental_procedures,Cross-Fostered,None; document cross-fostering in experimental_procedures_notes or a dedicated design field,Protocol defines this field only for sham surgical or pharmacological interventions.,protocol/PCNE_protocol_v.4_111425.docx,"Table 5, item experimental_procedures","Preserve cross-fostering information, but move it to an appropriate notes/design variable."
I0804,Medium,Confirmed,Protocol conformity,whitlow_1978_thesis,es097,98,experimental_procedures,Cross-Fostered,None; document cross-fostering in experimental_procedures_notes or a dedicated design field,Protocol defines this field only for sham surgical or pharmacological interventions.,protocol/PCNE_protocol_v.4_111425.docx,"Table 5, item experimental_procedures","Preserve cross-fostering information, but move it to an appropriate notes/design variable."
I0805,Medium,Confirmed,Protocol conformity,whitlow_1978_thesis,es098,99,experimental_procedures,Cross-Fostered,None; document cross-fostering in experimental_procedures_notes or a dedicated design field,Protocol defines this field only for sham surgical or pharmacological interventions.,protocol/PCNE_protocol_v.4_111425.docx,"Table 5, item experimental_procedures","Preserve cross-fostering information, but move it to an appropriate notes/design variable."
I0806,Medium,Confirmed,Protocol conformity,whitlow_1978_thesis,es099,100,experimental_procedures,Cross-Fostered,None; document cross-fostering in experimental_procedures_notes or a dedicated design field,Protocol defines this field only for sham surgical or pharmacological interventions.,protocol/PCNE_protocol_v.4_111425.docx,"Table 5, item experimental_procedures","Preserve cross-fostering information, but move it to an appropriate notes/design variable."
I0807,Medium,Confirmed,Protocol conformity,whitlow_1978_thesis,es100,101,experimental_procedures,Cross-Fostered,None; document cross-fostering in experimental_procedures_notes or a dedicated design field,Protocol defines this field only for sham surgical or pharmacological interventions.,protocol/PCNE_protocol_v.4_111425.docx,"Table 5, item experimental_procedures","Preserve cross-fostering information, but move it to an appropriate notes/design variable."
I0808,Medium,Confirmed,Protocol conformity,whitlow_1978_thesis,es101,102,experimental_procedures,Cross-Fostered,None; document cross-fostering in experimental_procedures_notes or a dedicated design field,Protocol defines this field only for sham surgical or pharmacological interventions.,protocol/PCNE_protocol_v.4_111425.docx,"Table 5, item experimental_procedures","Preserve cross-fostering information, but move it to an appropriate notes/design variable."
I0809,Medium,Confirmed,Protocol conformity,whitlow_1978_thesis,es102,103,experimental_procedures,Cross-Fostered,None; document cross-fostering in experimental_procedures_notes or a dedicated design field,Protocol defines this field only for sham surgical or pharmacological interventions.,protocol/PCNE_protocol_v.4_111425.docx,"Table 5, item experimental_procedures","Preserve cross-fostering information, but move it to an appropriate notes/design variable."
I0810,Medium,Confirmed,Protocol conformity,whitlow_1978_thesis,es103,104,experimental_procedures,Cross-Fostered,None; document cross-fostering in experimental_procedures_notes or a dedicated design field,Protocol defines this field only for sham surgical or pharmacological interventions.,protocol/PCNE_protocol_v.4_111425.docx,"Table 5, item experimental_procedures","Preserve cross-fostering information, but move it to an appropriate notes/design variable."
I0811,Medium,Confirmed,Protocol conformity,whitlow_1978_thesis,es104,105,experimental_procedures,Cross-Fostered,None; document cross-fostering in experimental_procedures_notes or a dedicated design field,Protocol defines this field only for sham surgical or pharmacological interventions.,protocol/PCNE_protocol_v.4_111425.docx,"Table 5, item experimental_procedures","Preserve cross-fostering information, but move it to an appropriate notes/design variable."
I0812,Medium,Confirmed,Protocol conformity,whitlow_1978_thesis,es105,106,experimental_procedures,Cross-Fostered,None; document cross-fostering in experimental_procedures_notes or a dedicated design field,Protocol defines this field only for sham surgical or pharmacological interventions.,protocol/PCNE_protocol_v.4_111425.docx,"Table 5, item experimental_procedures","Preserve cross-fostering information, but move it to an appropriate notes/design variable."
I0813,Medium,Confirmed,Protocol conformity,whitlow_1978_thesis,es106,107,experimental_procedures,Cross-Fostered,None; document cross-fostering in experimental_procedures_notes or a dedicated design field,Protocol defines this field only for sham surgical or pharmacological interventions.,protocol/PCNE_protocol_v.4_111425.docx,"Table 5, item experimental_procedures","Preserve cross-fostering information, but move it to an appropriate notes/design variable."
I0814,Medium,Confirmed,Protocol conformity,whitlow_1978_thesis,es107,108,experimental_procedures,Cross-Fostered,None; document cross-fostering in experimental_procedures_notes or a dedicated design field,Protocol defines this field only for sham surgical or pharmacological interventions.,protocol/PCNE_protocol_v.4_111425.docx,"Table 5, item experimental_procedures","Preserve cross-fostering information, but move it to an appropriate notes/design variable."
I0815,Medium,Confirmed,Protocol conformity,whitlow_1978_thesis,es108,109,experimental_procedures,Cross-Fostered,None; document cross-fostering in experimental_procedures_notes or a dedicated design field,Protocol defines this field only for sham surgical or pharmacological interventions.,protocol/PCNE_protocol_v.4_111425.docx,"Table 5, item experimental_procedures","Preserve cross-fostering information, but move it to an appropriate notes/design variable."
I0816,Medium,Confirmed,Protocol conformity,whitlow_1978_thesis,es109,110,experimental_procedures,Cross-Fostered,None; document cross-fostering in experimental_procedures_notes or a dedicated design field,Protocol defines this field only for sham surgical or pharmacological interventions.,protocol/PCNE_protocol_v.4_111425.docx,"Table 5, item experimental_procedures","Preserve cross-fostering information, but move it to an appropriate notes/design variable."
I0817,Medium,Confirmed,Protocol conformity,whitlow_1978_thesis,es110,111,experimental_procedures,Cross-Fostered,None; document cross-fostering in experimental_procedures_notes or a dedicated design field,Protocol defines this field only for sham surgical or pharmacological interventions.,protocol/PCNE_protocol_v.4_111425.docx,"Table 5, item experimental_procedures","Preserve cross-fostering information, but move it to an appropriate notes/design variable."
I0818,Medium,Confirmed,Protocol conformity,whitlow_1978_thesis,es111,112,experimental_procedures,Cross-Fostered,None; document cross-fostering in experimental_procedures_notes or a dedicated design field,Protocol defines this field only for sham surgical or pharmacological interventions.,protocol/PCNE_protocol_v.4_111425.docx,"Table 5, item experimental_procedures","Preserve cross-fostering information, but move it to an appropriate notes/design variable."
I0819,Medium,Confirmed,Protocol conformity,whitlow_1978_thesis,es112,113,experimental_procedures,Cross-Fostered,None; document cross-fostering in experimental_procedures_notes or a dedicated design field,Protocol defines this field only for sham surgical or pharmacological interventions.,protocol/PCNE_protocol_v.4_111425.docx,"Table 5, item experimental_procedures","Preserve cross-fostering information, but move it to an appropriate notes/design variable."
I0820,Medium,Confirmed,Protocol conformity,whitlow_1978_thesis,es113,114,experimental_procedures,Cross-Fostered,None; document cross-fostering in experimental_procedures_notes or a dedicated design field,Protocol defines this field only for sham surgical or pharmacological interventions.,protocol/PCNE_protocol_v.4_111425.docx,"Table 5, item experimental_procedures","Preserve cross-fostering information, but move it to an appropriate notes/design variable."
I0821,Medium,Confirmed,Protocol conformity,whitlow_1978_thesis,es114,115,experimental_procedures,Cross-Fostered,None; document cross-fostering in experimental_procedures_notes or a dedicated design field,Protocol defines this field only for sham surgical or pharmacological interventions.,protocol/PCNE_protocol_v.4_111425.docx,"Table 5, item experimental_procedures","Preserve cross-fostering information, but move it to an appropriate notes/design variable."
I0822,Medium,Confirmed,Protocol conformity,whitlow_1978_thesis,es115,116,experimental_procedures,Cross-Fostered,None; document cross-fostering in experimental_procedures_notes or a dedicated design field,Protocol defines this field only for sham surgical or pharmacological interventions.,protocol/PCNE_protocol_v.4_111425.docx,"Table 5, item experimental_procedures","Preserve cross-fostering information, but move it to an appropriate notes/design variable."
I0823,Medium,Confirmed,Protocol conformity,whitlow_1978_thesis,es116,117,experimental_procedures,Cross-Fostered,None; document cross-fostering in experimental_procedures_notes or a dedicated design field,Protocol defines this field only for sham surgical or pharmacological interventions.,protocol/PCNE_protocol_v.4_111425.docx,"Table 5, item experimental_procedures","Preserve cross-fostering information, but move it to an appropriate notes/design variable."
I0824,Medium,Confirmed,Protocol conformity,whitlow_1978_thesis,es117,118,experimental_procedures,Cross-Fostered,None; document cross-fostering in experimental_procedures_notes or a dedicated design field,Protocol defines this field only for sham surgical or pharmacological interventions.,protocol/PCNE_protocol_v.4_111425.docx,"Table 5, item experimental_procedures","Preserve cross-fostering information, but move it to an appropriate notes/design variable."
I0825,Medium,Confirmed,Protocol conformity,whitlow_1978_thesis,es118,119,experimental_procedures,Cross-Fostered,None; document cross-fostering in experimental_procedures_notes or a dedicated design field,Protocol defines this field only for sham surgical or pharmacological interventions.,protocol/PCNE_protocol_v.4_111425.docx,"Table 5, item experimental_procedures","Preserve cross-fostering information, but move it to an appropriate notes/design variable."
I0826,Medium,Confirmed,Protocol conformity,whitlow_1978_thesis,es119,120,experimental_procedures,Cross-Fostered,None; document cross-fostering in experimental_procedures_notes or a dedicated design field,Protocol defines this field only for sham surgical or pharmacological interventions.,protocol/PCNE_protocol_v.4_111425.docx,"Table 5, item experimental_procedures","Preserve cross-fostering information, but move it to an appropriate notes/design variable."
I0827,Medium,Confirmed,Protocol conformity,whitlow_1978_thesis,es120,121,experimental_procedures,Cross-Fostered,None; document cross-fostering in experimental_procedures_notes or a dedicated design field,Protocol defines this field only for sham surgical or pharmacological interventions.,protocol/PCNE_protocol_v.4_111425.docx,"Table 5, item experimental_procedures","Preserve cross-fostering information, but move it to an appropriate notes/design variable."
I0828,Medium,Confirmed,Protocol conformity,whitlow_1978_thesis,es121,122,experimental_procedures,Cross-Fostered,None; document cross-fostering in experimental_procedures_notes or a dedicated design field,Protocol defines this field only for sham surgical or pharmacological interventions.,protocol/PCNE_protocol_v.4_111425.docx,"Table 5, item experimental_procedures","Preserve cross-fostering information, but move it to an appropriate notes/design variable."
I0829,Medium,Confirmed,Protocol conformity,whitlow_1978_thesis,es122,123,experimental_procedures,Cross-Fostered,None; document cross-fostering in experimental_procedures_notes or a dedicated design field,Protocol defines this field only for sham surgical or pharmacological interventions.,protocol/PCNE_protocol_v.4_111425.docx,"Table 5, item experimental_procedures","Preserve cross-fostering information, but move it to an appropriate notes/design variable."
I0830,Medium,Confirmed,Protocol conformity,whitlow_1978_thesis,es123,124,experimental_procedures,Cross-Fostered,None; document cross-fostering in experimental_procedures_notes or a dedicated design field,Protocol defines this field only for sham surgical or pharmacological interventions.,protocol/PCNE_protocol_v.4_111425.docx,"Table 5, item experimental_procedures","Preserve cross-fostering information, but move it to an appropriate notes/design variable."
I0831,Medium,Confirmed,Protocol conformity,whitlow_1978_thesis,es124,125,experimental_procedures,Cross-Fostered,None; document cross-fostering in experimental_procedures_notes or a dedicated design field,Protocol defines this field only for sham surgical or pharmacological interventions.,protocol/PCNE_protocol_v.4_111425.docx,"Table 5, item experimental_procedures","Preserve cross-fostering information, but move it to an appropriate notes/design variable."
I0832,Medium,Confirmed,Protocol conformity,whitlow_1978_thesis,es125,126,experimental_procedures,Cross-Fostered,None; document cross-fostering in experimental_procedures_notes or a dedicated design field,Protocol defines this field only for sham surgical or pharmacological interventions.,protocol/PCNE_protocol_v.4_111425.docx,"Table 5, item experimental_procedures","Preserve cross-fostering information, but move it to an appropriate notes/design variable."
I0833,Medium,Confirmed,Protocol conformity,whitlow_1978_thesis,es126,127,experimental_procedures,Cross-Fostered,None; document cross-fostering in experimental_procedures_notes or a dedicated design field,Protocol defines this field only for sham surgical or pharmacological interventions.,protocol/PCNE_protocol_v.4_111425.docx,"Table 5, item experimental_procedures","Preserve cross-fostering information, but move it to an appropriate notes/design variable."
I0834,Medium,Confirmed,Protocol conformity,whitlow_1978_thesis,es127,128,experimental_procedures,Cross-Fostered,None; document cross-fostering in experimental_procedures_notes or a dedicated design field,Protocol defines this field only for sham surgical or pharmacological interventions.,protocol/PCNE_protocol_v.4_111425.docx,"Table 5, item experimental_procedures","Preserve cross-fostering information, but move it to an appropriate notes/design variable."
I0835,Medium,Confirmed,Protocol conformity,whitlow_1978_thesis,es128,129,experimental_procedures,Cross-Fostered,None; document cross-fostering in experimental_procedures_notes or a dedicated design field,Protocol defines this field only for sham surgical or pharmacological interventions.,protocol/PCNE_protocol_v.4_111425.docx,"Table 5, item experimental_procedures","Preserve cross-fostering information, but move it to an appropriate notes/design variable."
I0836,Medium,Confirmed,Protocol conformity,whitlow_1978_thesis,es129,130,experimental_procedures,Cross-Fostered,None; document cross-fostering in experimental_procedures_notes or a dedicated design field,Protocol defines this field only for sham surgical or pharmacological interventions.,protocol/PCNE_protocol_v.4_111425.docx,"Table 5, item experimental_procedures","Preserve cross-fostering information, but move it to an appropriate notes/design variable."
I0837,High,Review,Source availability,abramova_2024_devneur,es045,46,data_file,blank,saved author-supplied file/email attachment with a stable filename,"The numerical source is described as an author email, but no supporting file is present in the study folder.",included_studies/,workspace inventory,Add the author-supplied source file (or a dated correspondence note) before treating the values as independently verified.
I0838,High,Review,Source availability,abramova_2024_devneur,es046,47,data_file,blank,saved author-supplied file/email attachment with a stable filename,"The numerical source is described as an author email, but no supporting file is present in the study folder.",included_studies/,workspace inventory,Add the author-supplied source file (or a dated correspondence note) before treating the values as independently verified.
