study_id,ex_id,con_id,out_id,es_id,shared_control,id_notes,title,doi,publish_in,outcome_id_notes,sp_latin,sp_common,strain,dam_age,dam_age_notes,gest_stage_ex,gest_stage_ex_notes,exposure_span_d,exposure_type,exposure_session_duration_h,ex_session_duration_notes,noise_type,noise_type_2,loudness_dB,frequency_Hz,control_conditions,control_loudness,control_notes,offspring_sex,offspring_age_d,offspring_age_notes,experimental_procedures,experimental_procedures_notes,outcome_type,assay_type,assay_type_notes,measurement_variable,data_type,data_units,measurement_timing,data_source,data_file,c_a_id,ex_a_id,comparison,comparison_structure,higher_better,higher_better_notes...49,higher_better_notes...50,c_mean,c_sd,c_n,c_se,c_ci,ex_mean,ex_sd,ex_n,ex_se,ex_ci,stat_comment,general_comment,c_median,c_q1,c_q3,ex_median,ex_q1,ex_q3,checked_ML,checked_ML_comments,...71,corrections_notes_AL,miss_c_mean_raw,miss_ex_mean_raw,miss_c_sd_raw,miss_ex_sd_raw,miss_c_se_raw,miss_ex_se_raw,mean_floored_to1,cohort_id,c_mean_imputed,ex_mean_imputed,c_sd_imputed,ex_sd_imputed,c_se_imputed,ex_se_imputed,lnRR,lnRR_var
uygur_2010_aphyhun,ex001,con001,out001,es001,Yes,One control and one treatment,Effects of chronic stress on cognitive functions and anxiety related behaviors in rats,10.1556/APhysiol.97.2010.3.6,Acta Physiologica Hungarica,Only one assay for anxiety,Rattus norvegicus,albino rat,Sprague-Dawley,,not reported,late,day 14-21,8,Intermitent,0.66,45 min,White noise,Audible,100,,Unclear,,"They carried the cages to the other room too, but without any noise exposure",male,70,70 days of age,none,,Anxiety,Defensive withdrawal test (DWT),Latency to exit the dark box with all four paws for the first time,Latency to exit the dark box,time,s,Light phase,Table II,uygur_2010_table2,CON_lat,PSN_lat,con_psn_lat,Independent,No,Positive,Not specified,90.9,176.07,9,58.69,,137,211.5563755,10,66.9,,,,,,,,,,yes,,,,FALSE,FALSE,TRUE,TRUE,FALSE,FALSE,FALSE,uygur_2010_aphyhun_ex001,FALSE,FALSE,TRUE,TRUE,FALSE,FALSE,0.321014797,0.655327381
uygur_2010_aphyhun,ex001,con001,out002,es002,Yes,One control and one treatment,Effects of chronic stress on cognitive functions and anxiety related behaviors in rats,10.1556/APhysiol.97.2010.3.6,Acta Physiologica Hungarica,Only one assay for anxiety,Rattus norvegicus,albino rat,Sprague-Dawley,,not reported,late,day 14-21,8,Intermitent,0.66,45 min,White noise,Audible,100,,Unclear,,"They carried the cages to the other room too, but without any noise exposure",male,70,70 days of age,none,,Anxiety,Defensive withdrawal test (DWT),,Exits from dark box,count,Count,Light phase,Table II,uygur_2010_table2,CON_ex,PSN_ex,con_psn_ex,Independent,Yes,Negative,Not specified,4.3,2.46,9,0.82,,3.67,2.308462692,10,0.73,,,,,,,,,,yes,,,,FALSE,FALSE,TRUE,TRUE,FALSE,FALSE,FALSE,uygur_2010_aphyhun_ex001,FALSE,FALSE,TRUE,TRUE,FALSE,FALSE,0.156823552,0.075930824
uygur_2010_aphyhun,ex001,con001,out003,es003,Yes,One control and one treatment,Effects of chronic stress on cognitive functions and anxiety related behaviors in rats,10.1556/APhysiol.97.2010.3.6,Acta Physiologica Hungarica,Only one assay for anxiety,Rattus norvegicus,albino rat,Sprague-Dawley,,not reported,late,day 14-21,8,Intermitent,0.66,45 min,White noise,Audible,100,,Unclear,,"They carried the cages to the other room too, but without any noise exposure",male,70,70 days of age,none,,Anxiety,Defensive withdrawal test (DWT),,Time in open field,time,s,Light phase,Table II,uygur_2010_table2,CON_oat,PSN_oat,con_psn_oat,Independent,Yes,Negative,Not specified,101.74,75.75,9,25.25,,66.67,53.34762413,10,16.87,,,,,,,,,,yes,,,,FALSE,FALSE,TRUE,TRUE,FALSE,FALSE,FALSE,uygur_2010_aphyhun_ex001,FALSE,FALSE,TRUE,TRUE,FALSE,FALSE,0.421448576,0.125622026
barzegar_2014_hippo,ex002,con002,out004,es004,Yes,They tested 1 h daily exposure duration,Effects of chronic stress on cognitive functions and anxiety related behaviors in rats,10.1002/hipo.22363,Hippocampus,Only one assay for anxiety,Rattus norvegicus,brown rat,Wistar rat,,not reported,late,at the third trimester,7,Intermitent,1,h,White noise,Audible,95,,Unclear,,Control pregnant animals was kept in the noise chamber for the same period of time without noise exposure,male,46,42-50 daysof age,none,,Anxiety,Elevated Plus Maze (EPM),"Evaluated spatial anxiety in rats. As a convention, an entry was defined as having all four paws in the arm.",Entries into open arms (OAE),percentage,%,Not reported,Figure 2A,barzegar_2014_figure2,CON_oae,N1_oae,con_n1_oae,Independent,Yes,Negative,Not specified,32.07,10.96,10,3.47,,33.93,19.61,10,6.2,,,,,,,,,,yes,,,,FALSE,FALSE,FALSE,FALSE,FALSE,FALSE,FALSE,barzegar_2014_hippo_ex002,FALSE,FALSE,FALSE,FALSE,FALSE,FALSE,-0.032328257,0.014895622
barzegar_2014_hippo,ex002,con002,out005,es005,Yes,They tested 1 h daily exposure duration,"Prenatal Exposure to Noise Stress: Anxiety, Impaired Spatial Memory, and Deteriorated Hippocampal Plasticity in Postnatal Life",10.1002/hipo.22363,Hippocampus,Only one assay for anxiety,Rattus norvegicus,brown rat,Wistar rat,,not reported,late,at the third trimester,7,Intermitent,1,h,White noise,Audible,95,,Unclear,,Control pregnant animals was kept in the noise chamber for the same period of time without noise exposure,male,46,42-50 daysof age,none,,Anxiety,Elevated Plus Maze (EPM),Evaluated spatial anxiety in rats,Time in open arms (OAT),percentage,%,Not reported,Figure 2B,barzegar_2014_figure2,CON_oat,N1_oat,con_n1_oat,Independent,Yes,Negative,Not specified,30.02,6.41,10,2.03,,30.78,4.33,10,1.37,,,,,,,,,,yes,,,,FALSE,FALSE,FALSE,FALSE,FALSE,FALSE,FALSE,barzegar_2014_hippo_ex002,FALSE,FALSE,FALSE,FALSE,FALSE,FALSE,-0.01414662,0.002090254
barzegar_2014_hippo,ex003,con002,out004,es006,Yes,They tested 2 h daily exposure duration,"Prenatal Exposure to Noise Stress: Anxiety, Impaired Spatial Memory, and Deteriorated Hippocampal Plasticity in Postnatal Life",10.1002/hipo.22363,Hippocampus,Only one assay for anxiety,Rattus norvegicus,brown rat,Wistar rat,,not reported,late,at the third trimester,7,Intermitent,2,h,White noise,Audible,95,,Unclear,,Control pregnant animals was kept in the noise chamber for the same period of time without noise exposure,male,46,42-50 daysof age,none,,Anxiety,Elevated Plus Maze (EPM),Evaluated spatial anxiety in rats,Entries into open arms (OAE),percentage,%,Not reported,Figure 2A,barzegar_2014_figure2,CON_oae,N2_oae,con_n2_oae,Independent,Yes,Negative,Not specified,32.07,10.96,10,3.47,,14.27,8.43,10,8.43,,,,,,,,,,yes,,,,FALSE,FALSE,FALSE,FALSE,FALSE,FALSE,FALSE,barzegar_2014_hippo_ex003,FALSE,FALSE,FALSE,FALSE,FALSE,FALSE,0.440895483,0.013481443
barzegar_2014_hippo,ex003,con002,out005,es007,Yes,They tested 2 h daily exposure duration,"Prenatal Exposure to Noise Stress: Anxiety, Impaired Spatial Memory, and Deteriorated Hippocampal Plasticity in Postnatal Life",10.1002/hipo.22363,Hippocampus,Only one assay for anxiety,Rattus norvegicus,brown rat,Wistar rat,,not reported,late,at the third trimester,7,Intermitent,2,h,White noise,Audible,95,,Unclear,,Control pregnant animals was kept in the noise chamber for the same period of time without noise exposure,male,46,42-50 daysof age,none,,Anxiety,Elevated Plus Maze (EPM),Evaluated spatial anxiety in rats,Time in open arms (OAT),percentage,%,Not reported,Figure 2B,barzegar_2014_figure2,CON_oat,N2_oat,con_n2_oat,Independent,Yes,Negative,Not specified,30.02,6.41,10,2.03,,21.53,5.72,10,1.81,,,,,,,,,,yes,,,,FALSE,FALSE,FALSE,FALSE,FALSE,FALSE,FALSE,barzegar_2014_hippo_ex003,FALSE,FALSE,FALSE,FALSE,FALSE,FALSE,0.183780944,0.003533773
barzegar_2014_hippo,ex004,con002,out004,es008,Yes,They tested 4 h daily exposure duration,"Prenatal Exposure to Noise Stress: Anxiety, Impaired Spatial Memory, and Deteriorated Hippocampal Plasticity in Postnatal Life",10.1002/hipo.22363,Hippocampus,Only one assay for anxiety,Rattus norvegicus,brown rat,Wistar rat,,not reported,late,at the third trimester,7,Intermitent,4,h,White noise,Audible,95,,Unclear,,Control pregnant animals was kept in the noise chamber for the same period of time without noise exposure,male,46,42-50 daysof age,none,,Anxiety,Elevated Plus Maze (EPM),Evaluated spatial anxiety in rats,Entries into open arms (OAE),percentage,%,Not reported,Figure 2A,barzegar_2014_figure2,CON_oae,N4_oae,con_n4_oae,Independent,Yes,Negative,Not specified,32.07,10.96,10,3.47,,15.33,8.85,10,2.8,,,,,,,,,,yes,,,,FALSE,FALSE,FALSE,FALSE,FALSE,FALSE,FALSE,barzegar_2014_hippo_ex004,FALSE,FALSE,FALSE,FALSE,FALSE,FALSE,0.403083973,0.01312438
barzegar_2014_hippo,ex004,con002,out005,es009,Yes,They tested 4 h daily exposure duration,"Prenatal Exposure to Noise Stress: Anxiety, Impaired Spatial Memory, and Deteriorated Hippocampal Plasticity in Postnatal Life",10.1002/hipo.22363,Hippocampus,Only one assay for anxiety,Rattus norvegicus,brown rat,Wistar rat,,not reported,late,at the third trimester,7,Intermitent,4,h,White noise,Audible,95,,Unclear,,Control pregnant animals was kept in the noise chamber for the same period of time without noise exposure,male,46,42-50 daysof age,none,,Anxiety,Elevated Plus Maze (EPM),Evaluated spatial anxiety in rats,Time in open arms (OAT),percentage,%,Not reported,Figure 2B,barzegar_2014_figure2b,CON_oat,N4_oat,con_n4_oat,Independent,Yes,Negative,Not specified,30.02,6.41,10,2.03,,16.92,8.31,10,2.63,,,,,,,,,,yes,,,,FALSE,FALSE,FALSE,FALSE,FALSE,FALSE,FALSE,barzegar_2014_hippo_ex004,FALSE,FALSE,FALSE,FALSE,FALSE,FALSE,0.313231505,0.008288158
hassanvand_2012_phyphar,ex005,con003,out006,es010,Yes,Only one experiment,"Alterations in dopamine related behavior of the offspring of pregnant Wistar
rats exposed to noise pollution stress",http://ppj.phypha.ir/article-1-805-en.html,Physiology and Pharmacology,Only one assay,Rattus norvegicus,brown rat,Wistar rat,,not reported 200g,"early, mid",day 1-14,14,Intermitent,0.083,15 min,Traffic,Audible,125,,Unclear,,"Environment without noise""محیط بی سر و صدا""",male,90,3 months,none,They used a car alarm,Anxiety,Open Field Test (OFT),Locomotor and exploratory behaviour,Sniffing,count,Count,Not reported,Figure 2,hassanvand_2012_phyphar_Figure2,Control_sniff,Expn_sniff,control_exp_sniff,Independent,Yes,Negative,Not specified,41.568,2.7625,6,1.1278,,35.5825,2.916,6,1.1904,,,"non-English language, ask native speaker",,,,,,,yes - recheck!,whiskers in the plot extracted as SD values but more likely they are SE values,,"Done! re-extracted, I swapped the selection in meta-digitise",FALSE,FALSE,FALSE,FALSE,FALSE,FALSE,FALSE,hassanvand_2012_phyphar_ex005,FALSE,FALSE,FALSE,FALSE,FALSE,FALSE,0.155285089,0.001855408
hassanvand_2012_phyphar,ex005,con003,out007,es011,Yes,Only one experiment,"Alterations in dopamine related behavior of the offspring of pregnant Wistar
rats exposed to noise pollution stress",http://ppj.phypha.ir/article-1-805-en.html,Physiology and Pharmacology,Only one assay,Rattus norvegicus,brown rat,Wistar rat,,not reported 200g,"early, mid",day 1-14,14,Intermitent,0.083,15 min,Traffic,Audible,125,,Unclear,,"Environment without noise""محیط بی سر و صدا""",male,90,3 months,none,They used a car alarm,Anxiety,Open Field Test (OFT),Locomotor and exploratory behaviour,Rearing frequency,count,Count,Not reported,Figure 2,hassanvand_2012_phyphar_Figure2,Control_rear,Exp_rear,control_exp_rear,Independent,Yes,Negative,Not specified,13.943,1.8417,6,0.7519,,20.6957,2.4556,6,1.0025,,,"non-English language, ask native speaker",,,,,,,yes - recheck!,whiskers in the plot extracted as SD values but more likely they are SE values,,"Done! re-extracted, I swapped the selection in meta-digitise",FALSE,FALSE,FALSE,FALSE,FALSE,FALSE,FALSE,hassanvand_2012_phyphar_ex005,FALSE,FALSE,FALSE,FALSE,FALSE,FALSE,-0.394667632,0.005254273
hassanvand_2012_phyphar,ex005,con003,out008,es012,Yes,Only one experiment,"Alterations in dopamine related behavior of the offspring of pregnant Wistar
rats exposed to noise pollution stress",http://ppj.phypha.ir/article-1-805-en.html,Physiology and Pharmacology,Only one assay,Rattus norvegicus,brown rat,Wistar rat,,not reported 200g,"early, mid",day 1-14,14,Intermitent,0.083,15 min,Traffic,Audible,125,,Unclear,,"Environment without noise""محیط بی سر و صدا""",male,90,3 months,none,They used a car alarm,Anxiety,Open Field Test (OFT),Locomotor and exploratory behaviour,Sections crossed,count,Count,Not reported,Figure 2,hassanvand_2012_phyphar_Figure2,Control_loco,Exp_loco,control_exp_loco,Independent,Yes,Negative,Not specified,24.686,4.4507,6,1.817,,28.5228,2.609,6,1.0651,,,"non-English language, ask native speaker",,,,,,,yes - recheck!,whiskers in the plot extracted as SD values but more likely they are SE values,,"Done! re-extracted, I swapped the selection in meta-digitise",FALSE,FALSE,FALSE,FALSE,FALSE,FALSE,FALSE,hassanvand_2012_phyphar_ex005,FALSE,FALSE,FALSE,FALSE,FALSE,FALSE,-0.142455945,0.006812044
arjunan_2023_stress,ex006,con004,out009,es013,Yes,"3 experimental groups: Early gestational, late gestational and full-term gestational","Impacts of Maternal Noise Exposure on Risk of Stillbirth
and Oxidative Stress-Induced Neurobehavioral Changes
in Offspring",10.3390/stresses3030037,Stresses,,Rattus norvegicus,albino rat,Wistar albino rat,,not reported 160-180g,"early, mid",day 1-10,10,Intermitent,4,h,Ultrasound,Ultrasound,100,"0-2,000",Unclear,,,male,45,,none,,Anxiety,Open Field Test (OFT),locomotion and emotional status,Time in central square,time,s,Not reported,Figure 3B,arjunan_2023_stress_fig3B_cen,Con_cen,Egs_cen,con_egs_cen,Independent,Yes,Negative,"reduced time spent in the central square indicated
the fear and anxiety-like behavior",225.39,25.92,6,10.58,,160.21,18.85,6,7.69,,,,,,,,,,yes - recheck!,"legend says ""The data represent the mean ± SD"", but the values look like SE",,"Done! re-extracted, I swapped the selection in meta-digitise",FALSE,FALSE,FALSE,FALSE,FALSE,FALSE,FALSE,arjunan_2023_stress_ex006,FALSE,FALSE,FALSE,FALSE,FALSE,FALSE,0.341295258,0.004511429
arjunan_2023_stress,ex006,con004,out010,es014,Yes,"3 experimental groups: Early gestational, late gestational and full-term gestational","Impacts of Maternal Noise Exposure on Risk of Stillbirth
and Oxidative Stress-Induced Neurobehavioral Changes
in Offspring",10.3390/stresses3030037,Stresses,,Rattus norvegicus,albino rat,Wistar albino rat,,not reported 160-180g,"early, mid",day 1-10,10,Intermitent,4,h,Ultrasound,Ultrasound,100,"0-2,000",Unclear,,,male,45,,none,,Anxiety,Open Field Test (OFT),locomotion and emotional status,Time in peripheral square,time,s,Not reported,Figure 3B,arjunan_2023_stress_fig3B_per,Con_per,Egs_per,con_egs_per,Independent,No,Positive,"reduced time spent in the central square indicated
the fear and anxiety-like behavior",71.74,28.21,6,11.52,,132.86,19.48,6,7.95,,,,,,,,,,yes - recheck!,"legend says ""The data represent the mean ± SD"", but the values look like SE",,"Done! re-extracted, I swapped the selection in meta-digitise",FALSE,FALSE,FALSE,FALSE,FALSE,FALSE,FALSE,arjunan_2023_stress_ex006,FALSE,FALSE,FALSE,FALSE,FALSE,FALSE,0.605153408,0.029353982
arjunan_2023_stress,ex007,con004,out009,es015,Yes,"3 experimental groups: Early gestational, late gestational and full-term gestational","Impacts of Maternal Noise Exposure on Risk of Stillbirth
and Oxidative Stress-Induced Neurobehavioral Changes
in Offspring",10.3390/stresses3030037,Stresses,,Rattus norvegicus,albino rat,Wistar albino rat,,not reported 160-180g,late,day 11-21,11,Intermitent,4,h,Ultrasound,Ultrasound,100,"0-2,000",Unclear,,,male,45,,none,,Anxiety,Open Field Test (OFT),locomotion and emotional status,Time in central square,time,s,Not reported,Figure 3B,arjunan_2023_stress_fig3B_cen,Con_cen,Lgs_cen,con_lgs_cen,Independent,Yes,Negative,"reduced time spent in the central square indicated
the fear and anxiety-like behavior",225.39,25.92,6,10.58,,124.08,11.78,6,4.81,,,,,,,,,,yes - recheck!,"legend says ""The data represent the mean ± SD"", but the values look like SE",,"Done! re-extracted, I swapped the selection in meta-digitise",FALSE,FALSE,FALSE,FALSE,FALSE,FALSE,FALSE,arjunan_2023_stress_ex007,FALSE,FALSE,FALSE,FALSE,FALSE,FALSE,0.597256698,0.00370642
arjunan_2023_stress,ex007,con004,out010,es016,Yes,"3 experimental groups: Early gestational, late gestational and full-term gestational","Impacts of Maternal Noise Exposure on Risk of Stillbirth
and Oxidative Stress-Induced Neurobehavioral Changes
in Offspring",10.3390/stresses3030037,Stresses,,Rattus norvegicus,albino rat,Wistar albino rat,,not reported 160-180g,late,day 11-21,11,Intermitent,4,h,Ultrasound,Ultrasound,100,"0-2,000",Unclear,,,male,45,,none,,Anxiety,Open Field Test (OFT),locomotion and emotional status,Time in peripheral square,time,s,Not reported,Figure 3B,arjunan_2023_stress_fig3B_per,Con_per,Lgs_per,con_lgs_per,Independent,No,Positive,"reduced time spent in the central square indicated
the fear and anxiety-like behavior",71.74,28.21,6,11.52,,170.48,10.75,6,4.39,,,,,,,,,,yes - recheck!,"legend says ""The data represent the mean ± SD"", but the values look like SE",,"Done! re-extracted, I swapped the selection in meta-digitise",FALSE,FALSE,FALSE,FALSE,FALSE,FALSE,FALSE,arjunan_2023_stress_ex007,FALSE,FALSE,FALSE,FALSE,FALSE,FALSE,0.85301534,0.026433757
arjunan_2023_stress,ex008,con004,out009,es017,Yes,"3 experimental groups: Early gestational, late gestational and full-term gestational","Impacts of Maternal Noise Exposure on Risk of Stillbirth
and Oxidative Stress-Induced Neurobehavioral Changes
in Offspring",10.3390/stresses3030037,Stresses,,Rattus norvegicus,albino rat,Wistar albino rat,,not reported 160-180g,"early, mid, late",day 1-21,21,Intermitent,4,h,Ultrasound,Ultrasound,100,"0-2,000",Unclear,,,male,45,,none,,Anxiety,Open Field Test (OFT),locomotion and emotional status,Time in central square,time,s,Not reported,Figure 3B,arjunan_2023_stress_fig3B_cen,Con_cen,Fgs_cen,con_fgs_cen,Independent,Yes,Negative,"reduced time spent in the central square indicated
the fear and anxiety-like behavior",225.39,25.92,6,10.58,,93.46,11.78,6,4.81,,,,,,,,,,yes - recheck!,"legend says ""The data represent the mean ± SD"", but the values look like SE",,"Done! re-extracted, I swapped the selection in meta-digitise",FALSE,FALSE,FALSE,FALSE,FALSE,FALSE,FALSE,arjunan_2023_stress_ex008,FALSE,FALSE,FALSE,FALSE,FALSE,FALSE,0.880076886,0.004852008
arjunan_2023_stress,ex008,con004,out010,es018,Yes,"3 experimental groups: Early gestational, late gestational and full-term gestational","Impacts of Maternal Noise Exposure on Risk of Stillbirth
and Oxidative Stress-Induced Neurobehavioral Changes
in Offspring",10.3390/stresses3030037,Stresses,,Rattus norvegicus,albino rat,Wistar albino rat,,not reported 160-180g,"early, mid, late",day 1-21,21,Intermitent,4,h,Ultrasound,Ultrasound,100,"0-2,000",Unclear,,,male,45,,none,,Anxiety,Open Field Test (OFT),locomotion and emotional status,Time in peripheral square,time,s,Not reported,Figure 3B,arjunan_2023_stress_fig3B_per,Con_per,Fgs_per,con_fgs_per,Independent,No,Positive,"reduced time spent in the central square indicated
the fear and anxiety-like behavior",71.74,28.21,6,11.52,,202.72,12.09,6,4.94,,,,,,,,,,yes - recheck!,"legend says ""The data represent the mean ± SD"", but the values look like SE",,"Done! re-extracted, I swapped the selection in meta-digitise",FALSE,FALSE,FALSE,FALSE,FALSE,FALSE,FALSE,arjunan_2023_stress_ex008,FALSE,FALSE,FALSE,FALSE,FALSE,FALSE,1.026188118,0.026363854
hadizadeh_2018_irjbamedsci,ex009,con005,out011,es019,Yes,"one control, one treatment for females and males","Probiotic supplementation improves the cognitive function and
the anxiety-like behaviors in the stressed rats",10.22038/ijbms.2019.33956.8078,Iranian Journal of Basic Medical Sciences,,Rattus norvegicus,brown rat,Wistar rat,,not reported,late,third trimester,7,Intermitent,4,h,Traffic,Audible,95,,Unclear,,"The control: kept in the noise chamber for the
same period of time without noise exposure",male,45,,The CON and ST groups received drinking water as vehicle,,Anxiety,Elevated Plus Maze (EPM),,Entries into open arms (OAE),percentage,%,Not reported,Figure 2A,hadizadeh_2018_irjbamedsci_fig2A,CON_en,ST_en,CON_ST_en,Independent,Yes,Negative,declined the anxiety-like behavior where the number of open arm entries increased,54.98,7.67,6,3.13,,19.51,3.07,6,1.25,,,,,,,,,,yes - recheck!,exp mean values look too low,,"Done! re-extracted, I swapped the selection in meta-digitise",FALSE,FALSE,FALSE,FALSE,FALSE,FALSE,FALSE,hadizadeh_2018_irjbamedsci_ex009,FALSE,FALSE,FALSE,FALSE,FALSE,FALSE,0.602004151,0.002614199
hadizadeh_2018_irjbamedsci,ex009,con005,out012,es020,Yes,"one control, one treatment for females and males","Probiotic supplementation improves the cognitive function and
the anxiety-like behaviors in the stressed rats",10.22038/ijbms.2019.33956.8078,Iranian Journal of Basic Medical Sciences,,Rattus norvegicus,brown rat,Wistar rat,,not reported,late,third trimester,7,Intermitent,4,h,Traffic,Audible,95,,Unclear,,"The control: kept in the noise chamber for the
same period of time without noise exposure",male,45,,The CON and ST groups received drinking water as vehicle,,Anxiety,Elevated Plus Maze (EPM),,Time in open arms (OAT),percentage,%,Not reported,Figure 2B,hadizadeh_2018_irjbamedsci_fig2B,CON_ti,ST_ti,CON_ST_ti,Independent,Yes,Negative,,41.56,2.9,6,1.18,,17.52,4.35,6,1.78,,,,,,,,,,yes - recheck!,exp mean values look too low,,"Done! re-extracted, I swapped the selection in meta-digitise",FALSE,FALSE,FALSE,FALSE,FALSE,FALSE,FALSE,hadizadeh_2018_irjbamedsci_ex009,FALSE,FALSE,FALSE,FALSE,FALSE,FALSE,0.483803419,0.003219313
abramova_2024_devneur,ex010,con006,out013,es021,No,"one control, one treatment for females and males",Ultrasound-Induced Prenatal Stress: New Possibilities for Modeling Mental Disorders,10.1159/000534687,Developmental Neuroscience,,Rattus norvegicus,brown rat,Wistar rat,16,3 months,"early, mid, late","permanently during the
whole period of gestation (21 days)",21,Continuous,24,Expossed to continuous variable frequencies,Ultrasound,Ultrasound,50,"20,000-45,000",Ambient sound,,"No noise, standars housing conditions",female,70,,none,,Anxiety,Elevated Plus Maze (EPM),They divided in two groups,Time in open arms (OAT),time,s,Light phase,Fig. 2. a,abramova_2024_devneur_fig2a,Con_f_oa,PS_f_oa,Con_PS_f_oa,Independent,Yes,Negative,,45.56,30.7,37,5.05,,27.88,17.52,49,2.5,,results presented as Med (Q1; Q3),,,,,,,,yes,minor edites to extracted text needed,,,FALSE,FALSE,FALSE,FALSE,FALSE,FALSE,FALSE,abramova_2024_devneur_ex010,FALSE,FALSE,FALSE,FALSE,FALSE,FALSE,0.493226893,0.020330882
abramova_2024_devneur,ex011,con007,out013,es022,No,"one control, one treatment for females and males",Ultrasound-Induced Prenatal Stress: New Possibilities for Modeling Mental Disorders,10.1159/000534687,Developmental Neuroscience,,Rattus norvegicus,brown rat,Wistar rat,16,3 months,"early, mid, late","permanently during the
whole period of gestation (21 days)",21,Continuous,24,Expossed to continuous variable frequencies,Ultrasound,Ultrasound,50,"20,000-45,000",Ambient sound,,"No noise, standars housing conditions",male,70,,none,,Anxiety,Elevated Plus Maze (EPM),They divided in two groups,Time in open arms (OAT),time,s,Light phase,Fig. 2. a,abramova_2024_devneur_fig2a,Con_m_oa,PS_m_oa,Con_PS_m_oa,Independent,Yes,Negative,,53.82,29.51,35,4.99,,38.35,24.99,44,3.77,,results presented as Med (Q1; Q3),,,,,,,,yes,minor edites to extracted text needed,,,FALSE,FALSE,FALSE,FALSE,FALSE,FALSE,FALSE,abramova_2024_devneur_ex011,FALSE,FALSE,FALSE,FALSE,FALSE,FALSE,0.338360275,0.018240283
abramova_2024_devneur,ex010,con006,out014,es023,No,"one control, one treatment for females and males",Ultrasound-Induced Prenatal Stress: New Possibilities for Modeling Mental Disorders,10.1159/000534687,Developmental Neuroscience,,Rattus norvegicus,brown rat,Wistar rat,16,3 months,"early, mid, late","permanently during the
whole period of gestation (21 days)",21,Continuous,24,Expossed to continuous variable frequencies,Ultrasound,Ultrasound,50,"20,000-45,000",Ambient sound,,"No noise, standars housing conditions",female,70,,none,,Anxiety,Elevated Plus Maze (EPM),They divided in two groups | Head-dipping,Head-dipping,count,Count,Light phase,Fig. 2. b,abramova_2024_devneur_fig2b,Con_f_hd,PS_f_hd,Con_PS_f_hd,Independent,Yes,Negative,,10.2,5.76,37,0.95,,4.46,3.09,49,0.44,,results presented as Med (Q1; Q3),,,,,,,,yes,minor edites to extracted text needed,,,FALSE,FALSE,FALSE,FALSE,FALSE,FALSE,FALSE,abramova_2024_devneur_ex010,FALSE,FALSE,FALSE,FALSE,FALSE,FALSE,0.826650289,0.018414776
abramova_2024_devneur,ex011,con007,out014,es024,No,"one control, one treatment for females and males",Ultrasound-Induced Prenatal Stress: New Possibilities for Modeling Mental Disorders,10.1159/000534687,Developmental Neuroscience,,Rattus norvegicus,brown rat,Wistar rat,16,3 months,"early, mid, late","permanently during the
whole period of gestation (21 days)",21,Continuous,24,Expossed to continuous variable frequencies,Ultrasound,Ultrasound,50,"20,000-45,000",Ambient sound,,"No noise, standars housing conditions",male,70,,none,,Anxiety,Elevated Plus Maze (EPM),They divided in two groups | Head-dipping,Head-dipping,count,Count,Light phase,Fig. 2. b,abramova_2024_devneur_fig2b,Con_m_hd,PS_m_hd,Con_PS_m_hd,Independent,Yes,Negative,,11.55,6.92,35,1.17,,8.55,5.26,44,0.79,,results presented as Med (Q1; Q3),,,,,,,,yes,minor edites to extracted text needed,,,FALSE,FALSE,FALSE,FALSE,FALSE,FALSE,FALSE,abramova_2024_devneur_ex011,FALSE,FALSE,FALSE,FALSE,FALSE,FALSE,0.301581307,0.018857796
abramova_2024_devneur,ex010,con006,out015,es025,No,"one control, one treatment for females and males",Ultrasound-Induced Prenatal Stress: New Possibilities for Modeling Mental Disorders,10.1159/000534687,Developmental Neuroscience,,Rattus norvegicus,brown rat,Wistar rat,16,3 months,"early, mid, late","permanently during the
whole period of gestation (21 days)",21,Continuous,24,Expossed to continuous variable frequencies,Ultrasound,Ultrasound,50,"20,000-45,000",Ambient sound,,"No noise, standars housing conditions",female,70,,none,,Anxiety,Elevated Plus Maze (EPM),They divided in two groups,Total freezing time,time,s,Light phase,Fig. 2. c,abramova_2024_devneur_fig2c,Con_f_fr,PS_f_fr,Con_PS_f_fr,Independent,No,Positive,,2.59,3.45,37,0.57,,20.84,19.55,49,2.79,,results presented as Med (Q1; Q3),,,,,,,,yes,minor edites to extracted text needed,,,FALSE,FALSE,FALSE,FALSE,FALSE,FALSE,FALSE,abramova_2024_devneur_ex010,FALSE,FALSE,FALSE,FALSE,FALSE,FALSE,2.070218584,0.065915157
abramova_2024_devneur,ex011,con007,out015,es026,No,"one control, one treatment for females and males",Ultrasound-Induced Prenatal Stress: New Possibilities for Modeling Mental Disorders,10.1159/000534687,Developmental Neuroscience,,Rattus norvegicus,brown rat,Wistar rat,16,3 months,"early, mid, late","permanently during the
whole period of gestation (21 days)",21,Continuous,24,Expossed to continuous variable frequencies,Ultrasound,Ultrasound,50,"20,000-45,000",Ambient sound,,"No noise, standars housing conditions",male,70,,none,,Anxiety,Elevated Plus Maze (EPM),They divided in two groups,Total freezing time,time,s,Light phase,Fig. 2. c,abramova_2024_devneur_fig2c,Con_m_fr,PS_m_fr,Con_PS_m_fr,Independent,No,Positive,,1.23,2.02,35,0.34,,3.27,3.72,44,0.56,,results presented as Med (Q1; Q3),,,,,,,,yes,minor edites to extracted text needed,,,FALSE,FALSE,FALSE,FALSE,FALSE,FALSE,FALSE,abramova_2024_devneur_ex011,FALSE,FALSE,FALSE,FALSE,FALSE,FALSE,0.953952663,0.106472086
abramova_2024_devneur,ex010,con006,out016,es027,No,"one control, one treatment for females and males",Ultrasound-Induced Prenatal Stress: New Possibilities for Modeling Mental Disorders,10.1159/000534687,Developmental Neuroscience,,Rattus norvegicus,brown rat,Wistar rat,16,3 months,"early, mid, late","permanently during the
whole period of gestation (21 days)",21,Continuous,24,Expossed to continuous variable frequencies,Ultrasound,Ultrasound,50,"20,000-45,000",Ambient sound,,"No noise, standars housing conditions",female,70,,none,,Anxiety,Elevated Plus Maze (EPM),They divided in two groups,Total grooming time,time,s,Light phase,Fig. 2. d,abramova_2024_devneur_fig2d,Con_f_gd,PS_f_gd,Con_PS_f_gd,Independent,No,Positive,,22.57,14.12,37,2.32,,30.57,22.63,49,3.23,,results presented as Med (Q1; Q3),,,,,,,,yes,minor edites to extracted text needed,,,FALSE,FALSE,FALSE,FALSE,FALSE,FALSE,FALSE,abramova_2024_devneur_ex010,FALSE,FALSE,FALSE,FALSE,FALSE,FALSE,0.30370034,0.021761638
abramova_2024_devneur,ex011,con007,out016,es028,No,"one control, one treatment for females and males",Ultrasound-Induced Prenatal Stress: New Possibilities for Modeling Mental Disorders,10.1159/000534687,Developmental Neuroscience,,Rattus norvegicus,brown rat,Wistar rat,16,3 months,"early, mid, late","permanently during the
whole period of gestation (21 days)",21,Continuous,24,Expossed to continuous variable frequencies,Ultrasound,Ultrasound,50,"20,000-45,000",Ambient sound,,"No noise, standars housing conditions",male,70,,none,,Anxiety,Elevated Plus Maze (EPM),They divided in two groups,Total grooming time,time,s,Light phase,Fig. 2. d,abramova_2024_devneur_fig2d,Con_m_gd,PS_m_gd,Con_PS_m_gd,Independent,No,Positive,,28.31,19.54,35,3.3,,48.4,27.76,44,4.19,,results presented as Med (Q1; Q3),,,,,,,,yes,minor edites to extracted text needed,,,FALSE,FALSE,FALSE,FALSE,FALSE,FALSE,FALSE,abramova_2024_devneur_ex011,FALSE,FALSE,FALSE,FALSE,FALSE,FALSE,0.533217263,0.021087806
abramova_2024_devneur,ex010,con006,out017,es029,No,"one control, one treatment for females and males",Ultrasound-Induced Prenatal Stress: New Possibilities for Modeling Mental Disorders,10.1159/000534687,Developmental Neuroscience,,Rattus norvegicus,brown rat,Wistar rat,16,3 months,"early, mid, late","permanently during the
whole period of gestation (21 days)",21,Continuous,24,Expossed to continuous variable frequencies,Ultrasound,Ultrasound,50,"20,000-45,000",Ambient sound,,"No noise, standars housing conditions",female,70,,none,,Anxiety,Elevated Plus Maze (EPM),They divided in two groups,Mean grooming duration,time,s,Light phase,Fig. 2. e,abramova_2024_devneur_fig2e,Con_f_mg,PS_f_mg,Con_PS_f_mg,Independent,No,Positive,,6.97,3.61,37,0.59,,7.61,4.63,49,0.66,,results presented as Med (Q1; Q3),,,,,,,,yes,minor edites to extracted text needed,,,FALSE,FALSE,FALSE,FALSE,FALSE,FALSE,FALSE,abramova_2024_devneur_ex010,FALSE,FALSE,FALSE,FALSE,FALSE,FALSE,0.088000042,0.014804493
abramova_2024_devneur,ex011,con007,out017,es030,No,"one control, one treatment for females and males",Ultrasound-Induced Prenatal Stress: New Possibilities for Modeling Mental Disorders,10.1159/000534687,Developmental Neuroscience,,Rattus norvegicus,brown rat,Wistar rat,16,3 months,"early, mid, late","permanently during the
whole period of gestation (21 days)",21,Continuous,24,Expossed to continuous variable frequencies,Ultrasound,Ultrasound,50,"20,000-45,000",Ambient sound,,"No noise, standars housing conditions",male,70,,none,,Anxiety,Elevated Plus Maze (EPM),They divided in two groups,Mean grooming duration,time,s,Light phase,Fig. 2. e,abramova_2024_devneur_fig2e,Con_m_mg,PS_m_mg,Con_PS_m_mg,Independent,No,Positive,,7.13,4.67,35,0.79,,12.15,7.17,44,1.08,,results presented as Med (Q1; Q3),,,,,,,,yes,minor edites to extracted text needed,,,FALSE,FALSE,FALSE,FALSE,FALSE,FALSE,FALSE,abramova_2024_devneur_ex011,FALSE,FALSE,FALSE,FALSE,FALSE,FALSE,0.530846738,0.020171745
abramova_2024_devneur,ex010,con006,out018,es031,No,"one control, one treatment for females and males",Ultrasound-Induced Prenatal Stress: New Possibilities for Modeling Mental Disorders,10.1159/000534687,Developmental Neuroscience,,Rattus norvegicus,brown rat,Wistar rat,16,3 months,"early, mid, late","permanently during the
whole period of gestation (21 days)",21,Continuous,24,Expossed to continuous variable frequencies,Ultrasound,Ultrasound,50,"20,000-45,000",Ambient sound,,"No noise, standars housing conditions",female,74,,none,,Anxiety,Open Field Test (OFT),They divided in two groups,Center entries (crossing),count,Count,Light phase,Fig. 3. a,abramova_2024_devneur_fig3a,Con_f_ce,PS_f_ce,Con_PS_f_ce,Independent,Yes,Negative,,2.46,1.21,37,0.2,,2.2,1.91,49,0.27,,results presented as Med (Q1; Q3),,,,,,,,yes,minor edites to extracted text needed,,,FALSE,FALSE,FALSE,FALSE,FALSE,FALSE,FALSE,abramova_2024_devneur_ex010,FALSE,FALSE,FALSE,FALSE,FALSE,FALSE,0.107282174,0.021921254
abramova_2024_devneur,ex011,con007,out018,es032,No,"one control, one treatment for females and males",Ultrasound-Induced Prenatal Stress: New Possibilities for Modeling Mental Disorders,10.1159/000534687,Developmental Neuroscience,,Rattus norvegicus,brown rat,Wistar rat,16,3 months,"early, mid, late","permanently during the
whole period of gestation (21 days)",21,Continuous,24,Expossed to continuous variable frequencies,Ultrasound,Ultrasound,50,"20,000-45,000",Ambient sound,,"No noise, standars housing conditions",male,74,,none,,Anxiety,Open Field Test (OFT),They divided in two groups,Center entries (crossing),count,Count,Light phase,Fig. 3. a,abramova_2024_devneur_fig3a,Con_m_ce,PS_m_ce,Con_PS_m_ce,Independent,Yes,Negative,,2.87,1.49,35,0.25,,1.48,1.35,44,0.2,,results presented as Med (Q1; Q3),,,,,,,,yes,minor edites to extracted text needed,,,FALSE,FALSE,FALSE,FALSE,FALSE,FALSE,FALSE,abramova_2024_devneur_ex011,FALSE,FALSE,FALSE,FALSE,FALSE,FALSE,0.656665387,0.026610882
abramova_2024_devneur,ex010,con006,out019,es033,No,"one control, one treatment for females and males",Ultrasound-Induced Prenatal Stress: New Possibilities for Modeling Mental Disorders,10.1159/000534687,Developmental Neuroscience,,Rattus norvegicus,brown rat,Wistar rat,16,3 months,"early, mid, late","permanently during the
whole period of gestation (21 days)",21,Continuous,24,Expossed to continuous variable frequencies,Ultrasound,Ultrasound,50,"20,000-45,000",Ambient sound,,"No noise, standars housing conditions",female,74,,none,,Anxiety,Open Field Test (OFT),They divided in two groups,Rearing frequency,count,Count,Light phase,Fig. 3. c,abramova_2024_devneur_fig3b,Con_f_re,PS_f_re,Con_PS_f_re,Independent,Yes,Negative,,21.48,5.57,37,0.92,,23.44,10.99,49,1.57,,results presented as Med (Q1; Q3),,,,,,,,yes,minor edites to extracted text needed,,,FALSE,FALSE,FALSE,FALSE,FALSE,FALSE,FALSE,abramova_2024_devneur_ex010,FALSE,FALSE,FALSE,FALSE,FALSE,FALSE,-0.088656145,0.006303613
abramova_2024_devneur,ex011,con007,out019,es034,No,"one control, one treatment for females and males",Ultrasound-Induced Prenatal Stress: New Possibilities for Modeling Mental Disorders,10.1159/000534687,Developmental Neuroscience,,Rattus norvegicus,brown rat,Wistar rat,16,3 months,"early, mid, late","permanently during the
whole period of gestation (21 days)",21,Continuous,24,Expossed to continuous variable frequencies,Ultrasound,Ultrasound,50,"20,000-45,000",Ambient sound,,"No noise, standars housing conditions",male,74,,none,,Anxiety,Open Field Test (OFT),They divided in two groups,Rearing frequency,count,Count,Light phase,Fig. 3. c,abramova_2024_devneur_fig3b,Con_m_re,PS_m_re,Con_PS_m_re,Independent,Yes,Negative,,21.46,9.73,35,1.64,,15.37,8.01,44,1.21,,results presented as Med (Q1; Q3),,,,,,,,yes,minor edites to extracted text needed,,,FALSE,FALSE,FALSE,FALSE,FALSE,FALSE,FALSE,abramova_2024_devneur_ex011,FALSE,FALSE,FALSE,FALSE,FALSE,FALSE,0.333623663,0.012046067
abramova_2024_devneur,ex010,con006,out020,es035,No,"one control, one treatment for females and males",Ultrasound-Induced Prenatal Stress: New Possibilities for Modeling Mental Disorders,10.1159/000534687,Developmental Neuroscience,,Rattus norvegicus,brown rat,Wistar rat,16,3 months,"early, mid, late","permanently during the
whole period of gestation (21 days)",21,Continuous,24,Expossed to continuous variable frequencies,Ultrasound,Ultrasound,50,"20,000-45,000",Ambient sound,,"No noise, standars housing conditions",female,74,,none,,Anxiety,Open Field Test (OFT),They divided in two groups,Sections crossed,count,Count,Light phase,Fig. 3. b,abramova_2024_devneur_fig3c,Con_f_cs,PS_f_cs,Con_PS_f_cs,Independent,Yes,Negative,,50.7,14.38,37,2.36,,44.22,17.61,49,2.52,,results presented as Med (Q1; Q3),,,,,,,,yes,minor edites to extracted text needed,,,FALSE,FALSE,FALSE,FALSE,FALSE,FALSE,FALSE,abramova_2024_devneur_ex010,FALSE,FALSE,FALSE,FALSE,FALSE,FALSE,0.136217551,0.005410774
abramova_2024_devneur,ex011,con007,out020,es036,No,"one control, one treatment for females and males",Ultrasound-Induced Prenatal Stress: New Possibilities for Modeling Mental Disorders,10.1159/000534687,Developmental Neuroscience,,Rattus norvegicus,brown rat,Wistar rat,16,3 months,"early, mid, late","permanently during the
whole period of gestation (21 days)",21,Continuous,24,Expossed to continuous variable frequencies,Ultrasound,Ultrasound,50,"20,000-45,000",Ambient sound,,"No noise, standars housing conditions",male,74,,none,,Anxiety,Open Field Test (OFT),They divided in two groups,Sections crossed,count,Count,Light phase,Fig. 3. b,abramova_2024_devneur_fig3c,Con_m_cs,PS_m_cs,Con_PS_m_cs,Independent,Yes,Negative,,45.52,13.15,35,2.22,,32.55,13.67,44,2.06,,results presented as Med (Q1; Q3),,,,,,,,yes,minor edites to extracted text needed,,,FALSE,FALSE,FALSE,FALSE,FALSE,FALSE,FALSE,abramova_2024_devneur_ex011,FALSE,FALSE,FALSE,FALSE,FALSE,FALSE,0.334562369,0.006392904
abramova_2024_devneur,ex010,con006,out021,es037,No,"one control, one treatment for females and males",Ultrasound-Induced Prenatal Stress: New Possibilities for Modeling Mental Disorders,10.1159/000534687,Developmental Neuroscience,,Rattus norvegicus,brown rat,Wistar rat,16,3 months,"early, mid, late","permanently during the
whole period of gestation (21 days)",21,Continuous,24,Expossed to continuous variable frequencies,Ultrasound,Ultrasound,50,"20,000-45,000",Ambient sound,,"No noise, standars housing conditions",female,74,,none,,Anxiety,Open Field Test (OFT),They divided in two groups,Total freezing time,time,s,Light phase,Fig. 3. d,abramova_2024_devneur_fig3d,Con_f_fr,PS_f_fr,Con_PS_f_fr,Independent,No,Positive,,10.51,10.74,37,1.76,,31.13,30.81,49,4.4,,results presented as Med (Q1; Q3),,,,,,,,yes,minor edites to extracted text needed,,,FALSE,FALSE,FALSE,FALSE,FALSE,FALSE,FALSE,abramova_2024_devneur_ex010,FALSE,FALSE,FALSE,FALSE,FALSE,FALSE,1.081728732,0.048213634
abramova_2024_devneur,ex011,con007,out021,es038,No,"one control, one treatment for females and males",Ultrasound-Induced Prenatal Stress: New Possibilities for Modeling Mental Disorders,10.1159/000534687,Developmental Neuroscience,,Rattus norvegicus,brown rat,Wistar rat,16,3 months,"early, mid, late","permanently during the
whole period of gestation (21 days)",21,Continuous,24,Expossed to continuous variable frequencies,Ultrasound,Ultrasound,50,"20,000-45,000",Ambient sound,,"No noise, standars housing conditions",male,74,,none,,Anxiety,Open Field Test (OFT),They divided in two groups,Total freezing time,time,s,Light phase,Fig. 3. d,abramova_2024_devneur_fig3d,Con_m_fr,PS_m_fr,Con_PS_m_fr,Independent,No,Positive,,17.03,15.77,35,2.67,,51.69,49.02,44,7.39,,results presented as Med (Q1; Q3),,,,,,,,yes,minor edites to extracted text needed,,,FALSE,FALSE,FALSE,FALSE,FALSE,FALSE,FALSE,abramova_2024_devneur_ex011,FALSE,FALSE,FALSE,FALSE,FALSE,FALSE,1.108257845,0.044939997
abramova_2024_devneur,ex010,con006,out022,es039,No,"one control, one treatment for females and males",Ultrasound-Induced Prenatal Stress: New Possibilities for Modeling Mental Disorders,10.1159/000534687,Developmental Neuroscience,,Rattus norvegicus,brown rat,Wistar rat,16,3 months,"early, mid, late","permanently during the
whole period of gestation (21 days)",21,Continuous,24,Expossed to continuous variable frequencies,Ultrasound,Ultrasound,50,"20,000-45,000",Ambient sound,,"No noise, standars housing conditions",female,74,,none,,Anxiety,Open Field Test (OFT),They divided in two groups,Total grooming time,time,s,Light phase,Fig. 3. e,abramova_2024_devneur_fig3e,Con_f_grd,PS_f_grd,Con_PS_f_grd,Independent,No,Positive,,25.07,13.32,37,2.19,,29.12,17.2,49,2.46,,results presented as Med (Q1; Q3),,,,,,,,yes,minor edites to extracted text needed,,,FALSE,FALSE,FALSE,FALSE,FALSE,FALSE,FALSE,abramova_2024_devneur_ex010,FALSE,FALSE,FALSE,FALSE,FALSE,FALSE,0.149498528,0.014749503
abramova_2024_devneur,ex011,con007,out022,es040,No,"one control, one treatment for females and males",Ultrasound-Induced Prenatal Stress: New Possibilities for Modeling Mental Disorders,10.1159/000534687,Developmental Neuroscience,,Rattus norvegicus,brown rat,Wistar rat,16,3 months,"early, mid, late","permanently during the
whole period of gestation (21 days)",21,Continuous,24,Expossed to continuous variable frequencies,Ultrasound,Ultrasound,50,"20,000-45,000",Ambient sound,,"No noise, standars housing conditions",male,74,,none,,Anxiety,Open Field Test (OFT),They divided in two groups,Total grooming time,time,s,Light phase,Fig. 3. e,abramova_2024_devneur_fig3e,Con_m_grd,PS_m_grd,Con_PS_m_grd,Independent,No,Positive,,17.34,8.33,35,1.41,,40.38,25.3,44,3.81,,results presented as Med (Q1; Q3),,,,,,,,yes,minor edites to extracted text needed,,,FALSE,FALSE,FALSE,FALSE,FALSE,FALSE,FALSE,abramova_2024_devneur_ex011,FALSE,FALSE,FALSE,FALSE,FALSE,FALSE,0.846482766,0.015515485
abramova_2024_devneur,ex010,con006,out023,es041,No,"one control, one treatment for females and males",Ultrasound-Induced Prenatal Stress: New Possibilities for Modeling Mental Disorders,10.1159/000534687,Developmental Neuroscience,,Rattus norvegicus,brown rat,Wistar rat,16,3 months,"early, mid, late","permanently during the
whole period of gestation (21 days)",21,Continuous,24,Expossed to continuous variable frequencies,Ultrasound,Ultrasound,50,"20,000-45,000",Ambient sound,,"No noise, standars housing conditions",female,74,,none,,Anxiety,Open Field Test (OFT),They divided in two groups,Grooming frequency,count,Count,Light phase,Fig. 3. f,abramova_2024_devneur_fig3f,Con_f_gf,PS_f_gf,Con_PS_f_gf,Independent,No,Positive,,3.62,2.13,37,0.35,,4.49,2.18,49,0.31,,results presented as Med (Q1; Q3),,,,,,,,yes,minor edites to extracted text needed,,,FALSE,FALSE,FALSE,FALSE,FALSE,FALSE,FALSE,abramova_2024_devneur_ex010,FALSE,FALSE,FALSE,FALSE,FALSE,FALSE,0.213105574,0.014167957
abramova_2024_devneur,ex011,con007,out023,es042,No,"one control, one treatment for females and males",Ultrasound-Induced Prenatal Stress: New Possibilities for Modeling Mental Disorders,10.1159/000534687,Developmental Neuroscience,,Rattus norvegicus,brown rat,Wistar rat,16,3 months,"early, mid, late","permanently during the
whole period of gestation (21 days)",21,Continuous,24,Expossed to continuous variable frequencies,Ultrasound,Ultrasound,50,"20,000-45,000",Ambient sound,,"No noise, standars housing conditions",male,74,,none,,Anxiety,Open Field Test (OFT),They divided in two groups,Grooming frequency,count,Count,Light phase,Fig. 3. f,abramova_2024_devneur_fig3f,Con_m_gf,PS_m_gf,Con_PS_m_gf,Independent,No,Positive,,3.17,1.5,35,0.25,,4.46,2.78,44,0.42,,results presented as Med (Q1; Q3),,,,,,,,yes,minor edites to extracted text needed,,,FALSE,FALSE,FALSE,FALSE,FALSE,FALSE,FALSE,abramova_2024_devneur_ex011,FALSE,FALSE,FALSE,FALSE,FALSE,FALSE,0.3426336,0.015227421
abramova_2024_devneur,ex010,con006,out024,es043,No,"one control, one treatment for females and males",Ultrasound-Induced Prenatal Stress: New Possibilities for Modeling Mental Disorders,10.1159/000534687,Developmental Neuroscience,,Rattus norvegicus,brown rat,Wistar rat,16,3 months,"early, mid, late","permanently during the
whole period of gestation (21 days)",21,Continuous,24,Expossed to continuous variable frequencies,Ultrasound,Ultrasound,50,"20,000-45,000",Ambient sound,,"No noise, standars housing conditions",female,95,,none,,Depression,Forced Swimming Test (FST),,Total immobility time,time,s,Light phase,Fig.4. a,abramova_2024_devneur_fig4a,Con_f_ti,PS_f_ti,Con_PS_f_ti,Independent,No,Positive,,49.76,27.37,14,7.32,,86.12,19.43,13,5.39,,,,,,,,,,yes,minor edites to extracted text needed,,,FALSE,FALSE,FALSE,FALSE,FALSE,FALSE,FALSE,abramova_2024_devneur_ex010,FALSE,FALSE,FALSE,FALSE,FALSE,FALSE,0.539682855,0.025525864
abramova_2024_devneur,ex011,con007,out024,es044,No,"one control, one treatment for females and males",Ultrasound-Induced Prenatal Stress: New Possibilities for Modeling Mental Disorders,10.1159/000534687,Developmental Neuroscience,,Rattus norvegicus,brown rat,Wistar rat,16,3 months,"early, mid, late","permanently during the
whole period of gestation (21 days)",21,Continuous,24,Expossed to continuous variable frequencies,Ultrasound,Ultrasound,50,"20,000-45,000",Ambient sound,,"No noise, standars housing conditions",male,95,,none,,Depression,Forced Swimming Test (FST),,Total immobility time,time,s,Light phase,Fig.4. a,abramova_2024_devneur_fig4a,Con_m_ti,PS_m_ti,Con_PS_m_ti,Independent,No,Positive,,103.97,44.65,12,12.89,,128.29,46.06,14,12.31,,,,,,,,,,yes,minor edites to extracted text needed,,,FALSE,FALSE,FALSE,FALSE,FALSE,FALSE,FALSE,abramova_2024_devneur_ex011,FALSE,FALSE,FALSE,FALSE,FALSE,FALSE,0.207110101,0.02457634
abramova_2024_devneur,ex010,con006,out025,es045,No,"one control, one treatment for females and males",Ultrasound-Induced Prenatal Stress: New Possibilities for Modeling Mental Disorders,10.1159/000534687,Developmental Neuroscience,,Rattus norvegicus,brown rat,Wistar rat,16,3 months,"early, mid, late","permanently during the
whole period of gestation (21 days)",21,Continuous,24,Expossed to continuous variable frequencies,Ultrasound,Ultrasound,50,"20,000-45,000",Ambient sound,,"No noise, standars housing conditions",female,80,,none,,Depression,Sucrose Preference Test (SPT),,Sucrose preference index,index,%,Light phase,author's email,,Con_f_su,PS_f_su,Con_PS_f_su,Independent,Yes,Negative,,52.8,26.15587888,37,4.3,,59.8,37.8,49,5.4,,"They reported significance in the paper, the author send me the stats output",,,,,,,,yes,checks and minor edites to extracted text needed,,,FALSE,FALSE,TRUE,TRUE,FALSE,FALSE,FALSE,abramova_2024_devneur_ex010,FALSE,FALSE,TRUE,TRUE,FALSE,FALSE,-0.125255418,0.014786646
abramova_2024_devneur,ex011,con007,out025,es046,No,"one control, one treatment for females and males",Ultrasound-Induced Prenatal Stress: New Possibilities for Modeling Mental Disorders,10.1159/000534687,Developmental Neuroscience,,Rattus norvegicus,brown rat,Wistar rat,16,3 months,"early, mid, late","permanently during the
whole period of gestation (21 days)",21,Continuous,24,Expossed to continuous variable frequencies,Ultrasound,Ultrasound,50,"20,000-45,000",Ambient sound,,"No noise, standars housing conditions",male,80,,none,,Depression,Sucrose Preference Test (SPT),,Sucrose preference index,index,%,Light phase,author's email,,Con_m_su,PS_m_su,Con_PS_m_su,Independent,Yes,Negative,,54.8,30.76361487,35,5.2,,57.8,28.5229732,44,4.3,,"They reported significance in the paper, the author send me the stats output",,,,,,,,yes,checks and minor edites to extracted text needed,,,FALSE,FALSE,TRUE,TRUE,FALSE,FALSE,FALSE,abramova_2024_devneur_ex011,FALSE,FALSE,TRUE,TRUE,FALSE,FALSE,-0.051563745,0.014538745
oliveira_2015_jbehavbraisci,ex012,con008,out026,es047,Yes,"They used the elevated T Maze, where they measured anxiety in 3 days trials, and fear from anxiety in one trial",Intrauterine Exposure to Chronic 22 kHz Sound Affects Inhibitory Avoidance and Serotonergic Parameters in Forebrain Areas of Dams and Rat Offspring,10.4236/jbbs.2015.52003,Journal of Behavioral and Brain Science,,Rattus norvegicus,brown rat,Wistar rat,16,3 months,"early, mid, late",,19,Intermitent,1,h,Ultrasound,Ultrasound,65,"22,000",Silence,,Control placed in an acoustical isolation box for the same period of time,male,60,,none,,Anxiety,Elevated T Maze (ETM),Multiple time points,Avoidance latency,latency,s,Light phase,Figure 2. b,oliveira_2015_jbehavbraisci_fig2b,C_BL,IE_BL,C_IE_BL,Dependent,No,Positive,,9.33,25.13,12,7.25,,6.22,14.36,12,4.15,,,,,,,,,,yes,,,,FALSE,FALSE,FALSE,FALSE,FALSE,FALSE,FALSE,oliveira_2015_jbehavbraisci_ex012,FALSE,FALSE,FALSE,FALSE,FALSE,FALSE,-0.485662034,0.530533509
oliveira_2015_jbehavbraisci,ex012,con008,out026,es048,Yes,"They used the elevated T Maze, where they measured anxiety in 3 days trials, and fear from anxiety in one trial",Intrauterine Exposure to Chronic 22 kHz Sound Affects Inhibitory Avoidance and Serotonergic Parameters in Forebrain Areas of Dams and Rat Offspring,10.4236/jbbs.2015.52003,Journal of Behavioral and Brain Science,,Rattus norvegicus,brown rat,Wistar rat,16,3 months,"early, mid, late",,19,Intermitent,1,h,Ultrasound,Ultrasound,65,"22,000",Silence,,Control placed in an acoustical isolation box for the same period of time,male,60,,none,,Anxiety,Elevated T Maze (ETM),Multiple time points,Avoidance latency,latency,s,Light phase,Figure 2. b,oliveira_2015_jbehavbraisci_fig2b,C_A1,IE_A1,C_IE_A1,Dependent,No,Positive,,56.48,118.46,12,34.2,,86.53,131.03,12,37.82,,,,,,,,,,yes,,,,FALSE,FALSE,FALSE,FALSE,FALSE,FALSE,FALSE,oliveira_2015_jbehavbraisci_ex012,FALSE,FALSE,FALSE,FALSE,FALSE,FALSE,0.338855416,0.293001513
oliveira_2015_jbehavbraisci,ex012,con008,out026,es049,Yes,"They used the elevated T Maze, where they measured anxiety in 3 days trials, and fear from anxiety in one trial",Intrauterine Exposure to Chronic 22 kHz Sound Affects Inhibitory Avoidance and Serotonergic Parameters in Forebrain Areas of Dams and Rat Offspring,10.4236/jbbs.2015.52003,Journal of Behavioral and Brain Science,,Rattus norvegicus,brown rat,Wistar rat,16,3 months,"early, mid, late",,19,Intermitent,1,h,Ultrasound,Ultrasound,65,"22,000",Silence,,Control placed in an acoustical isolation box for the same period of time,male,60,,none,,Anxiety,Elevated T Maze (ETM),Multiple time points,Avoidance latency,latency,s,Light phase,Figure 2. b,oliveira_2015_jbehavbraisci_fig2b,C_A2,IE_A2,C_IE_A2,Dependent,No,Positive,,103.11,129.23,12,37.31,,136.27,147.18,12,42.49,,,,,,,,,,yes,,,,FALSE,FALSE,FALSE,FALSE,FALSE,FALSE,FALSE,oliveira_2015_jbehavbraisci_ex012,FALSE,FALSE,FALSE,FALSE,FALSE,FALSE,0.261996744,0.115306978
oliveira_2015_jbehavbraisci,ex012,con008,out027,es050,Yes,"They used the elevated T Maze, where they measured anxiety in 3 days trials, and fear from anxiety in one trial",Intrauterine Exposure to Chronic 22 kHz Sound Affects Inhibitory Avoidance and Serotonergic Parameters in Forebrain Areas of Dams and Rat Offspring,10.4236/jbbs.2015.52003,Journal of Behavioral and Brain Science,,Rattus norvegicus,brown rat,Wistar rat,16,3 months,"early, mid, late",,19,Intermitent,1,h,Ultrasound,Ultrasound,65,"22,000",Silence,,Control placed in an acoustical isolation box for the same period of time,male,60,,none,,Anxiety,Elevated T Maze (ETM),Multiple time points: escape latency (time in open arms),Escape latency,latency,s,Light phase,Figure 3. b,oliveira_2015_jbehavbraisci_fig3b,C_F1,IE_F1,C_IE_F1,Dependent,Yes,Negative,,5.34,3.86,12,1.11,,6.54,8.21,12,2.37,,,,,,,,,,yes,,,,FALSE,FALSE,FALSE,FALSE,FALSE,FALSE,FALSE,oliveira_2015_jbehavbraisci_ex012,FALSE,FALSE,FALSE,FALSE,FALSE,FALSE,-0.246603215,0.099249027
oliveira_2015_jbehavbraisci,ex012,con008,out027,es051,Yes,"They used the elevated T Maze, where they measured anxiety in 3 days trials, and fear from anxiety in one trial",Intrauterine Exposure to Chronic 22 kHz Sound Affects Inhibitory Avoidance and Serotonergic Parameters in Forebrain Areas of Dams and Rat Offspring,10.4236/jbbs.2015.52003,Journal of Behavioral and Brain Science,,Rattus norvegicus,brown rat,Wistar rat,16,3 months,"early, mid, late",,19,Intermitent,1,h,Ultrasound,Ultrasound,65,"22,000",Silence,,Control placed in an acoustical isolation box for the same period of time,male,60,,none,,Anxiety,Elevated T Maze (ETM),Multiple time points: escape latency (time in open arms),Escape latency,latency,s,Light phase,Figure 3. b,oliveira_2015_jbehavbraisci_fig3b,C_F2,IE_F2,C_IE_F2,Dependent,Yes,Negative,,6.8,8.02,12,2.31,,6.6,4.06,12,1.17,,,,,,,,,,yes,,,,FALSE,FALSE,FALSE,FALSE,FALSE,FALSE,FALSE,oliveira_2015_jbehavbraisci_ex012,FALSE,FALSE,FALSE,FALSE,FALSE,FALSE,0.07204466,0.086992214
oliveira_2015_jbehavbraisci,ex012,con008,out027,es052,Yes,"They used the elevated T Maze, where they measured anxiety in 3 days trials, and fear from anxiety in one trial",Intrauterine Exposure to Chronic 22 kHz Sound Affects Inhibitory Avoidance and Serotonergic Parameters in Forebrain Areas of Dams and Rat Offspring,10.4236/jbbs.2015.52003,Journal of Behavioral and Brain Science,,Rattus norvegicus,brown rat,Wistar rat,16,3 months,"early, mid, late",,19,Intermitent,1,h,Ultrasound,Ultrasound,65,"22,000",Silence,,Control placed in an acoustical isolation box for the same period of time,male,60,,none,,Anxiety,Elevated T Maze (ETM),Multiple time points: escape latency (time in open arms),Escape latency,latency,s,Light phase,Figure 3. b,oliveira_2015_jbehavbraisci_fig3b,C_F3,IE_F3,C_IE_F3,Dependent,Yes,Negative,,6.46,7.72,12,2.23,,13.2,15.44,12,4.46,,,,,,,,,,yes,,,,FALSE,FALSE,FALSE,FALSE,FALSE,FALSE,FALSE,oliveira_2015_jbehavbraisci_ex012,FALSE,FALSE,FALSE,FALSE,FALSE,FALSE,-0.712089804,0.1165404
pavlov_2023_molsci,ex013,con009,out028,es053,Yes,One control and one treatment,"Maternal Chronic Ultrasound Stress Provokes Immune
Activation and Behavioral Deficits in the Offspring: A Mouse
Model of Neurodevelopmental Pathology",10.3390/ijms241411712,International Journal of Molecular Sciences,,Mus musculus,albino house mouse,BALB/c mice,16,3 months,"early, mid, late",,21,Continuous,24,Varying frequencies. Mice in an accustically isolated room,Ultrasound,Ultrasound,50,"20,000-45,000",Unclear,,,female,60,2 months,none,,Depression,Sucrose Preference Test (SPT),,Sucrose preference index,index,%,Dark phase,Figure 4A,pavlov_2023_molsci_Fig4A,NonSt_su,US_su,NonSt_US_su,Independent,Yes,Negative,higher anhedonia is better,71.6,9.72,10,3.07,,40.48,13.49,14,3.61,,,Visual estimations: you can't see the median in the violin plot,,,,,,,yes,,,,FALSE,FALSE,FALSE,FALSE,FALSE,FALSE,FALSE,pavlov_2023_molsci_ex013,FALSE,FALSE,FALSE,FALSE,FALSE,FALSE,0.567242215,0.009775507
pavlov_2023_molsci,ex013,con009,out029,es054,Yes,One control and one treatment,"Maternal Chronic Ultrasound Stress Provokes Immune
Activation and Behavioral Deficits in the Offspring: A Mouse
Model of Neurodevelopmental Pathology",10.3390/ijms241411712,International Journal of Molecular Sciences,,Mus musculus,albino house mouse,BALB/c mice,16,3 months,"early, mid, late",,21,Continuous,24,Varying frequencies. Mice in an accustically isolated room,Ultrasound,Ultrasound,50,"20,000-45,000",Unclear,,,female,60,2 months,none,,Anxiety,Open Field Test (OFT),,Sections crossed,count,Count,Dark phase,Figure 4C,pavlov_2023_molsci_Fig4C,NonSt_sq,US_sq,NonSt_US_sq,Independent,Yes,Negative,,10.55,6.17,10,1.95,,6.4,3.17,14,0.85,,,,,,,,,,yes,,,,FALSE,FALSE,FALSE,FALSE,FALSE,FALSE,FALSE,pavlov_2023_molsci_ex013,FALSE,FALSE,FALSE,FALSE,FALSE,FALSE,0.508167472,0.051726986
pavlov_2023_molsci,ex013,con009,out030,es055,Yes,One control and one treatment,"Maternal Chronic Ultrasound Stress Provokes Immune
Activation and Behavioral Deficits in the Offspring: A Mouse
Model of Neurodevelopmental Pathology",10.3390/ijms241411712,International Journal of Molecular Sciences,,Mus musculus,albino house mouse,BALB/c mice,16,3 months,"early, mid, late",,21,Continuous,24,Varying frequencies. Mice in an accustically isolated room,Ultrasound,Ultrasound,50,"20,000-45,000",Unclear,,,female,60,2 months,none,,Anxiety,Open Field Test (OFT),,Time in central square,time,s,Dark phase,Figure 4D,pavlov_2023_molsci_Fig4D,NonSt_csq,US_csq,NonSt_US_csq,Independent,Yes,Negative,,71.66,17.5,10,5.53,,25.99,11.15,14,2.98,,,,,,,,,,yes,,,,FALSE,FALSE,FALSE,FALSE,FALSE,FALSE,FALSE,pavlov_2023_molsci_ex013,FALSE,FALSE,FALSE,FALSE,FALSE,FALSE,1.010629524,0.019110262
pavlov_2023_molsci,ex013,con009,out031,es056,Yes,One control and one treatment,"Maternal Chronic Ultrasound Stress Provokes Immune
Activation and Behavioral Deficits in the Offspring: A Mouse
Model of Neurodevelopmental Pathology",10.3390/ijms241411712,International Journal of Molecular Sciences,,Mus musculus,albino house mouse,BALB/c mice,16,3 months,"early, mid, late",,21,Continuous,24,Varying frequencies. Mice in an accustically isolated room,Ultrasound,Ultrasound,50,"20,000-45,000",Unclear,,,female,60,2 months,none,,Anxiety,Elevated Plus Maze (EPM),,Time in open arms (OAT),time,s,Dark phase,Figure 4E,pavlov_2023_molsci_Fig4E,NonSt_oat,US_oat,NonSt_US_oat,Independent,Yes,Negative,,69.17,20.84,10,6.59,,25.42,9.56,14,2.55,,,,,,,,,,yes,,,,FALSE,FALSE,FALSE,FALSE,FALSE,FALSE,FALSE,pavlov_2023_molsci_ex013,FALSE,FALSE,FALSE,FALSE,FALSE,FALSE,1.000518319,0.019180048
pavlov_2023_molsci,ex013,con009,out032,es057,Yes,One control and one treatment,"Maternal Chronic Ultrasound Stress Provokes Immune
Activation and Behavioral Deficits in the Offspring: A Mouse
Model of Neurodevelopmental Pathology",10.3390/ijms241411712,International Journal of Molecular Sciences,,Mus musculus,albino house mouse,BALB/c mice,16,3 months,"early, mid, late",,21,Continuous,24,Varying frequencies. Mice in an accustically isolated room,Ultrasound,Ultrasound,50,"20,000-45,000",Unclear,,,female,60,2 months,none,,Anxiety,Elevated Plus Maze (EPM),,Entries into open arms (OAE),count,Count,Dark phase,Figure 4F,pavlov_2023_molsci_Fig4F,NonSt_oae,US_oae,NonSt_US_oae,Independent,Yes,Negative,,13.27,5.44,10,1.72,,8.68,4.23,14,1.13,,,,,,,,,,yes,,,,FALSE,FALSE,FALSE,FALSE,FALSE,FALSE,FALSE,pavlov_2023_molsci_ex013,FALSE,FALSE,FALSE,FALSE,FALSE,FALSE,0.42440545,0.033769088
nishio_2006_intjdevlneur,ex014,con010,out033,es058,Yes,"one female, one male and one control group per sex",Effects of perinatal stress on the anxiety-related behavior of  the adolescence mouse,10.1016/j.ijdevneu.2006.02.003,International Journal of Developemental Neuroscience,,Mus musculus,albino house mouse,ddY mice,,not reported,"mid, late",day 10 to 18,9,Intermitent,0.25,15 min,Other/Unclear,Unclear,90,,Unclear,,No information,male,35,5 weeks,none,,Anxiety,Elevated Plus Maze (EPM),"To balance for potential locomotion biases, the number of entries and time on the open-arms
was expressed as a percentage of the total number of entries to all arms, or of the
time spent in all arms, respectively ((open/[close + open]) 100). The absolute
number of closed-arm entries was measured to dissociate the effect of the
treatment on anxiety and general motor activity.",Time in open arms (OAT),percentage,%,Not reported,Fig. 2a,nishio_2006_intjdevlneur_fig2a,pre_n_m_oat,pre_so_m_oat,pre_n_m_oat,Independent,Yes,Negative,,27.16,13.81,5,6.17,,24.15,7.94,5,3.55,,,,,,,,,,yes,,,,FALSE,FALSE,FALSE,FALSE,FALSE,FALSE,FALSE,nishio_2006_intjdevlneur_ex014,FALSE,FALSE,FALSE,FALSE,FALSE,FALSE,0.06494991,0.022559426
nishio_2006_intjdevlneur,ex015,con011,out033,es059,Yes,"one female, one male and one control group per sex",Effects of perinatal stress on the anxiety-related behavior of  the adolescence mouse,10.1016/j.ijdevneu.2006.02.003,International Journal of Developemental Neuroscience,,Mus musculus,albino house mouse,ddY mice,,not reported,"mid, late",day 10 to 18,9,Intermitent,0.25,15 min,Other/Unclear,Unclear,90,,Unclear,,No information,female,35,5 weeks,none,,Anxiety,Elevated Plus Maze (EPM),"To balance for potential locomotion biases, the number of entries and time on the open-arms
was expressed as a percentage of the total number of entries to all arms, or of the
time spent in all arms, respectively ((open/[close + open]) 100). The absolute
number of closed-arm entries was measured to dissociate the effect of the
treatment on anxiety and general motor activity.",Time in open arms (OAT),percentage,%,Not reported,Fig. 2a,nishio_2006_intjdevlneur_fig2a,pre_n_f_oat,pre_so_f_oat,pre_n_f_oat,Independent,Yes,Negative,,18.69,6.84,5,3.06,,29.23,13.81,5,6.17,,,,,,,,,,yes,,,,FALSE,FALSE,FALSE,FALSE,FALSE,FALSE,FALSE,nishio_2006_intjdevlneur_ex015,FALSE,FALSE,FALSE,FALSE,FALSE,FALSE,-0.245051307,0.021830158
nishio_2006_intjdevlneur,ex014,con010,out034,es060,Yes,"one female, one male and one control group per sex",Effects of perinatal stress on the anxiety-related behavior of  the adolescence mouse,10.1016/j.ijdevneu.2006.02.003,International Journal of Developemental Neuroscience,,Mus musculus,albino house mouse,ddY mice,,not reported,"mid, late",day 10 to 18,9,Intermitent,0.25,15 min,Other/Unclear,Unclear,90,,Unclear,,No information,male,35,5 weeks,none,,Anxiety,Elevated Plus Maze (EPM),,Entries into open arms (OAE),percentage,%,Not reported,Fig. 2b,nishio_2006_intjdevlneur_fig2b,pre_n_m_oae,pre_so_m_oae,pre_n_m_oae,Independent,Yes,Negative,,39.61,9.64,5,4.31,,46.66,7.78,5,3.48,,,,,,,,,,yes,,,,FALSE,FALSE,FALSE,FALSE,FALSE,FALSE,FALSE,nishio_2006_intjdevlneur_ex014,FALSE,FALSE,FALSE,FALSE,FALSE,FALSE,-0.099526951,0.006342206
nishio_2006_intjdevlneur,ex015,con011,out034,es061,Yes,"one female, one male and one control group per sex",Effects of perinatal stress on the anxiety-related behavior of  the adolescence mouse,10.1016/j.ijdevneu.2006.02.003,International Journal of Developemental Neuroscience,,Mus musculus,albino house mouse,ddY mice,,not reported,"mid, late",day 10 to 18,9,Intermitent,0.25,15 min,Other/Unclear,Unclear,90,,Unclear,,No information,female,35,5 weeks,none,,Anxiety,Elevated Plus Maze (EPM),,Entries into open arms (OAE),percentage,%,Not reported,Fig. 2b,nishio_2006_intjdevlneur_fig2b,pre_n_f_oae,pre_so_f_oae,pre_n_f_oae,Independent,Yes,Negative,,33.07,7.6,5,3.4,,42.1,14.82,5,6.63,,,,,,,,,,yes,,,,FALSE,FALSE,FALSE,FALSE,FALSE,FALSE,FALSE,nishio_2006_intjdevlneur_ex015,FALSE,FALSE,FALSE,FALSE,FALSE,FALSE,-0.14185925,0.012512733
nishio_2006_intjdevlneur,ex014,con010,out035,es062,Yes,"one female, one male and one control group per sex",Effects of perinatal stress on the anxiety-related behavior of  the adolescence mouse,10.1016/j.ijdevneu.2006.02.003,International Journal of Developemental Neuroscience,,Mus musculus,albino house mouse,ddY mice,,not reported,"mid, late",day 10 to 18,9,Intermitent,0.25,15 min,Other/Unclear,Unclear,90,,Unclear,,No information,male,35,5 weeks,none,,Anxiety,Elevated Plus Maze (EPM),,Entries to closed arms,count,Count,Not reported,Fig. 2c,nishio_2006_intjdevlneur_fig2c,pre_n_m_cae,pre_so_m_cae,pre_n_m_cae,Independent,Yes,Negative,,3.97,1.71,5,0.76,,3.58,1.18,5,0.53,,,,,,,,,,yes,,,,FALSE,FALSE,FALSE,FALSE,FALSE,FALSE,FALSE,nishio_2006_intjdevlneur_ex014,FALSE,FALSE,FALSE,FALSE,FALSE,FALSE,0.111091964,0.05883416
nishio_2006_intjdevlneur,ex015,con011,out035,es063,Yes,"one female, one male and one control group per sex",Effects of perinatal stress on the anxiety-related behavior of  the adolescence mouse,10.1016/j.ijdevneu.2006.02.003,International Journal of Developemental Neuroscience,,Mus musculus,albino house mouse,ddY mice,,not reported,"mid, late",day 10 to 18,9,Intermitent,0.25,15 min,Other/Unclear,Unclear,90,,Unclear,,No information,female,35,5 weeks,none,,Anxiety,Elevated Plus Maze (EPM),,Entries to closed arms,count,Count,Not reported,Fig. 2c,nishio_2006_intjdevlneur_fig2c,pre_n_f_cae,pre_so_f_cae,pre_n_f_cae,Independent,Yes,Negative,,6.68,2.41,5,1.08,,4.55,1.15,5,0.51,,,,,,,,,,yes,,,,FALSE,FALSE,FALSE,FALSE,FALSE,FALSE,FALSE,nishio_2006_intjdevlneur_ex015,FALSE,FALSE,FALSE,FALSE,FALSE,FALSE,0.390618746,0.038808452
uygur_2011_ankarauniv,ex016,con012,out036,es064,Yes,One treatmentent group and one control,Investigation of the long term effects of chronic white noise stress on learning in radial arm maze and behaviors in forced swim test,10.1501/Vetfak_0000002481,Ankara Üniv Vet Fak Derg,,Rattus norvegicus,albino rat,Sprague-Dawley,,205±3 g body weight,"mid, late",day 14 to 21,9,Intermitent,0.75,45 min,White noise,Audible,100,,Unclear,,PC group remained undisturbed,male,70,,none,,Depression,Forced Swimming Test (FST),"Placed individually into cylinder, swam 15 min first day, 5 mins second day",Total immobility time,time,s,Light phase,In paper: Table 2.,uygur_2011_ankarauniv.pdf,CON_in,PSN_in,CON_PSN_in1,Independent,No,Positive,,45.87,24.87,9,8.29,,26.79,24.85550241,10,7.86,,,1st day,,,,,,,yes,,,,FALSE,FALSE,TRUE,TRUE,FALSE,FALSE,FALSE,uygur_2011_ankarauniv_ex016,FALSE,FALSE,TRUE,TRUE,FALSE,FALSE,-0.511074213,0.118742148
uygur_2011_ankarauniv,ex016,con012,out036,es065,Yes,One treatmentent group and one control,Investigation of the long term effects of chronic white noise stress on learning in radial arm maze and behaviors in forced swim test,10.1501/Vetfak_0000002481,Ankara Üniv Vet Fak Derg,,Rattus norvegicus,albino rat,Sprague-Dawley,,205±3 g body weight,"mid, late",day 14 to 21,9,Intermitent,0.75,45 min,White noise,Audible,100,,Unclear,,PC group remained undisturbed,male,70,,none,,Depression,Forced Swimming Test (FST),"Placed individually into cylinder, swam 15 min first day, 5 mins second day",Total immobility time,time,s,Light phase,In paper: Table 2.,uygur_2011_ankarauniv.pdf,CON_in,PSN_in,CON_PSN_in2,Independent,No,Positive,,79.05,40.56,9,13.52,,48.87,40.57202238,10,12.83,,,2nd day,,,,,,,yes,,,,FALSE,FALSE,TRUE,TRUE,FALSE,FALSE,FALSE,uygur_2011_ankarauniv_ex016,FALSE,FALSE,TRUE,TRUE,FALSE,FALSE,-0.461080799,0.098175309
uygur_2011_ankarauniv,ex016,con012,out037,es066,Yes,One treatmentent group and one control,Investigation of the long term effects of chronic white noise stress on learning in radial arm maze and behaviors in forced swim test,10.1501/Vetfak_0000002481,Ankara Üniv Vet Fak Derg,,Rattus norvegicus,albino rat,Sprague-Dawley,,205±3 g body weight,"mid, late",day 14 to 21,9,Intermitent,0.75,45 min,White noise,Audible,100,,Unclear,,PC group remained undisturbed,male,70,,none,,Depression,Forced Swimming Test (FST),"Placed individually into cylinder, swam 15 min first day, 5 mins second day",Total swimming time,time,s,Light phase,In paper: Table 2.,uygur_2011_ankarauniv.pdf,CON_sw,PSN_sw,CON_PSN_sw1,Independent,Yes,Negative,,20.09,18.84,9,6.28,,39.08,18.84717485,10,5.96,,,1st day,,,,,,,yes,,,,FALSE,FALSE,TRUE,TRUE,FALSE,FALSE,FALSE,uygur_2011_ankarauniv_ex016,FALSE,FALSE,TRUE,TRUE,FALSE,FALSE,-0.628160649,0.120973181
uygur_2011_ankarauniv,ex016,con012,out037,es067,Yes,One treatmentent group and one control,Investigation of the long term effects of chronic white noise stress on learning in radial arm maze and behaviors in forced swim test,10.1501/Vetfak_0000002481,Ankara Üniv Vet Fak Derg,,Rattus norvegicus,albino rat,Sprague-Dawley,,205±3 g body weight,"mid, late",day 14 to 21,9,Intermitent,0.75,45 min,White noise,Audible,100,,Unclear,,PC group remained undisturbed,male,70,,none,,Depression,Forced Swimming Test (FST),"Placed individually into cylinder, swam 15 min first day, 5 mins second day",Total swimming time,time,s,Light phase,In paper: Table 2.,uygur_2011_ankarauniv.pdf,CON_sw,PSN_sw,CON_PSN_sw2,Independent,Yes,Negative,,31.89,39.45,9,13.15,,33.44,39.4652252,10,12.48,,,2nd day,,,,,,,yes,,,,FALSE,FALSE,TRUE,TRUE,FALSE,FALSE,FALSE,uygur_2011_ankarauniv_ex016,FALSE,FALSE,TRUE,TRUE,FALSE,FALSE,-0.032083259,0.309319147
uygur_2011_ankarauniv,ex016,con012,out038,es068,Yes,One treatmentent group and one control,Investigation of the long term effects of chronic white noise stress on learning in radial arm maze and behaviors in forced swim test,10.1501/Vetfak_0000002481,Ankara Üniv Vet Fak Derg,,Rattus norvegicus,albino rat,Sprague-Dawley,,205±3 g body weight,"mid, late",day 14 to 21,9,Intermitent,0.75,45 min,White noise,Audible,100,,Unclear,,PC group remained undisturbed,male,70,,none,,Depression,Forced Swimming Test (FST),"Placed individually into cylinder, swam 15 min first day, 5 mins second day",Total diving time,count,Count,Light phase,In paper: Table 2.,uygur_2011_ankarauniv.pdf,CON_di,PSN_di,CON_PSN_di1,Independent,Yes,Negative,,5.44,4.47,9,1.49,,6.2,4.490434277,10,1.42,,,1st day,,,,,,,yes,,,,FALSE,FALSE,TRUE,TRUE,FALSE,FALSE,FALSE,uygur_2011_ankarauniv_ex016,FALSE,FALSE,TRUE,TRUE,FALSE,FALSE,-0.119488319,0.127475374
uygur_2011_ankarauniv,ex016,con012,out038,es069,Yes,One treatmentent group and one control,Investigation of the long term effects of chronic white noise stress on learning in radial arm maze and behaviors in forced swim test,10.1501/Vetfak_0000002481,Ankara Üniv Vet Fak Derg,,Rattus norvegicus,albino rat,Sprague-Dawley,,205±3 g body weight,"mid, late",day 14 to 21,9,Intermitent,0.75,45 min,White noise,Audible,100,,Unclear,,PC group remained undisturbed,male,70,,none,,Depression,Forced Swimming Test (FST),"Placed individually into cylinder, swam 15 min first day, 5 mins second day",Total diving time,count,Count,Light phase,In paper: Table 2.,uygur_2011_ankarauniv.pdf,CON_di,PSN_di,CON_PSN_di2,Independent,Yes,Negative,,2.56,2.85,9,0.95,,1.7,2.846049894,10,0.9,,,2nd day,,,,,,,yes,,,,FALSE,FALSE,TRUE,TRUE,FALSE,FALSE,FALSE,uygur_2011_ankarauniv_ex016,FALSE,FALSE,TRUE,TRUE,FALSE,FALSE,0.338095885,0.417987388
uygur_2011_ankarauniv,ex016,con012,out039,es070,Yes,One treatmentent group and one control,Investigation of the long term effects of chronic white noise stress on learning in radial arm maze and behaviors in forced swim test,10.1501/Vetfak_0000002481,Ankara Üniv Vet Fak Derg,,Rattus norvegicus,albino rat,Sprague-Dawley,,205±3 g body weight,"mid, late",day 14 to 21,9,Intermitent,0.75,45 min,White noise,Audible,100,,Unclear,,PC group remained undisturbed,male,70,,none,,Depression,Forced Swimming Test (FST),"Placed individually into cylinder, swam 15 min first day, 5 mins second day",Total jumping time,count,Count,Light phase,In paper: Table 2.,uygur_2011_ankarauniv.pdf,CON_ju,PSN_ju,CON_PSN_ju1,Independent,Yes,Negative,,26.78,14.67,9,4.89,,23,14.67296834,10,4.64,,,1st day,,,,,,,yes,,,,FALSE,FALSE,TRUE,TRUE,FALSE,FALSE,FALSE,uygur_2011_ankarauniv_ex016,FALSE,FALSE,TRUE,TRUE,FALSE,FALSE,0.148482975,0.074041055
uygur_2011_ankarauniv,ex016,con012,out039,es071,Yes,One treatmentent group and one control,Investigation of the long term effects of chronic white noise stress on learning in radial arm maze and behaviors in forced swim test,10.1501/Vetfak_0000002481,Ankara Üniv Vet Fak Derg,,Rattus norvegicus,albino rat,Sprague-Dawley,,205±3 g body weight,"mid, late",day 14 to 21,9,Intermitent,0.75,45 min,White noise,Audible,100,,Unclear,,PC group remained undisturbed,male,70,,none,,Depression,Forced Swimming Test (FST),"Placed individually into cylinder, swam 15 min first day, 5 mins second day",Total jumping time,count,Count,Light phase,In paper: Table 2.,uygur_2011_ankarauniv.pdf,CON_ju,PSN_ju,CON_PSN_ju2,Independent,Yes,Negative,,16,11.79,9,3.93,,18.4,11.79529567,10,3.73,,,2nd day,,,,,,,yes,,,,FALSE,FALSE,TRUE,TRUE,FALSE,FALSE,FALSE,uygur_2011_ankarauniv_ex016,FALSE,FALSE,TRUE,TRUE,FALSE,FALSE,-0.130143292,0.101425981
morra_1965_physiolrec,ex017,con013,out040,es072,Yes,One control and one treatment,PRENATAL SOUND STIMULATION ON POSTNATAL RAT OFFSPRING OPEN FIELD BEHAVIORS,10.1007/BF03393632,The psychological Record,,Rattus norvegicus,albino rat,Wistar rat,18,120-140 days,"mid, late",day 12-20,9,Intermitent,0.005,"There was a noise of 3.25 sec. duration produced bya door buzzer. for eight consecutive days. Each animal received three trials, twice daily, with an interblock interval of approximately one hour.",Door bell,Audible,85,,Unclear,,"Same manipulation with no door bell, but they don't mention anything about noise conditions",mixed,25,,none,,Anxiety,Open Field Test (OFT),,Sections crossed,count,Count,Not reported,Table 2 and text,,GIII_csq,GII_csq,GIII_GII_csq,Independent,Yes,Negative,,19.5,8.4,63,1.058300524,,14.2,8.3,35,1.402956063,,,No SE or CI,,,,,,,yes,,,,FALSE,FALSE,FALSE,FALSE,TRUE,TRUE,FALSE,morra_1965_physiolrec_ex017,FALSE,FALSE,FALSE,FALSE,TRUE,TRUE,0.313764524,0.012706816
morra_1965_physiolrec,ex017,con013,out041,es073,Yes,One control and one treatment,PRENATAL SOUND STIMULATION ON POSTNATAL RAT OFFSPRING OPEN FIELD BEHAVIORS,10.1007/BF03393632,The psychological Record,,Rattus norvegicus,albino rat,Wistar rat,18,120-140 days,"mid, late",day 12-20,9,Intermitent,0.005,"There was a noise of 3.25 sec. duration produced bya door buzzer. for eight consecutive days. Each animal received three trials, twice daily, with an interblock interval of approximately one hour.",Door bell,Audible,85,,Unclear,,"Same manipulation with no door bell, but they don't mention anything about noise conditions",mixed,25,,none,,Anxiety,Open Field Test (OFT),,Initial latency to move,latency,s,Not reported,Table 2 and text,,GIII_il,GII_il,GIII_GII_il,Independent,No,Positive,,13.1,7.9,63,0.995306446,,18.8,8.2,35,1.386052978,,,No SE or CI,,,,,,,yes,,,,FALSE,FALSE,FALSE,FALSE,TRUE,TRUE,FALSE,morra_1965_physiolrec_ex017,FALSE,FALSE,FALSE,FALSE,TRUE,TRUE,0.36107612,0.01120815
abramova_2021_front,ex018,con014,out042,es074,Yes,"One control female, one male and one experimental female and one male",The Behavior and Postnatal Development in Infant and Juvenile Rats After Ultrasound-Induced Chronic Prenatal Stress,10.3389/fphys.2021.659366,Frontiers in Physiology,,Rattus norvegicus,albino rat,Wistar rat,,not reported,"early, mid, late",3 weeks,21,Continuous,24,Expossed to continuous variable frequencies,Ultrasound,Ultrasound,50,"20,000-45,000",Ambient sound,,"""normal conditions without ultrasound""",female,20,,none,,Anxiety,Open Field Test (OFT),Square arena on PND20,Sections crossed,count,Count,Light phase,Figure 2a,OF-pups-abramova2015,C_f_sq,PS_f_sq,C_PS_f_sq,Independent,Yes,Negative,,29,15.7903,25,3.1581,,24.8421,12.6985,19,2.9132,,Extracted all from raw data,,,,,,,,yes,,,,FALSE,FALSE,FALSE,FALSE,FALSE,FALSE,FALSE,abramova_2021_front_ex018,FALSE,FALSE,FALSE,FALSE,FALSE,FALSE,0.153809351,0.025611187
abramova_2021_front,ex019,con015,out042,es075,Yes,"One control female, one male and one experimental female and one male",The Behavior and Postnatal Development in Infant and Juvenile Rats After Ultrasound-Induced Chronic Prenatal Stress,10.3389/fphys.2021.659366,Frontiers in Physiology,,Rattus norvegicus,albino rat,Wistar rat,,not reported,"early, mid, late",3 weeks,21,Continuous,24,Expossed to continuous variable frequencies,Ultrasound,Ultrasound,50,"20,000-45,000",Ambient sound,,"""normal conditions without ultrasound""",male,20,,none,,Anxiety,Open Field Test (OFT),,Sections crossed,count,Count,Light phase,Figure 2a,OF-pups-abramova2016,C_m_sq,PS_m_sq,C_PS_m_sq,Independent,Yes,Negative,,33.7391,16.896,23,3.5231,,22.1667,14.5733,18,3.435,,Extracted all from raw data,,,,,,,,yes,,,,FALSE,FALSE,FALSE,FALSE,FALSE,FALSE,FALSE,abramova_2021_front_ex019,FALSE,FALSE,FALSE,FALSE,FALSE,FALSE,0.413511722,0.034916389
abramova_2021_front,ex018,con014,out043,es076,Yes,"One control female, one male and one experimental female and one male",The Behavior and Postnatal Development in Infant and Juvenile Rats After Ultrasound-Induced Chronic Prenatal Stress,10.3389/fphys.2021.659366,Frontiers in Physiology,,Rattus norvegicus,albino rat,Wistar rat,,not reported,"early, mid, late",3 weeks,21,Continuous,24,Expossed to continuous variable frequencies,Ultrasound,Ultrasound,50,"20,000-45,000",Ambient sound,,"""normal conditions without ultrasound""",female,20,,none,,Anxiety,Open Field Test (OFT),,Rearing frequency,count,Count,Light phase,Figure 2b,OF-pups-abramova2017,C_f_re,PS_f_re,C_PS_f_re,Independent,Yes,Negative,,8.92,6.9337,25,1.3867,,6.8947,4.4208,19,1.0142,,Extracted all from raw data,,,,,,,,yes,,,,FALSE,FALSE,FALSE,FALSE,FALSE,FALSE,FALSE,abramova_2021_front_ex018,FALSE,FALSE,FALSE,FALSE,FALSE,FALSE,0.258808487,0.045807108
abramova_2021_front,ex019,con015,out043,es077,Yes,"One control female, one male and one experimental female and one male",The Behavior and Postnatal Development in Infant and Juvenile Rats After Ultrasound-Induced Chronic Prenatal Stress,10.3389/fphys.2021.659366,Frontiers in Physiology,,Rattus norvegicus,albino rat,Wistar rat,,not reported,"early, mid, late",3 weeks,21,Continuous,24,Expossed to continuous variable frequencies,Ultrasound,Ultrasound,50,"20,000-45,000",Ambient sound,,"""normal conditions without ultrasound""",male,20,,none,,Anxiety,Open Field Test (OFT),,Rearing frequency,count,Count,Light phase,Figure 2b,OF-pups-abramova2018,C_m_re,PS_m_re,C_PS_m_re,Independent,Yes,Negative,,10.1304,8.7558,23,1.8257,,4.3889,4.1747,18,0.984,,Extracted all from raw data,,,,,,,,yes,,,,FALSE,FALSE,FALSE,FALSE,FALSE,FALSE,FALSE,abramova_2021_front_ex019,FALSE,FALSE,FALSE,FALSE,FALSE,FALSE,0.82756942,0.082744711
abramova_2021_front,ex018,con014,out044,es078,Yes,"One control female, one male and one experimental female and one male",The Behavior and Postnatal Development in Infant and Juvenile Rats After Ultrasound-Induced Chronic Prenatal Stress,10.3389/fphys.2021.659366,Frontiers in Physiology,,Rattus norvegicus,albino rat,Wistar rat,,not reported,"early, mid, late",3 weeks,21,Continuous,24,Expossed to continuous variable frequencies,Ultrasound,Ultrasound,50,"20,000-45,000",Ambient sound,,"""normal conditions without ultrasound""",female,20,,none,,Anxiety,Open Field Test (OFT),,Center entries (crossing),count,Count,Light phase,Raw data,OF-pups-abramova2019,C_f_cen,PS_f_cen,C_PS_f_cen,Independent,Yes,Negative,,1.16,1.4911,25,0.2982,,1.3158,2.029,19,0.4655,,Extracted all from raw data,,,,,,,,yes,,,,FALSE,FALSE,FALSE,FALSE,FALSE,FALSE,FALSE,abramova_2021_front_ex018,FALSE,FALSE,FALSE,FALSE,FALSE,FALSE,-0.155553164,0.191243282
abramova_2021_front,ex019,con015,out044,es079,Yes,"One control female, one male and one experimental female and one male",The Behavior and Postnatal Development in Infant and Juvenile Rats After Ultrasound-Induced Chronic Prenatal Stress,10.3389/fphys.2021.659366,Frontiers in Physiology,,Rattus norvegicus,albino rat,Wistar rat,,not reported,"early, mid, late",3 weeks,21,Continuous,24,Expossed to continuous variable frequencies,Ultrasound,Ultrasound,50,"20,000-45,000",Ambient sound,,"""normal conditions without ultrasound""",male,20,,none,,Anxiety,Open Field Test (OFT),,Center entries (crossing),count,Count,Light phase,Raw data,OF-pups-abramova2020,C_m_cen,PS_m_cen,C_PS_m_cen,Independent,Yes,Negative,,2.2609,2.5265,23,0.5268,,1,2.3235,18,0.5477,,Extracted all from raw data,,,,,,,,yes,,,,FALSE,FALSE,FALSE,FALSE,FALSE,FALSE,TRUE,abramova_2021_front_ex019,FALSE,FALSE,FALSE,FALSE,FALSE,FALSE,0.692947165,0.354218653
abramova_2021_front,ex018,con014,out045,es080,Yes,"One control female, one male and one experimental female and one male",The Behavior and Postnatal Development in Infant and Juvenile Rats After Ultrasound-Induced Chronic Prenatal Stress,10.3389/fphys.2021.659366,Frontiers in Physiology,,Rattus norvegicus,albino rat,Wistar rat,,not reported,"early, mid, late",3 weeks,21,Continuous,24,Expossed to continuous variable frequencies,Ultrasound,Ultrasound,50,"20,000-45,000",Ambient sound,,"""normal conditions without ultrasound""",female,20,,none,,Anxiety,Open Field Test (OFT),,Time in central square,count,Count,Light phase,Raw data,OF-pups-abramova2021,C_f_centt,PS_f_centt,C_PS_f_centt,Independent,Yes,Negative,,2.0964,3.3901,25,0.678,,2.9368,5.119,19,1.1744,,Extracted all from raw data,,,,,,,,yes,,,,FALSE,FALSE,FALSE,FALSE,FALSE,FALSE,FALSE,abramova_2021_front_ex018,FALSE,FALSE,FALSE,FALSE,FALSE,FALSE,-0.364751941,0.264508372
abramova_2021_front,ex019,con015,out045,es081,Yes,"One control female, one male and one experimental female and one male",The Behavior and Postnatal Development in Infant and Juvenile Rats After Ultrasound-Induced Chronic Prenatal Stress,10.3389/fphys.2021.659366,Frontiers in Physiology,,Rattus norvegicus,albino rat,Wistar rat,,not reported,"early, mid, late",3 weeks,21,Continuous,24,Expossed to continuous variable frequencies,Ultrasound,Ultrasound,50,"20,000-45,000",Ambient sound,,"""normal conditions without ultrasound""",male,20,,none,,Anxiety,Open Field Test (OFT),,Time in central square,count,Count,Light phase,Raw data,OF-pups-abramova2022,C_m_centt,PS_m_centt,C_PS_m_centt,Independent,Yes,Negative,,5.177,6.8377,23,1.4258,,1,2.1925,18,0.5168,,Extracted all from raw data,,,,,,,,yes,,,,FALSE,FALSE,FALSE,FALSE,FALSE,FALSE,TRUE,abramova_2021_front_ex019,FALSE,FALSE,FALSE,FALSE,FALSE,FALSE,1.54861968,0.342905246
abramova_2021_front,ex018,con014,out046,es082,Yes,"One control female, one male and one experimental female and one male",The Behavior and Postnatal Development in Infant and Juvenile Rats After Ultrasound-Induced Chronic Prenatal Stress,10.3389/fphys.2021.659366,Frontiers in Physiology,,Rattus norvegicus,albino rat,Wistar rat,,not reported,"early, mid, late",3 weeks,21,Continuous,24,Expossed to continuous variable frequencies,Ultrasound,Ultrasound,50,"20,000-45,000",Ambient sound,,"""normal conditions without ultrasound""",female,20,,none,,Anxiety,Open Field Test (OFT),,Grooming frequency,count,Count,Light phase,Raw data,OF-pups-abramova2023,C_f_gfr,PS_f_gfr,C_PS_f_gfr,Independent,No,Positive,,3.76,1.6653,25,0.3331,,2.7895,1.782,19,0.4088,,Extracted all from raw data,,,,,,,,yes,,,,FALSE,FALSE,FALSE,FALSE,FALSE,FALSE,FALSE,abramova_2021_front_ex018,FALSE,FALSE,FALSE,FALSE,FALSE,FALSE,-0.291740402,0.029325132
abramova_2021_front,ex019,con015,out046,es083,Yes,"One control female, one male and one experimental female and one male",The Behavior and Postnatal Development in Infant and Juvenile Rats After Ultrasound-Induced Chronic Prenatal Stress,10.3389/fphys.2021.659366,Frontiers in Physiology,,Rattus norvegicus,albino rat,Wistar rat,,not reported,"early, mid, late",3 weeks,21,Continuous,24,Expossed to continuous variable frequencies,Ultrasound,Ultrasound,50,"20,000-45,000",Ambient sound,,"""normal conditions without ultrasound""",male,20,,none,,Anxiety,Open Field Test (OFT),,Grooming frequency,count,Count,Light phase,Raw data,OF-pups-abramova2024,C_m_gfr,PS_m_gfr,C_PS_m_gfr,Independent,No,Positive,,2.6522,1.465,23,0.3055,,3,1.7489,18,0.4122,,Extracted all from raw data,,,,,,,,yes,,,,FALSE,FALSE,FALSE,FALSE,FALSE,FALSE,FALSE,abramova_2021_front_ex019,FALSE,FALSE,FALSE,FALSE,FALSE,FALSE,0.126030164,0.032146407
abramova_2021_front,ex018,con014,out047,es084,Yes,"One control female, one male and one experimental female and one male",The Behavior and Postnatal Development in Infant and Juvenile Rats After Ultrasound-Induced Chronic Prenatal Stress,10.3389/fphys.2021.659366,Frontiers in Physiology,,Rattus norvegicus,albino rat,Wistar rat,,not reported,"early, mid, late",3 weeks,21,Continuous,24,Expossed to continuous variable frequencies,Ultrasound,Ultrasound,50,"20,000-45,000",Ambient sound,,"""normal conditions without ultrasound""",female,20,,none,,Anxiety,Open Field Test (OFT),,Total grooming time,time,s,Light phase,Raw data,OF-pups-abramova2025,C_f_gtt,PS_f_gtt,C_PS_f_gtt,Independent,No,Positive,,34.048,25.0853,25,5.0171,,28.2516,24.6902,19,5.6643,,Extracted all from raw data,,,,,,,,yes,,,,FALSE,FALSE,FALSE,FALSE,FALSE,FALSE,FALSE,abramova_2021_front_ex018,FALSE,FALSE,FALSE,FALSE,FALSE,FALSE,-0.177378354,0.061911247
abramova_2021_front,ex019,con015,out047,es085,Yes,"One control female, one male and one experimental female and one male",The Behavior and Postnatal Development in Infant and Juvenile Rats After Ultrasound-Induced Chronic Prenatal Stress,10.3389/fphys.2021.659366,Frontiers in Physiology,,Rattus norvegicus,albino rat,Wistar rat,,not reported,"early, mid, late",3 weeks,21,Continuous,24,Expossed to continuous variable frequencies,Ultrasound,Ultrasound,50,"20,000-45,000",Ambient sound,,"""normal conditions without ultrasound""",male,20,,none,,Anxiety,Open Field Test (OFT),,Total grooming time,time,s,Light phase,Raw data,OF-pups-abramova2026,C_m_gtt,PS_m_gtt,C_PS_m_gtt,Independent,No,Positive,,16.3787,13.1338,23,2.7386,,24.2061,17.297,18,4.0769,,Extracted all from raw data,,,,,,,,yes,,,,FALSE,FALSE,FALSE,FALSE,FALSE,FALSE,FALSE,abramova_2021_front_ex019,FALSE,FALSE,FALSE,FALSE,FALSE,FALSE,0.39082804,0.05632462
abramova_2021_front,ex018,con014,out048,es086,Yes,"One control female, one male and one experimental female and one male",The Behavior and Postnatal Development in Infant and Juvenile Rats After Ultrasound-Induced Chronic Prenatal Stress,10.3389/fphys.2021.659366,Frontiers in Physiology,,Rattus norvegicus,albino rat,Wistar rat,,not reported,"early, mid, late",3 weeks,21,Continuous,24,Expossed to continuous variable frequencies,Ultrasound,Ultrasound,50,"20,000-45,000",Ambient sound,,"""normal conditions without ultrasound""",female,20,,none,,Anxiety,Open Field Test (OFT),,Total freezing time,time,s,Light phase,Figure 2c,OF-pups-abramova2027,C_f_frtt,PS_f_fr,C_PS_f_fr,Independent,No,Positive,,36.678,36.638,25,7.3276,,62.3595,53.8477,19,12.3535,,Extracted all from raw data,,,,,,,,yes,,,,FALSE,FALSE,FALSE,FALSE,FALSE,FALSE,FALSE,abramova_2021_front_ex018,FALSE,FALSE,FALSE,FALSE,FALSE,FALSE,0.530404604,0.079157001
abramova_2021_front,ex019,con015,out048,es087,Yes,"One control female, one male and one experimental female and one male",The Behavior and Postnatal Development in Infant and Juvenile Rats After Ultrasound-Induced Chronic Prenatal Stress,10.3389/fphys.2021.659366,Frontiers in Physiology,,Rattus norvegicus,albino rat,Wistar rat,,not reported,"early, mid, late",3 weeks,21,Continuous,24,Expossed to continuous variable frequencies,Ultrasound,Ultrasound,50,"20,000-45,000",Ambient sound,,"""normal conditions without ultrasound""",male,20,,none,,Anxiety,Open Field Test (OFT),,Total freezing time,time,s,Light phase,Figure 2c,OF-pups-abramova2028,C_m_ftt,PS_m_fr,C_PS_m_fr,Independent,No,Positive,,39.257,41.7274,23,8.7008,,79.8783,55.483,18,13.0775,,Extracted all from raw data,,,,,,,,yes,,,,FALSE,FALSE,FALSE,FALSE,FALSE,FALSE,FALSE,abramova_2021_front_ex019,FALSE,FALSE,FALSE,FALSE,FALSE,FALSE,0.699214892,0.075925906
badache_2017_stress,ex020,con016,out049,es088,Yes,One treatmentent group and one control,"Prenatal noise and restraint stress interact to alter exploratory behavior and balance in juvenile rats, and mixed stress reverses these effects",10.1080/10253890.2017.1307962,Stress,,Rattus norvegicus,albino rat,Wistar rat,13,90 days,"mid, late",day 11-19,9,Intermitent,0.05,"3 mins per day.  HELLA twintone Horn, car horn",Traffic,Audible,110,500,Unclear,,No information,male,45,,none,,Anxiety,Open Field Test (OFT),,Time in corners,time,s,Light phase,Figure 5a,badache_2017_stress_5a,Cn_cor,Ns_cor,Cn_Ns_cor,Independent,No,Positive,,216.89,47.03,16,11.76,,253.78,51.89,16,12.97,,,,,,,,,,yes,,,I double checked MetaDigitise,FALSE,FALSE,FALSE,FALSE,FALSE,FALSE,FALSE,badache_2017_stress_ex020,FALSE,FALSE,FALSE,FALSE,FALSE,FALSE,0.156914581,0.00555163
badache_2017_stress,ex020,con016,out050,es089,Yes,One treatmentent group and one control,"Prenatal noise and restraint stress interact to alter exploratory behavior and balance in juvenile rats, and mixed stress reverses these effects",10.1080/10253890.2017.1307962,Stress,,Rattus norvegicus,albino rat,Wistar rat,13,90 days,"mid, late",day 11-19,9,Intermitent,0.05,"3 mins per day.  HELLA twintone Horn, car horn",Traffic,Audible,110,500,Unclear,,No information,male,45,,none,,Anxiety,Open Field Test (OFT),,Sections crossed,count,Count,Light phase,Figure 5b,badache_2017_stress_5b,Cn_sq,Ns_sq,Cn_Ns_sq,Independent,Yes,Negative,,70.44,16.15,16,4.04,,45.26,8.92,16,2.23,,,,,,,,,,yes,,,I double checked MetaDigitise,FALSE,FALSE,FALSE,FALSE,FALSE,FALSE,FALSE,badache_2017_stress_ex020,FALSE,FALSE,FALSE,FALSE,FALSE,FALSE,0.442766527,0.005713005
badache_2017_stress,ex020,con016,out051,es090,Yes,One treatmentent group and one control,"Prenatal noise and restraint stress interact to alter exploratory behavior and balance in juvenile rats, and mixed stress reverses these effects",10.1080/10253890.2017.1307962,Stress,,Rattus norvegicus,albino rat,Wistar rat,13,90 days,"mid, late",day 11-19,9,Intermitent,0.05,"3 mins per day.  HELLA twintone Horn, car horn",Traffic,Audible,110,500,Unclear,,No information,male,45,,none,,Anxiety,Open Field Test (OFT),,Time in central square,time,s,Light phase,Figure 5c,badache_2017_stress_5c,Cn_cen,Ns_cen,Cn_Ns_cen,Independent,Yes,Negative,,4.13,0.93,16,0.23,,1,0.26,16,0.07,,,,,,,,,,yes,,,I double checked MetaDigitise,FALSE,FALSE,FALSE,FALSE,FALSE,FALSE,TRUE,badache_2017_stress_ex020,FALSE,FALSE,FALSE,FALSE,FALSE,FALSE,1.417749493,0.007394172
badache_2017_stress,ex020,con016,out052,es091,Yes,One treatmentent group and one control,"Prenatal noise and restraint stress interact to alter exploratory behavior and balance in juvenile rats, and mixed stress reverses these effects",10.1080/10253890.2017.1307962,Stress,,Rattus norvegicus,albino rat,Wistar rat,13,90 days,"mid, late",day 11-19,9,Intermitent,0.05,"3 mins per day.  HELLA twintone Horn, car horn",Traffic,Audible,110,500,Unclear,,No information,male,45,,none,,Anxiety,Open Field Test (OFT),,Rearing time,time,s,Light phase,Figure 5d,badache_2017_stress_5d,Cn_re,Ns_re,Cn_Ns_re,Independent,Yes,Negative,,22,5.03,16,1.26,,8.54,1.93,16,0.48,,,,,,,,,,yes,,,I double checked MetaDigitise,FALSE,FALSE,FALSE,FALSE,FALSE,FALSE,FALSE,badache_2017_stress_ex020,FALSE,FALSE,FALSE,FALSE,FALSE,FALSE,0.946318968,0.006459279
badache_2017_stress,ex020,con016,out053,es092,Yes,One treatmentent group and one control,"Prenatal noise and restraint stress interact to alter exploratory behavior and balance in juvenile rats, and mixed stress reverses these effects",10.1080/10253890.2017.1307962,Stress,,Rattus norvegicus,albino rat,Wistar rat,13,90 days,"mid, late",day 11-19,9,Intermitent,0.05,"3 mins per day.  HELLA twintone Horn, car horn",Traffic,Audible,110,500,Unclear,,No information,male,46,,none,,Anxiety,Elevated Plus Maze (EPM),,Time in open arms (OAT),time,s,Light phase,Figure 6a,badache_2017_stress_6a,Cn_oat,Ns_oat,Cn_Ns_oat,Independent,Yes,Negative,,135.51,31.84,16,7.96,,67.96,14.69,16,3.67,,,,,,,,,,yes,,,I double checked MetaDigitise,FALSE,FALSE,FALSE,FALSE,FALSE,FALSE,FALSE,badache_2017_stress_ex020,FALSE,FALSE,FALSE,FALSE,FALSE,FALSE,0.690391283,0.00637074
badache_2017_stress,ex020,con016,out054,es093,Yes,One treatmentent group and one control,"Prenatal noise and restraint stress interact to alter exploratory behavior and balance in juvenile rats, and mixed stress reverses these effects",10.1080/10253890.2017.1307962,Stress,,Rattus norvegicus,albino rat,Wistar rat,13,90 days,"mid, late",day 11-19,9,Intermitent,0.05,"3 mins per day.  HELLA twintone Horn, car horn",Traffic,Audible,110,500,Unclear,,No information,male,46,,Cross-Fostered,,Anxiety,Elevated Plus Maze (EPM),,Rearing time,time,s,Light phase,Figure 6b,badache_2017_stress_6b,Cn_rt,Ns_rt,Cn_Ns_rt,Independent,Yes,Negative,,18.12,4.52,16,1.13,,7.77,2.05,16,0.51,,,,,,,,,,yes,,,I double checked MetaDigitise,FALSE,FALSE,FALSE,FALSE,FALSE,FALSE,FALSE,badache_2017_stress_ex020,FALSE,FALSE,FALSE,FALSE,FALSE,FALSE,0.846515365,0.008239588
whitlow_1978_thesis,ex021,con017,out055,es094,Yes,"They had two experimental groups, 65dB and 85dB, they did 3 trials, one per day of the OFT",THE EFFECT OF SOUND STIMULATION DURING GESTATION  ON THE BEHAVIOR OF RAT OFFSPRING,,Thesis,,Rattus norvegicus,hooded rat,Lister rat,,not reported,"mid, late",day 12-19,8,Intermitent,0.005,18 seconds per day. It was a tone,White noise,Audible,85,2500,Unclear,,"No noise, moved into experimental sound cage",male,25,,Cross-Fostered,,Anxiety,Open Field Test (OFT),"Circular open-field, duration 3 minutes and repeated in 3 consecutive days",Sections crossed,count,Count,Not reported,Figure 2,whitlow_1978_thesis_fig2,HNoN_1_sq,HN_1_sq,HNoN_HN_1_sq,Dependent,Yes,Negative,,65.63,8.1012,20,1.81148339,,71.2285,8.4397,20,1.887174291,,"Figure only showed mean, imputated sd=SQRT(mean) as are counts in a certain tine","The author stated ""hooded rat,"" we assumed ""lister rat"". ""Foster mothers with no noise exposure. We also used the HNoN control, which were manipulated the same way as the noise treatment, but no noise..."". In the pilot they used a ""2 . 5 KHz tone of 3 second duration at  an intensity of 85 dB (re 20 4 N/m~)."" so we assumed they used the same for the actual experiment",,,,,,,yes,adjust comments text,,,FALSE,FALSE,FALSE,FALSE,TRUE,TRUE,FALSE,whitlow_1978_thesis_ex021,FALSE,FALSE,FALSE,FALSE,TRUE,TRUE,-0.081830174,7.33E-04
whitlow_1978_thesis,ex022,con017,out055,es095,Yes,"They had two experimental groups, 65dB and 85dB, they did 3 trials, one per day of the OFT",THE EFFECT OF SOUND STIMULATION DURING GESTATION  ON THE BEHAVIOR OF RAT OFFSPRING,,Thesis,,Rattus norvegicus,hooded rat,Lister rat,,not reported,"mid, late",day 12-19,8,Intermitent,0.005,18 seconds per day. It was a tone,White noise,Audible,65,2500,Unclear,,"No noise, moved into experimental sound cage",male,25,,Cross-Fostered,,Anxiety,Open Field Test (OFT),"Circular open-field, duration 3 minutes and repeated in 3 consecutive days",Sections crossed,count,Count,Not reported,Figure 2,whitlow_1978_thesis_fig2,HNoN_1_sq,HLN_1_sq,HNoN_HLN_1_sq,Dependent,Yes,Negative,,65.63,8.1012,20,1.81148339,,60.8719,7.802,20,1.744580236,,"Figure only showed mean, imputated sd=SQRT(mean) as are counts in a certain tine","The author stated ""hooded rat,"" we assumed ""lister rat"". ""Foster mothers with no noise exposure. We also used the HNoN control, which were manipulated the same way as the noise treatment, but no noise..."". In the pilot they used a ""2 . 5 KHz tone of 3 second duration at  an intensity of 85 dB (re 20 4 N/m~)."" so we assumed they used the same for the actual experiment",,,,,,,yes,adjust comments text,,,FALSE,FALSE,FALSE,FALSE,TRUE,TRUE,FALSE,whitlow_1978_thesis_ex022,FALSE,FALSE,FALSE,FALSE,TRUE,TRUE,0.075231479,7.92E-04
whitlow_1978_thesis,ex021,con017,out055,es096,Yes,"They had two experimental groups, 65dB and 85dB, they did 3 trials, one per day of the OFT",THE EFFECT OF SOUND STIMULATION DURING GESTATION  ON THE BEHAVIOR OF RAT OFFSPRING,,Thesis,,Rattus norvegicus,hooded rat,Lister rat,,not reported,"mid, late",day 12-19,8,Intermitent,0.005,18 seconds per day. It was a tone,White noise,Audible,85,2500,Unclear,,"No noise, moved into experimental sound cage",male,26,,Cross-Fostered,,Anxiety,Open Field Test (OFT),"Circular open-field, duration 3 minutes and repeated in 3 consecutive days",Sections crossed,count,Count,Not reported,Figure 2,whitlow_1978_thesis_fig2,HNoN_2_sq,HN_2_sq,HNoN_HN_2_sq,Dependent,Yes,Negative,,39.74,6.304,20,1.409617253,,42.8005,6.5422,20,1.462880392,,"Figure only showed mean, imputated sd=SQRT(mean) as are counts in a certain tine","The author stated ""hooded rat,"" we assumed ""lister rat"". ""Foster mothers with no noise exposure. We also used the HNoN control, which were manipulated the same way as the noise treatment, but no noise..."". In the pilot they used a ""2 . 5 KHz tone of 3 second duration at  an intensity of 85 dB (re 20 4 N/m~)."" so we assumed they used the same for the actual experiment",,,,,,,yes,adjust comments text,,,FALSE,FALSE,FALSE,FALSE,TRUE,TRUE,FALSE,whitlow_1978_thesis_ex021,FALSE,FALSE,FALSE,FALSE,TRUE,TRUE,-0.074146556,0.001214034
whitlow_1978_thesis,ex022,con017,out055,es097,Yes,"They had two experimental groups, 65dB and 85dB, they did 3 trials, one per day of the OFT",THE EFFECT OF SOUND STIMULATION DURING GESTATION  ON THE BEHAVIOR OF RAT OFFSPRING,,Thesis,,Rattus norvegicus,hooded rat,Lister rat,,not reported,"mid, late",day 12-19,8,Intermitent,0.005,18 seconds per day. It was a tone,White noise,Audible,65,2500,Unclear,,"No noise, moved into experimental sound cage",male,26,,Cross-Fostered,,Anxiety,Open Field Test (OFT),"Circular open-field, duration 3 minutes and repeated in 3 consecutive days",Sections crossed,count,Count,Not reported,Figure 2,whitlow_1978_thesis_fig2,HNoN_2_sq,HLN_2_sq,HNoN_HLN_2_sq,Dependent,Yes,Negative,,39.74,6.304,20,1.409617253,,36.8824,6.0731,20,1.357986443,,"Figure only showed mean, imputated sd=SQRT(mean) as are counts in a certain tine","The author stated ""hooded rat,"" we assumed ""lister rat"". ""Foster mothers with no noise exposure. We also used the HNoN control, which were manipulated the same way as the noise treatment, but no noise..."". In the pilot they used a ""2 . 5 KHz tone of 3 second duration at  an intensity of 85 dB (re 20 4 N/m~)."" so we assumed they used the same for the actual experiment",,,,,,,yes,adjust comments text,,,FALSE,FALSE,FALSE,FALSE,TRUE,TRUE,FALSE,whitlow_1978_thesis_ex022,FALSE,FALSE,FALSE,FALSE,TRUE,TRUE,0.074575028,0.001307837
whitlow_1978_thesis,ex021,con017,out055,es098,Yes,"They had two experimental groups, 65dB and 85dB, they did 3 trials, one per day of the OFT",THE EFFECT OF SOUND STIMULATION DURING GESTATION  ON THE BEHAVIOR OF RAT OFFSPRING,,Thesis,,Rattus norvegicus,hooded rat,Lister rat,,not reported,"mid, late",day 12-19,8,Intermitent,0.005,18 seconds per day. It was a tone,White noise,Audible,85,2500,Unclear,,"No noise, moved into experimental sound cage",male,27,,Cross-Fostered,,Anxiety,Open Field Test (OFT),"Circular open-field, duration 3 minutes and repeated in 3 consecutive days",Sections crossed,count,Count,Not reported,Figure 2,whitlow_1978_thesis_fig2,HNoN_3_sq,HN_3_sq,HNoN_HN_3_sq,Dependent,Yes,Negative,,17.33,4.1629,20,0.930852738,,26.7371,5.1708,20,1.15622603,,"Figure only showed mean, imputated sd=SQRT(mean) as are counts in a certain tine","The author stated ""hooded rat,"" we assumed ""lister rat"". ""Foster mothers with no noise exposure. We also used the HNoN control, which were manipulated the same way as the noise treatment, but no noise..."". In the pilot they used a ""2 . 5 KHz tone of 3 second duration at  an intensity of 85 dB (re 20 4 N/m~)."" so we assumed they used the same for the actual experiment",,,,,,,yes,adjust comments text,,,FALSE,FALSE,FALSE,FALSE,TRUE,TRUE,FALSE,whitlow_1978_thesis_ex021,FALSE,FALSE,FALSE,FALSE,TRUE,TRUE,-0.43310548,0.002432397
whitlow_1978_thesis,ex022,con017,out055,es099,Yes,"They had two experimental groups, 65dB and 85dB, they did 3 trials, one per day of the OFT",THE EFFECT OF SOUND STIMULATION DURING GESTATION  ON THE BEHAVIOR OF RAT OFFSPRING,,Thesis,,Rattus norvegicus,hooded rat,Lister rat,,not reported,"mid, late",day 12-19,8,Intermitent,0.005,18 seconds per day. It was a tone,White noise,Audible,65,2500,Unclear,,"No noise, moved into experimental sound cage",male,27,,Cross-Fostered,,Anxiety,Open Field Test (OFT),"Circular open-field, duration 3 minutes and repeated in 3 consecutive days",Sections crossed,count,Count,Not reported,Figure 2,whitlow_1978_thesis_fig2,HNoN_3_sq,HLN_3_sq,HNoN_HLN_3_sq,Dependent,Yes,Negative,,17.33,4.1629,20,0.930852738,,15.7464,3.9682,20,0.887316495,,"Figure only showed mean, imputated sd=SQRT(mean) as are counts in a certain tine","The author stated ""hooded rat,"" we assumed ""lister rat"". ""Foster mothers with no noise exposure. We also used the HNoN control, which were manipulated the same way as the noise treatment, but no noise..."". In the pilot they used a ""2 . 5 KHz tone of 3 second duration at  an intensity of 85 dB (re 20 4 N/m~)."" so we assumed they used the same for the actual experiment",,,,,,,yes,adjust comments text,,,FALSE,FALSE,FALSE,FALSE,TRUE,TRUE,FALSE,whitlow_1978_thesis_ex022,FALSE,FALSE,FALSE,FALSE,TRUE,TRUE,0.095682213,0.003033726
whitlow_1978_thesis,ex021,con017,out056,es100,Yes,"They had two experimental groups, 65dB and 85dB, they did 3 trials, one per day of the OFT",THE EFFECT OF SOUND STIMULATION DURING GESTATION  ON THE BEHAVIOR OF RAT OFFSPRING,,Thesis,,Rattus norvegicus,hooded rat,Lister rat,,not reported,"mid, late",day 12-19,8,Intermitent,0.005,18 seconds per day. It was a tone,White noise,Audible,85,2500,Unclear,,"No noise, moved into experimental sound cage",male,25,,Cross-Fostered,,Anxiety,Open Field Test (OFT),"Circular open-field, duration 3 minutes and repeated in 3 consecutive days",Grooming frequency,count,Count,Not reported,Figure 4,whitlow_1978_thesis_fig4,HNoN_1_gr,HN_1_gr,HNoN_HN_1_gr,Dependent,No,Positive,,4.48,2.1166,20,0.473286148,,3.6809,1.9186,20,0.429012002,,"Figure only showed mean, imputated sd=SQRT(mean) as are counts in a certain tine","The author stated ""hooded rat,"" we assumed ""lister rat"". ""Foster mothers with no noise exposure. We also used the HNoN control, which were manipulated the same way as the noise treatment, but no noise..."". In the pilot they used a ""2 . 5 KHz tone of 3 second duration at  an intensity of 85 dB (re 20 4 N/m~)."" so we assumed they used the same for the actual experiment",,,,,,,yes,adjust comments text,,,FALSE,FALSE,FALSE,FALSE,TRUE,TRUE,FALSE,whitlow_1978_thesis_ex021,FALSE,FALSE,FALSE,FALSE,TRUE,TRUE,-0.195254061,0.012431878
whitlow_1978_thesis,ex022,con017,out056,es101,Yes,"They had two experimental groups, 65dB and 85dB, they did 3 trials, one per day of the OFT",THE EFFECT OF SOUND STIMULATION DURING GESTATION  ON THE BEHAVIOR OF RAT OFFSPRING,,Thesis,,Rattus norvegicus,hooded rat,Lister rat,,not reported,"mid, late",day 12-19,8,Intermitent,0.005,18 seconds per day. It was a tone,White noise,Audible,65,2500,Unclear,,"No noise, moved into experimental sound cage",male,25,,Cross-Fostered,,Anxiety,Open Field Test (OFT),"Circular open-field, duration 3 minutes and repeated in 3 consecutive days",Grooming frequency,count,Count,Not reported,Figure 4,whitlow_1978_thesis_fig4,HNoN_1_gr,HLN_1_gr,HNoN_HLN_1_gr,Dependent,No,Positive,,4.48,2.1166,20,0.473286148,,3.708,1.9256,20,0.43057725,,"Figure only showed mean, imputated sd=SQRT(mean) as are counts in a certain tine","The author stated ""hooded rat,"" we assumed ""lister rat"". ""Foster mothers with no noise exposure. We also used the HNoN control, which were manipulated the same way as the noise treatment, but no noise..."". In the pilot they used a ""2 . 5 KHz tone of 3 second duration at  an intensity of 85 dB (re 20 4 N/m~)."" so we assumed they used the same for the actual experiment",,,,,,,yes,adjust comments text,,,FALSE,FALSE,FALSE,FALSE,TRUE,TRUE,FALSE,whitlow_1978_thesis_ex022,FALSE,FALSE,FALSE,FALSE,TRUE,TRUE,-0.187968689,0.012377296
whitlow_1978_thesis,ex021,con017,out056,es102,Yes,"They had two experimental groups, 65dB and 85dB, they did 3 trials, one per day of the OFT",THE EFFECT OF SOUND STIMULATION DURING GESTATION  ON THE BEHAVIOR OF RAT OFFSPRING,,Thesis,,Rattus norvegicus,hooded rat,Lister rat,,not reported,"mid, late",day 12-19,8,Intermitent,0.005,18 seconds per day. It was a tone,White noise,Audible,85,2500,Unclear,,"No noise, moved into experimental sound cage",male,26,,Cross-Fostered,,Anxiety,Open Field Test (OFT),"Circular open-field, duration 3 minutes and repeated in 3 consecutive days",Grooming frequency,count,Count,Not reported,Figure 4,whitlow_1978_thesis_fig4,HNoN_2_gr,HN_2_gr,HNoN_HN_2_gr,Dependent,No,Positive,,6.39,2.5278,20,0.565233263,,5.6705,2.3813,20,0.532474867,,"Figure only showed mean, imputated sd=SQRT(mean) as are counts in a certain tine","The author stated ""hooded rat,"" we assumed ""lister rat"". ""Foster mothers with no noise exposure. We also used the HNoN control, which were manipulated the same way as the noise treatment, but no noise..."". In the pilot they used a ""2 . 5 KHz tone of 3 second duration at  an intensity of 85 dB (re 20 4 N/m~)."" so we assumed they used the same for the actual experiment",,,,,,,yes,adjust comments text,,,FALSE,FALSE,FALSE,FALSE,TRUE,TRUE,FALSE,whitlow_1978_thesis_ex021,FALSE,FALSE,FALSE,FALSE,TRUE,TRUE,-0.118960343,0.008335909
whitlow_1978_thesis,ex022,con017,out056,es103,Yes,"They had two experimental groups, 65dB and 85dB, they did 3 trials, one per day of the OFT",THE EFFECT OF SOUND STIMULATION DURING GESTATION  ON THE BEHAVIOR OF RAT OFFSPRING,,Thesis,,Rattus norvegicus,hooded rat,Lister rat,,not reported,"mid, late",day 12-19,8,Intermitent,0.005,18 seconds per day. It was a tone,White noise,Audible,65,2500,Unclear,,"No noise, moved into experimental sound cage",male,26,,Cross-Fostered,,Anxiety,Open Field Test (OFT),"Circular open-field, duration 3 minutes and repeated in 3 consecutive days",Grooming frequency,count,Count,Not reported,Figure 4,whitlow_1978_thesis_fig4,HNoN_2_gr,HLN_2_gr,HNoN_HLN_2_gr,Dependent,No,Positive,,6.39,2.5278,20,0.565233263,,4.8023,2.1914,20,0.490011937,,"Figure only showed mean, imputated sd=SQRT(mean) as are counts in a certain tine","The author stated ""hooded rat,"" we assumed ""lister rat"". ""Foster mothers with no noise exposure. We also used the HNoN control, which were manipulated the same way as the noise treatment, but no noise..."". In the pilot they used a ""2 . 5 KHz tone of 3 second duration at  an intensity of 85 dB (re 20 4 N/m~)."" so we assumed they used the same for the actual experiment",,,,,,,yes,adjust comments text,,,FALSE,FALSE,FALSE,FALSE,TRUE,TRUE,FALSE,whitlow_1978_thesis_ex022,FALSE,FALSE,FALSE,FALSE,TRUE,TRUE,-0.284345755,0.009210213
whitlow_1978_thesis,ex021,con017,out056,es104,Yes,"They had two experimental groups, 65dB and 85dB, they did 3 trials, one per day of the OFT",THE EFFECT OF SOUND STIMULATION DURING GESTATION  ON THE BEHAVIOR OF RAT OFFSPRING,,Thesis,,Rattus norvegicus,hooded rat,Lister rat,,not reported,"mid, late",day 12-19,8,Intermitent,0.005,18 seconds per day. It was a tone,White noise,Audible,85,2500,Unclear,,"No noise, moved into experimental sound cage",male,27,,Cross-Fostered,,Anxiety,Open Field Test (OFT),"Circular open-field, duration 3 minutes and repeated in 3 consecutive days",Grooming frequency,count,Count,Not reported,Figure 4,whitlow_1978_thesis_fig4,HNoN_3_gr,HN_3_gr,HNoN_HN_3_gr,Dependent,No,Positive,,3.84,1.9596,20,0.438179881,,3.6899,1.9209,20,0.429526298,,"Figure only showed mean, imputated sd=SQRT(mean) as are counts in a certain tine","The author stated ""hooded rat,"" we assumed ""lister rat"". ""Foster mothers with no noise exposure. We also used the HNoN control, which were manipulated the same way as the noise treatment, but no noise..."". In the pilot they used a ""2 . 5 KHz tone of 3 second duration at  an intensity of 85 dB (re 20 4 N/m~)."" so we assumed they used the same for the actual experiment",,,,,,,yes,adjust comments text,,,FALSE,FALSE,FALSE,FALSE,TRUE,TRUE,FALSE,whitlow_1978_thesis_ex021,FALSE,FALSE,FALSE,FALSE,TRUE,TRUE,-0.039608308,0.01328828
whitlow_1978_thesis,ex022,con017,out056,es105,Yes,"They had two experimental groups, 65dB and 85dB, they did 3 trials, one per day of the OFT",THE EFFECT OF SOUND STIMULATION DURING GESTATION  ON THE BEHAVIOR OF RAT OFFSPRING,,Thesis,,Rattus norvegicus,hooded rat,Lister rat,,not reported,"mid, late",day 12-19,8,Intermitent,0.005,18 seconds per day. It was a tone,White noise,Audible,65,2500,Unclear,,"No noise, moved into experimental sound cage",male,27,,Cross-Fostered,,Anxiety,Open Field Test (OFT),"Circular open-field, duration 3 minutes and repeated in 3 consecutive days",Grooming frequency,count,Count,Not reported,Figure 4,whitlow_1978_thesis_fig4,HNoN_3_gr,HLN_3_gr,HNoN_HLN_3_gr,Dependent,No,Positive,,3.84,1.9596,20,0.438179881,,3.0749,1.7535,20,0.39209452,,"Figure only showed mean, imputated sd=SQRT(mean) as are counts in a certain tine","The author stated ""hooded rat,"" we assumed ""lister rat"". ""Foster mothers with no noise exposure. We also used the HNoN control, which were manipulated the same way as the noise treatment, but no noise..."". In the pilot they used a ""2 . 5 KHz tone of 3 second duration at  an intensity of 85 dB (re 20 4 N/m~)."" so we assumed they used the same for the actual experiment",,,,,,,yes,adjust comments text,,,FALSE,FALSE,FALSE,FALSE,TRUE,TRUE,FALSE,whitlow_1978_thesis_ex022,FALSE,FALSE,FALSE,FALSE,TRUE,TRUE,-0.220580476,0.014730303
whitlow_1978_thesis,ex021,con017,out057,es106,Yes,"They had two experimental groups, 65dB and 85dB, they did 3 trials, one per day of the OFT",THE EFFECT OF SOUND STIMULATION DURING GESTATION  ON THE BEHAVIOR OF RAT OFFSPRING,,Thesis,,Rattus norvegicus,hooded rat,Lister rat,,not reported,"mid, late",day 12-19,8,Intermitent,0.005,18 seconds per day. It was a tone,White noise,Audible,85,2500,Unclear,,"No noise, moved into experimental sound cage",male,25,,Cross-Fostered,,Anxiety,Open Field Test (OFT),"Circular open-field, duration 3 minutes and repeated in 3 consecutive days",Defecation amount,count,Count,Not reported,Figure 5,whitlow_1978_thesis_fig5,HNoN_1_de,HN_1_de,HNoN_HN_1_de,Dependent,No,Positive,,1.74,1.3191,20,0.294959727,,2.3777,1.542,20,0.344801682,,"Figure only showed mean, imputated sd=SQRT(mean) as are counts in a certain tine","The author stated ""hooded rat,"" we assumed ""lister rat"". ""Foster mothers with no noise exposure. We also used the HNoN control, which were manipulated the same way as the noise treatment, but no noise..."". In the pilot they used a ""2 . 5 KHz tone of 3 second duration at  an intensity of 85 dB (re 20 4 N/m~)."" so we assumed they used the same for the actual experiment",,,,,,,yes,adjust comments text,,,FALSE,FALSE,FALSE,FALSE,TRUE,TRUE,FALSE,whitlow_1978_thesis_ex021,FALSE,FALSE,FALSE,FALSE,TRUE,TRUE,0.308395145,0.025182848
whitlow_1978_thesis,ex022,con017,out057,es107,Yes,"They had two experimental groups, 65dB and 85dB, they did 3 trials, one per day of the OFT",THE EFFECT OF SOUND STIMULATION DURING GESTATION  ON THE BEHAVIOR OF RAT OFFSPRING,,Thesis,,Rattus norvegicus,hooded rat,Lister rat,,not reported,"mid, late",day 12-19,8,Intermitent,0.005,18 seconds per day. It was a tone,White noise,Audible,65,2500,Unclear,,"No noise, moved into experimental sound cage",male,25,,Cross-Fostered,,Anxiety,Open Field Test (OFT),"Circular open-field, duration 3 minutes and repeated in 3 consecutive days",Defecation amount,count,Count,Not reported,Figure 5,whitlow_1978_thesis_fig5,HNoN_1_de,HLN_1_de,HNoN_HLN_1_de,Dependent,No,Positive,,1.74,1.3191,20,0.294959727,,2.0226,1.4222,20,0.318013588,,"Figure only showed mean, imputated sd=SQRT(mean) as are counts in a certain tine","The author stated ""hooded rat,"" we assumed ""lister rat"". ""Foster mothers with no noise exposure. We also used the HNoN control, which were manipulated the same way as the noise treatment, but no noise..."". In the pilot they used a ""2 . 5 KHz tone of 3 second duration at  an intensity of 85 dB (re 20 4 N/m~)."" so we assumed they used the same for the actual experiment",,,,,,,yes,adjust comments text,,,FALSE,FALSE,FALSE,FALSE,TRUE,TRUE,FALSE,whitlow_1978_thesis_ex022,FALSE,FALSE,FALSE,FALSE,TRUE,TRUE,0.14849133,0.026804157
whitlow_1978_thesis,ex021,con017,out057,es108,Yes,"They had two experimental groups, 65dB and 85dB, they did 3 trials, one per day of the OFT",THE EFFECT OF SOUND STIMULATION DURING GESTATION  ON THE BEHAVIOR OF RAT OFFSPRING,,Thesis,,Rattus norvegicus,hooded rat,Lister rat,,not reported,"mid, late",day 12-19,8,Intermitent,0.005,18 seconds per day. It was a tone,White noise,Audible,85,2500,Unclear,,"No noise, moved into experimental sound cage",male,26,,Cross-Fostered,,Anxiety,Open Field Test (OFT),"Circular open-field, duration 3 minutes and repeated in 3 consecutive days",Defecation amount,count,Count,Not reported,Figure 5,whitlow_1978_thesis_fig5,HNoN_2_de,HN_2_de,HNoN_HN_2_de,Dependent,No,Positive,,2.22,1.49,20,0.333174129,,1.9827,1.4081,20,0.314860732,,"Figure only showed mean, imputated sd=SQRT(mean) as are counts in a certain tine","The author stated ""hooded rat,"" we assumed ""lister rat"". ""Foster mothers with no noise exposure. We also used the HNoN control, which were manipulated the same way as the noise treatment, but no noise..."". In the pilot they used a ""2 . 5 KHz tone of 3 second duration at  an intensity of 85 dB (re 20 4 N/m~)."" so we assumed they used the same for the actual experiment",,,,,,,yes,adjust comments text,,,FALSE,FALSE,FALSE,FALSE,TRUE,TRUE,FALSE,whitlow_1978_thesis_ex021,FALSE,FALSE,FALSE,FALSE,TRUE,TRUE,-0.111700054,0.023909195
whitlow_1978_thesis,ex022,con017,out057,es109,Yes,"They had two experimental groups, 65dB and 85dB, they did 3 trials, one per day of the OFT",THE EFFECT OF SOUND STIMULATION DURING GESTATION  ON THE BEHAVIOR OF RAT OFFSPRING,,Thesis,,Rattus norvegicus,hooded rat,Lister rat,,not reported,"mid, late",day 12-19,8,Intermitent,0.005,18 seconds per day. It was a tone,White noise,Audible,65,2500,Unclear,,"No noise, moved into experimental sound cage",male,26,,Cross-Fostered,,Anxiety,Open Field Test (OFT),"Circular open-field, duration 3 minutes and repeated in 3 consecutive days",Defecation amount,count,Count,Not reported,Figure 5,whitlow_1978_thesis_fig5,HNoN_2_de,HLN_2_de,HNoN_HLN_2_de,Dependent,No,Positive,,2.22,1.49,20,0.333174129,,1.8311,1.3532,20,0.302584719,,"Figure only showed mean, imputated sd=SQRT(mean) as are counts in a certain tine","The author stated ""hooded rat,"" we assumed ""lister rat"". ""Foster mothers with no noise exposure. We also used the HNoN control, which were manipulated the same way as the noise treatment, but no noise..."". In the pilot they used a ""2 . 5 KHz tone of 3 second duration at  an intensity of 85 dB (re 20 4 N/m~)."" so we assumed they used the same for the actual experiment",,,,,,,yes,adjust comments text,,,FALSE,FALSE,FALSE,FALSE,TRUE,TRUE,FALSE,whitlow_1978_thesis_ex022,FALSE,FALSE,FALSE,FALSE,TRUE,TRUE,-0.190198715,0.025030189
whitlow_1978_thesis,ex021,con017,out057,es110,Yes,"They had two experimental groups, 65dB and 85dB, they did 3 trials, one per day of the OFT",THE EFFECT OF SOUND STIMULATION DURING GESTATION  ON THE BEHAVIOR OF RAT OFFSPRING,,Thesis,,Rattus norvegicus,hooded rat,Lister rat,,not reported,"mid, late",day 12-19,8,Intermitent,0.005,18 seconds per day. It was a tone,White noise,Audible,85,2500,Unclear,,"No noise, moved into experimental sound cage",male,27,,Cross-Fostered,,Anxiety,Open Field Test (OFT),"Circular open-field, duration 3 minutes and repeated in 3 consecutive days",Defecation amount,count,Count,Not reported,Figure 5,whitlow_1978_thesis_fig5,HNoN_3_de,HN_3_de,HNoN_HN_3_de,Dependent,No,Positive,,1.14,1.0677,20,0.238744978,,2.5731,1.6041,20,0.358687664,,"Figure only showed mean, imputated sd=SQRT(mean) as are counts in a certain tine","The author stated ""hooded rat,"" we assumed ""lister rat"". ""Foster mothers with no noise exposure. We also used the HNoN control, which were manipulated the same way as the noise treatment, but no noise..."". In the pilot they used a ""2 . 5 KHz tone of 3 second duration at  an intensity of 85 dB (re 20 4 N/m~)."" so we assumed they used the same for the actual experiment",,,,,,,yes,adjust comments text,,,FALSE,FALSE,FALSE,FALSE,TRUE,TRUE,FALSE,whitlow_1978_thesis_ex021,FALSE,FALSE,FALSE,FALSE,TRUE,TRUE,0.801869678,0.034097396
whitlow_1978_thesis,ex022,con017,out057,es111,Yes,"They had two experimental groups, 65dB and 85dB, they did 3 trials, one per day of the OFT",THE EFFECT OF SOUND STIMULATION DURING GESTATION  ON THE BEHAVIOR OF RAT OFFSPRING,,Thesis,,Rattus norvegicus,hooded rat,Lister rat,,not reported,"mid, late",day 12-19,8,Intermitent,0.005,18 seconds per day. It was a tone,White noise,Audible,65,2500,Unclear,,"No noise, moved into experimental sound cage",male,26,,Cross-Fostered,,Anxiety,Open Field Test (OFT),"Circular open-field, duration 3 minutes and repeated in 3 consecutive days",Defecation amount,count,Count,Not reported,Figure 5,whitlow_1978_thesis_fig5,HNoN_3_de,HLN_3_de,HNoN_HLN_3_de,Dependent,No,Positive,,1.14,1.0677,20,0.238744978,,2.8604,1.6913,20,0.378186177,,"Figure only showed mean, imputated sd=SQRT(mean) as are counts in a certain tine","The author stated ""hooded rat,"" we assumed ""lister rat"". ""Foster mothers with no noise exposure. We also used the HNoN control, which were manipulated the same way as the noise treatment, but no noise..."". In the pilot they used a ""2 . 5 KHz tone of 3 second duration at  an intensity of 85 dB (re 20 4 N/m~)."" so we assumed they used the same for the actual experiment",,,,,,,yes,adjust comments text,,,FALSE,FALSE,FALSE,FALSE,TRUE,TRUE,FALSE,whitlow_1978_thesis_ex022,FALSE,FALSE,FALSE,FALSE,TRUE,TRUE,0.906744038,0.0336506
whitlow_1978_thesis,ex021,con018,out058,es112,Yes,"They had two experimental groups, 65dB and 85dB, they did 3 trials, one per day of the OFT",THE EFFECT OF SOUND STIMULATION DURING GESTATION  ON THE BEHAVIOR OF RAT OFFSPRING,,Thesis,,Rattus norvegicus,hooded rat,Lister rat,,not reported,"mid, late",day 12-19,8,Intermitent,0.005,18 seconds per day. It was a tone,White noise,Audible,85,2500,Unclear,,undisturbed controls,male,25,,Cross-Fostered,,Anxiety,Open Field Test (OFT),"Circular open-field, duration 3 minutes and repeated in 3 consecutive days",Sections crossed,count,Count,Not reported,Figure 2,whitlow_1978_thesis_fig2,C_1_sq,HN_1_sq,C_HN_1_sq,Dependent,Yes,Negative,,45.7671,6.7651,20,1.512722347,,71.2285,8.4397,20,1.887174291,,"Figure only showed mean, imputated sd=SQRT(mean) as are counts in a certain tine","The author stated ""hooded rat,"" we assumed ""lister rat"". ""Foster mothers with no noise exposure. We also used the HNoN control, which were manipulated the same way as the noise treatment, but no noise..."". In the pilot they used a ""2 . 5 KHz tone of 3 second duration at  an intensity of 85 dB (re 20 4 N/m~)."" so we assumed they used the same for the actual experiment",,,,,,,yes,adjust comments text,,,FALSE,FALSE,FALSE,FALSE,TRUE,TRUE,FALSE,whitlow_1978_thesis_ex021,FALSE,FALSE,FALSE,FALSE,TRUE,TRUE,-0.442132272,9.19E-04
whitlow_1978_thesis,ex022,con018,out058,es113,Yes,"They had two experimental groups, 65dB and 85dB, they did 3 trials, one per day of the OFT",THE EFFECT OF SOUND STIMULATION DURING GESTATION  ON THE BEHAVIOR OF RAT OFFSPRING,,Thesis,,Rattus norvegicus,hooded rat,Lister rat,,not reported,"mid, late",day 12-19,8,Intermitent,0.005,18 seconds per day. It was a tone,White noise,Audible,65,2500,Unclear,,undisturbed controls,male,25,,Cross-Fostered,,Anxiety,Open Field Test (OFT),"Circular open-field, duration 3 minutes and repeated in 3 consecutive days",Sections crossed,count,Count,Not reported,Figure 2,whitlow_1978_thesis_fig2,C_1_sq,HLN_1_sq,C_HLN_1_sq,Dependent,Yes,Negative,,45.7671,6.7651,20,1.512722347,,60.8719,7.802,20,1.744580236,,"Figure only showed mean, imputated sd=SQRT(mean) as are counts in a certain tine","The author stated ""hooded rat,"" we assumed ""lister rat"". ""Foster mothers with no noise exposure. We also used the HNoN control, which were manipulated the same way as the noise treatment, but no noise..."". In the pilot they used a ""2 . 5 KHz tone of 3 second duration at  an intensity of 85 dB (re 20 4 N/m~)."" so we assumed they used the same for the actual experiment",,,,,,,yes,adjust comments text,,,FALSE,FALSE,FALSE,FALSE,TRUE,TRUE,FALSE,whitlow_1978_thesis_ex022,FALSE,FALSE,FALSE,FALSE,TRUE,TRUE,-0.28507062,9.67E-04
whitlow_1978_thesis,ex021,con018,out058,es114,Yes,"They had two experimental groups, 65dB and 85dB, they did 3 trials, one per day of the OFT",THE EFFECT OF SOUND STIMULATION DURING GESTATION  ON THE BEHAVIOR OF RAT OFFSPRING,,Thesis,,Rattus norvegicus,hooded rat,Lister rat,,not reported,"mid, late",day 12-19,8,Intermitent,0.005,18 seconds per day. It was a tone,White noise,Audible,85,2500,Unclear,,undisturbed controls,male,26,,Cross-Fostered,,Anxiety,Open Field Test (OFT),"Circular open-field, duration 3 minutes and repeated in 3 consecutive days",Sections crossed,count,Count,Not reported,Figure 2,whitlow_1978_thesis_fig2,C_2_sq,HN_2_sq,C_HN_2_sq,Dependent,Yes,Negative,,31.7366,5.6335,20,1.259688895,,42.8005,6.5422,20,1.462880392,,"Figure only showed mean, imputated sd=SQRT(mean) as are counts in a certain tine","The author stated ""hooded rat,"" we assumed ""lister rat"". ""Foster mothers with no noise exposure. We also used the HNoN control, which were manipulated the same way as the noise treatment, but no noise..."". In the pilot they used a ""2 . 5 KHz tone of 3 second duration at  an intensity of 85 dB (re 20 4 N/m~)."" so we assumed they used the same for the actual experiment",,,,,,,yes,adjust comments text,,,FALSE,FALSE,FALSE,FALSE,TRUE,TRUE,FALSE,whitlow_1978_thesis_ex021,FALSE,FALSE,FALSE,FALSE,TRUE,TRUE,-0.298875572,0.001387027
whitlow_1978_thesis,ex022,con018,out058,es115,Yes,"They had two experimental groups, 65dB and 85dB, they did 3 trials, one per day of the OFT",THE EFFECT OF SOUND STIMULATION DURING GESTATION  ON THE BEHAVIOR OF RAT OFFSPRING,,Thesis,,Rattus norvegicus,hooded rat,Lister rat,,not reported,"mid, late",day 12-19,8,Intermitent,0.005,18 seconds per day. It was a tone,White noise,Audible,65,2500,Unclear,,undisturbed controls,male,26,,Cross-Fostered,,Anxiety,Open Field Test (OFT),"Circular open-field, duration 3 minutes and repeated in 3 consecutive days",Sections crossed,count,Count,Not reported,Figure 2,whitlow_1978_thesis_fig2,C_2_sq,HLN_2_sq,C_HLN_2_sq,Dependent,Yes,Negative,,31.7366,5.6335,20,1.259688895,,36.8824,6.0731,20,1.357986443,,"Figure only showed mean, imputated sd=SQRT(mean) as are counts in a certain tine","The author stated ""hooded rat,"" we assumed ""lister rat"". ""Foster mothers with no noise exposure. We also used the HNoN control, which were manipulated the same way as the noise treatment, but no noise..."". In the pilot they used a ""2 . 5 KHz tone of 3 second duration at  an intensity of 85 dB (re 20 4 N/m~)."" so we assumed they used the same for the actual experiment",,,,,,,yes,adjust comments text,,,FALSE,FALSE,FALSE,FALSE,TRUE,TRUE,FALSE,whitlow_1978_thesis_ex022,FALSE,FALSE,FALSE,FALSE,TRUE,TRUE,-0.150153989,0.001469686
whitlow_1978_thesis,ex021,con018,out058,es116,Yes,"They had two experimental groups, 65dB and 85dB, they did 3 trials, one per day of the OFT",THE EFFECT OF SOUND STIMULATION DURING GESTATION  ON THE BEHAVIOR OF RAT OFFSPRING,,Thesis,,Rattus norvegicus,hooded rat,Lister rat,,not reported,"mid, late",day 12-19,8,Intermitent,0.005,18 seconds per day. It was a tone,White noise,Audible,85,2500,Unclear,,undisturbed controls,male,27,,Cross-Fostered,,Anxiety,Open Field Test (OFT),"Circular open-field, duration 3 minutes and repeated in 3 consecutive days",Sections crossed,count,Count,Not reported,Figure 2,whitlow_1978_thesis_fig2,C_3_sq,HN_3_sq,C_HN_3_sq,Dependent,Yes,Negative,,19.1201,4.3726,20,0.977743084,,26.7371,5.1708,20,1.15622603,,"Figure only showed mean, imputated sd=SQRT(mean) as are counts in a certain tine","The author stated ""hooded rat,"" we assumed ""lister rat"". ""Foster mothers with no noise exposure. We also used the HNoN control, which were manipulated the same way as the noise treatment, but no noise..."". In the pilot they used a ""2 . 5 KHz tone of 3 second duration at  an intensity of 85 dB (re 20 4 N/m~)."" so we assumed they used the same for the actual experiment",,,,,,,yes,adjust comments text,,,FALSE,FALSE,FALSE,FALSE,TRUE,TRUE,FALSE,whitlow_1978_thesis_ex021,FALSE,FALSE,FALSE,FALSE,TRUE,TRUE,-0.334939517,0.002273672
whitlow_1978_thesis,ex022,con018,out058,es117,Yes,"They had two experimental groups, 65dB and 85dB, they did 3 trials, one per day of the OFT",THE EFFECT OF SOUND STIMULATION DURING GESTATION  ON THE BEHAVIOR OF RAT OFFSPRING,,Thesis,,Rattus norvegicus,hooded rat,Lister rat,,not reported,"mid, late",day 12-19,8,Intermitent,0.005,18 seconds per day. It was a tone,White noise,Audible,65,2500,Unclear,,undisturbed controls,male,27,,Cross-Fostered,,Anxiety,Open Field Test (OFT),"Circular open-field, duration 3 minutes and repeated in 3 consecutive days",Sections crossed,count,Count,Not reported,Figure 2,whitlow_1978_thesis_fig2,C_3_sq,HLN_3_sq,C_HLN_3_sq,Dependent,Yes,Negative,,19.1201,4.3726,20,0.977743084,,15.7464,3.9682,20,0.887316495,,"Figure only showed mean, imputated sd=SQRT(mean) as are counts in a certain tine","The author stated ""hooded rat,"" we assumed ""lister rat"". ""Foster mothers with no noise exposure. We also used the HNoN control, which were manipulated the same way as the noise treatment, but no noise..."". In the pilot they used a ""2 . 5 KHz tone of 3 second duration at  an intensity of 85 dB (re 20 4 N/m~)."" so we assumed they used the same for the actual experiment",,,,,,,yes,adjust comments text,,,FALSE,FALSE,FALSE,FALSE,TRUE,TRUE,FALSE,whitlow_1978_thesis_ex022,FALSE,FALSE,FALSE,FALSE,TRUE,TRUE,0.193848177,0.002908769
whitlow_1978_thesis,ex021,con018,out059,es118,Yes,"They had two experimental groups, 65dB and 85dB, they did 3 trials, one per day of the OFT",THE EFFECT OF SOUND STIMULATION DURING GESTATION  ON THE BEHAVIOR OF RAT OFFSPRING,,Thesis,,Rattus norvegicus,hooded rat,Lister rat,,not reported,"mid, late",day 12-19,8,Intermitent,0.005,18 seconds per day. It was a tone,White noise,Audible,85,2500,Unclear,,undisturbed controls,male,25,,Cross-Fostered,,Anxiety,Open Field Test (OFT),"Circular open-field, duration 3 minutes and repeated in 3 consecutive days",Grooming frequency,count,Count,Not reported,Figure 4,whitlow_1978_thesis_fig4,C_1_gr,HN_1_gr,C_HN_1_gr,Dependent,No,Positive,,4.0526,2.0131,20,0.450142845,,3.6809,1.9186,20,0.429012002,,"Figure only showed mean, imputated sd=SQRT(mean) as are counts in a certain tine","The author stated ""hooded rat,"" we assumed ""lister rat"". ""Foster mothers with no noise exposure. We also used the HNoN control, which were manipulated the same way as the noise treatment, but no noise..."". In the pilot they used a ""2 . 5 KHz tone of 3 second duration at  an intensity of 85 dB (re 20 4 N/m~)."" so we assumed they used the same for the actual experiment",,,,,,,yes,adjust comments text,,,FALSE,FALSE,FALSE,FALSE,TRUE,TRUE,FALSE,whitlow_1978_thesis_ex021,FALSE,FALSE,FALSE,FALSE,TRUE,TRUE,-0.095578149,0.012975878
whitlow_1978_thesis,ex022,con018,out059,es119,Yes,"They had two experimental groups, 65dB and 85dB, they did 3 trials, one per day of the OFT",THE EFFECT OF SOUND STIMULATION DURING GESTATION  ON THE BEHAVIOR OF RAT OFFSPRING,,Thesis,,Rattus norvegicus,hooded rat,Lister rat,,not reported,"mid, late",day 12-19,8,Intermitent,0.005,18 seconds per day. It was a tone,White noise,Audible,65,2500,Unclear,,undisturbed controls,male,25,,Cross-Fostered,,Anxiety,Open Field Test (OFT),"Circular open-field, duration 3 minutes and repeated in 3 consecutive days",Grooming frequency,count,Count,Not reported,Figure 4,whitlow_1978_thesis_fig4,C_1_gr,HLN_1_gr,C_HLN_1_gr,Dependent,No,Positive,,4.0526,2.0131,20,0.450142845,,3.708,1.9256,20,0.43057725,,"Figure only showed mean, imputated sd=SQRT(mean) as are counts in a certain tine","The author stated ""hooded rat,"" we assumed ""lister rat"". ""Foster mothers with no noise exposure. We also used the HNoN control, which were manipulated the same way as the noise treatment, but no noise..."". In the pilot they used a ""2 . 5 KHz tone of 3 second duration at  an intensity of 85 dB (re 20 4 N/m~)."" so we assumed they used the same for the actual experiment",,,,,,,yes,adjust comments text,,,FALSE,FALSE,FALSE,FALSE,TRUE,TRUE,FALSE,whitlow_1978_thesis_ex022,FALSE,FALSE,FALSE,FALSE,TRUE,TRUE,-0.088292777,0.012923629
whitlow_1978_thesis,ex021,con018,out059,es120,Yes,"They had two experimental groups, 65dB and 85dB, they did 3 trials, one per day of the OFT",THE EFFECT OF SOUND STIMULATION DURING GESTATION  ON THE BEHAVIOR OF RAT OFFSPRING,,Thesis,,Rattus norvegicus,hooded rat,Lister rat,,not reported,"mid, late",day 12-19,8,Intermitent,0.005,18 seconds per day. It was a tone,White noise,Audible,85,2500,Unclear,,undisturbed controls,male,26,,Cross-Fostered,,Anxiety,Open Field Test (OFT),"Circular open-field, duration 3 minutes and repeated in 3 consecutive days",Grooming frequency,count,Count,Not reported,Figure 4,whitlow_1978_thesis_fig4,C_2_gr,HN_2_gr,C_HN_2_gr,Dependent,No,Positive,,3.5127,1.8742,20,0.41908386,,5.6705,2.3813,20,0.532474867,,"Figure only showed mean, imputated sd=SQRT(mean) as are counts in a certain tine","The author stated ""hooded rat,"" we assumed ""lister rat"". ""Foster mothers with no noise exposure. We also used the HNoN control, which were manipulated the same way as the noise treatment, but no noise..."". In the pilot they used a ""2 . 5 KHz tone of 3 second duration at  an intensity of 85 dB (re 20 4 N/m~)."" so we assumed they used the same for the actual experiment",,,,,,,yes,adjust comments text,,,FALSE,FALSE,FALSE,FALSE,TRUE,TRUE,FALSE,whitlow_1978_thesis_ex021,FALSE,FALSE,FALSE,FALSE,TRUE,TRUE,0.476184295,0.011848383
whitlow_1978_thesis,ex022,con018,out059,es121,Yes,"They had two experimental groups, 65dB and 85dB, they did 3 trials, one per day of the OFT",THE EFFECT OF SOUND STIMULATION DURING GESTATION  ON THE BEHAVIOR OF RAT OFFSPRING,,Thesis,,Rattus norvegicus,hooded rat,Lister rat,,not reported,"mid, late",day 12-19,8,Intermitent,0.005,18 seconds per day. It was a tone,White noise,Audible,65,2500,Unclear,,undisturbed controls,male,26,,Cross-Fostered,,Anxiety,Open Field Test (OFT),"Circular open-field, duration 3 minutes and repeated in 3 consecutive days",Grooming frequency,count,Count,Not reported,Figure 4,whitlow_1978_thesis_fig4,C_2_gr,HLN_2_gr,C_HLN_2_gr,Dependent,No,Positive,,3.5127,1.8742,20,0.41908386,,4.8023,2.1914,20,0.490011937,,"Figure only showed mean, imputated sd=SQRT(mean) as are counts in a certain tine","The author stated ""hooded rat,"" we assumed ""lister rat"". ""Foster mothers with no noise exposure. We also used the HNoN control, which were manipulated the same way as the noise treatment, but no noise..."". In the pilot they used a ""2 . 5 KHz tone of 3 second duration at  an intensity of 85 dB (re 20 4 N/m~)."" so we assumed they used the same for the actual experiment",,,,,,,yes,adjust comments text,,,FALSE,FALSE,FALSE,FALSE,TRUE,TRUE,FALSE,whitlow_1978_thesis_ex022,FALSE,FALSE,FALSE,FALSE,TRUE,TRUE,0.310798883,0.012471748
whitlow_1978_thesis,ex021,con018,out059,es122,Yes,"They had two experimental groups, 65dB and 85dB, they did 3 trials, one per day of the OFT",THE EFFECT OF SOUND STIMULATION DURING GESTATION  ON THE BEHAVIOR OF RAT OFFSPRING,,Thesis,,Rattus norvegicus,hooded rat,Lister rat,,not reported,"mid, late",day 12-19,8,Intermitent,0.005,18 seconds per day. It was a tone,White noise,Audible,85,2500,Unclear,,undisturbed controls,male,27,,Cross-Fostered,,Anxiety,Open Field Test (OFT),"Circular open-field, duration 3 minutes and repeated in 3 consecutive days",Grooming frequency,count,Count,Not reported,Figure 4,whitlow_1978_thesis_fig4,C_3_gr,HN_3_gr,C_HN_3_gr,Dependent,No,Positive,,3.8478,1.9616,20,0.438627094,,3.6899,1.9209,20,0.429526298,,"Figure only showed mean, imputated sd=SQRT(mean) as are counts in a certain tine","The author stated ""hooded rat,"" we assumed ""lister rat"". ""Foster mothers with no noise exposure. We also used the HNoN control, which were manipulated the same way as the noise treatment, but no noise..."". In the pilot they used a ""2 . 5 KHz tone of 3 second duration at  an intensity of 85 dB (re 20 4 N/m~)."" so we assumed they used the same for the actual experiment",,,,,,,yes,adjust comments text,,,FALSE,FALSE,FALSE,FALSE,TRUE,TRUE,FALSE,whitlow_1978_thesis_ex021,FALSE,FALSE,FALSE,FALSE,TRUE,TRUE,-0.041624372,0.013275425
whitlow_1978_thesis,ex022,con018,out059,es123,Yes,"They had two experimental groups, 65dB and 85dB, they did 3 trials, one per day of the OFT",THE EFFECT OF SOUND STIMULATION DURING GESTATION  ON THE BEHAVIOR OF RAT OFFSPRING,,Thesis,,Rattus norvegicus,hooded rat,Lister rat,,not reported,"mid, late",day 12-19,8,Intermitent,0.005,18 seconds per day. It was a tone,White noise,Audible,65,2500,Unclear,,undisturbed controls,male,27,,Cross-Fostered,,Anxiety,Open Field Test (OFT),"Circular open-field, duration 3 minutes and repeated in 3 consecutive days",Grooming frequency,count,Count,Not reported,Figure 4,whitlow_1978_thesis_fig4,C_3_gr,HLN_3_gr,C_HLN_3_gr,Dependent,No,Positive,,3.8478,1.9616,20,0.438627094,,3.0749,1.7535,20,0.39209452,,"Figure only showed mean, imputated sd=SQRT(mean) as are counts in a certain tine","The author stated ""hooded rat,"" we assumed ""lister rat"". ""Foster mothers with no noise exposure. We also used the HNoN control, which were manipulated the same way as the noise treatment, but no noise..."". In the pilot they used a ""2 . 5 KHz tone of 3 second duration at  an intensity of 85 dB (re 20 4 N/m~)."" so we assumed they used the same for the actual experiment",,,,,,,yes,adjust comments text,,,FALSE,FALSE,FALSE,FALSE,TRUE,TRUE,FALSE,whitlow_1978_thesis_ex022,FALSE,FALSE,FALSE,FALSE,TRUE,TRUE,-0.22259654,0.014718726
whitlow_1978_thesis,ex021,con018,out060,es124,Yes,"They had two experimental groups, 65dB and 85dB, they did 3 trials, one per day of the OFT",THE EFFECT OF SOUND STIMULATION DURING GESTATION  ON THE BEHAVIOR OF RAT OFFSPRING,,Thesis,,Rattus norvegicus,hooded rat,Lister rat,,not reported,"mid, late",day 12-19,8,Intermitent,0.005,18 seconds per day. It was a tone,White noise,Audible,85,2500,Unclear,,undisturbed controls,male,25,,Cross-Fostered,,Anxiety,Open Field Test (OFT),"Circular open-field, duration 3 minutes and repeated in 3 consecutive days",Defecation amount,count,Count,Not reported,Figure 5,whitlow_1978_thesis_fig5,C_1_de,HN_1_de,C_HN_1_de,Dependent,No,Positive,,2.3849,1.5443,20,0.345315978,,2.3777,1.542,20,0.344801682,,"Figure only showed mean, imputated sd=SQRT(mean) as are counts in a certain tine","The author stated ""hooded rat,"" we assumed ""lister rat"". ""Foster mothers with no noise exposure. We also used the HNoN control, which were manipulated the same way as the noise treatment, but no noise..."". In the pilot they used a ""2 . 5 KHz tone of 3 second duration at  an intensity of 85 dB (re 20 4 N/m~)."" so we assumed they used the same for the actual experiment",,,,,,,yes,adjust comments text,,,FALSE,FALSE,FALSE,FALSE,TRUE,TRUE,FALSE,whitlow_1978_thesis_ex021,FALSE,FALSE,FALSE,FALSE,TRUE,TRUE,-0.00299137,0.020997125
whitlow_1978_thesis,ex022,con018,out060,es125,Yes,"They had two experimental groups, 65dB and 85dB, they did 3 trials, one per day of the OFT",THE EFFECT OF SOUND STIMULATION DURING GESTATION  ON THE BEHAVIOR OF RAT OFFSPRING,,Thesis,,Rattus norvegicus,hooded rat,Lister rat,,not reported,"mid, late",day 12-19,8,Intermitent,0.005,18 seconds per day. It was a tone,White noise,Audible,65,2500,Unclear,,undisturbed controls,male,25,,Cross-Fostered,,Anxiety,Open Field Test (OFT),"Circular open-field, duration 3 minutes and repeated in 3 consecutive days",Defecation amount,count,Count,Not reported,Figure 5,whitlow_1978_thesis_fig5,C_1_de,HLN_1_de,C_HLN_1_de,Dependent,No,Positive,,2.3849,1.5443,20,0.345315978,,2.0226,1.4222,20,0.318013588,,"Figure only showed mean, imputated sd=SQRT(mean) as are counts in a certain tine","The author stated ""hooded rat,"" we assumed ""lister rat"". ""Foster mothers with no noise exposure. We also used the HNoN control, which were manipulated the same way as the noise treatment, but no noise..."". In the pilot they used a ""2 . 5 KHz tone of 3 second duration at  an intensity of 85 dB (re 20 4 N/m~)."" so we assumed they used the same for the actual experiment",,,,,,,yes,adjust comments text,,,FALSE,FALSE,FALSE,FALSE,TRUE,TRUE,FALSE,whitlow_1978_thesis_ex022,FALSE,FALSE,FALSE,FALSE,TRUE,TRUE,-0.162895186,0.022920451
whitlow_1978_thesis,ex021,con018,out060,es126,Yes,"They had two experimental groups, 65dB and 85dB, they did 3 trials, one per day of the OFT",THE EFFECT OF SOUND STIMULATION DURING GESTATION  ON THE BEHAVIOR OF RAT OFFSPRING,,Thesis,,Rattus norvegicus,hooded rat,Lister rat,,not reported,"mid, late",day 12-19,8,Intermitent,0.005,18 seconds per day. It was a tone,White noise,Audible,85,2500,Unclear,,undisturbed controls,male,26,,Cross-Fostered,,Anxiety,Open Field Test (OFT),"Circular open-field, duration 3 minutes and repeated in 3 consecutive days",Defecation amount,count,Count,Not reported,Figure 5,whitlow_1978_thesis_fig5,C_2_de,HN_2_de,C_HN_2_de,Dependent,No,Positive,,1.5268,1.2357,20,0.27631092,,1.9827,1.4081,20,0.314860732,,"Figure only showed mean, imputated sd=SQRT(mean) as are counts in a certain tine","The author stated ""hooded rat,"" we assumed ""lister rat"". ""Foster mothers with no noise exposure. We also used the HNoN control, which were manipulated the same way as the noise treatment, but no noise..."". In the pilot they used a ""2 . 5 KHz tone of 3 second duration at  an intensity of 85 dB (re 20 4 N/m~)."" so we assumed they used the same for the actual experiment",,,,,,,yes,adjust comments text,,,FALSE,FALSE,FALSE,FALSE,TRUE,TRUE,FALSE,whitlow_1978_thesis_ex021,FALSE,FALSE,FALSE,FALSE,TRUE,TRUE,0.257519096,0.029230882
whitlow_1978_thesis,ex022,con018,out060,es127,Yes,"They had two experimental groups, 65dB and 85dB, they did 3 trials, one per day of the OFT",THE EFFECT OF SOUND STIMULATION DURING GESTATION  ON THE BEHAVIOR OF RAT OFFSPRING,,Thesis,,Rattus norvegicus,hooded rat,Lister rat,,not reported,"mid, late",day 12-19,8,Intermitent,0.005,18 seconds per day. It was a tone,White noise,Audible,65,2500,Unclear,,undisturbed controls,male,26,,Cross-Fostered,,Anxiety,Open Field Test (OFT),"Circular open-field, duration 3 minutes and repeated in 3 consecutive days",Defecation amount,count,Count,Not reported,Figure 5,whitlow_1978_thesis_fig5,C_2_de,HLN_2_de,C_HLN_2_de,Dependent,No,Positive,,1.5268,1.2357,20,0.27631092,,1.8311,1.3532,20,0.302584719,,"Figure only showed mean, imputated sd=SQRT(mean) as are counts in a certain tine","The author stated ""hooded rat,"" we assumed ""lister rat"". ""Foster mothers with no noise exposure. We also used the HNoN control, which were manipulated the same way as the noise treatment, but no noise..."". In the pilot they used a ""2 . 5 KHz tone of 3 second duration at  an intensity of 85 dB (re 20 4 N/m~)."" so we assumed they used the same for the actual experiment",,,,,,,yes,adjust comments text,,,FALSE,FALSE,FALSE,FALSE,TRUE,TRUE,FALSE,whitlow_1978_thesis_ex022,FALSE,FALSE,FALSE,FALSE,TRUE,TRUE,0.179020435,0.030152802
whitlow_1978_thesis,ex021,con018,out060,es128,Yes,"They had two experimental groups, 65dB and 85dB, they did 3 trials, one per day of the OFT",THE EFFECT OF SOUND STIMULATION DURING GESTATION  ON THE BEHAVIOR OF RAT OFFSPRING,,Thesis,,Rattus norvegicus,hooded rat,Lister rat,,not reported,"mid, late",day 12-19,8,Intermitent,0.005,18 seconds per day. It was a tone,White noise,Audible,85,2500,Unclear,,undisturbed controls,male,27,,Cross-Fostered,,Anxiety,Open Field Test (OFT),"Circular open-field, duration 3 minutes and repeated in 3 consecutive days",Defecation amount,count,Count,Not reported,Figure 5,whitlow_1978_thesis_fig5,C_3_de,HN_3_de,C_HN_3_de,Dependent,No,Positive,,2.775,1.6658,20,0.372484204,,2.5731,1.6041,20,0.358687664,,"Figure only showed mean, imputated sd=SQRT(mean) as are counts in a certain tine","The author stated ""hooded rat,"" we assumed ""lister rat"". ""Foster mothers with no noise exposure. We also used the HNoN control, which were manipulated the same way as the noise treatment, but no noise..."". In the pilot they used a ""2 . 5 KHz tone of 3 second duration at  an intensity of 85 dB (re 20 4 N/m~)."" so we assumed they used the same for the actual experiment",,,,,,,yes,adjust comments text,,,FALSE,FALSE,FALSE,FALSE,TRUE,TRUE,FALSE,whitlow_1978_thesis_ex021,FALSE,FALSE,FALSE,FALSE,TRUE,TRUE,-0.074831954,0.018738064
whitlow_1978_thesis,ex022,con018,out060,es129,Yes,"They had two experimental groups, 65dB and 85dB, they did 3 trials, one per day of the OFT",THE EFFECT OF SOUND STIMULATION DURING GESTATION  ON THE BEHAVIOR OF RAT OFFSPRING,,Thesis,,Rattus norvegicus,hooded rat,Lister rat,,not reported,"mid, late",day 12-19,8,Intermitent,0.005,18 seconds per day. It was a tone,White noise,Audible,65,2500,Unclear,,undisturbed controls,male,26,,Cross-Fostered,,Anxiety,Open Field Test (OFT),"Circular open-field, duration 3 minutes and repeated in 3 consecutive days",Defecation amount,count,Count,Not reported,Figure 5,whitlow_1978_thesis_fig5,C_3_de,HLN_3_de,C_HLN_3_de,Dependent,No,Positive,,2.775,1.6658,20,0.372484204,,2.8604,1.6913,20,0.378186177,,"Figure only showed mean, imputated sd=SQRT(mean) as are counts in a certain tine","The author stated ""hooded rat,"" we assumed ""lister rat"". ""Foster mothers with no noise exposure. We also used the HNoN control, which were manipulated the same way as the noise treatment, but no noise..."". In the pilot they used a ""2 . 5 KHz tone of 3 second duration at  an intensity of 85 dB (re 20 4 N/m~)."" so we assumed they used the same for the actual experiment",,,,,,,yes,adjust comments text,,,FALSE,FALSE,FALSE,FALSE,TRUE,TRUE,FALSE,whitlow_1978_thesis_ex022,FALSE,FALSE,FALSE,FALSE,TRUE,TRUE,0.030042406,0.017751008
abramova_2020_genpath,ex023,con019,out061,es130,No,"They had one level of exposure, and two experimental groups, female and males, and one control per group",Social and Cognitive Impairments in Rat Offspring after Ultrasound-Induced Prenatal Stress,10.1007/s10517-020-04790-0,General Pathology and Pathophysiology,Only one assay,Rattus norvegicus,albino lab rat,Sprague-Dawley,,not reported,"early, mid, late",all gestation,21,Continuous,24,Expossed to continuous variable frequencies,Ultrasound,Ultrasound,50,"20,000-45,000",Ambient sound,,"""under normal conditions without ultrasound""",male,90,3 months,none,The loudness was inferred using,Anxiety,Open Field Test (OFT),,Sections crossed,count,Count,Light phase,raw data,abramova_2020_genpath,KO-m-sq,US-m-g1-sq,KO_US_m_sq,Independent,Yes,Negative,,51.375,16.8263,8,18.1638,,56.2632,26.4614,19,6.0707,,Extracted all from raw data,Data  provided by Abramova on request,,,,,,,yes,adjust comments text,,,FALSE,FALSE,FALSE,FALSE,FALSE,FALSE,FALSE,abramova_2020_genpath_ex023,FALSE,FALSE,FALSE,FALSE,FALSE,FALSE,-0.090005646,0.025050487
abramova_2020_genpath,ex024,con020,out061,es131,No,"They had one level of exposure, and two experimental groups, female and males, and one control per group",Social and Cognitive Impairments in Rat Offspring after Ultrasound-Induced Prenatal Stress,10.1007/s10517-020-04790-0,General Pathology and Pathophysiology,Only one assay,Rattus norvegicus,albino lab rat,Sprague-Dawley,,not reported,"early, mid, late",all gestation,21,Continuous,24,Expossed to continuous variable frequencies,Ultrasound,Ultrasound,50,"20,000-45,000",Ambient sound,,"""under normal conditions without ultrasound""",female,90,3 months,none,,Anxiety,Open Field Test (OFT),squares crossed,Sections crossed,count,Count,Light phase,raw data,abramova_2020_genpath,CO-f-sq,US-f-g1-sq,CO_US_f_sq,Independent,Yes,Negative,,65.5,17.0042,8,23.1577,,59.625,19.4418,16,14.9063,,Extracted all from raw data,Data  provided by Abramova on request,,,,,,,yes,adjust comments text,,,FALSE,FALSE,FALSE,FALSE,FALSE,FALSE,FALSE,abramova_2020_genpath_ex024,FALSE,FALSE,FALSE,FALSE,FALSE,FALSE,0.094864892,0.015069435
abramova_2020_genpath,ex023,con019,out062,es132,No,"They had one level of exposure, and two experimental groups, female and males, and one control per group",Social and Cognitive Impairments in Rat Offspring after Ultrasound-Induced Prenatal Stress,10.1007/s10517-020-04790-0,General Pathology and Pathophysiology,Only one assay,Rattus norvegicus,albino lab rat,Sprague-Dawley,,not reported,"early, mid, late",all gestation,21,Continuous,24,Expossed to continuous variable frequencies,Ultrasound,Ultrasound,50,"20,000-45,000",Ambient sound,,"""under normal conditions without ultrasound""",male,90,3 months,none,,Anxiety,Open Field Test (OFT),,Rearing frequency,count,Count,Light phase,raw data,abramova_2020_genpath,KO-m-rea,US-m-g1-rea,KO_US_m_rea,Independent,Yes,Negative,,23.625,6.7387,8,8.3527,,23.5789,11.057,19,2.5367,,Extracted all from raw data,Data  provided by Abramova on request,,,,,,,yes,adjust comments text,,,FALSE,FALSE,FALSE,FALSE,FALSE,FALSE,FALSE,abramova_2020_genpath_ex023,FALSE,FALSE,FALSE,FALSE,FALSE,FALSE,0.001251329,0.021743691
abramova_2020_genpath,ex024,con020,out062,es133,No,"They had one level of exposure, and two experimental groups, female and males, and one control per group",Social and Cognitive Impairments in Rat Offspring after Ultrasound-Induced Prenatal Stress,10.1007/s10517-020-04790-0,General Pathology and Pathophysiology,Only one assay,Rattus norvegicus,albino lab rat,Sprague-Dawley,,not reported,"early, mid, late",all gestation,21,Continuous,24,Expossed to continuous variable frequencies,Ultrasound,Ultrasound,50,"20,000-45,000",Ambient sound,,"""under normal conditions without ultrasound""",female,90,3 months,none,,Anxiety,Open Field Test (OFT),,Rearing frequency,count,Count,Light phase,raw data,abramova_2020_genpath,CO-f-rea,US-f-g1-rea,CO_US_f_rea,Independent,Yes,Negative,,28.125,6.4683,8,9.9437,,28.1875,8.9086,16,7.0469,,Extracted all from raw data,Data  provided by Abramova on request,,,,,,,yes,adjust comments text,,,FALSE,FALSE,FALSE,FALSE,FALSE,FALSE,FALSE,abramova_2020_genpath_ex024,FALSE,FALSE,FALSE,FALSE,FALSE,FALSE,-0.002035413,0.012854472
abramova_2020_genpath,ex023,con019,out063,es134,No,"They had one level of exposure, and two experimental groups, female and males, and one control per group",Social and Cognitive Impairments in Rat Offspring after Ultrasound-Induced Prenatal Stress,10.1007/s10517-020-04790-0,General Pathology and Pathophysiology,Only one assay,Rattus norvegicus,albino lab rat,Sprague-Dawley,,not reported,"early, mid, late",all gestation,21,Continuous,24,Expossed to continuous variable frequencies,Ultrasound,Ultrasound,50,"20,000-45,000",Ambient sound,,"""under normal conditions without ultrasound""",male,90,3 months,none,,Anxiety,Open Field Test (OFT),,Center entries (crossing),count,Count,Light phase,raw data,abramova_2020_genpath,KO-m-cen,US-m-g1-cen,KO_US_m_cen,Independent,Yes,Negative,,1.875,2.997,8,0.6629,,1.8421,1.4245,19,0.3268,,Extracted all from raw data,Data  provided by Abramova on request,,,,,,,yes,adjust comments text,,,FALSE,FALSE,FALSE,FALSE,FALSE,FALSE,FALSE,abramova_2020_genpath_ex023,FALSE,FALSE,FALSE,FALSE,FALSE,FALSE,0.161645849,0.35083381
abramova_2020_genpath,ex024,con020,out063,es135,No,"They had one level of exposure, and two experimental groups, female and males, and one control per group",Social and Cognitive Impairments in Rat Offspring after Ultrasound-Induced Prenatal Stress,10.1007/s10517-020-04790-0,General Pathology and Pathophysiology,Only one assay,Rattus norvegicus,albino lab rat,Sprague-Dawley,,not reported,"early, mid, late",all gestation,21,Continuous,24,Expossed to continuous variable frequencies,Ultrasound,Ultrasound,50,"20,000-45,000",Ambient sound,,"""under normal conditions without ultrasound""",female,90,3 months,none,,Anxiety,Open Field Test (OFT),,Center entries (crossing),count,Count,Light phase,raw data,abramova_2020_genpath,CO-f-cen,US-f-g1-cen,CO_US_f_cen,Independent,Yes,Negative,,2.75,1.8323,8,0.9723,,1.25,0.9309,16,0.3125,,Extracted all from raw data,Data  provided by Abramova on request,,,,,,,yes,adjust comments text,,,FALSE,FALSE,FALSE,FALSE,FALSE,FALSE,FALSE,abramova_2020_genpath_ex024,FALSE,FALSE,FALSE,FALSE,FALSE,FALSE,0.798872338,0.090155939
abramova_2020_genpath,ex023,con019,out064,es136,No,"They had one level of exposure, and two experimental groups, female and males, and one control per group",Social and Cognitive Impairments in Rat Offspring after Ultrasound-Induced Prenatal Stress,10.1007/s10517-020-04790-0,General Pathology and Pathophysiology,Only one assay,Rattus norvegicus,albino lab rat,Sprague-Dawley,,not reported,"early, mid, late",all gestation,21,Continuous,24,Expossed to continuous variable frequencies,Ultrasound,Ultrasound,50,"20,000-45,000",Ambient sound,,"""under normal conditions without ultrasound""",male,90,3 months,none,,Anxiety,Open Field Test (OFT),,Total grooming time,time,s,Light phase,raw data,abramova_2020_genpath,KO-m-grt,US-m-g1-grt,KO_US_m_grt,Independent,No,Positive,,12.5038,11.0261,8,4.4207,,33.2405,19.9724,19,4.582,,Extracted all from raw data,Data  provided by Abramova on request,,,,,,,yes,adjust comments text,,,FALSE,FALSE,FALSE,FALSE,FALSE,FALSE,FALSE,abramova_2020_genpath_ex023,FALSE,FALSE,FALSE,FALSE,FALSE,FALSE,0.938636413,0.116201595
abramova_2020_genpath,ex024,con020,out064,es137,No,"They had one level of exposure, and two experimental groups, female and males, and one control per group",Social and Cognitive Impairments in Rat Offspring after Ultrasound-Induced Prenatal Stress,10.1007/s10517-020-04790-0,General Pathology and Pathophysiology,Only one assay,Rattus norvegicus,albino lab rat,Sprague-Dawley,,not reported,"early, mid, late",all gestation,21,Continuous,24,Expossed to continuous variable frequencies,Ultrasound,Ultrasound,50,"20,000-45,000",Ambient sound,,"""under normal conditions without ultrasound""",female,90,3 months,none,,Anxiety,Open Field Test (OFT),,Total grooming time,time,s,Light phase,raw data,abramova_2020_genpath,CO-f-grt,US-f-g1-grt,CO_US_f_grt,Independent,No,Positive,,13.8713,13.5053,8,4.9042,,17.125,12.2961,16,4.2813,,Extracted all from raw data,Data  provided by Abramova on request,,,,,,,yes,adjust comments text,,,FALSE,FALSE,FALSE,FALSE,FALSE,FALSE,FALSE,abramova_2020_genpath_ex024,FALSE,FALSE,FALSE,FALSE,FALSE,FALSE,0.167583134,0.150712754
abramova_2020_genpath,ex023,con019,out065,es138,No,"They had one level of exposure, and two experimental groups, female and males, and one control per group",Social and Cognitive Impairments in Rat Offspring after Ultrasound-Induced Prenatal Stress,10.1007/s10517-020-04790-0,General Pathology and Pathophysiology,Only one assay,Rattus norvegicus,albino lab rat,Sprague-Dawley,,not reported,"early, mid, late",all gestation,21,Continuous,24,Expossed to continuous variable frequencies,Ultrasound,Ultrasound,50,"20,000-45,000",Ambient sound,,"""under normal conditions without ultrasound""",male,90,3 months,none,,Anxiety,Open Field Test (OFT),,Total freezing time,time,s,Light phase,raw data,abramova_2020_genpath,KO-m-fr,US-m-fr,KO_US_m_fr,Independent,No,Positive,,9.4775,15.5527,8,3.3508,,33.2316,43.7813,19,10.0441,,Extracted all from raw data,Data  provided by Abramova on request,,,,,,,yes,adjust comments text,,,FALSE,FALSE,FALSE,FALSE,FALSE,FALSE,FALSE,abramova_2020_genpath_ex023,FALSE,FALSE,FALSE,FALSE,FALSE,FALSE,1.131949279,0.427968088
abramova_2020_genpath,ex024,con020,out065,es139,No,"They had one level of exposure, and two experimental groups, female and males, and one control per group",Social and Cognitive Impairments in Rat Offspring after Ultrasound-Induced Prenatal Stress,10.1007/s10517-020-04790-0,General Pathology and Pathophysiology,Only one assay,Rattus norvegicus,albino lab rat,Sprague-Dawley,,not reported,"early, mid, late",all gestation,21,Continuous,24,Expossed to continuous variable frequencies,Ultrasound,Ultrasound,50,"20,000-45,000",Ambient sound,,"""under normal conditions without ultrasound""",female,90,3 months,none,,Anxiety,Open Field Test (OFT),,Total freezing time,time,s,Light phase,raw data,abramova_2020_genpath,CO-f-fr,US-f-g1-fr,CO_US_f_fr,Independent,No,Positive,,8.2563,21.4515,8,2.919,,32.7925,28.6499,16,8.1981,,Extracted all from raw data,Data  provided by Abramova on request,,,,,,,yes,adjust comments text,,,FALSE,FALSE,FALSE,FALSE,FALSE,FALSE,FALSE,abramova_2020_genpath_ex024,FALSE,FALSE,FALSE,FALSE,FALSE,FALSE,0.981162047,0.891535396
abramova_2020_genpath,ex023,con019,out066,es140,No,"They had one level of exposure, and two experimental groups, female and males, and one control per group",Social and Cognitive Impairments in Rat Offspring after Ultrasound-Induced Prenatal Stress,10.1007/s10517-020-04790-0,General Pathology and Pathophysiology,Only one assay,Rattus norvegicus,albino lab rat,Sprague-Dawley,,not reported,"early, mid, late",all gestation,21,Continuous,24,Expossed to continuous variable frequencies,Ultrasound,Ultrasound,50,"20,000-45,000",Ambient sound,,"""under normal conditions without ultrasound""",male,90,3 months,none,,Anxiety,Open Field Test (OFT),,Grooming frequency,count,Count,Light phase,raw data,abramova_2020_genpath,KO-m-grf,US-m-g1-grf,KO_US_m_grf,Independent,No,Positive,,4.625,3.7009,8,1.6352,,4.2105,2.1751,19,0.499,,Extracted all from raw data,Data  provided by Abramova on request,,,,,,,yes,adjust comments text,,,FALSE,FALSE,FALSE,FALSE,FALSE,FALSE,FALSE,abramova_2020_genpath_ex023,FALSE,FALSE,FALSE,FALSE,FALSE,FALSE,-0.126891672,0.094084434
abramova_2020_genpath,ex024,con020,out066,es141,No,"They had one level of exposure, and two experimental groups, female and males, and one control per group",Social and Cognitive Impairments in Rat Offspring after Ultrasound-Induced Prenatal Stress,10.1007/s10517-020-04790-0,General Pathology and Pathophysiology,Only one assay,Rattus norvegicus,albino lab rat,Sprague-Dawley,,not reported,"early, mid, late",all gestation,21,Continuous,24,Expossed to continuous variable frequencies,Ultrasound,Ultrasound,50,"20,000-45,000",Ambient sound,,"""under normal conditions without ultrasound""",female,90,3 months,none,,Anxiety,Open Field Test (OFT),,Grooming frequency,count,Count,Light phase,raw data,abramova_2020_genpath,CO-f-grf,US-f-g1-grf,KO_US_f_grf,Independent,No,Positive,,2.875,1.8077,8,1.0165,,3,1.3663,16,0.75,,Extracted all from raw data,Data  provided by Abramova on request,,,,,,,yes,adjust comments text,,,FALSE,FALSE,FALSE,FALSE,FALSE,FALSE,FALSE,abramova_2020_genpath_ex024,FALSE,FALSE,FALSE,FALSE,FALSE,FALSE,0.024332368,0.062381932
abramova_2020_genpath,ex023,con019,out067,es142,No,"They had one level of exposure, and two experimental groups, female and males, and one control per group",Social and Cognitive Impairments in Rat Offspring after Ultrasound-Induced Prenatal Stress,10.1007/s10517-020-04790-0,General Pathology and Pathophysiology,Only one assay,Rattus norvegicus,albino lab rat,Sprague-Dawley,,not reported,"early, mid, late",all gestation,21,Continuous,24,Expossed to continuous variable frequencies,Ultrasound,Ultrasound,50,"20,000-45,000",Ambient sound,,"""under normal conditions without ultrasound""",male,90,3 months,none,,Anxiety,Elevated Plus Maze (EPM),,Total time in dark,time,s,Light phase,raw data,abramova_2020_genpath,KO-m-grf,US-m-g1,KO_US_m_d,Independent,No,Positive,,282.218,17.0866,20,63.1059,,253.7111,39.4675,19,9.0545,,Extracted all from raw data,Data  provided by Abramova on request,,,,,,,yes,adjust comments text,,,FALSE,FALSE,FALSE,FALSE,FALSE,FALSE,FALSE,abramova_2020_genpath_ex023,FALSE,FALSE,FALSE,FALSE,FALSE,FALSE,-0.105938423,0.001456919
abramova_2020_genpath,ex024,con020,out067,es143,No,"They had one level of exposure, and two experimental groups, female and males, and one control per group",Social and Cognitive Impairments in Rat Offspring after Ultrasound-Induced Prenatal Stress,10.1007/s10517-020-04790-0,General Pathology and Pathophysiology,Only one assay,Rattus norvegicus,albino lab rat,Sprague-Dawley,,not reported,"early, mid, late",all gestation,21,Continuous,24,Expossed to continuous variable frequencies,Ultrasound,Ultrasound,50,"20,000-45,000",Ambient sound,,"""under normal conditions without ultrasound""",female,90,3 months,none,,Anxiety,Elevated Plus Maze (EPM),,Total time in dark,time,s,Light phase,raw data,abramova_2020_genpath,CO-f-grf,US-f-g1,CO_US_f_d,Independent,No,Positive,,270.4478,23.5988,18,63.7452,,242.4406,43.8737,16,10.9684,,Extracted all from raw data,Data  provided by Abramova on request,,,,,,,yes,adjust comments text,,,FALSE,FALSE,FALSE,FALSE,FALSE,FALSE,FALSE,abramova_2020_genpath_ex024,FALSE,FALSE,FALSE,FALSE,FALSE,FALSE,-0.108510466,0.002469812
abramova_2020_genpath,ex023,con019,out068,es144,No,"They had one level of exposure, and two experimental groups, female and males, and one control per group",Social and Cognitive Impairments in Rat Offspring after Ultrasound-Induced Prenatal Stress,10.1007/s10517-020-04790-0,General Pathology and Pathophysiology,Only one assay,Rattus norvegicus,albino lab rat,Sprague-Dawley,,not reported,"early, mid, late",all gestation,21,Continuous,24,Expossed to continuous variable frequencies,Ultrasound,Ultrasound,50,"20,000-45,000",Ambient sound,,"""under normal conditions without ultrasound""",male,90,3 months,none,,Anxiety,Elevated Plus Maze (EPM),,Total time in light,time,s,Light phase,raw data,abramova_2020_genpath,KO-m-d,US-m-g1,KO_US_m_li,Independent,Yes,Negative,,15.626,16.2996,20,3.4941,,42.7837,38.8467,19,8.912,,Extracted all from raw data,Data  provided by Abramova on request,,,,,,,yes,adjust comments text,,,FALSE,FALSE,FALSE,FALSE,FALSE,FALSE,FALSE,abramova_2020_genpath_ex023,FALSE,FALSE,FALSE,FALSE,FALSE,FALSE,-1.001714573,0.09779451
abramova_2020_genpath,ex024,con020,out068,es145,No,"They had one level of exposure, and two experimental groups, female and males, and one control per group",Social and Cognitive Impairments in Rat Offspring after Ultrasound-Induced Prenatal Stress,10.1007/s10517-020-04790-0,General Pathology and Pathophysiology,Only one assay,Rattus norvegicus,albino lab rat,Sprague-Dawley,,not reported,"early, mid, late",all gestation,21,Continuous,24,Expossed to continuous variable frequencies,Ultrasound,Ultrasound,50,"20,000-45,000",Ambient sound,,"""under normal conditions without ultrasound""",female,90,3 months,none,,Anxiety,Elevated Plus Maze (EPM),,Total time in light,time,s,Light phase,raw data,abramova_2020_genpath,KO-f-d,US-f-g1,CO_US_f_li,Independent,Yes,Negative,,26.8306,21.928,18,6.324,,49.9631,41.8416,16,10.4604,,Extracted all from raw data,Data  provided by Abramova on request,,,,,,,yes,adjust comments text,,,FALSE,FALSE,FALSE,FALSE,FALSE,FALSE,FALSE,abramova_2020_genpath_ex024,FALSE,FALSE,FALSE,FALSE,FALSE,FALSE,-0.625104155,0.080940423
abramova_2020_genpath,ex023,con019,out069,es146,No,"They had one level of exposure, and two experimental groups, female and males, and one control per group",Social and Cognitive Impairments in Rat Offspring after Ultrasound-Induced Prenatal Stress,10.1007/s10517-020-04790-0,General Pathology and Pathophysiology,Only one assay,Rattus norvegicus,albino lab rat,Sprague-Dawley,,not reported,"early, mid, late",all gestation,21,Continuous,24,Expossed to continuous variable frequencies,Ultrasound,Ultrasound,50,"20,000-45,000",Ambient sound,,"""under normal conditions without ultrasound""",male,90,3 months,none,,Anxiety,Elevated Plus Maze (EPM),,Center entries (crossing),count,Count,Light phase,raw data,abramova_2020_genpath,KO-m-l,US-m-g1,KO_US_m_tr,Independent,Yes,Negative,,1.95,2.0894,20,0.436,,3.7895,3.1372,19,0.7197,,Extracted all from raw data,Data  provided by Abramova on request,,,,,,,yes,adjust comments text,,,FALSE,FALSE,FALSE,FALSE,FALSE,FALSE,FALSE,abramova_2020_genpath_ex023,FALSE,FALSE,FALSE,FALSE,FALSE,FALSE,-0.653738458,0.09347597
abramova_2020_genpath,ex024,con020,out069,es147,No,"They had one level of exposure, and two experimental groups, female and males, and one control per group",Social and Cognitive Impairments in Rat Offspring after Ultrasound-Induced Prenatal Stress,10.1007/s10517-020-04790-0,General Pathology and Pathophysiology,Only one assay,Rattus norvegicus,albino lab rat,Sprague-Dawley,,not reported,"early, mid, late",all gestation,21,Continuous,24,Expossed to continuous variable frequencies,Ultrasound,Ultrasound,50,"20,000-45,000",Ambient sound,,"""under normal conditions without ultrasound""",female,90,3 months,none,,Anxiety,Elevated Plus Maze (EPM),,Center entries (crossing),count,Count,Light phase,raw data,abramova_2020_genpath,KO-f-l,US-f-g1,KO_US_f_tr,Independent,Yes,Negative,,4.3889,2.6153,18,1.0345,,4.6875,3.2397,16,0.8099,,Extracted all from raw data,Data  provided by Abramova on request,,,,,,,yes,adjust comments text,,,FALSE,FALSE,FALSE,FALSE,FALSE,FALSE,FALSE,abramova_2020_genpath_ex024,FALSE,FALSE,FALSE,FALSE,FALSE,FALSE,-0.070884463,0.049581225
abramova_2020_genpath,ex023,con019,out070,es148,No,"They had one level of exposure, and two experimental groups, female and males, and one control per group",Social and Cognitive Impairments in Rat Offspring after Ultrasound-Induced Prenatal Stress,10.1007/s10517-020-04790-0,General Pathology and Pathophysiology,Only one assay,Rattus norvegicus,albino lab rat,Sprague-Dawley,,not reported,"early, mid, late",all gestation,21,Continuous,24,Expossed to continuous variable frequencies,Ultrasound,Ultrasound,50,"20,000-45,000",Ambient sound,,"""under normal conditions without ultrasound""",male,90,3 months,none,,Anxiety,Elevated Plus Maze (EPM),,Head-out inspections,count,Count,Light phase,raw data,abramova_2020_genpath,KO-m-tr,US-m-g1,KO_US_m_ho,Independent,No,Positive,,2.9,1.2524,20,0.6485,,3.0526,2.1978,19,0.5042,,Extracted all from raw data,Data  provided by Abramova on request,,,,,,,yes,adjust comments text,,,FALSE,FALSE,FALSE,FALSE,FALSE,FALSE,FALSE,abramova_2020_genpath_ex023,FALSE,FALSE,FALSE,FALSE,FALSE,FALSE,0.06026154,0.036607665
abramova_2020_genpath,ex024,con020,out070,es149,No,"They had one level of exposure, and two experimental groups, female and males, and one control per group",Social and Cognitive Impairments in Rat Offspring after Ultrasound-Induced Prenatal Stress,10.1007/s10517-020-04790-0,General Pathology and Pathophysiology,Only one assay,Rattus norvegicus,albino lab rat,Sprague-Dawley,,not reported,"early, mid, late",all gestation,21,Continuous,24,Expossed to continuous variable frequencies,Ultrasound,Ultrasound,50,"20,000-45,000",Ambient sound,,"""under normal conditions without ultrasound""",female,90,3 months,none,,Anxiety,Elevated Plus Maze (EPM),,Head-out inspections,count,Count,Light phase,raw data,abramova_2020_genpath,KO-f-tr,US-f-g1,KO_US_f_ho,Independent,No,Positive,,3.7222,1.8726,18,0.8773,,3.25,1.9149,16,0.4787,,Extracted all from raw data,Data  provided by Abramova on request,,,,,,,yes,adjust comments text,,,FALSE,FALSE,FALSE,FALSE,FALSE,FALSE,FALSE,abramova_2020_genpath_ex024,FALSE,FALSE,FALSE,FALSE,FALSE,FALSE,-0.131841781,0.035758352
abramova_2020_genpath,ex023,con019,out071,es150,No,"They had one level of exposure, and two experimental groups, female and males, and one control per group",Social and Cognitive Impairments in Rat Offspring after Ultrasound-Induced Prenatal Stress,10.1007/s10517-020-04790-0,General Pathology and Pathophysiology,Only one assay,Rattus norvegicus,albino lab rat,Sprague-Dawley,,not reported,"early, mid, late",all gestation,21,Continuous,24,Expossed to continuous variable frequencies,Ultrasound,Ultrasound,50,"20,000-45,000",Ambient sound,,"""under normal conditions without ultrasound""",male,90,3 months,none,,Anxiety,Elevated Plus Maze (EPM),,Overhangs,count,Count,Light phase,raw data,abramova_2020_genpath,KO-m-hea,US-m-g1,KO_US_m_oh,Independent,No,Positive,,2.95,3.0517,20,0.6596,,7.1053,5.4149,19,1.2423,,Extracted all from raw data,Data  provided by Abramova on request,,,,,,,yes,adjust comments text,,,FALSE,FALSE,FALSE,FALSE,FALSE,FALSE,FALSE,abramova_2020_genpath_ex023,FALSE,FALSE,FALSE,FALSE,FALSE,FALSE,0.867566212,0.08407456
abramova_2020_genpath,ex024,con020,out071,es151,No,"They had one level of exposure, and two experimental groups, female and males, and one control per group",Social and Cognitive Impairments in Rat Offspring after Ultrasound-Induced Prenatal Stress,10.1007/s10517-020-04790-0,General Pathology and Pathophysiology,Only one assay,Rattus norvegicus,albino lab rat,Sprague-Dawley,,not reported,"early, mid, late",all gestation,21,Continuous,24,Expossed to continuous variable frequencies,Ultrasound,Ultrasound,50,"20,000-45,000",Ambient sound,,"""under normal conditions without ultrasound""",female,90,3 months,none,,Anxiety,Elevated Plus Maze (EPM),,Overhangs,count,Count,Light phase,raw data,abramova_2020_genpath,KO-f-hea,US-f-g1,KO_US_f_oh,Independent,No,Positive,,5.7778,4.9415,18,1.3618,,8.625,6.8593,16,1.7148,,Extracted all from raw data,Data  provided by Abramova on request,,,,,,,yes,adjust comments text,,,FALSE,FALSE,FALSE,FALSE,FALSE,FALSE,FALSE,abramova_2020_genpath_ex024,FALSE,FALSE,FALSE,FALSE,FALSE,FALSE,0.400088302,0.080166362
abramova_2020_genpath,ex023,con019,out072,es152,No,"They had one level of exposure, and two experimental groups, female and males, and one control per group",Social and Cognitive Impairments in Rat Offspring after Ultrasound-Induced Prenatal Stress,10.1007/s10517-020-04790-0,General Pathology and Pathophysiology,Only one assay,Rattus norvegicus,albino lab rat,Sprague-Dawley,,not reported,"early, mid, late",all gestation,21,Continuous,24,Expossed to continuous variable frequencies,Ultrasound,Ultrasound,50,"20,000-45,000",Ambient sound,,"""under normal conditions without ultrasound""",male,90,3 months,none,,Anxiety,Elevated Plus Maze (EPM),,Total grooming time,time,s,Light phase,raw data,abramova_2020_genpath,KO-m-tgt,US-m-g1,KO_US_m_tgt,Independent,No,Positive,,47.411,38.3449,20,10.6014,,22.8753,20.7601,19,4.7627,,Extracted all from raw data,Data  provided by Abramova on request,,,,,,,yes,adjust comments text,,,FALSE,FALSE,FALSE,FALSE,FALSE,FALSE,FALSE,abramova_2020_genpath_ex023,FALSE,FALSE,FALSE,FALSE,FALSE,FALSE,-0.723475396,0.076054228
abramova_2020_genpath,ex024,con020,out072,es153,No,"They had one level of exposure, and two experimental groups, female and males, and one control per group",Social and Cognitive Impairments in Rat Offspring after Ultrasound-Induced Prenatal Stress,10.1007/s10517-020-04790-0,General Pathology and Pathophysiology,Only one assay,Rattus norvegicus,albino lab rat,Sprague-Dawley,,not reported,"early, mid, late",all gestation,21,Continuous,24,Expossed to continuous variable frequencies,Ultrasound,Ultrasound,50,"20,000-45,000",Ambient sound,,"""under normal conditions without ultrasound""",female,90,3 months,none,,Anxiety,Elevated Plus Maze (EPM),,Total grooming time,time,s,Light phase,raw data,abramova_2020_genpath,KO-f-tgt,US-f-g1,KO_US_f_tgt,Independent,No,Positive,,46.7839,44.2145,18,11.0271,,30.5488,22.0721,16,5.518,,Extracted all from raw data,Data  provided by Abramova on request,,,,,,,yes,adjust comments text,,,FALSE,FALSE,FALSE,FALSE,FALSE,FALSE,FALSE,abramova_2020_genpath_ex024,FALSE,FALSE,FALSE,FALSE,FALSE,FALSE,-0.43471057,0.082247978
abramova_2020_genpath,ex023,con019,out073,es154,No,"They had one level of exposure, and two experimental groups, female and males, and one control per group",Social and Cognitive Impairments in Rat Offspring after Ultrasound-Induced Prenatal Stress,10.1007/s10517-020-04790-0,General Pathology and Pathophysiology,Only one assay,Rattus norvegicus,albino lab rat,Sprague-Dawley,,not reported,"early, mid, late",all gestation,21,Continuous,24,Expossed to continuous variable frequencies,Ultrasound,Ultrasound,50,"20,000-45,000",Ambient sound,,"""under normal conditions without ultrasound""",male,90,3 months,none,,Anxiety,Elevated Plus Maze (EPM),,Rearing frequency,count,Count,Light phase,raw data,abramova_2020_genpath,KO-m-rea,US-m-g1,KO_US_m_rf,Independent,Yes,Negative,,8.25,3.8645,20,1.8448,,12.4211,5.3678,19,1.2314,,Extracted all from raw data,Data  provided by Abramova on request,,,,,,,yes,adjust comments text,,,FALSE,FALSE,FALSE,FALSE,FALSE,FALSE,FALSE,abramova_2020_genpath_ex023,FALSE,FALSE,FALSE,FALSE,FALSE,FALSE,-0.408612516,0.020800281
abramova_2020_genpath,ex024,con020,out073,es155,No,"They had one level of exposure, and two experimental groups, female and males, and one control per group",Social and Cognitive Impairments in Rat Offspring after Ultrasound-Induced Prenatal Stress,10.1007/s10517-020-04790-0,General Pathology and Pathophysiology,Only one assay,Rattus norvegicus,albino lab rat,Sprague-Dawley,,not reported,"early, mid, late",all gestation,21,Continuous,24,Expossed to continuous variable frequencies,Ultrasound,Ultrasound,50,"20,000-45,000",Ambient sound,,"""under normal conditions without ultrasound""",female,90,3 months,none,,Anxiety,Elevated Plus Maze (EPM),,Rearing frequency,count,Count,Light phase,raw data,abramova_2020_genpath,KO-f-rea,US-f-g1,KO_US_f_rf,Independent,Yes,Negative,,11.7222,5.4966,18,2.763,,16.9375,6.678,16,1.6695,,Extracted all from raw data,Data  provided by Abramova on request,,,,,,,yes,adjust comments text,,,FALSE,FALSE,FALSE,FALSE,FALSE,FALSE,FALSE,abramova_2020_genpath_ex024,FALSE,FALSE,FALSE,FALSE,FALSE,FALSE,-0.366795914,0.021930817
abramova_2020_genpath,ex023,con019,out074,es156,No,"They had one level of exposure, and two experimental groups, female and males, and one control per group",Social and Cognitive Impairments in Rat Offspring after Ultrasound-Induced Prenatal Stress,10.1007/s10517-020-04790-0,General Pathology and Pathophysiology,Only one assay,Rattus norvegicus,albino lab rat,Sprague-Dawley,,not reported,"early, mid, late",all gestation,21,Continuous,24,Expossed to continuous variable frequencies,Ultrasound,Ultrasound,50,"20,000-45,000",Ambient sound,,"""under normal conditions without ultrasound""",male,90,3 months,none,,Anxiety,Elevated Plus Maze (EPM),,Total freezing time,time,s,Light phase,raw data,abramova_2020_genpath,KO-m-rea,US-m-g1,KO_US_m_tft,Independent,No,Positive,,22.984,36.2606,20,5.1394,,6.5274,11.2848,19,2.5889,,Extracted all from raw data,Data  provided by Abramova on request,,,,,,,yes,adjust comments text,,,FALSE,FALSE,FALSE,FALSE,FALSE,FALSE,FALSE,abramova_2020_genpath_ex023,FALSE,FALSE,FALSE,FALSE,FALSE,FALSE,-1.242359219,0.281757276
abramova_2020_genpath,ex024,con020,out074,es157,No,"They had one level of exposure, and two experimental groups, female and males, and one control per group",Social and Cognitive Impairments in Rat Offspring after Ultrasound-Induced Prenatal Stress,10.1007/s10517-020-04790-0,General Pathology and Pathophysiology,Only one assay,Rattus norvegicus,albino lab rat,Sprague-Dawley,,not reported,"early, mid, late",all gestation,21,Continuous,24,Expossed to continuous variable frequencies,Ultrasound,Ultrasound,50,"20,000-45,000",Ambient sound,,"""under normal conditions without ultrasound""",female,90,3 months,none,,Anxiety,Elevated Plus Maze (EPM),,Total freezing time,time,s,Light phase,raw data,abramova_2020_genpath,KO-f-rea,US-f-g1,KO_US_f_tft,Independent,No,Positive,,11.1783,30.8267,18,2.6348,,11.8338,18.4115,16,4.6029,,Extracted all from raw data,Data  provided by Abramova on request,,,,,,,yes,adjust comments text,,,FALSE,FALSE,FALSE,FALSE,FALSE,FALSE,FALSE,abramova_2020_genpath_ex024,FALSE,FALSE,FALSE,FALSE,FALSE,FALSE,-0.07862123,0.573793133
abramova_2020_genpath,ex023,con019,out075,es158,No,"They had one level of exposure, and two experimental groups, female and males, and one control per group",Social and Cognitive Impairments in Rat Offspring after Ultrasound-Induced Prenatal Stress,10.1007/s10517-020-04790-0,General Pathology and Pathophysiology,Only one assay,Rattus norvegicus,albino lab rat,Sprague-Dawley,,not reported,"early, mid, late",all gestation,21,Continuous,24,Expossed to continuous variable frequencies,Ultrasound,Ultrasound,50,"20,000-45,000",Ambient sound,,"""under normal conditions without ultrasound""",male,90,3 months,none,,Anxiety,Elevated Plus Maze (EPM),,Grooming frequency,count,Count,Light phase,raw data,abramova_2020_genpath,KO-m-rea,US-m-g1,KO_US_m_grf,Independent,No,Positive,,3.8,2.3753,20,0.8497,,3.8421,2.5224,19,0.5787,,Extracted all from raw data,Data  provided by Abramova on request,,,,,,,yes,adjust comments text,,,FALSE,FALSE,FALSE,FALSE,FALSE,FALSE,FALSE,abramova_2020_genpath_ex023,FALSE,FALSE,FALSE,FALSE,FALSE,FALSE,0.012592386,0.042221091
abramova_2020_genpath,ex024,con020,out075,es159,No,"They had one level of exposure, and two experimental groups, female and males, and one control per group",Social and Cognitive Impairments in Rat Offspring after Ultrasound-Induced Prenatal Stress,10.1007/s10517-020-04790-0,General Pathology and Pathophysiology,Only one assay,Rattus norvegicus,albino lab rat,Sprague-Dawley,,not reported,"early, mid, late",all gestation,21,Continuous,24,Expossed to continuous variable frequencies,Ultrasound,Ultrasound,50,"20,000-45,000",Ambient sound,,"""under normal conditions without ultrasound""",female,90,3 months,none,,Anxiety,Elevated Plus Maze (EPM),,Grooming frequency,count,Count,Light phase,raw data,abramova_2020_genpath,KO-f-rea,US-f-g1,KO_US_f_grf,Independent,No,Positive,,4.3889,2.2528,18,1.0345,,3.5625,1.8608,16,0.4652,,Extracted all from raw data,Data  provided by Abramova on request,,,,,,,yes,adjust comments text,,,FALSE,FALSE,FALSE,FALSE,FALSE,FALSE,FALSE,abramova_2020_genpath_ex024,FALSE,FALSE,FALSE,FALSE,FALSE,FALSE,-0.207408849,0.031689092
abramova_2020_genpath,ex023,con019,out076,es160,No,"They had one level of exposure, and two experimental groups, female and males, and one control per group",Social and Cognitive Impairments in Rat Offspring after Ultrasound-Induced Prenatal Stress,10.1007/s10517-020-04790-0,General Pathology and Pathophysiology,Only one assay,Rattus norvegicus,albino lab rat,Sprague-Dawley,,not reported,"early, mid, late",all gestation,21,Continuous,24,Expossed to continuous variable frequencies,Ultrasound,Ultrasound,50,"20,000-45,000",Ambient sound,,"""under normal conditions without ultrasound""",male,90,3 months,none,,Depression,Forced Swimming Test (FST),,Total immobility time,time,s,Light phase,raw data,abramova_2020_genpath,con_m_inm,ex_m_inm,con_ex_m_inm,Independent,No,Positive,,247.5357,63.8354,21,54.0167,,186.3768,71.3936,19,42.7578,,Extracted all from raw data,Data  provided by Abramova on request,,,,,,,yes,adjust comments text,,,FALSE,FALSE,FALSE,FALSE,FALSE,FALSE,FALSE,abramova_2020_genpath_ex023,FALSE,FALSE,FALSE,FALSE,FALSE,FALSE,-0.281506353,0.01088977
abramova_2020_genpath,ex024,con020,out076,es161,No,"They had one level of exposure, and two experimental groups, female and males, and one control per group",Social and Cognitive Impairments in Rat Offspring after Ultrasound-Induced Prenatal Stress,10.1007/s10517-020-04790-0,General Pathology and Pathophysiology,Only one assay,Rattus norvegicus,albino lab rat,Sprague-Dawley,,not reported,"early, mid, late",all gestation,21,Continuous,24,Expossed to continuous variable frequencies,Ultrasound,Ultrasound,50,"20,000-45,000",Ambient sound,,"""under normal conditions without ultrasound""",female,90,3 months,none,,Depression,Forced Swimming Test (FST),,Total immobility time,time,s,Light phase,raw data,abramova_2020_genpath,con_f_inm,ex_f_inm,con_ex_f_inm,Independent,No,Positive,,179.33,56.2763,18,42.2685,,207.1638,75.8212,16,51.7909,,Extracted all from raw data,Data  provided by Abramova on request,,,,,,,yes,adjust comments text,,,FALSE,FALSE,FALSE,FALSE,FALSE,FALSE,FALSE,abramova_2020_genpath_ex024,FALSE,FALSE,FALSE,FALSE,FALSE,FALSE,0.145732605,0.013843159
abramova_2020_genpath,ex023,con019,out077,es162,No,"They had one level of exposure, and two experimental groups, female and males, and one control per group",Social and Cognitive Impairments in Rat Offspring after Ultrasound-Induced Prenatal Stress,10.1007/s10517-020-04790-0,General Pathology and Pathophysiology,Only one assay,Rattus norvegicus,albino lab rat,Sprague-Dawley,,not reported,"early, mid, late",all gestation,21,Continuous,24,Expossed to continuous variable frequencies,Ultrasound,Ultrasound,50,"20,000-45,000",Ambient sound,,"""under normal conditions without ultrasound""",male,90,3 months,none,,Depression,Sucrose Preference Test (SPT),,Sucrose preference index,index,%,Light phase,raw data,abramova_2020_genpath,con_m_liq,ex_m_liq,con_ex_m_liq,Independent,Yes,Negative,,52.7727,34.0695,8,18.658,,58.4183,28.588,19,13.4021,,Extracted all from raw data,Data  provided by Abramova on request,,,,,,,yes,adjust comments text,,,FALSE,FALSE,FALSE,FALSE,FALSE,FALSE,FALSE,abramova_2020_genpath_ex023,FALSE,FALSE,FALSE,FALSE,FALSE,FALSE,-0.081888186,0.064702446
abramova_2020_genpath,ex024,con020,out077,es163,No,"They had one level of exposure, and two experimental groups, female and males, and one control per group",Social and Cognitive Impairments in Rat Offspring after Ultrasound-Induced Prenatal Stress,10.1007/s10517-020-04790-0,General Pathology and Pathophysiology,Only one assay,Rattus norvegicus,albino lab rat,Sprague-Dawley,,not reported,"early, mid, late",all gestation,21,Continuous,24,Expossed to continuous variable frequencies,Ultrasound,Ultrasound,50,"20,000-45,000",Ambient sound,,"""under normal conditions without ultrasound""",female,90,3 months,none,,Depression,Sucrose Preference Test (SPT),,Sucrose preference index,index,%,Light phase,raw data,abramova_2020_genpath.xlsx,con_f_liq,ex_f_liq,con_ex_f_liq,Independent,Yes,Negative,,63.8303,26.4372,17,15.4811,,49.8194,33.9636,16,12.4549,,Extracted all from raw data,Data  provided by Abramova on request,,,,,,,yes,adjust comments text,,,FALSE,FALSE,FALSE,FALSE,FALSE,FALSE,FALSE,abramova_2020_genpath_ex024,FALSE,FALSE,FALSE,FALSE,FALSE,FALSE,0.238345156,0.039138475
abramova_2023_biopsy,ex025,con021,out078,es164,No,"They had one level of exposure, and two experimental groups, female and males, and one control per group",Blood BDNF and neuropeptide concentrations as potential biomarkers of behavioral impairments in rats with prenatal ultrasound stress experience,,Российский психиатрический журнал,,Rattus norvegicus,albino lab rat,Wistar rat,16 weeks,3 months,"Early, mid, late",all gestation,21,Continuous,24,Expossed to continuous variable frequencies,Ultrasound,Ultrasound,50,"20,000-45,000",Ambient sound,,"""all females with their pups were kept in individual cages under standard conditions without experimental intervention""",male,74,,none,,Anxiety,Open Field Test (OFT),,Sections crossed,count,Count,Light phase,paper Table 1,abramova_2023_biopsy_data.xlsx,KON_m_,PS_m_,KON_PS_m_,Independent,Yes,Negative,,51.7,8.1,9,2.7,,22.3,10.4355,10,3.3,,Mean±SEM,,,,,,,,yes,,,,FALSE,FALSE,FALSE,FALSE,FALSE,FALSE,FALSE,abramova_2023_biopsy_ex025,FALSE,FALSE,FALSE,FALSE,FALSE,FALSE,0.831285484,0.024626008
abramova_2023_biopsy,ex026,con022,out078,es165,No,"They had one level of exposure, and two experimental groups, female and males, and one control per group",Blood BDNF and neuropeptide concentrations as potential biomarkers of behavioral impairments in rats with prenatal ultrasound stress experience,,Российский психиатрический журнал,,Rattus norvegicus,albino lab rat,Wistar rat,16 weeks,3 months,"Early, mid, late",all gestation,21,Continuous,24,Expossed to continuous variable frequencies,Ultrasound,Ultrasound,50,"20,000-45,000",Ambient sound,,"""all females with their pups were kept in individual cages under standard conditions without experimental intervention""",female,74,,none,,Anxiety,Open Field Test (OFT),,Sections crossed,count,Count,Light phase,paper Table 1,abramova_2023_biopsy_data.xlsx,KON_f_,PS_f_,KON_PS_f_,Independent,Yes,Negative,,53.2,11.068,10,3.5,,31.1,14.425,8,5.1,,Mean±SEM,,,,,,,,yes,,,,FALSE,FALSE,FALSE,FALSE,FALSE,FALSE,FALSE,abramova_2023_biopsy_ex026,FALSE,FALSE,FALSE,FALSE,FALSE,FALSE,0.525568784,0.031220139
abramova_2023_biopsy,ex025,con021,out079,es166,No,"They had one level of exposure, and two experimental groups, female and males, and one control per group",Blood BDNF and neuropeptide concentrations as potential biomarkers of behavioral impairments in rats with prenatal ultrasound stress experience,,Российский психиатрический журнал,,Rattus norvegicus,albino lab rat,Wistar rat,16 weeks,3 months,"Early, mid, late",all gestation,21,Continuous,24,Expossed to continuous variable frequencies,Ultrasound,Ultrasound,50,"20,000-45,000",Ambient sound,,"""all females with their pups were kept in individual cages under standard conditions without experimental intervention""",male,74,,none,,Anxiety,Open Field Test (OFT),,Rearing frequency,count,Count,Light phase,paper Table 1,abramova_2023_biopsy_data.xlsx,KON_m_,PS_m_,KON_PS_m_,Independent,Yes,Negative,,23.4,5.1,9,1.7,,8.4,3.7947,10,1.2,,Mean±SEM,,,,,,,,yes,,,,FALSE,FALSE,FALSE,FALSE,FALSE,FALSE,FALSE,abramova_2023_biopsy_ex025,FALSE,FALSE,FALSE,FALSE,FALSE,FALSE,1.016939394,0.025685767
abramova_2023_biopsy,ex026,con022,out079,es167,No,"They had one level of exposure, and two experimental groups, female and males, and one control per group",Blood BDNF and neuropeptide concentrations as potential biomarkers of behavioral impairments in rats with prenatal ultrasound stress experience,,Российский психиатрический журнал,,Rattus norvegicus,albino lab rat,Wistar rat,16 weeks,3 months,"Early, mid, late",all gestation,21,Continuous,24,Expossed to continuous variable frequencies,Ultrasound,Ultrasound,50,"20,000-45,000",Ambient sound,,"""all females with their pups were kept in individual cages under standard conditions without experimental intervention""",female,74,,none,,Anxiety,Open Field Test (OFT),,Rearing frequency,count,Count,Light phase,paper Table 1,abramova_2023_biopsy_data.xlsx,KON_f_,PS_f_,KON_PS_f_,Independent,Yes,Negative,,23.4,7.9057,10,2.5,,14.1,4.8083,8,1.7,,Mean±SEM,,,,,,,,yes,,,,FALSE,FALSE,FALSE,FALSE,FALSE,FALSE,FALSE,abramova_2023_biopsy_ex026,FALSE,FALSE,FALSE,FALSE,FALSE,FALSE,0.505000203,0.025950625
abramova_2023_biopsy,ex025,con021,out080,es168,No,"They had one level of exposure, and two experimental groups, female and males, and one control per group",Blood BDNF and neuropeptide concentrations as potential biomarkers of behavioral impairments in rats with prenatal ultrasound stress experience,,Российский психиатрический журнал,,Rattus norvegicus,albino lab rat,Wistar rat,16 weeks,3 months,"Early, mid, late",all gestation,21,Continuous,24,Expossed to continuous variable frequencies,Ultrasound,Ultrasound,50,"20,000-45,000",Ambient sound,,"""all females with their pups were kept in individual cages under standard conditions without experimental intervention""",male,74,,none,,Anxiety,Open Field Test (OFT),,Center entries (crossing),count,Count,Light phase,paper Table 1,abramova_2023_biopsy_data.xlsx,KON_m_,PS_m_,KON_PS_m_,Independent,Yes,Negative,,2,1.749360313,9,0.583120104,,1,0.860003465,10,0.271956974,,estimated from Median(Q1;Q3),,2,1,3,0.5,0,1,yes,"adjust comments text, add Median(Q1, Q2) values",,,TRUE,TRUE,TRUE,TRUE,TRUE,TRUE,TRUE,abramova_2023_biopsy_ex025,TRUE,TRUE,TRUE,TRUE,TRUE,TRUE,0.698670515,0.15896786
abramova_2023_biopsy,ex026,con022,out080,es169,No,"They had one level of exposure, and two experimental groups, female and males, and one control per group",Blood BDNF and neuropeptide concentrations as potential biomarkers of behavioral impairments in rats with prenatal ultrasound stress experience,,Российский психиатрический журнал,,Rattus norvegicus,albino lab rat,Wistar rat,16 weeks,3 months,"Early, mid, late",all gestation,21,Continuous,24,Expossed to continuous variable frequencies,Ultrasound,Ultrasound,50,"20,000-45,000",Ambient sound,,"""all females with their pups were kept in individual cages under standard conditions without experimental intervention""",female,74,,none,,Anxiety,Open Field Test (OFT),,Center entries (crossing),count,Count,Light phase,paper Table 1,abramova_2023_biopsy_data.xlsx,KON_m_,PS_m_,KON_PS_m_,Independent,Yes,Negative,,2.066666667,1.548006237,10,0.489522554,,1,0.446753845,8,0.157951337,,estimated from Median(Q1;Q3),,2,1.2,3,0,0,0.5,yes,"adjust comments text, add Median(Q1, Q2) values",,,TRUE,TRUE,TRUE,TRUE,TRUE,TRUE,TRUE,abramova_2023_biopsy_ex026,TRUE,TRUE,TRUE,TRUE,TRUE,TRUE,0.741515383,0.081054009
abramova_2023_biopsy,ex025,con021,out081,es170,No,"They had one level of exposure, and two experimental groups, female and males, and one control per group",Blood BDNF and neuropeptide concentrations as potential biomarkers of behavioral impairments in rats with prenatal ultrasound stress experience,,Российский психиатрический журнал,,Rattus norvegicus,albino lab rat,Wistar rat,16 weeks,3 months,"Early, mid, late",all gestation,21,Continuous,24,Expossed to continuous variable frequencies,Ultrasound,Ultrasound,50,"20,000-45,000",Ambient sound,,"""all females with their pups were kept in individual cages under standard conditions without experimental intervention""",male,74,,none,,Anxiety,Open Field Test (OFT),,Total freezing time,time,s,Light phase,paper Table 1,abramova_2023_biopsy_data.xlsx,KON_f_,PS_f_,KON_PS_f_,Independent,No,Positive,,23.7,14.7,9,4.9,,80.1,61.3482,10,19.4,,Mean±SEM,,,,,,,,yes,,,,FALSE,FALSE,FALSE,FALSE,FALSE,FALSE,FALSE,abramova_2023_biopsy_ex025,FALSE,FALSE,FALSE,FALSE,FALSE,FALSE,1.225757574,0.101405534
abramova_2023_biopsy,ex026,con022,out081,es171,No,"They had one level of exposure, and two experimental groups, female and males, and one control per group",Blood BDNF and neuropeptide concentrations as potential biomarkers of behavioral impairments in rats with prenatal ultrasound stress experience,,Российский психиатрический журнал,,Rattus norvegicus,albino lab rat,Wistar rat,16 weeks,3 months,"Early, mid, late",all gestation,21,Continuous,24,Expossed to continuous variable frequencies,Ultrasound,Ultrasound,50,"20,000-45,000",Ambient sound,,"""all females with their pups were kept in individual cages under standard conditions without experimental intervention""",female,74,,none,,Anxiety,Open Field Test (OFT),,Total freezing time,time,s,Light phase,paper Table 1,abramova_2023_biopsy_data.xlsx,KON_m_,PS_m_,KON_PS_m_,Independent,No,Positive,,18.3,9.4868,10,3,,75.3,56.8514,8,20.1,,Mean±SEM,,,,,,,,yes,,,,FALSE,FALSE,FALSE,FALSE,FALSE,FALSE,FALSE,abramova_2023_biopsy_ex026,FALSE,FALSE,FALSE,FALSE,FALSE,FALSE,1.436768358,0.098127184
abramova_2023_biopsy,ex025,con021,out082,es172,No,"They had one level of exposure, and two experimental groups, female and males, and one control per group",Blood BDNF and neuropeptide concentrations as potential biomarkers of behavioral impairments in rats with prenatal ultrasound stress experience,,Российский психиатрический журнал,,Rattus norvegicus,albino lab rat,Wistar rat,16 weeks,3 months,"Early, mid, late",all gestation,21,Continuous,24,Expossed to continuous variable frequencies,Ultrasound,Ultrasound,50,"20,000-45,000",Ambient sound,,"""all females with their pups were kept in individual cages under standard conditions without experimental intervention""",male,74,,none,,Anxiety,Open Field Test (OFT),,Total grooming time,time,s,Light phase,paper Table 1,abramova_2023_biopsy_data.xlsx,KON_f_,PS_f_,KON_PS_f_,Independent,No,Positive,,16.76666667,9.971353785,9,3.323784595,,38.7,31.47612681,10,9.953625264,,estimated from Median(Q1;Q3),,16.3,11.3,22.7,28.9,25.3,61.9,yes,"adjust comments text, add Median(Q1, Q2) values",,,TRUE,TRUE,TRUE,TRUE,TRUE,TRUE,FALSE,abramova_2023_biopsy_ex025,TRUE,TRUE,TRUE,TRUE,TRUE,TRUE,0.849873551,0.10544981
abramova_2023_biopsy,ex026,con022,out082,es173,No,"They had one level of exposure, and two experimental groups, female and males, and one control per group",Blood BDNF and neuropeptide concentrations as potential biomarkers of behavioral impairments in rats with prenatal ultrasound stress experience,,Российский психиатрический журнал,,Rattus norvegicus,albino lab rat,Wistar rat,16 weeks,3 months,"Early, mid, late",all gestation,21,Continuous,24,Expossed to continuous variable frequencies,Ultrasound,Ultrasound,50,"20,000-45,000",Ambient sound,,"""all females with their pups were kept in individual cages under standard conditions without experimental intervention""",female,74,,none,,Anxiety,Open Field Test (OFT),,Total grooming time,time,s,Light phase,paper Table 1,abramova_2023_biopsy_data.xlsx,KON_m_,PS_m_,KON_PS_m_,Independent,No,Positive,,26.06666667,5.934023907,10,1.876503124,,24.93333333,19.38911686,8,6.855088007,,estimated from Median(Q1;Q3),,24.7,23.3,30.2,24.3,14.4,36.1,yes,"adjust comments text, add Median(Q1, Q2) values",,,TRUE,TRUE,TRUE,TRUE,TRUE,TRUE,FALSE,abramova_2023_biopsy_ex026,TRUE,TRUE,TRUE,TRUE,TRUE,TRUE,-0.009247852,0.080772541
abramova_2023_biopsy,ex025,con021,out083,es174,No,"They had one level of exposure, and two experimental groups, female and males, and one control per group",Blood BDNF and neuropeptide concentrations as potential biomarkers of behavioral impairments in rats with prenatal ultrasound stress experience,,Российский психиатрический журнал,,Rattus norvegicus,albino lab rat,Wistar rat,16 weeks,3 months,"Early, mid, late",all gestation,21,Continuous,24,Expossed to continuous variable frequencies,Ultrasound,Ultrasound,50,"20,000-45,000",Ambient sound,,"""all females with their pups were kept in individual cages under standard conditions without experimental intervention""",male,74,,none,,Anxiety,Open Field Test (OFT),,Grooming frequency,count,Count,Light phase,paper Table 1,abramova_2023_biopsy_data.xlsx,KON_f_,PS_f_,KON_PS_f_,Independent,No,Positive,,3.3,1.8,9,0.6,,3.3,1.5811,10,0.5,,Mean±SEM,,,,,,,,yes,,,,FALSE,FALSE,FALSE,FALSE,FALSE,FALSE,FALSE,abramova_2023_biopsy_ex025,FALSE,FALSE,FALSE,FALSE,FALSE,FALSE,-0.005051069,0.056013565
abramova_2023_biopsy,ex026,con022,out083,es175,No,"They had one level of exposure, and two experimental groups, female and males, and one control per group",Blood BDNF and neuropeptide concentrations as potential biomarkers of behavioral impairments in rats with prenatal ultrasound stress experience,,Российский психиатрический журнал,,Rattus norvegicus,albino lab rat,Wistar rat,16 weeks,3 months,"Early, mid, late",all gestation,21,Continuous,24,Expossed to continuous variable frequencies,Ultrasound,Ultrasound,50,"20,000-45,000",Ambient sound,,"""all females with their pups were kept in individual cages under standard conditions without experimental intervention""",female,74,,none,,Anxiety,Open Field Test (OFT),,Grooming frequency,count,Count,Light phase,paper Table 1,abramova_2023_biopsy_data.xlsx,KON_m_,PS_m_,KON_PS_m_,Independent,No,Positive,,4.8,1.8974,10,0.6,,2.9,1.6971,8,0.6,,Mean±SEM,,,,,,,,yes,,,,FALSE,FALSE,FALSE,FALSE,FALSE,FALSE,FALSE,abramova_2023_biopsy_ex026,FALSE,FALSE,FALSE,FALSE,FALSE,FALSE,-0.490313762,0.058433939
abramova_2023_biopsy,ex025,con021,out084,es176,No,"They had one level of exposure, and two experimental groups, female and males, and one control per group",Blood BDNF and neuropeptide concentrations as potential biomarkers of behavioral impairments in rats with prenatal ultrasound stress experience,,Российский психиатрический журнал,,Rattus norvegicus,albino lab rat,Wistar rat,16 weeks,3 months,"Early, mid, late",all gestation,21,Continuous,24,Expossed to continuous variable frequencies,Ultrasound,Ultrasound,50,"20,000-45,000",Ambient sound,,"""all females with their pups were kept in individual cages under standard conditions without experimental intervention""",male,74,,none,,Anxiety,Open Field Test (OFT),,Mean grooming duration,percentage,%,Light phase,paper Table 1,abramova_2023_biopsy_data.xlsx,KON_f_,PS_f_,KON_PS_f_,Independent,No,Positive,,4.6,1.39948825,9,0.466496083,,0.633333333,1.118004504,10,0.353544067,,estimated from Median(Q1;Q3),,4.6,3.8,5.4,0.6,0,1.3,yes,"adjust comments text, add Median(Q1, Q2) values",,,TRUE,TRUE,TRUE,TRUE,TRUE,TRUE,FALSE,abramova_2023_biopsy_ex025,TRUE,TRUE,TRUE,TRUE,TRUE,TRUE,-0.998148696,0.080888663
abramova_2023_biopsy,ex026,con022,out084,es177,No,"They had one level of exposure, and two experimental groups, female and males, and one control per group",Blood BDNF and neuropeptide concentrations as potential biomarkers of behavioral impairments in rats with prenatal ultrasound stress experience,,Российский психиатрический журнал,,Rattus norvegicus,albino lab rat,Wistar rat,16 weeks,3 months,"Early, mid, late",all gestation,21,Continuous,24,Expossed to continuous variable frequencies,Ultrasound,Ultrasound,50,"20,000-45,000",Ambient sound,,"""all females with their pups were kept in individual cages under standard conditions without experimental intervention""",female,74,,none,,Anxiety,Open Field Test (OFT),,Mean grooming duration,percentage,%,Light phase,paper Table 1,abramova_2023_biopsy_data.xlsx,KON_m_,PS_m_,KON_PS_m_,Independent,No,Positive,,6.2,3.526014205,10,1.115023595,,0.1,0.268052307,8,0.094770802,,estimated from Median(Q1;Q3),,6.5,4,8.1,0,0,0.3,yes,"adjust comments text, add Median(Q1, Q2) values",,,TRUE,TRUE,TRUE,TRUE,TRUE,TRUE,FALSE,abramova_2023_biopsy_ex026,TRUE,TRUE,TRUE,TRUE,TRUE,TRUE,-1.268589984,0.017451437
abramova_2023_biopsy,ex025,con021,out085,es178,No,"They had one level of exposure, and two experimental groups, female and males, and one control per group",Blood BDNF and neuropeptide concentrations as potential biomarkers of behavioral impairments in rats with prenatal ultrasound stress experience,,Российский психиатрический журнал,,Rattus norvegicus,albino lab rat,Wistar rat,16 weeks,3 months,"Early, mid, late",all gestation,21,Continuous,24,Expossed to continuous variable frequencies,Ultrasound,Ultrasound,50,"20,000-45,000",Ambient sound,,"""all females with their pups were kept in individual cages under standard conditions without experimental intervention""",male,70,,none,,Anxiety,Elevated Plus Maze (EPM),,Total time in dark,time,s,Light phase,paper Table 1,abramova_2023_biopsy_data.xlsx,KON_f_,PS_f_,KON_PS_f_,Independent,No,Positive,,264,21,9,7,,251,41.1096,10,13,,Mean±SEM,,,,,,,,yes,,,,FALSE,FALSE,FALSE,FALSE,FALSE,FALSE,FALSE,abramova_2023_biopsy_ex025,FALSE,FALSE,FALSE,FALSE,FALSE,FALSE,-0.049506443,0.003385549
abramova_2023_biopsy,ex026,con022,out085,es179,No,"They had one level of exposure, and two experimental groups, female and males, and one control per group",Blood BDNF and neuropeptide concentrations as potential biomarkers of behavioral impairments in rats with prenatal ultrasound stress experience,,Российский психиатрический журнал,,Rattus norvegicus,albino lab rat,Wistar rat,16 weeks,3 months,"Early, mid, late",all gestation,21,Continuous,24,Expossed to continuous variable frequencies,Ultrasound,Ultrasound,50,"20,000-45,000",Ambient sound,,"""all females with their pups were kept in individual cages under standard conditions without experimental intervention""",female,70,,none,,Anxiety,Elevated Plus Maze (EPM),,Total time in dark,time,s,Light phase,paper Table 1,abramova_2023_biopsy_data.xlsx,KON_m_,PS_m_,KON_PS_m_,Independent,No,Positive,,269,15.8114,10,5,,266,31.1127,8,11,,Mean±SEM,,,,,,,,yes,,,,FALSE,FALSE,FALSE,FALSE,FALSE,FALSE,FALSE,abramova_2023_biopsy_ex026,FALSE,FALSE,FALSE,FALSE,FALSE,FALSE,-0.010532765,0.002055593
abramova_2023_biopsy,ex025,con021,out086,es180,No,"They had one level of exposure, and two experimental groups, female and males, and one control per group",Blood BDNF and neuropeptide concentrations as potential biomarkers of behavioral impairments in rats with prenatal ultrasound stress experience,,Российский психиатрический журнал,,Rattus norvegicus,albino lab rat,Wistar rat,16 weeks,3 months,"Early, mid, late",all gestation,21,Continuous,24,Expossed to continuous variable frequencies,Ultrasound,Ultrasound,50,"20,000-45,000",Ambient sound,,"""all females with their pups were kept in individual cages under standard conditions without experimental intervention""",male,70,,none,,Anxiety,Elevated Plus Maze (EPM),,Total time in light,time,s,Light phase,paper Table 1,abramova_2023_biopsy_data.xlsx,KON_f_,PS_f_,KON_PS_f_,Independent,Yes,Negative,,32.66666667,28.07723303,9,9.359077675,,35.36666667,51.42820719,10,16.26302707,,estimated from Median(Q1;Q3),,27.1,19.4,51.5,41.9,2.2,62,yes,"adjust comments text, add Median(Q1, Q2) values",,,TRUE,TRUE,TRUE,TRUE,TRUE,TRUE,FALSE,abramova_2023_biopsy_ex025,TRUE,TRUE,TRUE,TRUE,TRUE,TRUE,-0.144099421,0.293536934
abramova_2023_biopsy,ex026,con022,out086,es181,No,"They had one level of exposure, and two experimental groups, female and males, and one control per group",Blood BDNF and neuropeptide concentrations as potential biomarkers of behavioral impairments in rats with prenatal ultrasound stress experience,,Российский психиатрический журнал,,Rattus norvegicus,albino lab rat,Wistar rat,16 weeks,3 months,"Early, mid, late",all gestation,21,Continuous,24,Expossed to continuous variable frequencies,Ultrasound,Ultrasound,50,"20,000-45,000",Ambient sound,,"""all females with their pups were kept in individual cages under standard conditions without experimental intervention""",female,70,,none,,Anxiety,Elevated Plus Maze (EPM),,Total time in light,time,s,Light phase,paper Table 1,abramova_2023_biopsy_data.xlsx,KON_m_,PS_m_,KON_PS_m_,Independent,Yes,Negative,,25.93333333,19.608079,10,6.200619017,,32.33333333,28.68159683,8,10.14047581,,estimated from Median(Q1;Q3),,19.6,17.7,40.5,26.1,19.4,51.5,yes,"adjust comments text, add Median(Q1, Q2) values",,,TRUE,TRUE,TRUE,TRUE,TRUE,TRUE,FALSE,abramova_2023_biopsy_ex026,TRUE,TRUE,TRUE,TRUE,TRUE,TRUE,-0.241165202,0.155527417
abramova_2023_biopsy,ex025,con021,out087,es182,No,"They had one level of exposure, and two experimental groups, female and males, and one control per group",Blood BDNF and neuropeptide concentrations as potential biomarkers of behavioral impairments in rats with prenatal ultrasound stress experience,,Российский психиатрический журнал,,Rattus norvegicus,albino lab rat,Wistar rat,16 weeks,3 months,"Early, mid, late",all gestation,21,Continuous,24,Expossed to continuous variable frequencies,Ultrasound,Ultrasound,50,"20,000-45,000",Ambient sound,,"""all females with their pups were kept in individual cages under standard conditions without experimental intervention""",male,70,,none,,Anxiety,Elevated Plus Maze (EPM),,Center entries (crossing),count,Count,Light phase,paper Table 1,abramova_2023_biopsy_data.xlsx,KON_f_,PS_f_,KON_PS_f_,Independent,Yes,Negative,,6.2,3,9,1,,2.9,2.5298,10,0.8,,Mean±SEM,,,,,,,,yes,,,,FALSE,FALSE,FALSE,FALSE,FALSE,FALSE,FALSE,abramova_2023_biopsy_ex025,FALSE,FALSE,FALSE,FALSE,FALSE,FALSE,0.734796564,0.102113118
abramova_2023_biopsy,ex026,con022,out087,es183,No,"They had one level of exposure, and two experimental groups, female and males, and one control per group",Blood BDNF and neuropeptide concentrations as potential biomarkers of behavioral impairments in rats with prenatal ultrasound stress experience,,Российский психиатрический журнал,,Rattus norvegicus,albino lab rat,Wistar rat,16 weeks,3 months,"Early, mid, late",all gestation,21,Continuous,24,Expossed to continuous variable frequencies,Ultrasound,Ultrasound,50,"20,000-45,000",Ambient sound,,"""all females with their pups were kept in individual cages under standard conditions without experimental intervention""",female,70,,none,,Anxiety,Elevated Plus Maze (EPM),,Center entries (crossing),count,Count,Light phase,paper Table 1,abramova_2023_biopsy_data.xlsx,KON_m_,PS_m_,KON_PS_m_,Independent,Yes,Negative,,4.7,1.9606,10,0.62,,2.9,1.9799,8,0.7,,Mean±SEM,,,,,,,,yes,,,,FALSE,FALSE,FALSE,FALSE,FALSE,FALSE,FALSE,abramova_2023_biopsy_ex026,FALSE,FALSE,FALSE,FALSE,FALSE,FALSE,0.462420418,0.075665355
abramova_2023_biopsy,ex025,con021,out088,es184,No,"They had one level of exposure, and two experimental groups, female and males, and one control per group",Blood BDNF and neuropeptide concentrations as potential biomarkers of behavioral impairments in rats with prenatal ultrasound stress experience,,Российский психиатрический журнал,,Rattus norvegicus,albino lab rat,Wistar rat,16 weeks,3 months,"Early, mid, late",all gestation,21,Continuous,24,Expossed to continuous variable frequencies,Ultrasound,Ultrasound,50,"20,000-45,000",Ambient sound,,"""all females with their pups were kept in individual cages under standard conditions without experimental intervention""",male,70,,none,,Anxiety,Elevated Plus Maze (EPM),,Head-out inspections,count,Count,Light phase,paper Table 1,abramova_2023_biopsy_data.xlsx,KON_f_,PS_f_,KON_PS_f_,Independent,No,Positive,,1,0.01,9,0,,1,0.602002425,10,0.190369882,,estimated from Median(Q1;Q3),,0,0,0,0,0,0.7,yes,"adjust comments text, add Median(Q1, Q2) values",,,TRUE,TRUE,TRUE,TRUE,TRUE,TRUE,TRUE,abramova_2023_biopsy_ex025,TRUE,TRUE,TRUE,TRUE,TRUE,TRUE,0.01811479,0.036251803
abramova_2023_biopsy,ex026,con022,out088,es185,No,"They had one level of exposure, and two experimental groups, female and males, and one control per group",Blood BDNF and neuropeptide concentrations as potential biomarkers of behavioral impairments in rats with prenatal ultrasound stress experience,,Российский психиатрический журнал,,Rattus norvegicus,albino lab rat,Wistar rat,16 weeks,3 months,"Early, mid, late",all gestation,21,Continuous,24,Expossed to continuous variable frequencies,Ultrasound,Ultrasound,50,"20,000-45,000",Ambient sound,,"""all females with their pups were kept in individual cages under standard conditions without experimental intervention""",female,70,,none,,Anxiety,Elevated Plus Maze (EPM),,Head-out inspections,count,Count,Light phase,paper Table 1,abramova_2023_biopsy_data.xlsx,KON_m_,PS_m_,KON_PS_m_,Independent,No,Positive,,1.733333333,0.688002772,10,0.21756558,,1,0.893507689,8,0.315902673,,estimated from Median(Q1;Q3),,2,1.2,2,1,0,1,yes,"adjust comments text, add Median(Q1, Q2) values",,,TRUE,TRUE,TRUE,TRUE,TRUE,TRUE,TRUE,abramova_2023_biopsy_ex026,TRUE,TRUE,TRUE,TRUE,TRUE,TRUE,-0.508026547,0.115549419
abramova_2023_biopsy,ex025,con021,out089,es186,No,"They had one level of exposure, and two experimental groups, female and males, and one control per group",Blood BDNF and neuropeptide concentrations as potential biomarkers of behavioral impairments in rats with prenatal ultrasound stress experience,,Российский психиатрический журнал,,Rattus norvegicus,albino lab rat,Wistar rat,16 weeks,3 months,"Early, mid, late",all gestation,21,Continuous,24,Expossed to continuous variable frequencies,Ultrasound,Ultrasound,50,"20,000-45,000",Ambient sound,,"""all females with their pups were kept in individual cages under standard conditions without experimental intervention""",male,70,,none,,Anxiety,Elevated Plus Maze (EPM),,Overhangs,count,Count,Light phase,paper Table 1,abramova_2023_biopsy_data.xlsx,KON_f_,PS_f_,KON_PS_f_,Independent,No,Positive,,6.7,4.5,9,1.5,,9.8,7.2732,10,2.3,,Mean±SEM,,,,,,,,yes,,,,FALSE,FALSE,FALSE,FALSE,FALSE,FALSE,FALSE,abramova_2023_biopsy_ex025,FALSE,FALSE,FALSE,FALSE,FALSE,FALSE,0.382753914,0.105203153
abramova_2023_biopsy,ex026,con022,out089,es187,No,"They had one level of exposure, and two experimental groups, female and males, and one control per group",Blood BDNF and neuropeptide concentrations as potential biomarkers of behavioral impairments in rats with prenatal ultrasound stress experience,,Российский психиатрический журнал,,Rattus norvegicus,albino lab rat,Wistar rat,16 weeks,3 months,"Early, mid, late",all gestation,21,Continuous,24,Expossed to continuous variable frequencies,Ultrasound,Ultrasound,50,"20,000-45,000",Ambient sound,,"""all females with their pups were kept in individual cages under standard conditions without experimental intervention""",female,70,,none,,Anxiety,Elevated Plus Maze (EPM),,Overhangs,count,Count,Light phase,paper Table 1,abramova_2023_biopsy_data.xlsx,KON_m_,PS_m_,KON_PS_m_,Independent,No,Positive,,7.8,3.7947,10,1.2,,8.1,4.8083,8,1.7,,Mean±SEM,,,,,,,,yes,,,,FALSE,FALSE,FALSE,FALSE,FALSE,FALSE,FALSE,abramova_2023_biopsy_ex026,FALSE,FALSE,FALSE,FALSE,FALSE,FALSE,0.047930058,0.06771591
abramova_2023_biopsy,ex025,con021,out090,es188,No,"They had one level of exposure, and two experimental groups, female and males, and one control per group",Blood BDNF and neuropeptide concentrations as potential biomarkers of behavioral impairments in rats with prenatal ultrasound stress experience,,Российский психиатрический журнал,,Rattus norvegicus,albino lab rat,Wistar rat,16 weeks,3 months,"Early, mid, late",all gestation,21,Continuous,24,Expossed to continuous variable frequencies,Ultrasound,Ultrasound,50,"20,000-45,000",Ambient sound,,"""all females with their pups were kept in individual cages under standard conditions without experimental intervention""",male,70,,none,,Anxiety,Elevated Plus Maze (EPM),,Rearing frequency,count,Count,Light phase,paper Table 1,abramova_2023_biopsy_data.xlsx,KON_f_,PS_f_,KON_PS_f_,Independent,Yes,Negative,,14.9,5.4,9,1.8,,8,4.111,10,1.3,,Mean±SEM,,,,,,,,yes,,,,FALSE,FALSE,FALSE,FALSE,FALSE,FALSE,FALSE,abramova_2023_biopsy_ex025,FALSE,FALSE,FALSE,FALSE,FALSE,FALSE,0.616013264,0.041000689
abramova_2023_biopsy,ex026,con022,out090,es189,No,"They had one level of exposure, and two experimental groups, female and males, and one control per group",Blood BDNF and neuropeptide concentrations as potential biomarkers of behavioral impairments in rats with prenatal ultrasound stress experience,,Российский психиатрический журнал,,Rattus norvegicus,albino lab rat,Wistar rat,16 weeks,3 months,"Early, mid, late",all gestation,21,Continuous,24,Expossed to continuous variable frequencies,Ultrasound,Ultrasound,50,"20,000-45,000",Ambient sound,,"""all females with their pups were kept in individual cages under standard conditions without experimental intervention""",female,70,,none,,Anxiety,Elevated Plus Maze (EPM),,Rearing frequency,count,Count,Light phase,paper Table 1,abramova_2023_biopsy_data.xlsx,KON_m_,PS_m_,KON_PS_m_,Independent,Yes,Negative,,15.8,4.111,10,1.3,,15.2,3.9598,8,1.4,,Mean±SEM,,,,,,,,yes,,,,FALSE,FALSE,FALSE,FALSE,FALSE,FALSE,FALSE,abramova_2023_biopsy_ex026,FALSE,FALSE,FALSE,FALSE,FALSE,FALSE,0.037857757,0.015253265
abramova_2023_biopsy,ex025,con021,out091,es190,No,"They had one level of exposure, and two experimental groups, female and males, and one control per group",Blood BDNF and neuropeptide concentrations as potential biomarkers of behavioral impairments in rats with prenatal ultrasound stress experience,,Российский психиатрический журнал,,Rattus norvegicus,albino lab rat,Wistar rat,16 weeks,3 months,"Early, mid, late",all gestation,21,Continuous,24,Expossed to continuous variable frequencies,Ultrasound,Ultrasound,50,"20,000-45,000",Ambient sound,,"""all females with their pups were kept in individual cages under standard conditions without experimental intervention""",male,70,,none,,Anxiety,Elevated Plus Maze (EPM),,Total freezing time,time,s,Light phase,paper Table 1,abramova_2023_biopsy_data.xlsx,KON_f_,PS_f_,KON_PS_f_,Independent,No,Positive,,1,0.01,9,0,,1.133333333,1.978007969,10,0.625501041,,estimated from Median(Q1;Q3),,0,0,0,1.1,0,2.3,yes,"adjust comments text, add Median(Q1, Q2) values",,,TRUE,TRUE,TRUE,TRUE,TRUE,TRUE,TRUE,abramova_2023_biopsy_ex025,TRUE,TRUE,TRUE,TRUE,TRUE,TRUE,0.277461392,0.304618721
abramova_2023_biopsy,ex026,con022,out091,es191,No,"They had one level of exposure, and two experimental groups, female and males, and one control per group",Blood BDNF and neuropeptide concentrations as potential biomarkers of behavioral impairments in rats with prenatal ultrasound stress experience,,Российский психиатрический журнал,,Rattus norvegicus,albino lab rat,Wistar rat,16 weeks,3 months,"Early, mid, late",all gestation,21,Continuous,24,Expossed to continuous variable frequencies,Ultrasound,Ultrasound,50,"20,000-45,000",Ambient sound,,"""all females with their pups were kept in individual cages under standard conditions without experimental intervention""",female,70,,none,,Anxiety,Elevated Plus Maze (EPM),,Total freezing time,time,s,Light phase,paper Table 1,abramova_2023_biopsy_data.xlsx,KON_m_,PS_m_,KON_PS_m_,Independent,No,Positive,,5.133333333,9.976040191,10,3.154700903,,10.5,16.44054149,8,5.812609186,,estimated from Median(Q1;Q3),,3.8,0,11.6,7.3,2.9,21.3,yes,"adjust comments text, add Median(Q1, Q2) values",,,TRUE,TRUE,TRUE,TRUE,TRUE,TRUE,FALSE,abramova_2023_biopsy_ex026,TRUE,TRUE,TRUE,TRUE,TRUE,TRUE,0.6800093,0.684127153
abramova_2023_biopsy,ex025,con021,out092,es192,No,"They had one level of exposure, and two experimental groups, female and males, and one control per group",Blood BDNF and neuropeptide concentrations as potential biomarkers of behavioral impairments in rats with prenatal ultrasound stress experience,,Российский психиатрический журнал,,Rattus norvegicus,albino lab rat,Wistar rat,16 weeks,3 months,"Early, mid, late",all gestation,21,Continuous,24,Expossed to continuous variable frequencies,Ultrasound,Ultrasound,50,"20,000-45,000",Ambient sound,,"""all females with their pups were kept in individual cages under standard conditions without experimental intervention""",male,70,,none,,Anxiety,Elevated Plus Maze (EPM),,Total grooming time,time,s,Light phase,paper Table 1,abramova_2023_biopsy_data.xlsx,KON_f_,PS_f_,KON_PS_f_,Independent,No,Positive,,24.9,20.7,9,6.9,,46.8,20.871,10,6.6,,Mean±SEM,,,,,,,,yes,,,,FALSE,FALSE,FALSE,FALSE,FALSE,FALSE,FALSE,abramova_2023_biopsy_ex025,FALSE,FALSE,FALSE,FALSE,FALSE,FALSE,0.602564942,0.096677253
abramova_2023_biopsy,ex026,con022,out092,es193,No,"They had one level of exposure, and two experimental groups, female and males, and one control per group",Blood BDNF and neuropeptide concentrations as potential biomarkers of behavioral impairments in rats with prenatal ultrasound stress experience,,Российский психиатрический журнал,,Rattus norvegicus,albino lab rat,Wistar rat,16 weeks,3 months,"Early, mid, late",all gestation,21,Continuous,24,Expossed to continuous variable frequencies,Ultrasound,Ultrasound,50,"20,000-45,000",Ambient sound,,"""all females with their pups were kept in individual cages under standard conditions without experimental intervention""",female,70,,none,,Anxiety,Elevated Plus Maze (EPM),,Total grooming time,time,s,Light phase,paper Table 1,abramova_2023_biopsy_data.xlsx,KON_m_,PS_m_,KON_PS_m_,Independent,No,Positive,,24,14.8627,10,4.7,,29.7,28.5671,8,10.1,,Mean±SEM,,,,,,,,yes,,,,FALSE,FALSE,FALSE,FALSE,FALSE,FALSE,FALSE,abramova_2023_biopsy_ex026,FALSE,FALSE,FALSE,FALSE,FALSE,FALSE,0.251740723,0.153996351
abramova_2023_biopsy,ex025,con021,out093,es194,No,"They had one level of exposure, and two experimental groups, female and males, and one control per group",Blood BDNF and neuropeptide concentrations as potential biomarkers of behavioral impairments in rats with prenatal ultrasound stress experience,,Российский психиатрический журнал,,Rattus norvegicus,albino lab rat,Wistar rat,16 weeks,3 months,"Early, mid, late",all gestation,21,Continuous,24,Expossed to continuous variable frequencies,Ultrasound,Ultrasound,50,"20,000-45,000",Ambient sound,,"""all females with their pups were kept in individual cages under standard conditions without experimental intervention""",male,70,,none,,Anxiety,Elevated Plus Maze (EPM),,Grooming frequency,count,Count,Light phase,paper Table 1,abramova_2023_biopsy_data.xlsx,KON_f_,PS_f_,KON_PS_f_,Independent,No,Positive,,3,1.749360313,9,0.583120104,,2.566666667,2.838011434,10,0.897458016,,estimated from Median(Q1;Q3),,3,2,4,2,1.2,4.5,yes,"adjust comments text, add Median(Q1, Q2) values",,,TRUE,TRUE,TRUE,TRUE,TRUE,TRUE,FALSE,abramova_2023_biopsy_ex025,TRUE,TRUE,TRUE,TRUE,TRUE,TRUE,-0.113764055,0.1600424
abramova_2023_biopsy,ex026,con022,out093,es195,No,"They had one level of exposure, and two experimental groups, female and males, and one control per group",Blood BDNF and neuropeptide concentrations as potential biomarkers of behavioral impairments in rats with prenatal ultrasound stress experience,,Российский психиатрический журнал,,Rattus norvegicus,albino lab rat,Wistar rat,16 weeks,3 months,"Early, mid, late",all gestation,21,Continuous,24,Expossed to continuous variable frequencies,Ultrasound,Ultrasound,50,"20,000-45,000",Ambient sound,,"""all females with their pups were kept in individual cages under standard conditions without experimental intervention""",female,70,,none,,Anxiety,Elevated Plus Maze (EPM),,Grooming frequency,count,Count,Light phase,paper Table 1,abramova_2023_biopsy_data.xlsx,KON_m_,PS_m_,KON_PS_m_,Independent,No,Positive,,3.4,1.548006237,10,0.489522554,,2.966666667,4.467538447,8,1.579513366,,estimated from Median(Q1;Q3),,4,2.2,4,2.5,0.7,5.7,yes,"adjust comments text, add Median(Q1, Q2) values",,,TRUE,TRUE,TRUE,TRUE,TRUE,TRUE,FALSE,abramova_2023_biopsy_ex026,TRUE,TRUE,TRUE,TRUE,TRUE,TRUE,-0.00496551,0.304200748
abramova_2023_biopsy,ex025,con021,out094,es196,No,"They had one level of exposure, and two experimental groups, female and males, and one control per group",Blood BDNF and neuropeptide concentrations as potential biomarkers of behavioral impairments in rats with prenatal ultrasound stress experience,,Российский психиатрический журнал,,Rattus norvegicus,albino lab rat,Wistar rat,16 weeks,3 months,"Early, mid, late",all gestation,21,Continuous,24,Expossed to continuous variable frequencies,Ultrasound,Ultrasound,50,"20,000-45,000",Ambient sound,,"""all females with their pups were kept in individual cages under standard conditions without experimental intervention""",male,70,,none,,Anxiety,Elevated Plus Maze (EPM),,Mean grooming duration,percentage,%,Light phase,paper Table 1,abramova_2023_biopsy_data.xlsx,KON_f_,PS_f_,KON_PS_f_,Independent,No,Positive,,6.8,5.4,9,1.8,,20.9,15.1789,10,4.8,,Mean±SEM,,,,,,,,yes,,,,FALSE,FALSE,FALSE,FALSE,FALSE,FALSE,FALSE,abramova_2023_biopsy_ex025,FALSE,FALSE,FALSE,FALSE,FALSE,FALSE,0.587646062,0.033818289
abramova_2023_biopsy,ex026,con022,out094,es197,No,"They had one level of exposure, and two experimental groups, female and males, and one control per group",Blood BDNF and neuropeptide concentrations as potential biomarkers of behavioral impairments in rats with prenatal ultrasound stress experience,,Российский психиатрический журнал,,Rattus norvegicus,albino lab rat,Wistar rat,16 weeks,3 months,"Early, mid, late",all gestation,21,Continuous,24,Expossed to continuous variable frequencies,Ultrasound,Ultrasound,50,"20,000-45,000",Ambient sound,,"""all females with their pups were kept in individual cages under standard conditions without experimental intervention""",female,70,,none,,Anxiety,Elevated Plus Maze (EPM),,Mean grooming duration,percentage,%,Light phase,paper Table 1,abramova_2023_biopsy_data.xlsx,KON_m_,PS_m_,KON_PS_m_,Independent,No,Positive,,6.4,2.846,10,0.9,,8.8,8.2024,8,2.9,,Mean±SEM,,,,,,,,yes,,,,FALSE,FALSE,FALSE,FALSE,FALSE,FALSE,FALSE,abramova_2023_biopsy_ex026,FALSE,FALSE,FALSE,FALSE,FALSE,FALSE,0.163464947,0.034047738
abramova_2023_biopsy,ex025,con021,out095,es198,No,"They had one level of exposure, and two experimental groups, female and males, and one control per group",Blood BDNF and neuropeptide concentrations as potential biomarkers of behavioral impairments in rats with prenatal ultrasound stress experience,,Российский психиатрический журнал,,Rattus norvegicus,albino lab rat,Wistar rat,16 weeks,3 months,"Early, mid, late",all gestation,21,Continuous,24,Expossed to continuous variable frequencies,Ultrasound,Ultrasound,50,"20,000-45,000",Ambient sound,,"""all females with their pups were kept in individual cages under standard conditions without experimental intervention""",male,80,,none,,Depression,Sucrose Preference Test (SPT),,Sucrose preference index,index,%,Light phase,paper Table 1,abramova_2023_biopsy_data.xlsx,KON_f_,PS_f_,KON_PS_f_,Independent,Yes,Negative,,63.5,17.4,9,5.8,,60.3,13.914,10,4.4,,Mean±SEM,,,,,,,,yes,,,,FALSE,FALSE,FALSE,FALSE,FALSE,FALSE,FALSE,abramova_2023_biopsy_ex025,FALSE,FALSE,FALSE,FALSE,FALSE,FALSE,0.053216978,0.013667121
abramova_2023_biopsy,ex026,con022,out095,es199,No,"They had one level of exposure, and two experimental groups, female and males, and one control per group",Blood BDNF and neuropeptide concentrations as potential biomarkers of behavioral impairments in rats with prenatal ultrasound stress experience,,Российский психиатрический журнал,,Rattus norvegicus,albino lab rat,Wistar rat,16 weeks,3 months,"Early, mid, late",all gestation,21,Continuous,24,Expossed to continuous variable frequencies,Ultrasound,Ultrasound,50,"20,000-45,000",Ambient sound,,"""all females with their pups were kept in individual cages under standard conditions without experimental intervention""",female,80,,none,,Depression,Sucrose Preference Test (SPT),,Sucrose preference index,index,%,Light phase,paper Table 1,abramova_2023_biopsy_data.xlsx,KON_m_,PS_m_,KON_PS_m_,Independent,Yes,Negative,,62.3,21.1873,10,6.7,,83.4,11.3137,8,4,,Mean±SEM,,,,,,,,yes,,,,FALSE,FALSE,FALSE,FALSE,FALSE,FALSE,FALSE,abramova_2023_biopsy_ex026,FALSE,FALSE,FALSE,FALSE,FALSE,FALSE,-0.287054148,0.0138661
abramova_2023_biopsy,ex025,con021,out096,es200,No,"They had one level of exposure, and two experimental groups, female and males, and one control per group",Blood BDNF and neuropeptide concentrations as potential biomarkers of behavioral impairments in rats with prenatal ultrasound stress experience,,Российский психиатрический журнал,,Rattus norvegicus,albino lab rat,Wistar rat,16 weeks,3 months,"Early, mid, late",all gestation,21,Continuous,24,Expossed to continuous variable frequencies,Ultrasound,Ultrasound,50,"20,000-45,000",Ambient sound,,"""all females with their pups were kept in individual cages under standard conditions without experimental intervention""",male,95,,none,,Depression,Forced Swimming Test (FST),,Total immobility time,time,s,Light phase,paper Table 1,abramova_2023_biopsy_data.xlsx,KON_f_,PS_f_,KON_PS_f_,Independent,No,Positive,,111.3333333,54.23016971,9,18.07672324,,135.3333333,53.32021481,10,16.86133241,,estimated from Median(Q1;Q3),,110,81,143,140,102,164,yes,"adjust comments text, add Median(Q1, Q2) values",,,TRUE,TRUE,TRUE,TRUE,TRUE,TRUE,FALSE,abramova_2023_biopsy_ex025,TRUE,TRUE,TRUE,TRUE,TRUE,TRUE,0.189792318,0.041885594
abramova_2023_biopsy,ex026,con022,out096,es201,No,"They had one level of exposure, and two experimental groups, female and males, and one control per group",Blood BDNF and neuropeptide concentrations as potential biomarkers of behavioral impairments in rats with prenatal ultrasound stress experience,,Российский психиатрический журнал,,Rattus norvegicus,albino lab rat,Wistar rat,16 weeks,3 months,"Early, mid, late",all gestation,21,Continuous,24,Expossed to continuous variable frequencies,Ultrasound,Ultrasound,50,"20,000-45,000",Ambient sound,,"""all females with their pups were kept in individual cages under standard conditions without experimental intervention""",female,95,,none,,Depression,Forced Swimming Test (FST),,Total immobility time,time,s,Light phase,paper Table 1,abramova_2023_biopsy_data.xlsx,KON_m_,PS_m_,KON_PS_m_,Independent,No,Positive,,64,32.68013166,10,10.33436503,,98.66666667,19.65716917,8,6.949858809,,estimated from Median(Q1;Q3),,64,45,83,100,87,109,yes,"adjust comments text, add Median(Q1, Q2) values",,,TRUE,TRUE,TRUE,TRUE,TRUE,TRUE,FALSE,abramova_2023_biopsy_ex026,TRUE,TRUE,TRUE,TRUE,TRUE,TRUE,0.422307822,0.031035477
abramova_2023_biopsy,ex025,con021,out097,es202,No,"They had one level of exposure, and two experimental groups, female and males, and one control per group",Blood BDNF and neuropeptide concentrations as potential biomarkers of behavioral impairments in rats with prenatal ultrasound stress experience,,Российский психиатрический журнал,,Rattus norvegicus,albino lab rat,Wistar rat,16 weeks,3 months,"Early, mid, late",all gestation,21,Continuous,24,Expossed to continuous variable frequencies,Ultrasound,Ultrasound,50,"20,000-45,000",Ambient sound,,"""all females with their pups were kept in individual cages under standard conditions without experimental intervention""",male,95,,none,,Depression,Forced Swimming Test (FST),,Total passive swimming,time,s,Light phase,paper Table 1,abramova_2023_biopsy_data.xlsx,KON_f_,PS_f_,KON_PS_f_,Independent,No,Positive,,202,39,9,13,,201,34.7851,10,11,,Mean±SEM,,,,,,,,yes,,,,FALSE,FALSE,FALSE,FALSE,FALSE,FALSE,FALSE,abramova_2023_biopsy_ex025,FALSE,FALSE,FALSE,FALSE,FALSE,FALSE,-0.005536173,0.007136734
abramova_2023_biopsy,ex026,con022,out097,es203,No,"They had one level of exposure, and two experimental groups, female and males, and one control per group",Blood BDNF and neuropeptide concentrations as potential biomarkers of behavioral impairments in rats with prenatal ultrasound stress experience,,Российский психиатрический журнал,,Rattus norvegicus,albino lab rat,Wistar rat,16 weeks,3 months,"Early, mid, late",all gestation,21,Continuous,24,Expossed to continuous variable frequencies,Ultrasound,Ultrasound,50,"20,000-45,000",Ambient sound,,"""all females with their pups were kept in individual cages under standard conditions without experimental intervention""",female,95,,none,,Depression,Forced Swimming Test (FST),,Total passive swimming,time,s,Light phase,paper Table 1,abramova_2023_biopsy_data.xlsx,KON_m_,PS_m_,KON_PS_m_,Independent,No,Positive,,223,82.2192,10,26,,228,22.6274,8,8,,Mean±SEM,,,,,,,,yes,,,,FALSE,FALSE,FALSE,FALSE,FALSE,FALSE,FALSE,abramova_2023_biopsy_ex026,FALSE,FALSE,FALSE,FALSE,FALSE,FALSE,0.015992595,0.014824818
abramova_2023_biopsy,ex025,con021,out098,es204,No,"They had one level of exposure, and two experimental groups, female and males, and one control per group",Blood BDNF and neuropeptide concentrations as potential biomarkers of behavioral impairments in rats with prenatal ultrasound stress experience,,Российский психиатрический журнал,,Rattus norvegicus,albino lab rat,Wistar rat,16 weeks,3 months,"Early, mid, late",all gestation,21,Continuous,24,Expossed to continuous variable frequencies,Ultrasound,Ultrasound,50,"20,000-45,000",Ambient sound,,"""all females with their pups were kept in individual cages under standard conditions without experimental intervention""",male,95,,none,,Depression,Forced Swimming Test (FST),,Total active swimming,time,s,Light phase,paper Table 1,abramova_2023_biopsy_data.xlsx,KON_f_,PS_f_,KON_PS_f_,Independent,Yes,Negative,,43,21,9,7,,22,15.8114,10,5,,Mean±SEM,,,,,,,,yes,,,,FALSE,FALSE,FALSE,FALSE,FALSE,FALSE,FALSE,abramova_2023_biopsy_ex025,FALSE,FALSE,FALSE,FALSE,FALSE,FALSE,0.657581583,0.07815378
abramova_2023_biopsy,ex026,con022,out098,es205,No,"They had one level of exposure, and two experimental groups, female and males, and one control per group",Blood BDNF and neuropeptide concentrations as potential biomarkers of behavioral impairments in rats with prenatal ultrasound stress experience,,Российский психиатрический журнал,,Rattus norvegicus,albino lab rat,Wistar rat,16 weeks,3 months,"Early, mid, late",all gestation,21,Continuous,24,Expossed to continuous variable frequencies,Ultrasound,Ultrasound,50,"20,000-45,000",Ambient sound,,"""all females with their pups were kept in individual cages under standard conditions without experimental intervention""",female,95,,none,,Depression,Forced Swimming Test (FST),,Total active swimming,time,s,Light phase,paper Table 1,abramova_2023_biopsy_data.xlsx,KON_m_,PS_m_,KON_PS_m_,Independent,Yes,Negative,,47,25.2982,10,8,,36,19.799,8,7,,Mean±SEM,,,,,,,,yes,,,,FALSE,FALSE,FALSE,FALSE,FALSE,FALSE,FALSE,abramova_2023_biopsy_ex026,FALSE,FALSE,FALSE,FALSE,FALSE,FALSE,0.262210491,0.066781018
abramova_2023_biopsy,ex025,con021,out099,es206,No,"They had one level of exposure, and two experimental groups, female and males, and one control per group",Blood BDNF and neuropeptide concentrations as potential biomarkers of behavioral impairments in rats with prenatal ultrasound stress experience,,Российский психиатрический журнал,,Rattus norvegicus,albino lab rat,Wistar rat,16 weeks,3 months,"Early, mid, late",all gestation,21,Continuous,24,Expossed to continuous variable frequencies,Ultrasound,Ultrasound,50,"20,000-45,000",Ambient sound,,"""all females with their pups were kept in individual cages under standard conditions without experimental intervention""",male,95,,none,,Depression,Forced Swimming Test (FST),,Number of dives,count,Count,Light phase,paper Table 1,abramova_2023_biopsy_data.xlsx,KON_f_,PS_f_,KON_PS_f_,Independent,Yes,Negative,,1.666666667,3.498720626,9,1.166240209,,2.9,3.18201282,10,1.006240805,,estimated from Median(Q1;Q3),,1,0,4,3,1,4.7,yes,"adjust comments text, add Median(Q1, Q2) values",,,TRUE,TRUE,TRUE,TRUE,TRUE,TRUE,FALSE,abramova_2023_biopsy_ex025,TRUE,TRUE,TRUE,TRUE,TRUE,TRUE,-0.36926161,0.610036675
abramova_2023_biopsy,ex026,con022,out099,es207,No,"They had one level of exposure, and two experimental groups, female and males, and one control per group",Blood BDNF and neuropeptide concentrations as potential biomarkers of behavioral impairments in rats with prenatal ultrasound stress experience,,Российский психиатрический журнал,,Rattus norvegicus,albino lab rat,Wistar rat,16 weeks,3 months,"Early, mid, late",all gestation,21,Continuous,24,Expossed to continuous variable frequencies,Ultrasound,Ultrasound,50,"20,000-45,000",Ambient sound,,"""all females with their pups were kept in individual cages under standard conditions without experimental intervention""",female,95,,none,,Depression,Forced Swimming Test (FST),,Number of dives,count,Count,Light phase,paper Table 1,abramova_2023_biopsy_data.xlsx,KON_m_,PS_m_,KON_PS_m_,Independent,Yes,Negative,,1,0.860003465,10,0.271956974,,1,1.787015379,8,0.631805346,,estimated from Median(Q1;Q3),,0,0,1,1,0,2,yes,"adjust comments text, add Median(Q1, Q2) values",,,TRUE,TRUE,TRUE,TRUE,TRUE,TRUE,TRUE,abramova_2023_biopsy_ex026,TRUE,TRUE,TRUE,TRUE,TRUE,TRUE,-0.1626087,0.473138592