key,title,year,month,day,journal,issn,volume,issue,pages,authors,url,language,publisher,location,abstract,notes,doi,keywords,pubmed_id,pmc_id
rayyan-386281952,A study on behavioural effects of laboratory rats (albino wistar) after the sub-chronic noise stress     SO  - International Journal of Research in Medical …,2018,,,,,,,,"",https://www.academia.edu/download/92615096/3728.pdf,,,,"… following the sub-chronic noise stress of a rat species, Albino … The method used here to monitor the depression behavior of … pregnancy in rats offspring. J Res Med Sci. 2004;6:275-9. …","RAYYAN-INCLUSION: {""Anna""=>""Excluded""} | RAYYAN-EXCLUSION-REASONS: wrong outcome",,character(0),,
rayyan-386281970,Effects of perinatal stress on the emotion-related behavior of the adolescent mouse     SO  - BIOLOGICAL \& PHARMACEUTICAL BULLETIN,2006,,,,,29,,,"",,,,,"We examined the effects of perinatal stress on the emotion-related behavior of the mouse during their adolescent period. Firstly, we applied the sound noise and/or the forced swim stress to the maternal pregnant mice in the pregnant mice at 10 to 18 d gestation. The stress applied during the fetal period did affect neither the spontaneous locomotor activity of the offspring mice in a new environment at an age of 4 weeks, nor those sound-induced changes in the locomotor activity. Secondly, we applied the stress to the neonatal mouse during the late lactation period, 14 to 18d after birth. The mice that underwent the forced swim stress accompanied by the sound noise stress showed a significant reduction of the locomotor activity. On the other hand, the mice that underwent the forced swim stress during the lactation period showed a significant increase in the locomotor activity after the stimulation by the sound noise. Lastly, we applied the stress to the neonatal mouse immediately after the weaning period, 21 to 25 d after birth. The spontaneous locomotor activity of the mice was not changed compared to that of the non-stressed group. Thus, it was found that the stress applied to the mice during the lactation period, thought to be the critical period of mouse brain development, selectively influenced the emotion-related behavior in the subsequent adolescent period. These results suggested that second postnatal week may be the critical period for establishing proper behavioral responses to emotional stress in the adolescent mouse.","RAYYAN-INCLUSION: {""Anna""=>""Excluded""} | RAYYAN-EXCLUSION-REASONS: wrong outcome | USER-NOTES: {""Anna""=>[""At an age of 4 weeks, the locomotor activity of the manipulated mouse was quantified using an activity sensor (NAAS01, Neuroscience, Inc., Japan""]}",10.1248/bpb.29.1036,character(0),,
rayyan-386282158,PRENATAL SOUND STIMULATION ON POSTNATAL RAT OFFSPRING OPEN-FIELD BEHAVIORS     SO  - PSYCHOLOGICAL RECORD,1965,,,,,15,,,"",,,,,"The impact of an intrinsically neutral stimulus (standard door buzzer), presented in a novel setting during the 2nd semester of pregnancy, was capable of altering rat offspring behavior in the open field on Day 25, postpartum. Twenty-four female albino rats of approximately 120 days of age were used. This sound-stressed group was compared to 2 control groups; a conditioned-fear group and a non-stressed group. The direction of the behavioral differences was increased emotionality between the sound-fear group and the control group (p<. 01). These findings suggested that the stressor may have acted directly on the fetus rather than indirectly via the placental barrier.","RAYYAN-INCLUSION: {""Anna""=>""Included""}",https://doi.org/10.1007/bf03393632,character(0),,
rayyan-386282418,Effects of chronic stress on cognitive functions and anxiety related behaviors in rats     SO  - ACTA PHYSIOLOGICA HUNGARICA,2010,,,,,97,,,"",,,,,"The effects of 100 dB prenatal and chronic postnatal white noise stress (WNS) on some cognitive functions and behaviors in rats were investigated. For this purpose, 60 female Sprague-Dawley rats and their 90 male offspring were used. Pregnant rats were divided into Prenatal Stress (PS) and Prenatal Control (PC) groups. WNS was applied to PS group between the 14(th) and 21(st) days of their pregnancy, while PC rats were left undisturbed. After weaning, 40 male pups of PS dams were assigned to prenatal + chronic postnatal stress (PSCS) and prenatal stress + non-stress (PSN) groups. Pups of PC dams were divided into Control (CON) and Corticosterone (CORT) groups. During the postnatal 30(th) and 51(st) days, WNS was applied to PSCS and CORT rats everyday for 45 minutes, while PSN and CON groups were left undisturbed. The effects of stress on adult male offspring were investigated using Morris water maze and defensive withdrawal tests. Blood samples were collected after each test for serum corticosterone measurements. Blood samples of CORT rats were collected before the stress application and at the 1(st), 7(th), 14(th), and 21(st) days of the stress period, immediately after cessation of the stress application. There were no significant differences among groups for learning and behavior tests. Corticosterone levels of CORT rats were significantly higher after the stress period than before stress application. These results indicate that although chronic 100 dB WNS induces a stress response by increasing corticosterone levels, it does not affect cognitive functions and anxiety related behaviors of adult male offspring.","RAYYAN-INCLUSION: {""Anna""=>""Included""} | USER-NOTES: {""Anna""=>[""I asked for the full text in Research Gate""]}",10.1556/APhysiol.97.2010.3.6,character(0),,
rayyan-386282451,The effect of sound stimulation during gestation on the behavior of rat offspring,,,,,,,,,"",,,,,"The role of a fetal response (direct mediation) in the effects of sound stimulation during gestation on the postnatal behavior of rat offspring was studied. By deafening the mother and so eliminating a maternal stress response to sound stimulation, conditions were optimized for examining direct effects. -- Prior to mating, female hooded rats were either experimentally deafened or left intact (hearing condition). Beginning on the 13th day of gestation, some of the deaf mothers and some of the hearing mothers were presented with an 85db (re 20μN/m²) white noise stimulus. Another hearing group received a low noise stimulus, a 65db (re 20μN/m²) white noise. The remaining deaf and hearing mothers received the same experimental treatment but without the noise presentation. Experimental treatments continued through the 19th day of gestation. An undisturbed control group was also included in the design. A direct effect of noise stimulation would have to be considered if the deaf noise group differed significantly from its control group, deaf no noise. -- Offspring were tested on three behavioral tests: open-field, shuttle box avoidance, and one-way avoidance. In the open-field, the hearing noise group ambulated significantly more than the control group. All groups ambulated more than the controls. The shuttle box yielded insignificant results. On the one-way avoidance task, response latency scores on a CS pre-exposure were similar to group ambulation scores. An extinction effect occurred only in the hearing noise group which had not extinguished in 200 trials. -- The results of these tests were interpreted as indicating that noise stimulation is predominantly indirectly mediated. An important factor in the treatment effect was the placement of the maternal cages into the experimental chamber. This raised the question of the role of differing levels of novelty in the prenatal stress effect, particularly as this difference may account for contradictory findings in the prenatal stress literature.","RAYYAN-INCLUSION: {""Anna""=>""Included""} | USER-NOTES: {""Anna""=>[""Find the full text here:https://memorial.scholaris.ca/server/api/core/bitstreams/64445689-c6fd-4581-b8b5-e7a4f41b34a8/content"", ""They have a group of hearing dams presented with white noise, and another group with no noise. The offspring was tested with the Open Field test. "", ""13 to 19 gestation day ""]}",,character(0),,
rayyan-386282493,Behavioral despair in mice after prenatal stress     SO  - JOURNAL OF PHYSIOLOGY AND BIOCHEMISTRY,2000,,,,,56,,,"",,,,,"Maternal stress during pregnancy produced behavioral alterations in both sexes with regard to sexual behavior, aggressive, maternal, lateralization and depression. In the present paper, sex differences for depression in mice was studied. No sex differences between female and male mice groups were observed either in swimming-induced immobility or in the open-field test (ambulation, rearing and boluses). Prenatal stress produced: 1) an increase of immobility time in female mice for swimming-induced immobility, but not in male mice; 2) an increase of ambulation in female mice for open-field test, but not in male mice; 3) there were no significant differences in rearing and boluses between stress and control groups either for female or male mice. Prenatal stress increases the risk of depression and locomotor activity in adult female mice.","RAYYAN-INCLUSION: {""Anna""=>""Excluded""} | RAYYAN-EXCLUSION-REASONS: wrong exposure | USER-NOTES: {""Anna""=>[""restraint"", ""Pregnant mice were stressed from day 1 of gestation until parturition. ""]}",10.1007/BF03179902,character(0),,
rayyan-386282504,Effects of prenatal stress on anxiety-like behavior and nociceptive response in rats     SO  - JOURNAL OF INTEGRATIVE NEUROSCIENCE,2015,,,,,14,,,"",,,,,"We assess the anxiety-like behavior in the open field and elevated plus maze tests and measure the nociceptive response in the tail flick test following prenatal stress exposure in adult male and female Wistar rats. In both behavioral anxiety tests, prenatal stress increased the anxiety-like behavior in male PS rats, but not in females suggesting a strong sex-dependent anxiogenic erect. The tail flick results showed a hypersensitivity to pain in male and female PS rats with a subtle gender difference. These findings suggest that prenatal stress is an important risk factor for multiple mental disorders.","RAYYAN-INCLUSION: {""Anna""=>""Excluded""} | RAYYAN-EXCLUSION-REASONS: wrong exposure | USER-NOTES: {""Anna""=>[""footshock stress""]}",10.1142/S0219635215500107,character(0),,
rayyan-386282511,Vulnerability and resilience to prenatal stress exposure: behavioral and molecular characterization in adolescent rats     SO  - TRANSLATIONAL PSYCHIATRY,2023,,,,,13,,,"",,,,,"Exposure to stress can lead to long lasting behavioral and neurobiological consequences, which may enhance the susceptibility for the onset of mental disorders. However, there are significant individual differences in the outcome of stress exposure since only a percentage of exposed individuals may show pathological consequences, whereas others appear to be resilient. In this study, we aimed to characterize the effects of prenatal stress (PNS) exposure in rats at adolescence and to identify subgroup of animals with a differential response to the gestational manipulation. PNS adolescent offspring (regardless of sex) showed impaired emotionality in different pathological domains, such as anhedonia, anxiety, and sociability. However, using cluster analysis of the behavioral data we could identify 70\% of PNS-exposed animals as vulnerable (PNS-vul), whereas the remaining 30\% were considered resilient (PNS-res). At the molecular level, we found that PNS-res males show a reduced basal activation of the ventral hippocampus whereas other regions, such as amygdala and dorsal hippocampus, show significant PNS-induced changes regardless from vulnerability or resilience. Taken together, our results provide evidence of the variability in the behavioral and neurobiological effects of PNS-exposed offspring at adolescence. While these data may advance our understanding of the association between exposure to stress during gestation and the risk for psychopathology, the investigation of the mechanisms associated to stress vulnerability or resilience may be instrumental to develop novel strategies for therapeutic intervention.","RAYYAN-INCLUSION: {""Anna""=>""Excluded""} | RAYYAN-EXCLUSION-REASONS: wrong exposure | USER-NOTES: {""Anna""=>[""restraint stress""]}",10.1038/s41398-023-02653-6,character(0),,
rayyan-386282570,Prenatal Stress Alters the Development of Socioemotional Behavior and Amygdala Neuron Excitability in Rats     SO  - NEUROPSYCHOPHARMACOLOGY,2015,,,,,40,,,"",,,,,"Prenatal stress (PS) is a risk factor for neurodevelopmental disorders with diverse ages of onset and socioemotional symptoms. Some PS-linked disorders involve characteristic social deficits, such as autism spectrum disorders and schizophrenia, but PS also promotes anxiety disorders. We propose the diversity of symptoms following PS arises from perturbations to early brain development. To this end, we characterized the effects of PS on the developmental trajectory of physiology of the amygdala, a late-developing center for socioemotional control. We found that PS dampened socioemotional behavior and reduced amygdala neuron excitability in offspring during infancy (at postnatal days (P) 10, 14, 17 and 21), preadolescence (day 28), and adulthood (day 60). PS offspring in infancy produced fewer isolation-induced vocalizations and in adulthood exhibited less anxiety-like behavior and deficits in social interaction. PS neurons had a more hyperpolarized resting membrane potential from infancy to adulthood and produced fewer action potentials. Moreover, adult amygdala neurons from PS animals expressed larger action potential afterhyperpolarizations and H-current relative to controls, further limiting excitability. Our results suggest that PS can suppress socioemotional behavior throughout development and produce age-specific alterations to amygdala physiology.","RAYYAN-INCLUSION: {""Anna""=>""Excluded""} | RAYYAN-EXCLUSION-REASONS: wrong exposure | USER-NOTES: {""Anna""=>[""Maybe they induced stress with noise"", ""electric shock""]}",10.1038/npp.2015.55,character(0),,
rayyan-386282672,Prenatal Stress Enhances Excitatory Synaptic Transmission and Impairs Long-Term Potentiation in the Frontal Cortex of Adult Offspring Rats     SO  - PLOS ONE,2015,,,,,10,,,"",,,,,"The effects of prenatal stress procedure were investigated in 3 months old male rats. Prenatally stressed rats showed depressive-like behavior in the forced swim test, including increased immobility, decreased mobility and decreased climbing. In ex vivo frontal cortex slices originating from prenatally stressed animals, the amplitude of extracellular field potentials (FPs) recorded in cortical layer II/III was larger, and the mean amplitude ratio of pharmacologically-isolated NMDA to the AMPA/kainate component of the field potential-smaller than in control preparations. Prenatal stress also resulted in a reduced magnitude of long-term potentiation (LTP). These effects were accompanied by an increase in the mean frequency, but not the mean amplitude, of spontaneous excitatory postsynaptic currents (sEPSCs) in layer II/III pyramidal neurons. These data demonstrate that stress during pregnancy may lead not only to behavioral disturbances, but also impairs the glutamatergic transmission and long-term synaptic plasticity in the frontal cortex of the adult offspring.","RAYYAN-INCLUSION: {""Anna""=>""Excluded""} | RAYYAN-EXCLUSION-REASONS: wrong exposure | USER-NOTES: {""Anna""=>[""Maybe noise"", ""acrylic tube exposed to a bright light""]}",10.1371/journal.pone.0119407,character(0),,
rayyan-386282675,Fluoxetine normalizes the effects of prenatal maternal stress on depression- and anxiety-like behaviors in mouse dams and male offspring     SO  - BEHAVIOURAL BRAIN RESEARCH,2016,,,,,311,,,"",,,,,"Maternal depression during pregnancy and the postpartum period (lactation) is a common debilitating condition affecting mother-fetus/-infant interactions, which can be a risk factor for cognitive and affective disorders in mothers and their children. Selective-serotonin-reuptake-inhibitor-(SSRI) pharmacotherapy is known as the first-line treatment of maternal depression. However, its use during pregnancy and lactation is a topic of concern. The present study aimed to investigate the effects of prenatal stress alone or in combination with fluoxetine (FLX) on hypothalamic pituitary adrenal axis (HPA) activity, anxiety-/depression-like behaviors in dams and in offspring. To do this, gestationally-stressed and non-stressed mouse dams were orally treated with FLX-(8/mg/kg/day) from gestational day 10 to lactation day 20. The behavioral outcomes of prenatal stress and FLX treatment in dams and male offspring were assessed using the sucrose preference, forced swim, zero maze, and light-dark box tests. Stress-induced corticosterone levels were also evaluated as indicative of abnormal HPA-axis function. Our findings indicated that maternal stress resulted in increased depression-like behavior and HPA axis hyperactivity in dams during pregnancy and lactation which were reversed by FLX. Furthermore, prenatal stress increased anxiety/depression-like behaviors and HPA-axis reactivity in male offspring. These effects were reversed by maternal FLX treatment. Developmental FLX exposure, without prenatal stress, did not have any adverse effects on the above measured parameters. Our results suggest that prenatal stress induces maternal depression-like behavior which affects the development of affective symptoms in male offspring, and that remediation of maternal depression-like behavior coincidences with the normalization of anxiety- and depression-like symptoms in male offspring. (C) 2016 Elsevier B.V. All rights reserved.","RAYYAN-INCLUSION: {""Anna""=>""Excluded""} | RAYYAN-EXCLUSION-REASONS: wrong exposure | USER-NOTES: {""Anna""=>[""Maybe noise"", ""plastic transparent cylinders (4 cm diameter, 10 cm long) under a single 60-W light bulb for 30 min,""]}",10.1016/j.bbr.2016.05.062,character(0),,
rayyan-386282676,Moderation of the transgenerational transference of antenatal stress-induced anxiety     SO  - TRANSLATIONAL PSYCHIATRY,2021,,,,,11,,,"",,,,,"Maternal stress has debilitating implications for both mother and child, including increased risk for anxiety. The current COVID-19 pandemic escalates these phenomena, thus, urging the need to further explore and validate feasible therapeutic options. Unlike the protracted nature of clinical studies, animal models could offer swift evidence. Prominent candidates for treatment are selective serotonin reuptake inhibitors (SSRIs) to the mother, that putatively accommodate maternal functioning, and, thereby, also protect the child. However, SSRIs might have deleterious effects. It is important to assess whether SSRIs and other pharmacotherapies can moderate the transference of anxiety by soothing maternal anxiety and to examine the extent of offspring's exposure to the drugs via lactation. To our knowledge, the possibility that antenatal stress exacerbates lactation-driven exposure to SSRIs has not been tested yet. Thirty ICR-outbred female mice were exposed to stress during gestation and subsequently administered with either the SSRI, escitalopram, or the novel herbal candidate, shan-zha, during lactation. Upon weaning, both dams' and pups' anxiety-like behavior and serum escitalopram levels were assessed. The major findings of the current study show that both agents moderated the antenatal stress-induced transgenerational transference of anxiety by ameliorating dams' anxiety. Interestingly though, pups' exposure to escitalopram via lactation was exacerbated by antenatal stress. The latter finding provides a significant insight into the mechanism of lactation-driven exposure to xenobiotics and calls for a further consideration vis-a-vis the administration of other drugs during breastfeeding.","RAYYAN-INCLUSION: {""Anna""=>""Excluded""} | RAYYAN-EXCLUSION-REASONS: wrong exposure | USER-NOTES: {""Anna""=>[""Dams in the stress group were individually restrained""]}",10.1038/s41398-021-01383-x,character(0),,
rayyan-386282678,"The Modification of Offspring Stress-Related Behavior and the Expression of Drd1, Drd2, and Nr3c1 by a Western-Pattern Diet in Mus Musculus     SO  - INTERNATIONAL JOURNAL OF MOLECULAR SCIENCES",2022,,,,,23,,,"",,,,,"The impact of early developmental experience on neurobiological pathways that may contribute to the association between diet and behavior have not yet been elucidated. The focus of the current study was to determine whether the impact of prenatal stress (PS) could be mitigated by a diet that stimulates the same neuroendocrine systems influenced by early stress, using a mouse model. Behavioral and genetic approaches were used to assess how a Western-pattern diet (WPD) interacts with PS and sex to impact the expression of anxiety-like behavior in an open-field arena, as well as the expression of the glucocorticoid receptor in the hippocampus, D1 dopamine receptors in the nucleus accumbens, and D2 dopamine receptors in the ventral tegmental area. Overall, the results demonstrated that a prenatal WPD mitigates the effects of maternal stress in dams and offspring. These results help to elucidate the relationship between pre- and post-natal nutrition, gene expression, and behaviors that lead to long-term health effects.","RAYYAN-INCLUSION: {""Anna""=>""Excluded""} | RAYYAN-EXCLUSION-REASONS: wrong exposure | USER-NOTES: {""Anna""=>[""restraint stress ""]}",10.3390/ijms23169245,character(0),,
rayyan-386282708,Testosterone is involved in mediating the effects of prenatal stress in male guinea pig offspring     SO  - JOURNAL OF PHYSIOLOGY-LONDON,2011,,,,,589,,,"",,,,,"Non-technical summary Studies in humans have demonstrated a link between stress during pregnancy and altered behaviour and stress reactivity in children. In guinea pigs, we have previously shown that a short period of maternal stress during gestation leads to increased anxiety, elevated basal cortisol levels and decreased testosterone levels in adult males. We hypothesized that restoring testosterone to normal levels in the adult males born to prenatally stressed mothers would reverse the changes in behaviours and endocrine function. We found differences in attention and anxiety-related behaviours and basal stress endocrine activity between the prenatally stressed and control males. Administration of testosterone reversed the behavioural differences in the prenatally stressed offspring. There was, however, little effect of postnatal testosterone administration on stress-related endocrine activity. This study provides new information to begin to address the mechanism underlying the interplay between prenatal stress, gonadal steroids and postnatal behaviours.A link exists between stress during pregnancy and altered hypothalamic-pituitary-adrenal (HPA) activity and behaviour in children. In the guinea pig, male offspring born to mothers that were exposed to stress during pregnancy demonstrated increased anxiety, basal cortisol levels and decreased testosterone concentrations. Testosterone is known to inhibit HPA function and anxiety behaviours. Therefore, we hypothesized that restoring plasma testosterone would ameliorate the differences observed in HPA function and behaviour. Pregnant guinea pigs were exposed to a stressor during the period of rapid fetal brain growth (prenatal stress, PS) or left undisturbed (control, C). Behaviour in an open-field and prepulse inhibition (PPI) of the acoustic startle reflex (ASR) was assessed in juvenile offspring. In adulthood, male offspring were divided into four groups: Control + sham gonadectomy (GDX), control + GDX + testosterone replacement, PS + sham GDX and PS + GDX + testosterone. Male offspring were retested in the open-field and PPI. Basal HPA activity was also assessed. As juveniles, PS males exhibited significantly lower ASR (P < 0.05) and elevated PPI. In adulthood, PS male offspring exhibited significantly decreased PPI (P < 0.02) and this was reversed by administration of testosterone. We also found that adult PS offspring exhibited significantly less activity in the open-field (P < 0.05) and administration of testosterone increased ambulatory activity in PS animals. Basal plasma adrenocorticotrophin hormone (ACTH) levels were significantly greater in PS animals and there was a trend towards reversal by administration of testosterone in PS males. In conclusion, prenatal stress results in male guinea pig offspring that exhibit age-dependent differences in ambulatory activity, sensorimotor gating and HPA activity. In adulthood, the behavioural changes are reversed by replacement of plasma testosterone.","RAYYAN-INCLUSION: {""Anna""=>""Excluded""} | RAYYAN-EXCLUSION-REASONS: wrong exposure | USER-NOTES: {""Anna""=>[""Maybe nosise"", ""strobe light for 2 h""]}",10.1113/jphysiol.2010.200543,character(0),,
rayyan-386282729,Prenatal noise stress impairs HPA axis and cognitive performance in mice     SO  - SCIENTIFIC REPORTS,2017,,,,,7,,,"",,,,,"Noise stress is a common environmental pollutant whose adverse effect on offspring performance has been less studied. This study was novel in terms of using ``noise{''} as a prenatal stress compared with physical stress to explore the effect of stress during gestation on HPA axis activation, cognitive performance, and motor coordination, as well as in investigating the effect of behavioral assessments on the corticosterone (CORT) levels. Three groups of C57BL/6 mice with a gestational history of either noise stress (NS), physical stress (PS), or no stress were examined in several behavioral tests. Plasma CORT level was significantly higher before starting the behavioral tests in NS group than the two other groups. It was significantly increased after the behavioral tests in both prenatal stressed groups relative to the controls. Stress caused anxiety-like behavior and reduced learning and memory performance in both stressed groups compared to the controls, as well as decreased motor coordination in the NS group relative to the other groups. The findings suggested that: prenatal NS severely changes the HPA axis; both prenatal stressors, and particularly NS, negatively impair the offspring's cognitive and motor performance; and, they also cause a strong susceptibility to interpret environmental experiences as stressful conditions.","RAYYAN-INCLUSION: {""Anna""=>""Excluded""} | USER-NOTES: {""Anna""=>[""Wrong DOI"", ""The exposure was 5 days ""]}",10.1038/s41598-017-09799-6,character(0),,
rayyan-386282738,The Effects of Acoustic White Noise on the Rat Central Auditory System During the Fetal and Critical Neonatal Periods: A Stereological Study     SO  - Noise & health,2017,,,,,19,,,"",https://pubmed.ncbi.nlm.nih.gov/28164936/,,,,"AIM: To evaluate the effects of long-term, moderate level noise exposure during crucial periods of rat infants on stereological parameters of medial geniculate body (MGB) and auditory cortex. MATERIALS AND METHODS: Twenty-four male offspring of 12 pregnant rats were divided into four groups: fetal-to-critical period group, which were exposed to noise from the last 10 days of fetal life till postnatal day (PND) 29; fetal period group that exposed to noise during the last 10 days of fetal life; critical period group, exposed to noise from PND 15 till PND 29, and control group. White noise at 90 dB for 2 h per day was used. STATISTICAL ANALYSIS USED: Variance for variables was performed using Proc GLM followed by mean comparison by Duncan's multiple range test. RESULTS: Numerical density of neurons in MGB of fetal-to-critical period group was lower than control group. Similar results were seen in numerical density of neurons in layers IV and VI of auditory cortex. Furthermore, no significant difference was observed in the volume of auditory cortex among groups, and only MGB volume in fetal-to-critical period group was higher than other groups. Estimated total number of neurons in MGB was not significantly different among groups. CONCLUSION: It seems necessary to prevent long-term moderate level noise exposure during fetal-to-critical neonatal period.","RAYYAN-INCLUSION: {""Anna""=>""Excluded""} | RAYYAN-EXCLUSION-REASONS: wrong outcome | USER-NOTES: {""Anna""=>[""No behavioural tests""]}",10.4103/1463-1741.199239,Animals;Animals;Newborn;Auditory Cortex/*physiology;Cell Count;Female;Fetal Development/*physiology;Geniculate Bo...,,
rayyan-386282742,Hyperexcitability of VTA dopaminergic neurons in male o ff spring exposed to physical or psychological prenatal stress     SO  - PROGRESS IN NEURO-PSYCHOPHARMACOLOGY \& BIOLOGICAL PSYCHIATRY,2020,,,,,101,,,"",https://search.library.ualberta.ca/openurl/01UOA_INST/01UOA_INST:UOA?sid=OVID:psycdb&id=pmid:&id=doi:10.1016%2Fj.pnpbp.2020.109923&issn=0278-5846&isbn=&volume=101&issue=&spage=&pages=&date=2020&title=Progress+in+Neuro-Psychopharmacology+%26+Biological+Psychiatry&atitle=Hyperexcitability+of+VTA+dopaminergic+neurons+in+male+offspring+exposed+to+physical+or+psychological+prenatal+stress.&aulast=Razavinasab&pid=%3Cauthor%3ERazavinasab%2C+Moazamehosadat%2CSheibani%2C+Vahid%2CKohlmeier%2C+Kristi+Anne%2CNazeri%2C+Masoud%2CShabani%2C+Mohammad%3C%2Fauthor%3E%3CAN%3E2020-36491-001%3C%2FAN%3E%3CDT%3EJournal+Article%3C%2FDT%3E,,,,"Prenatal stress (PS) exposure leads to cognitive and behavioral alterations in offspring including an increased risk of substance abuse and anxiety disorders. Signalling from dopamine (DA) neurons of the ventral tegmental area (VTA) in the mesoaccumbal and mesocortical pathways plays a vital role in drug dependency and anxiety behavior. To provide further knowledge about the changes in drug seeking behavior and anxiety behaviors in prenatally stressed mice, we conducted ex vivo investigations in VTA brain slices of adult male PS offspring to evaluate the effects of two types of PS (physical vs. psychological) on activity of DA neurons. Elevated plus maze (EPM) was used to assess anxiety-like behaviors and conditioned place preference (CPP) was used to evaluate drug reinforcing effects in mice. An increased anxiety-like behavior and preference to morphine was observed in prenatally stressed mice. PS VTA DA cells exhibited greater Ih current and a higher frequency and amplitude of sEPSCs, which were consistent with a greater degree of pre- or postsynaptic excitability of the VTA. This was confirmed by lower rheobase and lower firing thresholds in PS VTA neurons, as well as increases in spontaneous firing frequency. When taken together, these data suggest that alterations in VTA DA neurons in this mouse model of prenatal stress might be associated with later life alterations in drug seeking and anxiety-like behaviors through their role in mesocortical and mesoaccumbal pathways. (PsycInfo Database Record (c) 2021 APA, all rights reserved)","RAYYAN-INCLUSION: {""Anna""=>""Excluded""} | RAYYAN-EXCLUSION-REASONS: wrong exposure | USER-NOTES: {""Anna""=>[""physical and psychological stress""]}",https://dx.doi.org/10.1016/j.pnpbp.2020.109923,*Animal Behavior;*Neurons;*Prenatal Exposure;*Stress;*Tegmentum;Mice,,
rayyan-386282745,Prenatal stress produces anxiety- and depression-related behavior particularly in male Sprague-Dawley rats     SO  - INTERNATIONAL JOURNAL OF NEUROPSYCHOPHARMACOLOGY,2006,,,,,9,,,"",,,,,,"RAYYAN-INCLUSION: {""Anna""=>""Excluded""} | RAYYAN-EXCLUSION-REASONS: wrong exposure | USER-NOTES: {""Anna""=>[""we examined the effects of prenatal restraint stress on anxiety""]}",,character(0),,
rayyan-386282763,Prenatal Stress Modulates Placental and Fetal Serotonin Levels and Determines Behavior Patterns in Offspring of Mice     SO  - INTERNATIONAL JOURNAL OF MOLECULAR SCIENCES,2024,,,,,25,,,"",,,,,"Available evidence from animal studies suggests that placental serotonin plays an important role in proper fetal development and programming by altering brain circuit formation, which later translates into altered abnormal adult behaviors. Several environmental stimuli, including stress and maternal inflammation, affect placental and, hence, fetal serotonin levels and thus may disturb fetal brain development. We investigated the effect of prenatal stress of varying intensities on the formation of adaptive behaviors in mouse offspring and the role of placental serotonin in these processes. Mild prenatal stress increased placental serotonin synthesis, whereas exposure to moderate stress decreased it. Prenatal stress of varying intensities also resulted in multidirectional changes in animal behavior in progeny, consistent with changes in serotonin levels in the placenta and fetal tissues. Mice exposed to mild prenatal stress showed higher sociality and exploratory activity, whereas, after moderate stress, in contrast, they avoided contact with other individuals of their species and had reduced exploratory activity, with no effect on locomotor activity. Thus, in mice, stressors of varying intensities during the critical period of intrauterine development can affect the synthesis of serotonin by the placenta and lead to multidirectional changes in animal behavior in postnatal life.","RAYYAN-INCLUSION: {""Anna""=>""Excluded""} | RAYYAN-EXCLUSION-REASONS: wrong exposure | USER-NOTES: {""Anna""=>[""females were subjected to stress of varying intensities (immobilization for 1 h or 2 h)""]}",10.3390/ijms252413565,character(0),,
rayyan-386282782,"Antidepressant and anxiolytic efficacy of single, chronic and concomitant use of vortioxetine, dapoxetine and fluoxetine in prenatally stressed rats",,,,,,,,,"",,,,,"Depression is a highly prevalent social disease. Despite significant medical progress, therapeutic solutions for optimising treatment of this disease are still being sought. The aim of this study was to assess, using the forced swimming test, locomotor activity test and two compartment exploratory test, for a reduction in immobility time (a measure of anti-depressant efficacy), locomotor activity and anxiolytic effectiveness after single, repeated, and combined administration of vortioxetine (2.5 mg/kg - a multimodal SMS), dapoxetine (3.0 mg/kg - an SSRI used in premature ejaculation disorders) and fluoxetine (5.0 mg/kg - an SSRI) in non-stressed and prenatally stressed rats. It was found that vortioxetine, fluoxetine and dapoxetine reduced immobility time and rat locomotor activity which suggests anti-depressant efficacy of these drugs both in monotherapy and in combined administration. The results also confirmed an anxiolytic effect of the study drugs in mono and combined therapy. Analysis of the pathomechanism of depression and the mechanisms of action of the individual drugs tested resulted in a prediction that combined administration of these drugs may be effective in the treatment of depressive disorders, although possible interactions between the drugs used must be assessed for. Considering the fact that dapoxetine is not currently used in depression treatment and vortioxetine is a relatively new drug, further research in this direction is vital, including within animal models.","RAYYAN-INCLUSION: {""Anna""=>""Excluded""} | RAYYAN-EXCLUSION-REASONS: wrong exposure | USER-NOTES: {""Anna""=>[""rest""]}",https://doi.org/10.21307/ane-2019-002,character(0),,
rayyan-386282791,Gender differences in the effects of prenatal stress on brain development and behaviour     SO  - NEUROCHEMICAL RESEARCH,2007,,,,,32,,,"",,,,,"An increased incidence of anxiety, depression and attention deficits in children has been linked to psychological stress during pregnancy. Subjection of a pregnant rat to stress at a time when the foetal limbic and hypothalamic pituitary adrenal (HPA) axes develop results in anxiogenic and depressive behaviour and learning and attention deficits in the offspring, which depend on its gender, intensity and timing of the maternal stress and behaviour being tested. Maternal stress increases corticosterone levels in the foetal brain, decreases foetal testosterone and brain aromatase activity in males, and alters brain catecholamine activity to that in females. Learning deficits, reductions in hippocampal neurogenesis, LTP and dendritic spine density in the prefrontal cortex are more readily seen in prenatally-stressed males, while anxiety, depression and increased response of the HPA axis to stress are more prevalent in females. Genders may differ in the sensitivity of developing brain areas to stress hormones.","RAYYAN-INCLUSION: {""Anna""=>""Excluded""} | RAYYAN-EXCLUSION-REASONS: wrong publication type | USER-NOTES: {""Anna""=>[""review""]}",10.1007/s11064-007-9339-4,character(0),,
rayyan-386282801,"Open field behavior of C57BL/6J mice as a function of age, experience, and prenatal maternal stress     SO  - PSYCHONOMIC SCIENCE",1964,,,,,1,,,"",https://search.library.ualberta.ca/openurl/01UOA_INST/01UOA_INST:UOA?sid=OVID:psycdb&id=pmid:&id=doi:10.3758%2FBF03342972&issn=0033-3131&isbn=&volume=1&issue=12&spage=389&pages=389-390&date=1964&title=Psychonomic+Science&atitle=Open+field+behavior+of+C57BL%2F6J+mice+as+a+function+of+age%2C+experience%2C+and+prenatal+maternal+stress.&aulast=Defries&pid=%3Cauthor%3EDefries%2C+J.+C%2CWeir%2C+Morton+W%3C%2Fauthor%3E%3CAN%3E1965-07108-001%3C%2FAN%3E%3CDT%3EJournal+Article%3C%2FDT%3E,,,,"In order to assess the role of age, prior test experience and prenatal maternal stress on open-field behavior, both stressed (treated) and control litters were divided into 2 groups. Group 1 was tested in the open field at both 40 and 120 days of age, and Group 2 at only 120 days. Comparison of activity level and location of activity in the open field of naive Ss at 40 days of age with those of naive Ss at 120 days of age demonstrated significant effects. Similarly, comparisons of these behaviors of experienced Ss at 120 days with those of naive Ss at the same age, indicated effects of prior test experience. In addition, possible interactions of both age and prior test experience with the effects of prenatal stress were indicated. The importance of these findings for the design of studies in which the effects of experimental variables are examined at several different ages is discussed. (PsycInfo Database Record (c) 2021 APA, all rights reserved)","RAYYAN-INCLUSION: {""Anna""=>""Excluded""} | RAYYAN-EXCLUSION-REASONS: wrong exposure | USER-NOTES: {""Anna""=>[""swimming stress""]}",https://dx.doi.org/10.3758/BF03342972,*Age Differences;*Animal Maternal Behavior;*Animal Open Field Behavior;*Mice;*Stress,,
rayyan-386282810,Action of antidepressant drugs on maternal stress-induced hypoactivity in female rats     SO  - METHODS AND FINDINGS IN EXPERIMENTAL AND CLINICAL PHARMACOLOGY,1999,,,,,21,,,"",,,,,"It has been reported that rats forced to swim in a restricted space assume, after initial frenzied attempts to escape, an immobile posture. Porsolt et al. referred to this phenomenon as ``behavioral despair{''}, an animal model of depression. Prenatal stress induces an increase of behavioral depression in adult female offspring. This study presents new evidence supporting the hypothesis that maternal stress during gestation increases the risk of depression in the offspring since immobility time was modified by antidepressant drugs (tricyclics and an atypical antidepressant). In rats, amitriptyline (5 mg/kg), imipramine (5 mg/kg) and nomifensine (1 mg/kg) decreased the immobility time in Porsolt test in offspring of mothers stressed during gestation. Moreover, increasing doses of amitriptyline (1, 5 25 and 40 mg/kg) reduced depression in the forced swimming test in dose-dependent manner. (C) 1999 Prous Science. All rights reserved.","RAYYAN-INCLUSION: {""Anna""=>""Excluded""} | RAYYAN-EXCLUSION-REASONS: wrong exposure | USER-NOTES: {""Anna""=>[""No full text access, they don't specify in what we can see the type of stress"", ""suspension stress""]}",https://doi.org/10.1358/mf.1999.21.4.538181,character(0),,
rayyan-386282812,"INVOLVEMENT OF PGLUR1, EAAT2 AND EAAT3 IN OFFSPRING DEPRESSION INDUCED BY PRENATAL STRESS     SO  - NEUROSCIENCE",2013,,,,,250,,,"",,,,,"It is widely known that prenatal stress (PS) exposure causes depression-like behaviour to offspring, as well as maladaptive responses including neurobiological and physiological changes. However, the underlying mechanism of PS induced juvenile-onset depression remains largely unravelled. The inadequacies of monoamine deficiency hypothesis, the emerging evidence of altered glutamate neurotransmission in mood disorders, as well as our previous studies inspired us to assess the potential role of gluta-matergic system in the pathogenesis of juvenile depression. In this research, we examined the expression of phosphorylated GluR1 subunit of ionotropic receptor alpha-amino-3-hydroxy-5-methyl-4-isoxazolepropionic acid receptor (AMPAR), the Na+-dependent glutamate transporters excitatory amino acid transporter 2 (EAAT2) and EAAT3 in the hippocampus, striatum and frontal cortex of 1-month-old rat offspring after mid and late PS exposure. Prenatally stressed offspring rats showed significantly prolonged duration of immobility and shortened immobility latency in tail suspension test. We also detected that PS significantly altered the expression of glutamate receptor and glutamate transporters of these depressed rats. In brief, the changes of phosphorylated GluR1 subunit of AMPAR protein level in the hippocampus and frontal cortex, as well as markedly decreased EAAT2 mRNA expression in the hippocampus, striatum and frontal cortex and EAAT3 mRNA expression in the hippocampus of stressed rats were both observed. These results underpinned that glutamate receptors and glutamate transporters might be involved in the progress of depression-like behaviour in juvenile rat offspring induced by PS. (c) 2013 IBRO. Published by Elsevier Ltd. All rights reserved.","RAYYAN-INCLUSION: {""Anna""=>""Excluded""} | RAYYAN-EXCLUSION-REASONS: wrong exposure | USER-NOTES: {""Anna""=>[""restraint""]}",10.1016/j.neuroscience.2013.04.031,character(0),,
rayyan-386282821,Duloxetine prevents the effects of prenatal stress on depressive-like and anxiety-like behavior and hippocampal expression of pro-inflammatory cytokines in adult male offspring rats     SO  - INTERNATIONAL JOURNAL OF DEVELOPMENTAL NEUROSCIENCE,2016,,,,,55,,,"",,,,,"Stress during pregnancy may cause neurodevelopmental and psychiatric disorders. However, the mechanisms are largely unknown. Currently, pro-inflammatory cytokines have been identified as a risk factor for depression and anxiety disorder. Unfortunately, there is very little research on the long-term effects of prenatal stress on the neuroinflammatory system of offspring. Moreover, the relationship between antidepressant treatment and cytokines in the central nervous system, especially in the hippocampus, an important emotion modulation center, is unclear. Therefore, the aim of this study was to determine the effects of prenatal chronic mild stress during development on affective-like behaviors and hippocampal cytokines in adult offspring, and to verify whether antidepressant (duloxetine) administration from early adulthood could prevent the harmful consequences. To do so, prenatally stressed and non-stressed Sprague-Dawley rats were treated with either duloxetine (10 mg/kg/day) or vehicle from postnatal day 60 for 21 days. Adult offspring were divided into four groups: 1) prenatal stress + duloxetine treatment, 2) prenatal stress + vehicle, 3) duloxetine treatment alone, and 4) vehicle alone. Adult offspring were assessed for anxiety-like behavior using the open field test and depression-like behavior using the forced swim test. Brains were analyzed for pro-inflammatory cytokine markers in the hippocampus via real-time PCR. Results demonstrate that prenatal stress-induced anxiety- and depression-like behaviors are associated with an increase in hippocampal inflammatory mediators, and duloxetine administration prevents the increased hippocampal pro-inflammatory cytokine interleukin-6 and anxiety- and depression-like behavior in prenatally stressed adult offspring. This research provides important evidence on the long-term effect of PNS exposure during development in a model of maternal adversity to study the pathogenesis of depression and its therapeutic interventions. (C) 2016 ISDN. Published by Elsevier Ltd. All rights reserved.","RAYYAN-INCLUSION: {""Anna""=>""Excluded""} | RAYYAN-EXCLUSION-REASONS: wrong exposure | USER-NOTES: {""Anna""=>[""prenatal stress paradigm, variable stress""]}",10.1016/j.ijdevneu.2016.09.005,character(0),,
rayyan-386282858,[Characterization of depression-like behavior in prenatally stressed female rats during ovary cycle]     SO  - Rossiiskii fiziologicheskii zhurnal imeni I.M. Sechenova,2012,,,,,98,,,"",https://pubmed.ncbi.nlm.nih.gov/22645947/,,,,"The aim of the present work was a comparative analysis of dynamics of depression-like behavior in prenatally stressed and non-prenatally stressed female rats in the key phases of the ovary cycle. It was found that non-stressed female rats demonstrated high level of depression-like behavior in proestrous phase as compared to the diestrous phase, whereas these rats showed low level of depression-like behavior in estrous phase in Porsolt's test. On the contrary, there were no significant differences in extent of depression-like behavior between prenatally stressed rats in the diestrous and proestrous, although in the phase of estrous in these animals an increase in level of depression-like behavior was noted. Thus, the results of this study indicated pronounced effects of prenatal stress on the character of depression-like behavior of females in different phases of ovary cycle. This study revealed leveling and reversed action of prenatal stress on depression-like behavior in key phases of sexual cycle in female rats.","RAYYAN-INCLUSION: {""Anna""=>""Excluded""} | RAYYAN-EXCLUSION-REASONS: wrong exposure | USER-NOTES: {""Anna""=>[""Article in Russian. I couldn't find the full text to read the complete abstract. By the keywords they might have used swimming to stress rats: Physical Exertion, Swimming"", ""I requested the full-text in Research Gate"", ""I requested full-text to library""]}",,Animals;Behavior;Animal/*physiology;Depression/*physiopathology;Estrus/*physiology;Female;Physical Exertion;Pregna...;Wistar;Sexual Behavior;Animal;Stress;Physiological;Swimming,,
rayyan-386282859,The impact of mitochondrial aldehyde dehydrogenase (ALDH2) activation by Alda-1 on the behavioral and biochemical disturbances in animal model of depression     SO  - BRAIN BEHAVIOR AND IMMUNITY,2016,,,,,51,,,"",,,,,"The etiology of depression remains still unclear. Recently, it has been proposed, that mitochondrial dysfunction may be associated with development of mood disorders, such as depression, bipolar disorder and anxiety disorders. Mitochondrial aldehyde dehydrogenase (ALDH2), an enzyme responsible for the detoxification of reactive aldehydes, is considered to exert protective function in mitochondria. We investigated the influence of Alda-1, a small-molecule activator of ALDH2, on depressive- and anxiety-like behaviors in an animal model of depression - the prenatally stressed rats - using behavioral, molecular and proteomic methods. Prolonged Alda-1 administration significantly increased the climbing time, tended to reduce the immobility time and increased the swimming time of the prenatally stressed rats in the forced swim test. Moreover, treatment of prenatally stressed rats with Alda-1 significantly increased number of entries into the open arms of the maze and the time spent therein, as assessed by elevated plus-maze test. Such actions were associated with reduction of plasma 4-HNE-protein content, decrease of TNF-alpha mRNA and increase of PGC-1 alpha (regulator of mitochondrial biogenesis) mRNA level in the frontal cortex and hippocampus of the prenatally stressed rats as well as with normalization of peripheral immune parameters and significant changes in expression of 6 and 4 proteins related to mitochondrial functions in the frontal cortex and hippocampus, respectively. Collectively, ALDH2 activation by Alda-1 led to a significant attenuation of depressive- and anxiety-like behaviors in the prenatally stressed rats. The pattern of changes suggested mitoprotective effect of Alda-1, however the exact functional consequences of the revealed alterations require further investigation. (C) 2015 Elsevier Inc. All rights reserved.","RAYYAN-INCLUSION: {""Anna""=>""Excluded""} | RAYYAN-EXCLUSION-REASONS: wrong exposure | USER-NOTES: {""Anna""=>[""restraint and lights ""]}",10.1016/j.bbi.2015.08.004,character(0),,
rayyan-386282868,Prenatal stress alters sensitivity to benzodiazepines in adult rats     SO  - NEUROSCIENCE LETTERS,2015,,,,,591,,,"",,,,,"In rats, prenatal stress (PS) induces persistent changes in the brain that eventually can be translated in altered behavior leading to a greater consumption of psychostimulants in the offspring during adulthood. Though many studies have been carried on the effects of PS on stimulant drug responsiveness, little is known about susceptibility to benzodiazepines dependence in this animal model. We hereby examined the long-lasting impact of PS exposure during the last 10 days of pregnancy on the vulnerability to benzodiazepine addiction in adult rats. In addition, we also investigated the link between PS and the sensitivity to anxiolytics. Our results reveal that PS offspring exhibited a significantly greater preference to the diazepam-paired side than control offspring in the conditioned place preference. Importantly, we found that PS enhanced the anxiolytic effects of diazepam in the elevated plus maze paradigm. This work demonstrates that PS increased the abuse potential of benzodiazepines and the sensitivity to anxiolytic drugs in offspring of stressed mothers. Thus, investigating the interactions among addiction and PS may contribute to a better understanding how early life events modify neural circuitry and thereby behavior. (C) 2015 Elsevier Ireland Ltd. All rights reserved.","RAYYAN-INCLUSION: {""Anna""=>""Excluded""} | RAYYAN-EXCLUSION-REASONS: wrong exposure | USER-NOTES: {""Anna""=>[""shocks ""]}",10.1016/j.neulet.2015.02.015,character(0),,
rayyan-386282921,Ferulic Acid Improves Depressive-Like Behavior in Prenatally-Stressed Offspring Rats via Anti-Inflammatory Activity and HPA Axis     SO  - INTERNATIONAL JOURNAL OF MOLECULAR SCIENCES,2019,,,,,20,,,"",,,,,"Prenatal stress (PS) can increase the risk of nervous, endocrine and metabolic diseases, and immune dysfunction. Ferulic acid (FA) is a dietary phenolic acid that has pharmacological properties, including potent anti-inflammatory action. We used male, prenatally-stressed offspring rats to investigate the anti-depressive-like effects and possible anti-inflammatory mechanism of FA. We determined the animal behaviors, and the mRNA expression and concentration of inflammatory cytokines, and HPA axis. In addition, we assessed the modulation of hippocampal nuclear factor-B (NF-B) activation, neuronal nitric oxide synthase (nNOS) and glucocorticoid receptors (GR) expression via western blotting and immunohistochemistry. Administration of FA (12.5, 25, and 50 mg/kg/day, i.g.) for 28 days markedly increased sucrose intake, and decreased immobility time and total number of crossings, center crossings, rearing, and grooming in the male PS offspring. FA significantly reduced IL-6, IL-1, and TNF- concentration and increased IL-10 concentration in male, prenatally-stressed offspring, stimulated by the NF-B pathway. In addition, FA inhibited interleukin-6 (IL-6), interleukin-1 (IL-1), and tumor necrosis factor- (TNF-), and increased interleukin-10 (IL-10) mRNA and protein expression. Furthermore, FA markedly decreased the serum adrenocorticotropin (ACTH) and corticosterone concentration by the increase of GR protein expression. Taken together, this study revealed that FA has anti-depressive-like effects in male, prenatally-stressed offspring, partially due to its anti-inflammatory activity and hypothalamic-pituitary-adrenal (HPA) axis.","RAYYAN-INCLUSION: {""Anna""=>""Excluded""} | RAYYAN-EXCLUSION-REASONS: wrong exposure | USER-NOTES: {""Anna""=>[""rest""]}",10.3390/ijms20030493,character(0),,
rayyan-386283005,Sex-Dependent Effects of Prenatal Stress on Learned Helplessness and Anxiety-Related Behaviours in Wistar Rats,,,,,,,,,"",,,,,"There has been an increasing importance of studies that link sex to stress coping processes. Recently, we reported that male and female Wistar rats responded differently to prenatal stress (PS) under basal conditions. The aim of the present study was to determine the influence of sex on behaviour and coping strategies, as an effect of gestational adversity in rats that were exposed to an uncontrollable stressor. Once the animals reached adulthood, the offspring from stressed/non-stressed dams were subjected or not to antidepressant treatment with Sertraline. After that, they were exposed to a single inescapable shock (IS) session, in which the rats were further tested for escape behaviour along 10 days, as a model of learned helplessness (LH). In prenatally stressed animals after the IS, behavioural differences appeared in a sex specific manner. Males proved to be more susceptible to the adverse context than females, exhibiting behavioural despair in a large percentage of the cases. Surprisingly, PS did not affect shock escape failure, but did affect learning performance in a sex dependent manner. In females, PS led them to learn to avoid shocks, learning better than controls, and by contrast, PS males did not learn to avoid shocks and displayed some signs of anhedonia. Sertraline did not help animals to avoid shocks, but helped them to escape from it. Our data indicate the existence of sex dependent behavioural differences in PS animals when facing an uncontrollable stress situation, in which the changes induced by PS were not only different, but opposite between sexes.","RAYYAN-INCLUSION: {""Anna""=>""Excluded""} | RAYYAN-EXCLUSION-REASONS: wrong exposure | USER-NOTES: {""Anna""=>[""gestational adversity in rats that were exposed to an uncontrollable stressor (cilinder + bright light)""]}",https://doi.org/10.4236/jbbs.2015.57026,character(0),,
rayyan-386283023,Sex- and age- dependent effect of pre-gestational chronic stress and mirtazapine treatment on neurobehavioral development of Wistar rat offspring     SO  - PLOS ONE,2022,,,,,17,,,"",,,,,"Hormonal fluctuations, such as the perinatal period, may increase susceptibility of women to depression, which in turn exert a negative impact on child's neurodevelopment, becoming a risk factor in development of neuropsychiatric disorders. Moreover, the use of antidepressants during this critical period presents a serious health concern for both the mother and the child, due to the consequences of treatment in terms of the reliability and safety for the proper neurodevelopment of the organism being not well known. Atypical antidepressants, such as mirtazapine, that targets both serotonergic and noradrenergic systems in the central nervous system (CNS), represent a novel focus of research due to its unique pharmacological profile. The aim of this work was to study the effects of maternal depression and/or perinatal antidepressant mirtazapine treatment on the neurobehavioral development of the offspring. Pre-gestationally chronically stressed or non-stressed Wistar rat dams were treated with either mirtazapine (10 mg/kg/day) or vehicle during pregnancy and lactation followed by analysis of offspring's behavior at juvenile and adolescent age. We found mirtazapine induced significant alterations of nursing behavior. In offspring, pregestational stress (PS) had an anxiogenic effect on adolescent males (p <= 0.05) and increased their active behavior in forced swim test (p <= 0.01). Interaction between pregestational stress and mirtazapine treatment variously induced anxiolytic changes of juvenile (p <= 0.05) and adolescent (p <= 0.05) females and impairment of spatial memory (p <= 0.01) in adolescent females as well. Hippocampal density of synaptophysin, pre-synaptic protein marker, was decreased mainly by mirtazapine treatment. In conclusion, our results show mirtazapine induced significant alterations in maternal behavior and several sex- and age-dependent changes in neurobehavioral development of offspring caused by both prenatal mirtazapine treatment and/or chronic pregestational stress.","RAYYAN-INCLUSION: {""Anna""=>""Excluded""} | RAYYAN-EXCLUSION-REASONS: wrong exposure | USER-NOTES: {""Anna""=>[""Chronic unpredictable stress schedule—no noise""]}",10.1371/journal.pone.0255546,character(0),,
rayyan-386283046,Prenatal maternal stress alters depression-related symptoms in a strain- and sex-dependent manner in rodent offspring     SO  - LIFE SCIENCES,2020,,,,,251,,,"",,,,,"Stress during pregnancy adversely affects foetal development and leads to later behavioural outcomes in offspring. Preclinical studies have reported conflicting effects of prenatal stress on depression-related symptoms in rodent offspring. This study aimed to study the combined effect of strain and sex on prenatal stress outcomes in a single study. To this end, male and female offspring from outbred Wistar and inbred Lewis rats, and outbred NMRI and inbred C57BL6 mice were compared. As outcomes we focussed on depression-related behaviour and related molecular and neurochemical parameters. Prenatally stressed and non-stressed offspring were subjected to the sucrose preference, novelty-suppressed feeding, tail suspension, and forced swim tests. We measured basal and stress-induced corticosterone levels in the serum, and brain-derived-neurotrophic-factor (BDNF), interleukin-1 beta, tumor necrosis factor-alpha, glutamate and serotonin in the brain to determine changes in hypothalamic-pituitary-adrenal-(HPA)-axis function, neuroplasticity, neuroinflammation, and neurotransmission. Our findings revealed that prenatal stress increases depression-like behaviour, HPA-axis (re) activity, pro-inflammatory cytokines and glutamate levels, and decreases BDNF and serotonin levels in a strain and sex-dependent manner in rodent offspring. Overall, male and female Lewis rats, female Wistar rats, male NMRI mice and female C57BL6 mice were found to be most responsive to prenatal stress. Based on these results, we conclude that genetic background and sex contribute to the great diversity in the effects of prenatal maternal stress in rodents.","RAYYAN-INCLUSION: {""Anna""=>""Excluded""} | RAYYAN-EXCLUSION-REASONS: wrong exposure | USER-NOTES: {""Anna""=>[""plastic transparent cylinders (rats: 7.5 cm diameter, 19 cm long; mice: 4 cm diameter, 10 cm long) under a single 60-W light bulb for 30 min, ""]}",10.1016/j.lfs.2020.117597,character(0),,
rayyan-386283061,Social and Cognitive Impairments in Rat Offspring after Ultrasound-Induced Prenatal Stress     SO  - BULLETIN OF EXPERIMENTAL BIOLOGY AND MEDICINE,2020,,,,,168,,,"",,,,,"We studied the possibility of developing an autism model based on chronic prenatal psychological stress caused by variable frequency ultrasound 20-45 kHz. The offspring of female rats stressed during pregnancy demonstrated reduced time of social contacts in the social interaction test, increased anxiety in the open-field test, and memory impairment in the Morris water maze test in comparison with the control (intact) rat offspring. We also found a reducing trend in the BDNF gene expression in the amygdala in males of the experimental group. The results showed the possibility of developing the animal autism model based on prenatal stress.","RAYYAN-INCLUSION: {""Anna""=>""Included""}",10.1007/s10517-020-04790-0,character(0),,
rayyan-386283068,Long-term recovery from hippocampal-related behavioral and biochemical abnormalities induced by noise exposure during brain development. Evaluation of auditory …     SO  - International Journal of …,2014,,,,,,,,"",https://www.sciencedirect.com/science/article/pii/S0736574814000847,,,,"… Our results show that hippocampal-related behavioral and biochemical changes (impairments in habituation, recognition and associative memories as well as distortion of anxiety-…","RAYYAN-INCLUSION: {""Anna""=>""Excluded""} | USER-NOTES: {""Anna""=>[""wrong population, not prenatally exposed""]}",10.1016/j.ijdevneu.2014.06.002,character(0),,
rayyan-386283075,Investigation of the long term effects of chronic white noise stress on learning in radial arm maze and behaviors in forced swim test     SO  - ANKARA UNIVERSITESI VETERINER FAKULTESI DERGISI,2011,,,,,58,,,"",,,,,"The long-term effects of 100 dB chronic white noise stress (WNS), exposed during prenatal and adolescent periods, on some cognitive functions and behaviors in rats were investigated. For this purpose, 40 female Sprague Dawley rats and their 60 male offspring were used. Pregnant rats were divided into Prenatal Stress (PS) and Prenatal Control (PC) groups. Noise stress was applied to PS group between the 14th and 21st days of their pregnancy, while PC rats were left undisturbed. After weaning, 60 male pups of PS dams were assigned to prenatal + chronic postnatal stress (PSCS), prenatal stress + non stress (PSN) and Control (CON) groups. During the postnatal 30th and 51st days, WNS was applied to PSCS rats, while PSN and CON groups were left undisturbed. The effects of stress on adult male offspring were investigated using 8-arm radial maze and forced swimming tests. There were no significant differences among groups for cognition and behavior tests. These results indicate that chronic 100 dB WNS does not have log-term effects on cognitive functions and depression related behaviors of adult male offspring.","RAYYAN-INCLUSION: {""Anna""=>""Included""}",10.1501/Vetfak\_0000002481,character(0),,
rayyan-386283175,Prenatal stress induces a depressive-like phenotype in adolescent rats: The key role of TGF-β1 pathway     SO  - FRONTIERS IN PHARMACOLOGY,2022,,,,,13,,,"",,,,,"Stressful experiences early in life, especially in the prenatal period, can increase the risk to develop depression during adolescence. However, there may be important qualitative and quantitative differences in outcome of prenatal stress (PNS), where some individuals exposed to PNS are vulnerable and develop a depressive-like phenotype, while others appear to be resilient. PNS exposure, a well-established rat model of early life stress, is known to increase vulnerability to depression and a recent study demonstrated a strong interaction between transforming growth factor-beta 1 (TGF-beta 1) gene and PNS in the pathogenesis of depression. Moreover, it is well-known that the exposure to early life stress experiences induces brain oxidative damage by increasing nitric oxide levels and decreasing antioxidant factors. In the present work, we examined the role of TGF-beta 1 pathway in an animal model of adolescent depression induced by PNS obtained by exposing pregnant females to a stressful condition during the last week of gestation. We performed behavioral tests to identify vulnerable or resilient subjects in the obtained litters (postnatal day, PND > 35) and we carried out molecular analyses on hippocampus, a brain area with a key role in the pathogenesis of depression. We found that female, but not male, PNS adolescent rats exhibited a depressive-like behavior in forced swim test (FST), whereas both male and female PNS rats showed a deficit of recognition memory as assessed by novel object recognition test (NOR). Interestingly, we found an increased expression of type 2 TGF-beta 1 receptor (TGF beta-R2) in the hippocampus of both male and female resilient PNS rats, with higher plasma TGF-beta 1 levels in male, but not in female, PNS rats. Furthermore, PNS induced the activation of oxidative stress pathways by increasing inducible nitric oxide synthase (iNOS), NADPH oxidase 1 (NOX1) and NOX2 levels in the hippocampus of both male and female PNS adolescent rats. Our data suggest that high levels of TGF-beta 1 and its receptor TGF beta-R2 can significantly increase the resiliency of adolescent rats to PNS, suggesting that TGF-beta 1 pathway might represent a novel pharmacological target to prevent adolescent depression in rats.","RAYYAN-INCLUSION: {""Anna""=>""Excluded""} | RAYYAN-EXCLUSION-REASONS: wrong exposure | USER-NOTES: {""Anna""=>["" transparent cylinders (9 cm diameter, 9 cm height, and 20 cm length) and exposed to bright light ""]}",10.3389/fphar.2022.1075746,character(0),,
rayyan-386283208,Prenatal noise stress aggravates cognitive decline and the onset and progression of beta amyloid pathology in a mouse model of Alzheimer's disease     SO  - NEUROBIOLOGY OF AGING,2019,,,,,77,,,"",,,,,"Environmental distresses occurring during the sensitive periods of early life may exacerbate the vulnerability to develop physical and mental diseases in old age. Studies have shown the impact of prenatal stress (PS) on the endocrine development and reprogramming of hypothalamic-pituitary-adrenal axis functions in association with cognitive development and susceptibility to neuropsychiatric diseases. Long-term exposure to glucocorticoids can damage the brain and intensify the progression of Alzheimer's disease (AD)-like neuropathological changes, especially in females. There is, however, less information as to the link between PS and the risk of developing AD pathology throughout the lifespan. - In the present study, male and female APPS(NL-G-F/NL-G-F) offspring of dams exposed to gestational noise stress were compared with the control offspring in corticosterone alternations, cognitive and motor performances, and the onset age and development of amyloid beta (A beta) plaques across age. The hyperactivity of the hypothalamic-pituitary-adrenal axis, spatial learning, and A beta development were sex specific, showing persistent high levels of stress and further memory loss in females than males, especially in PS mice. The A beta deposition was started earlier, by 2-3 months, and exhibited a heightened progression in PS animals. The PS also created a long-lasting anxiety-like behavior and impairment in cognitive function and motor coordination. Our results suggested PS as a risk to exacerbate AD-like neuropathological changes during the lifespan, with higher susceptibility of females. The findings were discussed in line with the most likely mechanisms for the PS effects, that is, dysregulation of the neuroendocrine system and the placenta by the PS. (C) 2019 Elsevier Inc. All rights reserved.","RAYYAN-INCLUSION: {""Anna""=>""Excluded""} | RAYYAN-EXCLUSION-REASONS: wrong population | USER-NOTES: {""Anna""=>[""wrong population""]}",10.1016/j.neurobiolaging.2019.01.019,character(0),,
rayyan-386283209,CRTC1 signaling involvement in depression-like behavior of prenatally stressed offspring rat     SO  - BEHAVIOURAL BRAIN RESEARCH,2021,,,,,399,,,"",,,,,"A large body of literature has demonstrated that prenatal stress (PS) can induce depression-like behavior in the offspring. However, the underlying mechanism remains largely unknown. CREB-regulated transcriptional coactivator 1(CRTC1) has recently been shown to involve in mood regulation. This research aims to investigate whether CRTC1 signaling was involved in the depression-like behavior of prenatally stressed offspring rats. Sucrose preference test (SPT), forced swimming test (FST) and open field test (OFT) were adopted to test the depression-like behavior in the male offspring rats, and CRTC1 signaling was measured. The results showed that there were significantly reduced sucrose intake in SPT and prolonged immobility time in FST in PS-exposure offspring rats. It was also found decreased levels of total CRTC1, nuclear CRTC1, calcineurin, brain-derived neurotrophic factor (BDNF) and c-fos, but increased cytoplasmic p-CRTC1 in the hippocampus (HIP) and prefrontal cortex (PFC) of the offspring rats. Furthermore, the mRNA level of CRTC1, calcineurin, BDNF, c-fos were down-regulated. Abnormal expression of CRTC1 signaling could be alleviated by fluoxetine treatment. In conclusion, our research indicated that the aberration of CRTC1 expression and/or phosphorylation activity might play a vital role in PS-induced depression-like behavior of offspring rats.","RAYYAN-INCLUSION: {""Anna""=>""Excluded""} | RAYYAN-EXCLUSION-REASONS: wrong exposure | USER-NOTES: {""Anna""=>[""restraint""]}",10.1016/j.bbr.2020.113000,character(0),,
rayyan-386283223,[The study of the behavioral reactions and duration of ultrasonic vocalization in rats from females stressed during pregnancy]     SO  - Zhurnal nevrologii i psikhiatrii imeni S.S. Korsakova,2025,,,,,125,,,"",https://pubmed.ncbi.nlm.nih.gov/40195110/,,,,"OBJECTIVE: To study the psycho-emotional state and its relationship to the duration of ultrasonic vocalization in the offspring of rats with physiological and stress-complicated pregnancy. MATERIAL AND METHODS: The experiments were performed on the offspring (n=120) of rats with physiological pregnancy and the offspring of animals stressed during the entire gestation period (21-23 days). Study animals were divided into the following groups: 1 - intact - males and females (n=52) born to healthy rats; 2 - stress - males and females (n=68) born to rats that underwent stress during pregnancy. At the age of 17 days, the total vocalization duration (at 50 kHz) was recorded in rats. To assess the psycho-emotional state of the offspring, the open field and elevated plus maze tests were performed at 22 days, marble burying at 35 days, and Porsolt forced swimming test at 47 days. To assess cognitive function in the offspring, short-term working memory was examined in the recognition of a new object test at 35 days and long-term memory in the conditioned passive avoidance reflex test at the age of 47 days. RESULTS: The results of the open field and elevated plus maze tests indicated that the offspring of females stressed during pregnancy showed anxious behavior. In addition, animals from stressed rats exhibited compulsive and depressive behaviors in the marble burying and Porsolt forced swimming tests. The offspring of stressed rats showed impaired reproduction of the memory traces in the conditioned passive avoidance reflex test. CONCLUSION: In the offspring of females stressed during pregnancy, anxious, compulsive, and depressive behavior is observed, accompanied by an increase in the duration of ultrasonic vocalization at 50 kHz.","RAYYAN-INCLUSION: {""Anna""=>""Excluded""} | RAYYAN-EXCLUSION-REASONS: wrong exposure",10.17116/jnevro2025125031117,Animals;Female;Pregnancy;Rats;*Vocalization;Animal/physiology;Male;*Stress;Psychological/physiopathology/psychology;*Prenatal Exposure Delayed Effects/physiopathology/psych...;Wistar;*Behavior;Animal;*Pregnancy Complications/physiopathology/psychology;Anxiety,,
rayyan-386283263,Effects of perinatal stress on the anxiety-related behavior of the adolescence mouse     SO  - INTERNATIONAL JOURNAL OF DEVELOPMENTAL NEUROSCIENCE,2006,,,,,24,,,"",,,,,"We evaluated the effects of sound noise or forced swim stress applied to pregnant mice or to neonatal mice on the anxiety-related behavior using the elevated plus-maze test per-formed during the age of 5 weeks. The forced swim stress applied at the late gestation period, days 10-18 of pregnancy, caused a significant reduction of the body weight gain of I he dams. However, the anxiety-related behavior of the male and female offspring were not affected by the antenatal stress treatment. When the forced swim stress was applied to the neonatal mice during the late lactation period, 14-18 days after birth, the male mice showed an elevated level of anxiolytie behavior accompanying the reduction of the emotion-related motor activity. The anxiety-related behavior of the female mice was not affected by the stress treatment. Furthermore, we applied the sound noise or forced swim stress to the neonatal mice immediately after the weaning, 21-25 days after birth. The stress applied after the weaning period had no effect on the anxiety-related behavior. These results suggested that the stress applied during the lactation period, but not that during the antenatal period, nor after the weaning period, might have gender-dependently reduced the anxiety level of the male mouse. It was shown that the effects of perinatal stress on the anxiety-related behavior of the adolescent mouse varied according to the period of application and gender. The hypothesis that gender-dependent abnormalities in neurodevelopment might be caused by the excess stress applied to the breast-fed infant is of importance in elucidating the relationship between the psychoneurotic disorder in childhood and the environment stress of the breast-fed infant. (c) 2006 ISDN. Published by Elsevier Ltd. All rights reserved.","RAYYAN-INCLUSION: {""Anna""=>""Included""}",10.1016/j.ijdevneu.2006.02.003,character(0),,
rayyan-386283297,Effects of Selective Inhibitors of Serotonin Reuptake on the Anxiety Behavior and Activity of the Pituitary-Adrenal System in Prenatally Stressed Male Rats     SO  - NEUROCHEMICAL JOURNAL,2011,,,,,5,,,"",,,,,"We studied effects of the selective inhibitors of serotonin reuptake fluoxetine and paroxetine, which were orally administered at a dose of 5.0 mg/kg from the 1st to 14th days of postnatal life, on the anxiety behavior and hormonal stress reactivity of mature prenatally stressed male rats. We found that prenatal stress decreased the anxiety level in mature male rats. Chronic treatment with paroxetine did not the alter the anxiety behavior of prenatally stressed males. In contrast, treatment with fluoxetine had an anxiogenic effect on their behavior, canceling the effect of prenatal stress on the anxiety behavior of male rats. Prenatal stress considerably affected the dynamics of the stress response of the pituitary-adrenal system, which was seen as disturbances in the regulation of system feedback under conditions of stress-induced activation. Chronic administration of paroxetine or fluoxetine corrected the dynamics of stress-induced levels of corticosterone in the blood of prenatally stressed males.","RAYYAN-INCLUSION: {""Anna""=>""Excluded""} | USER-NOTES: {""Anna""=>[""were sub jected daily to immobilization stress in narrow plasti""]}",10.1134/S1819712410041038,character(0),,
rayyan-386283305,Perinatal stress and development : Anxious-like behavior in the rat     SO  - Stress perinatal et developpement emotionnel chez le rat: Implications pour l'etude du developpement humain.,2001,,,,,53,,,"",https://search.library.ualberta.ca/openurl/01UOA_INST/01UOA_INST:UOA?sid=OVID:psycdb&id=pmid:&id=doi:10.3917%2Fenf.533.0293&issn=0013-7545&isbn=&volume=53&issue=3&spage=293&pages=293-302&date=2001&title=Enfance&atitle=Perinatal+stress+and+development+%3A+Anxious-like+behavior+in+the+rat.&aulast=Lordi&pid=%3Cauthor%3ELordi%2C+Brigitte%2CMellier%2C+Daniel%2CCaston%2C+Jean%3C%2Fauthor%3E%3CAN%3E2001-11972-006%3C%2FAN%3E%3CDT%3EJournal+Article%3C%2FDT%3E,,,,"In the rat, a prenatal stress at day 19 of pregnancy, elicited a high death rate and a low weight gain until the animals were able to eat by themselves. A postnatal stress at D2 had no influence on death rate but altered the weight gain differentially than a prenatal stress. Indeed, the growth rate which was smaller than that of controls from birth to the l0th day of age, became much greater from the 15th day. The animals which were stressed either prenatally or postnatally elicited an anxious-like behavior greater than that of controls. However, their social discrimination capabilities and their neophobic-neophilic behavior was not altered. The results are discussed in relation to the posttraumatic perinatal stress disorders concerning infants or mothers. (PsycInfo Database Record (c) 2021 APA, all rights reserved)","RAYYAN-INCLUSION: {""Anna""=>""Excluded""} | USER-NOTES: {""Anna""=>[""French paper "", ""I tried to find the full abstract and link is broken ""]}",https://dx.doi.org/10.3917/enf.533.0293,*Animal Development;*Anxiety;*Perinatal Period;*Prenatal Development;*Stress;Animal Ethology;Rats,,
rayyan-386283326,Chronic Prenatal Stress Affects Development and Behavioral Depression in Rats     SO  - STRESS-THE INTERNATIONAL JOURNAL ON THE BIOLOGY OF STRESS,1998,,,,,2,,,"",,,,,"We have used the approach of Willner et al (1987), which consists of transitory and variable changes in the rat's living conditions, to investigate the influence of chronic prenatal stress on pup development and their susceptibility to behavioral depression at adult age, as assessed by the learned helplessness model. Pregnant female Wistar rats were divided into either stressed (S; N = 35) or non-stressed (NS; N = 35) groups during the last two weeks of pregnancy. The male and female pups of both groups were either handled to test for physical development up to weaning (H; N = 25 litters) or left undisturbed (NH; N = 10 litters) until adult age, at which time the males from all four experimental groups were divided into two subgroups (N = 10 each) and were submitted to the learned helplessness model of depression. Prenatal stress reduced the number of male pups per litter, decreased the anogenital distance, and produced earlier earflap and eye opening dates, as well as a faster righting. Behavioral depression was induced in all cases, except in the NS -H animals. The prenatally stressed, non -handled pups showed greater escape latency than the NS subgroups. We conclude that the stress schedule used in this study was stressful to dams and sufficient to affect the pups' development and to increase the intensity of induced behavioral depression at adult age.","RAYYAN-INCLUSION: {""Anna""=>""Excluded""} | USER-NOTES: {""Anna""=>[""chronic unpredictable stress such ;is that descrihctl h!, ""]}",10.3109/10253899809167291,character(0),,
rayyan-386283372,Cross-fostering alleviates depression-like behavior mediated by EAAT2 and SNARE complex in prenatal stress offspring rat     SO  - PHARMACOLOGY BIOCHEMISTRY AND BEHAVIOR,2021,,,,,210,,,"",,,,,"Previous studies have shown that prenatal stress (PS) can potentially contribute to depression-like behavior in offspring and that this effect may be moderated by cross-fostering. However, the underlying mechanism of this effect remains to be determined. This study aimed to determine the effect of cross-fostering on the expression of EAAT2 and the SNARE complex in the hippocampus and the prefrontal cortex of PS offspring rats and to demonstrate functional effects on depression-like behavior. The impacts of cross-fostering were functionally assessed using the sucrose preference test (SPT), the forced swimming test (FST) and the elevated plus maze (EPM). Quantitative real-time PCR was used to determine changes in the expression of EAAT2 and SNAREs mRNA in the hippocampus and the prefrontal cortex of offspring rats. PS offspring rats showed significantly decreased sucrose preference and prolonged immobility time, while cross-fostering effectively increased sucrose preference and shorten the time of immobility. The expression of EAAT2 mRNA in PS offspring rats was markedly reduced, whilst the core mRNA expression of the SNARE complex increased. Our results provide strong evidence demonstrating that cross-fostering can alleviate depression-like behavior and regulate the abnormal expression levels of EAAT2 mRNA and SNARE complex in the hippocampus and the prefrontal cortex of PS offspring rats. Our findings contribute to further understanding of the pathogenesis of PS-induced depression and may help to inform the future development of novel treatment approaches.","RAYYAN-INCLUSION: {""Anna""=>""Excluded""} | USER-NOTES: {""Anna""=>[""restraining device""]}",10.1016/j.pbb.2021.173269,character(0),,
rayyan-386283393,"Prenatal noise and restraint stress interact to alter exploratory behavior and balance in juvenile rats, and mixed stress reverses these effects     SO  - STRESS-THE INTERNATIONAL JOURNAL ON THE BIOLOGY OF STRESS",2017,,,,,20,,,"",,,,,"We aimed to investigate in adolescent rats the individual and combined effects of prenatal noise and restraint stress on balance control, exploration, locomotion and anxiety behavior. Three groups of pregnant rats were exposed to daily repeated stress from day 11 to day 19 of pregnancy: 3min noise (Noise Stress, NS); 10min restraint (restraint stress, RS); or 3min noise followed by 10min restraint (mixed stress, MS). On postnatal days (PND) 44, 45 and 46, four groups of male rats (Control, NS, RS:, MS; 16 rats each), were tested as follows: (1) beam walking (BW), (2) open field (OF) and (3) elevated plus maze (EPM). Our results show that the NS group had significantly impaired balance control, locomotion and both horizontal and vertical exploration (p<.01 for all measures). The RS group showed only a decrease in vertical exploration (p<.05). In contrast, locomotion and balance were not affected in the MS group (OF: crossed squares: p=.34, missteps: p=.18). However, MS rats exhibited significantly higher anxiety levels (less time in EPM open arms: p<.05), and took more time to complete BW: p<.05). Hence, combined prenatal stressors exert non-additive effects on locomotion, exploration and balance control, but induce greater anxiety through additive effects. Terminal plasma ACTH concentration was increased by prenatal stress, especially noise, which group had the largest adrenal glands. Overall, contrary to expectation, combined prenatal stressors can interact to increase anxiety level, but diminish alteration of exploration, locomotion and impaired balance control, which were strongly induced by noise stress.Lay summary: Experience of stress in pregnancy can have negative effects on the offspring that are long-lasting. Here, we used laboratory rats to see whether repeated episodes of exposure to loud noise or preventing free movement, alone or together, during pregnancy had different effects on behaviors of the adolescent offspring. Using standard tests, we found the prenatal stresses caused the offspring to be anxious, and not to balance when moving around as well as normal offspring; the degree of impairment depended on the type of stress - loud noise exposure had the greatest effects, but if the stresses were combined the effects were not worse. The results point to the need to aim to avoid stress in pregnant women.","RAYYAN-INCLUSION: {""Anna""=>""Included""} | USER-NOTES: {""Anna""=>[""Noise stress alone, and offspring was testes OF, EPM""]}",10.1080/10253890.2017.1307962,character(0),,
rayyan-386283398,Prenatal effects of buspirone and stress on behavioral reactions in rat pups of different sexes during period of ontogeny with low level of brain serotonin,,,,,,,,,"",,,,,"Previously we revealed for the first time pain response exacerbation caused by inflammation in rats born to dams exposed to stress during pregnancy (prenatal stress). The present study is devoted to tinvestigation of prenatal stress effects on psychoemotional and tonic pain reactions in rat pups during the individual development period that is characterized with a dramatic reduction of the brain serotonin level. Effects of maternal buspirone before stress during pregnancy on functional indices of psychoemotional and tonic pain systems in the offspring were also investigated. Prenatal stress increased the number of pain patterns (flexing + shaking) during different phases of the time-course of formalin-induced pain in females and males to a greater extent in males. Prenatlly stressed rat pups of both sexes failed to show reliable changes in the index of psychoemotional behavior in the forced swim test. With the aim to decrease pain response exacerbation found in prenatally stressed offspring, pregnant dams were exposed to chronic injections of serotoninergic anxiolytic and antidepressant buspirone which is an agonist of 5-HT1A receptors; prenatal effect of buspirone on psychoemotional behavior in prenatally stressed rat pups was also evaluated. Maternal buspirone normalized pain behavior and decreased considerably the time of immobility, the index of depressive behavior in the forced swim test. The present results indicate analgesic and antidepressive effects of maternal buspirone in prenatally stressed 10-day old rat pups and demonstrate sexual dimorphism in effects of prenatal stress on the time-course of formalin-induced pain. Differences in effects of prenatal influences on pain respone during the interphase in males and females indicate earlier maturation of the descending serotonergic inhibitory system of afferent pain signals modulation in males than in females and demonstrate that 5-HT1A receptors are involved in this process.","RAYYAN-INCLUSION: {""Anna""=>""Excluded""} | RAYYAN-EXCLUSION-REASONS: wrong population | USER-NOTES: {""Anna""=>[""Russian, I can't access text "", ""https://www.researchgate.net/publication/293809805_Prenatal_effects_of_buspirone_and_stress_on_behavioral_reactions_in_rat_pups_of_different_sexes_during_period_of_ontogeny_with_low_level_of_brain_serotonin""]}",https://doi.org/10.17816/ped5190-96,character(0),,
rayyan-386283406,Alterations in dopamine related behavior of the offspring of pregnant Wistar rats exposed to noise pollution stress     SO  - PHYSIOLOGY AND PHARMACOLOGY,2012,,,,,16,,,"",,,,,"Introduction: Effects of stress on nervous system activity and development are well defined. In the present study, the effects of maternal stress on dopamine-related behavior in the offspring were studied. Methods: Female pregnant Wistar rats (200 g) were randomly exposed to the noise pollution stress (125 db) for 14 days (5 min/day). The time of exposure was random in order to avoid adaptation. The offspring were nursed by their mothers until the adolescence (200 g-3 mounts of age). These animals were examined for their seeking behavior including rearing, sniffing and locomotion using open field method. Twenty four hours later, they received subcutaneous administration of the dopamine D-2 receptor antagonist, sulpiride (5 mg/kg) for evaluation of dopamine receptor sensitization. Results: Our results showed that sniffing was reduced (P<0.01), but both rearing (P<0.05) and locomotion (statically non significant) activity in the F-2 of stress group was increased. Injection of sulpiride reduced animals activity (sniffing, rearing and locomotion) in both groups but the reduction was more pronounced in the stress group (P<0.001). Conclusion: It could be concluded that dopamine-related behavior differed in the experimental group, which was exposed to stress during intra-uterine life. In addition, the experimental group showed a pronounced response to sulpiride, which may be due to alteration in brain dopamine system activity in these animals.","RAYYAN-INCLUSION: {""Anna""=>""Included""} | RAYYAN-EXCLUSION-REASONS: foreign language",,character(0),,
rayyan-386283438,Sex Differences in the Behavioral and Metabolic Effects of Prenatal Stress in Early but not Late Adulthood in Mice,,,,,,,,,"",,,,,,"RAYYAN-INCLUSION: {""Anna""=>""Excluded""} | RAYYAN-EXCLUSION-REASONS: wrong publication type",https://doi.org/10.1124/jpet.513.946110,character(0),,
rayyan-386283467,Maternal Chronic Ultrasound Stress Provokes Immune Activation and Behavioral Deficits in the Offspring: A Mouse Model of Neurodevelopmental Pathology     SO  - INTERNATIONAL JOURNAL OF MOLECULAR SCIENCES,2023,,,,,24,,,"",,,,,"Neurodevelopmental disorders stemming from maternal immune activation can significantly affect a child's life. A major limitation in pre-clinical studies is the scarcity of valid animal models that accurately mimic these challenges. Among the available models, administration of lipopolysaccharide (LPS) to pregnant females is a widely used paradigm. Previous studies have reported that a model of `emotional stress', involving chronic exposure of rodents to ultrasonic frequencies, induces neuroinflammation, aberrant neuroplasticity, and behavioral deficits. In this study, we explored whether this model is a suitable paradigm for maternal stress and promotes neurodevelopmental abnormalities in the offspring of stressed females. Pregnant dams were exposed to ultrasound stress for 21 days. A separate group was injected with LPS on embryonic days E11.5 and E12.5 to mimic prenatal infection. The behavior of the dams and their female offspring was assessed using the sucrose test, open field test, and elevated plus maze. Additionally, the three-chamber sociability test and Barnes maze were used in the offspring groups. ELISA and qPCR were used to examine pro-inflammatory changes in the blood and hippocampus of adult females. Ultrasound-exposed adult females developed a depressive-like syndrome, hippocampal overexpression of GSK-3 \& beta;, IL-1 \& beta;, and IL-6 and increased serum concentrations of IL-1 \& beta;, IL-6, IL-17, RANTES, and TNF \& alpha;. The female offspring also displayed depressive-like behavior, as well as cognitive deficits. These abnormalities were comparable to the behavioral changes induced by LPS. The ultrasound stress model can be a promising animal paradigm of neurodevelopmental pathology associated with prenatal `emotional stress'.","RAYYAN-INCLUSION: {""Anna""=>""Included""}",10.3390/ijms241411712,character(0),,
rayyan-386283501,Hormonal and behavioral characteristics of prenatally stressed female rats in an experimental model of depression     SO  - Neuroscience and Behavioral Physiology,2019,,,,,49,,,"",https://search.library.ualberta.ca/openurl/01UOA_INST/01UOA_INST:UOA?sid=OVID:psycdb&id=pmid:&id=doi:10.1007%2Fs11055-019-00772-6&issn=0097-0549&isbn=&volume=49&issue=5&spage=573&pages=573-579&date=2019&title=Neuroscience+and+Behavioral+Physiology&atitle=Hormonal+and+behavioral+characteristics+of+prenatally+stressed+female+rats+in+an+experimental+model+of+depression.&aulast=Ordyan&pid=%3Cauthor%3EOrdyan%2C+N.+E%2CPivina%2C+S.+G%2CMironova%2C+V.+I%2CAkulova%2C+V.+K%2CRakitskaya%2C+V.+V%3C%2Fauthor%3E%3CAN%3E2019-35299-001%3C%2FAN%3E%3CDT%3EJournal+Article%3C%2FDT%3E,,,,"Changes in behavior and hypothalamo-hypophyseal-adrenal system (HHAC) activity were studied in adult prenatally stressed female rats in an experimental model of depression, i.e., learned helplessness. Females born to intact mothers were found not to form depression-like behavior, as evidenced by the absence of changes in HHAC activity, despite reductions in locomotor activity in the open field and increases in the duration of immobility in the forced swimming test. At the same time, females born to mothers stressed during the last weeks of pregnancy showed changes in behavior and HHAC activity analogous to those found in our previous studies of these animals in the stress-restress paradigm. These results lead to the conclusion that prenatal stress modifies animals' sensitivity to intense stressors. This is apparent in the specific pattern of HHAC activity after stressing, independently of the type of stress. (PsycInfo Database Record (c) 2021 APA, all rights reserved)","RAYYAN-INCLUSION: {""Anna""=>""Excluded""} | RAYYAN-EXCLUSION-REASONS: wrong exposure | USER-NOTES: {""Anna""=>["" restraint stress in narrow""]}",https://dx.doi.org/10.1007/s11055-019-00772-6,*Hormones;*Major Depression;*Prenatal Exposure;*Stress;Animal Behavior;Animal Maternal Behavior;A...,,
rayyan-386283539,Behavioral alterations of adolescent rats exposed to prenatal stress: neurobiological mechanisms and implications for psychiatric disorders,,,,,,,,,"",,,,,,"RAYYAN-INCLUSION: {""Anna""=>""Excluded""} | RAYYAN-EXCLUSION-REASONS: wrong exposure | USER-NOTES: {""Anna""=>[""prenatal stress paradigm. So different stressors""]}",https://doi.org/10.1016/j.psyneuen.2023.106725,character(0),,
rayyan-386283545,"Perinatal citalopram does not prevent the effect of prenatal stress on anxiety, depressive-like behaviour and serotonergic transmission in adult rat offspring     SO  - EUROPEAN JOURNAL OF NEUROSCIENCE",2016,,,,,43,,,"",,,,,"It is still not clear whether the selective serotonin reuptake inhibitors frequently prescribed to depressed pregnant women improve the behavioural outcome in their children. The current study investigated whether administration of citalopram to pregnant rats could prevent anxiety and depressive-like behaviour induced by gestational stress in their offspring, and restore the expression of serotonin 1A autoreceptors in GABAergic interneurons in the medial prefrontal cortex and dorsal raphe nuclei in males, and of corticotropin-releasing factor type 2 receptors in GABAergic interneurons in the dorsal raphe nuclei in females. Activation of these receptors modulates serotonergic transmission to target areas and is reduced in a sex-dependent manner by prenatal stress. Citalopram (10mg/kg/day), administered orally from day 7 of gestation until 21days postpartum, prevented the increase in anxiety in stressed mothers but did not reduce anxiety and depressive-like behaviour in their offspring and even induced depressive-like behaviour in the offspring of control mothers. Citalopram failed to restore the reduction in the expression of serotonin 1A autoreceptors in the prefrontal cortex of males and in corticotropin-releasing factor type 2 receptors in the dorsal raphe nuclei of females induced by prenatal stress. Prenatal citalopram did not prevent the behavioural changes or reduction in serotonergic transmission to target areas induced by prenatal stress. It had adverse behavioural effects in the offspring of control rats, which, together with the lack of any change in prenatally-stressed rats, may be due to inhibition of the foetal serotonin transporter thereby preventing normal development of the serotonin system.","RAYYAN-INCLUSION: {""Anna""=>""Excluded""} | RAYYAN-EXCLUSION-REASONS: wrong exposure | USER-NOTES: {""Anna""=>[""CUS"", ""Chronic unpredictable stress""]}",10.1111/ejn.13150,character(0),,
rayyan-386283561,[NOISE-STIMULATION EFFECTS ON PREGNANT RATS AND ITS FETUSES]     SO  - Nihon Jibiinkoka Gakkai kaiho,1964,,,,,67,,,"",https://pubmed.ncbi.nlm.nih.gov/14204627/,,,,,"RAYYAN-INCLUSION: {""Anna""=>""Excluded""} | RAYYAN-EXCLUSION-REASONS: wrong outcome | USER-NOTES: {""Anna""=>[""No behavioural tests, find the paper here: https://ms.articles.sk/book/95088431/f1d02a/noisestimulation-effects-on-pregnant-rats-and-its-fetuses.html"", ""Japanese""]}",10.3950/jibiinkoka.67.6_843,Animals;*Blood Cell Count;*Body Weight;*Congenital Abnormalities;*Eosinophils;Female;*Fetal Death...;Animal;Rats;*Research,,
rayyan-386283617,Epigenetic Modifications of GABAergic Interneurons Contribute to Deficits in Adult Hippocampus Neurogenesis and Depression-Like Behavior in Prenatally Stressed Mice     SO  - INTERNATIONAL JOURNAL OF NEUROPSYCHOPHARMACOLOGY,2020,,,,,23,,,"",,,,,"Background: Prenatal stress (PRS) is considered a risk factor for depressive disorder. Adult hippocampal neurogenesis is believed to play a role in the regulation of affective behaviors. GABAergic interneuron is a key modulator in adult hippocampal neurogenesis. Growing evidence indicates that PRS has adverse effects on adult hippocampal neurogenesis and DNA epigenetic modifications of the GABAergic system. The aim of this study was to investigate whether epigenetic GABAergic dysfunction participates in the negative impact of PRS on adult hippocampal neurogenesis and related emotional behaviors. Methods: Behavioral tests were used to explore PRS-induced depression-like behaviors of adult female mice. Immunohistochemistry staining, real-time reverse transcription-polymerase chain reaction, western blot, and chromatin immunoprecipitation were employed to detect adult neurogenesis and epigenetic changes of the GABAergic system in the hippocampus of PRS mice. Results: PRS mice developed a depression phenotype accompanied by the inhibited maturation of hippocampal newborn neurons. Compared with control mice, PRS mice showed decreased expression of glutamic acid decarboxylase 67 at the mRNA and protein levels. GABA(A) receptor agonist phenobarbital could rectify the decrease of 5-bromo-2-deoxyuridine/neuronal nuclei double-positive (BrdU(+)/NeuN(+)) cells in PRS mice. PRS mice also showed increased expression of DNA methyltransferase 1 and increased binding of DNA methyltransferase 1 to glutamic acid decarboxylase 67 promoter region. The treatment with DNA methyltransferase 1 inhibitor 5-aza-deoxycytidine restored the decrease of BrdU(+)/NeuN(+) cells and depression-like behaviors in PRS mice via improving GABAergic system. Conclusions: The present results indicate that epigenetic changes of the GABAergic system are responsible for adult hippocampus neurogenesis and depression-like behaviors in PRS mice.","RAYYAN-INCLUSION: {""Anna""=>""Excluded""} | RAYYAN-EXCLUSION-REASONS: wrong exposure | USER-NOTES: {""Anna""=>[""45 minutes 3 times per day and exposed to 24-hour constant light""]}",10.1093/ijnp/pyaa020,character(0),,
rayyan-386283651,"Impact of Maternal Road Traffic Noise Exposure on Hippocampal Spatial Memory and Neurogenesis of Sprague Dawley Offspring: Therapeutic Effects of Edaravone, Melatonin, and Enriched Environments     SO  - Central nervous system agents in medicinal chemistry",2025,,,,,,,,"",https://pubmed.ncbi.nlm.nih.gov/41220261/,,,,"<p> Introduction: Mental problems are associated with early neonatal and in utero exposure to maternal stress. With established negative impacts on mental health and cognitive function, road traffic noise (RTN) has emerged as a ubiquitous environmental stressor. In this work, we have examined the effects of maternal exposure to RTN on the development of neurogenesis and spatial memory in the hippocampus (HC) of offspring and investigated possible strategies for mitigating these effects. </p><p> Method: During the prenatal maturation stage, female Sprague Dawley (SD) rats that were determined to be pregnant were exposed chronically to 100 dB SPL (sound pressure level) RTN for six hours per day. The Morris water maze and elevated plus maze tests were used to evaluate the neurobehavioral performances of the offspring. The oxidative stress and neurogenesis in the HC were evaluated using 2% 2,3,5-triphenyl tetrazolium chloride staining, HC histopathology, and biochemical methods (SOD: superoxide dismutase, GSH: glutathione, CAT: catalase, as well as TBARS: thiobarbituric acid reactive substance, MPO: myeloperoxidase, and AChE: acetylcholinesterase), respectively. Additionally, we looked at the potential therapeutic benefits of melatonin, edaravone, and an enriched environment. </p><p> Result: The results of our investigation showed that maternal exposure to 100 dB SPL RTN considerably reduced the offspring's spatial memory and caused distress. The biochemical estimation of HC tissue supernatant revealed a considerable increase in MPO, AChE, and TBARS levels and a marked reduction in SOD, CAT, and GSH levels. However, there were notable protective effects against these unfavorable outcomes due to the administration of melatonin and edaravone, as well as from being exposed to an enriched environment. </p><p> Discussion: In our study, prenatal exposure to 100 dB SPL RTN caused oxidative stress, which caused neurodegeneration, as well as decreased spatial memory and induced anxiety, being consistent with previous findings. In particular, compared to offspring of the 100 dB SPL RTNexposed group, offspring of the maternally treated EDV and MLT combination groups showed superior spatial memory function, reduced anxiety, and increased neurogenesis. </p><p> Conclusion: The findings of our study have offered promising pathways for public health policies and urban planning concerns, as well as useful insights into the development of tailored therapies to safeguard against the cognitive and neurological repercussions of maternal RTN exposure.","RAYYAN-INCLUSION: {""Anna""=>""Excluded""} | RAYYAN-EXCLUSION-REASONS: full text not available | USER-NOTES: {""Anna""=>[""I asked for the full text""]}",https://doi.org/10.2174/0118715249381371251019170111,character(0),,
rayyan-386283689,Grape seed proanthocyanidins improves depression-like behavior by alleviating oxidative stress and NLRP3 activation in the hippocampus of prenatally-stressed female offspring rats     SO  - JOURNAL OF HISTOTECHNOLOGY,2021,,,,,44,,,"",,,,,"Over several decades, there is a growing evidence, which has shown that prenatal stress (PS) contributes to depression in offspring. Grape seed proanthocyanidins (GSPs), which contain dimers, trimers, oligomers of catechin and epicatechin, are known to possess antidepressant effects. The present study aimed to investigate the mechanism of antidepressant effects of GSPs on female juvenile prenatally stressed offspring rats. The results showed that the female juvenile offspring rats exposed to PS exhibited depression-like behavior manifested as longer immobility time and lesser consumption of sucrose solution. Prenatal stress reduced the number of hippocampal neurons and increased the level of the reactive oxygen species (ROS) in the hippocampus of the female juvenile offspring rats. Furthermore, the expression of PYD domains-containing protein 3 (NLRP3) and its downstream cytokines, Caspase-1, and interleukin-1 beta (IL-1 beta), were increased in the hippocampus of the female juvenile offspring rats exposed to PS. Administration of GSPs not only improved depression-like behavior and enhanced the number of hippocampal neurons, but also abated excessive ROS generation and inhibited the activation of the NLRP3-Caspase-1 signaling pathway. Taken together, GSPs counteract PS-induced hippocampal neuron loss and depression-like behavior by alleviating oxidative stress and NLRP3 activation. The present study provides a new insight for GSPs as an effective therapeutic agent for adolescent depression.","RAYYAN-INCLUSION: {""Anna""=>""Excluded""} | RAYYAN-EXCLUSION-REASONS: wrong exposure | USER-NOTES: {""Anna""=>[""restraint""]}",10.1080/01478885.2020.1861907,character(0),,
rayyan-386283703,Differential Effect of Prenatal Stress on the Expression of Cortiocotrophin-Releasing Hormone and its Receptors in the Hypothalamus and Amygdala in Male and Female Rats     SO  - JOURNAL OF NEUROENDOCRINOLOGY,2011,,,,,23,,,"",https://pubmed.ncbi.nlm.nih.gov/21306450/,,,,"The present study examined the effect of prenatal stress in rats from days 13-20 of gestation on anxiogenic behaviour in the elevated plus maze (EPM) together with changes in the gene expression of corticotrophin-releasing hormone (CRH), its receptors, CRHR1 and CRHR2, as well as CRH binding protein (CRH-BP) in the paraventricular nucleus (PVN) and amygdala of their male and female offspring. Both prenatally-stressed (PS) males and females showed heightened anxiety in the EPM. Prenatal stress did not alter the gene expression of CRH or its receptors in the male PVN, although it decreased CRH-BP mRNA, which could augment the activity of free CRH. In the PVN of PS females, there was an increase in the expression of CRH, coupled with a decrease in that of CRHR2 and CRH-BP. These changes are compatible with the greater activation of the hypothalamic pituitary adrenal axis to stress in females. Anxiogenic behaviour of PS rats was associated with a reduction of CRHR2 mRNA and of CRH-BP mRNA in the amygdala of males and an increase in CRH mRNA and decrease in CRHR2 mRNA in females. Two hours after acute stress of exposure to the elevated plus maze in which heightened anxiety was manifested, increases were seen only in the amygdala of females in CRH and CRHR1 signalling, whereas CRHR2 mRNA was reduced in both sexes. The data show that both prenatal stress and acute stress in adulthood have a differential sex-dependent effect on the expression of CRH its receptors and binding protein in the PVN and amygdala of rats.","RAYYAN-INCLUSION: {""Anna""=>""Excluded""} | RAYYAN-EXCLUSION-REASONS: wrong exposure | USER-NOTES: {""Anna""=>[""variable stressors""]}",10.1111/j.1365-2826.2011.02117.x,Amygdala/cytology/*metabolism;Animals;Anxiety/physiopathology;Carrier Proteins/genetics/metabolis...;Messenger/metabolism;Rats;Rats;Wistar;Receptors;Corticotropin-Releasing Hormone/genetics/*metabolism;Stress;Physiological/*physiology,,
rayyan-386283720,Ketamine role in the treatment of Maternal depression: effects on offspring behaviour,,,,,,,,,"",,,,,"<title>Abstract</title> Maternal depression during pregnancy adversely affects offspring neurodevelopment and behaviour. Typical antidepressants like selective serotonin reuptake inhibitors have limitations due to risks of crossing the placenta. Ketamine has emerged as a promising alternative treatment. This research examined ketamine's effects on offspring of maternally stressed mice. Dams were divided into control, maternal adversity, fluoxetine, and ketamine groups. Open field, sucrose preference, elevated plus maze, and forced swim tests assessed offspring anxiety, anhedonia, and despair. Maternal adversity increased anxiety-like behaviours and ketamine or fluoxetine reversed some effects. However, fluoxetine more effectively mitigated despair in forced swim tests. Ketamine moderately alleviated anhedonia versus controls. Further research on dose-response and timing is needed to optimize ketamine treatment. Mitigating maternal depression is crucial for preventing maladaptive offspring neurobehavioral trajectories.","RAYYAN-INCLUSION: {""Anna""=>""Excluded""} | RAYYAN-EXCLUSION-REASONS: wrong exposure | USER-NOTES: {""Anna""=>[""illumination, tilted cages, disrupted light/dark cycles, novel objects, fox odour, noise, and 15 minutes of restraint stress""]}",https://doi.org/10.21203/rs.3.rs-3969981/v1,character(0),,
rayyan-386283754,The effects of oxytocin on anxiety and depression in the prenatal stress context in 3-NP injected rats     SO  - PHYSIOLOGY AND PHARMACOLOGY,2025,,,,,29,,,"",,,,,"Introduction: Oxytocin (OXT) has attracted attention as an effective treatment for anxiety and depression. It also can prevent 3-NP-induced anxiety and depression. However, the effects of OXT can be context-dependent. The objective of this investigation was to explore how prenatal stress (PS) context modulates the effectiveness of OXT in mitigating anxiety- and depression-like behaviors induced by 3-NP, as well as alterations in antioxidant levels. Methods: The dams underwent PS or PS+3NP treatments, and the effects of OXT on the anxiety-like behavior, and depression-like behavior in these treatment groups were evaluated via elevated plus maze and forced swim test respectively. The reduced glutathione (GSH) level was also measured in the striatum, hippocampus, prefrontal cortex, and amygdala. Results: We found that PS per se and 3-NP in the context of PS increased anxiety and depression. These groups also had lower GSH levels in the brain regions examined. OXT pretreatment markedly increased the behavioral changes in the PS group and ameliorated the antioxidant changes. However, OXT pretreatment could not improve 3-NP-induced behavioral and GSH level changes in the context of PS. Conclusion: These findings indicate that OXT improves PS-induced anxiety and depression and the antioxidant level changes, but we found that PS per se thwarts the protective effects of OXT in the 3-NP-induced anxiety and depression.","RAYYAN-INCLUSION: {""Anna""=>""Excluded""} | RAYYAN-EXCLUSION-REASONS: wrong exposure | USER-NOTES: {""Anna""=>[""cylindrical restrainer ""]}",10.61186/phypha.29.1.63,character(0),,
rayyan-386283761,Reduced Levels of NR1 and NR2A with Depression-Like Behavior in Different Brain Regions in Prenatally Stressed Juvenile Offspring     SO  - PLOS ONE,2013,,,,,8,,,"",,,,,"Adolescence is a time of continued brain maturation, particularly in limbic and cortical regions, which undoubtedly plays a role in the physiological and emotional changes. Juvenile rats repeatedly exposed to prenatal stress (PS) exhibit behavioral features often observed in neuropsychiatric disorders including depression. However, to date the underlying neurological mechanisms are still unclear. In the current study, juvenile offspring rats whose mothers were exposed to PS were evaluated for depression-related behaviors in open field and sucrose preference test. NMDA receptor subunits NR1 and NR2A in the hippocampus, frontal cortex and striatum were assayed by western blotting. The results indicated that PS resulted in several behavioral anomalies in the OFT and sucrose preference test. Moreover, reduced levels of NMDA receptor subunits NR1 and NR2A in the hippocampus, and NR1 in prefrontal cortex and striatum of prenatally stressed juvenile offspring were found. Treatment with MK-801 to pregnant dams could prevent all those changes in the juvenile offspring. Collectivity, these data support the argument that PS to pregnant dams could induce depression-like behavior, which may be involved with abnormal expression of NR1 and NR2A in specific brain regions, and MK-801 may have antidepressant-like effects on the juvenile offspring.","RAYYAN-INCLUSION: {""Anna""=>""Excluded""} | RAYYAN-EXCLUSION-REASONS: wrong exposure | USER-NOTES: {""Anna""=>[""estraint stress model""]}",10.1371/journal.pone.0081775,character(0),,
rayyan-386283763,Identification of short-acting κ-opioid receptor antagonists with anxiolytic-like activity     SO  - EUROPEAN JOURNAL OF PHARMACOLOGY,2011,,,,,661,,,"",,,,,"The kappa-opioid receptor plays a central role in mediating the response to stressful life events. Inhibiting kappa-opioid receptor signaling is proposed as a mechanism for treating stress-related conditions such as depression and anxiety. Preclinical testing consistently confirms that disruption of kappa-opioid signaling is efficacious in animal models of mood disorders. However, concerns about the feasibility of developing antagonists into drugs stem from an unusual pharmacodynamic property of prototypic kappa-opioid receptor-selective antagonists; they inhibit receptor signaling for weeks to months after a single dose. Several fundamental questions include - is it possible to identify short-acting antagonists; is long-lasting inhibition necessary for efficacy; and is it safe to develop long-acting antagonists in the clinic. Here, we test representative compounds (AZ-ECPC, AZ-MTAB, and LY-DMPF) from three new chemical series of kappa-opioid receptor ligands for long-lasting inhibition. Each compound dose-dependently reversed kappa-opioid agonist-induced diuresis. However, unlike the prototypic antagonist, nBNI, which fully inhibited evoked diuresis for at least four weeks, the new compounds showed no inhibition after one week. The two compounds with greater potency and selectivity were tested in prenatally-stressed rats on the elevated plus maze, an exploration-based model of anxiety. Spontaneous exploration of open arms in the elevated plus maze was suppressed by prenatal stress and restored with both compounds. These findings indicate that persistent inhibition is not an inherent property of kappa-opioid-selective antagonists and that post-stress dosing with transient inhibitors can be effective in a mood disorder model. This further supports kappa-opioid receptor as a promising target for developing novel psychiatric medications. (C) 2011 Elsevier B.V. All rights reserved.","RAYYAN-INCLUSION: {""Anna""=>""Excluded""} | RAYYAN-EXCLUSION-REASONS: wrong exposure | USER-NOTES: {""Anna""=>[""variable""]}",10.1016/j.ejphar.2011.04.017,character(0),,
rayyan-386283770,Ultrasound-Induced Prenatal Stress: New Possibilities for Modeling Mental Disorders     SO  - DEVELOPMENTAL NEUROSCIENCE,2024,,,,,46,,,"",,,,,"The development of animal models of mental disorders is an important task, since such models are useful for studying the neurobiological mechanisms of psychopathologies and for trial of new therapeutic drugs. One way to model pathologies of the nervous system is to impair fetal neurodevelopment through stress of the pregnant future mother, or prenatal stress. The use of variable frequency ultrasound in rodents is a promising method of imitating psychological stress, to which women in modern society are most often subjected. The aim of our study was to investigate the effect of prenatal stress induced by exposure to variable frequency ultrasound (US PS) throughout the gestational period on the adult rat offspring, namely to identify features of behavioral alterations and neurochemical brain parameters that can be associated with certain mental disorders in humans, to determine the possibility of creating a new model of psychopathology. Our study included a study of some behavioral characteristics of male and female rats in the elevated plus maze, open field test, object recognition test, social interaction test, sucrose preference test, latent inhibition test, Morris water maze, forced swimming test, acoustic startle reflex and prepulse inhibition tests. We also determined the activity of the serotonergic, dopaminergic, and noradrenergic neurotransmitter systems in the hippocampus and frontal cortex by HPLC-ED. Concentration of norepinephrine, dopamine, DOPAC, serotonin, and HIAA, as well as DOPAC/dopamine and HIAA/serotonin ratios were determined. A correlation analysis of behavioral and neurochemical parameters in male and female rats was performed based on the data obtained. The results of the study showed that US PS altered the behavioral phenotype of the rat offspring. US PS increased the level of anxious behavior, impaired orientation-research behavior, increased grooming activity, decreased the desire for social contacts, shifted behavioral reactions from social interaction to interaction with inanimate objects, impaired latent inhibition, and decreased the startle reflex. US PS activated the serotonergic, dopaminergic, and noradrenergic neurotransmitter systems of the rat frontal cortex and hippocampus. A correlation between neurochemical and behavioral parameters was revealed. Our study showed that US PS leads to a certain dysfunction on behavioral and neurochemical levels in rats that is most closely associated with symptoms of schizophrenia or autism. We hypothesize that this could potentially be an indicator of face validity for a model of psychopathology based on neurodevelopmental impairment.","RAYYAN-INCLUSION: {""Anna""=>""Included""}",10.1159/000534687,character(0),,
rayyan-386283776,Sexual differences in long-term effects of prenatal chronic mild stress on anxiety-like behavior and stress-induced regional glutamate receptor expression in rat offspring     SO  - INTERNATIONAL JOURNAL OF DEVELOPMENTAL NEUROSCIENCE,2015,,,,,41,,,"",,,,,"Severe adverse life events during pregnancy may increase the risk of anxiety disorders in the offspring. Glutamate receptors are neurobiological targets in anxiety disorders. In this study, we investigated the effects of prenatal chronic mild stress (PCMS) on anxiety-like behavior by using elevated plus maze (EPM), and evaluated the effects of PCMS and/or anxiogenic challenge on glutamate receptors in different brain regions. Our results showed that PCMS increased anxiety-like behavior in both male and female offspring. Moreover, compared with the male naive rats, male EPM rats showed a significant reduction of mGluR2/3 in the prefrontal cortex, mGluR1 and mGluR2/3 in the hippocampus, and increments of mGluR5, NR1, NR2B and PSD95 in the amygdala. In contrast, compared with female naive rats, female EPM rats showed decreased levels of mGluR5 in the hippocampus, and mGluR2/3 and mGluR5 in the prefrontal cortex, and increased levels of NR2B and PSD95 in the amygdala. Furthermore, PCMS seemed not to affect the baseline expression of glutamate receptors in adult offspring, but induced significant alterations of them triggered by anxiogenic challenge with a sex difference. These data strengthen the pathophysiological hypothesis that prenatal stress as a risk factor involves in the development of anxiety disorder in the offspring. (C) 2015 Published by Elsevier Ltd. on behalf of ISDN.","RAYYAN-INCLUSION: {""Anna""=>""Excluded""} | RAYYAN-EXCLUSION-REASONS: wrong exposure | USER-NOTES: {""Anna""=>[""empty cage (no sawdust), wet bedding, crowding, food and water deprivation, flashing light during the dark phase.""]}",10.1016/j.ijdevneu.2015.01.003,character(0),,
rayyan-386283784,The effects of prenatal sound stress on the spatial learning and memory of rat&apos;s male offspring,,,,,,,,,"",,,,,,"RAYYAN-INCLUSION: {""Anna""=>""Excluded""} | RAYYAN-EXCLUSION-REASONS: wrong outcome,foreign language | USER-NOTES: {""Anna""=>[""Barzegar et al 2011- they evaluated learning and spatial memory with Morris water maze.""]}",,character(0),,
rayyan-386283789,"Prenatal stress leads to deficits in brain development, mood related behaviors and gut microbiota in offspring     SO  - NEUROBIOLOGY OF STRESS",2021,,,,,15,,,"",,,,,"Early exposure to stressful and adverse life events at fetal and neonatal stages is one of crucial risk factors for mood disorders such as anxiety and depressive disorder in adulthood. Intergenerational effects of prenatal stress on offspring are still not fully understood. We here uncover a significant negative impact of prenatal stress on brain development in embryos and newborns, and on mood-related behaviors and gut microbiota in adult offspring. Prenatal stress leads to reduced numbers in neural progenitors and newborn neurons, and altered gene expression profiles in the mouse embryonic cerebral cortex. Adult mouse offspring exposed to prenatal stress displays altered gene expression in the cortex and elevated responses in anxiety- and depression-like behaviors. Interestingly, prenatal stress has an enduring effect on gut microbiota, as specific microbial community structure is altered in adult F1 offspring treated with prenatal stress, compared to that of the control. Our results highlight the essential impact of prenatal stress on cortical neurogenesis, gene expression patterns, mood-related behaviors, and even gut microbiota in the next generation.","RAYYAN-INCLUSION: {""Anna""=>""Excluded""} | RAYYAN-EXCLUSION-REASONS: wrong exposure | USER-NOTES: {""Anna""=>[""handled for 5 min per day""]}",10.1016/j.ynstr.2021.100333,character(0),,
rayyan-386283805,Prenatal stress: Effects on somatic and behavioral ontogeny in the rat     SO  - Dissertation Abstracts International,1976,,,,,36,,,"",https://search.library.ualberta.ca/openurl/01UOA_INST/01UOA_INST:UOA?sid=OVID:psycdb&id=pmid:&id=doi:&issn=0419-4217&isbn=&volume=36&issue=12-B%2C+Pt+1&spage=6423&pages=6423&date=1976&title=Dissertation+Abstracts+International&atitle=Prenatal+stress%3A+Effects+on+somatic+and+behavioral+ontogeny+in+the+rat.&aulast=Sobrian&pid=%3Cauthor%3ESobrian%2C+Sonya+K%3C%2Fauthor%3E%3CAN%3E1978-00390-001%3C%2FAN%3E%3CDT%3EDissertation%3C%2FDT%3E,,,,,"RAYYAN-INCLUSION: {""Anna""=>""Excluded""} | RAYYAN-EXCLUSION-REASONS: wrong exposure | USER-NOTES: {""Anna""=>[""thesis was to determine whether physical stress applied to the pregnant female rat would alter behavioral ""]}",,*Animal Open Field Behavior;*Biochemistry;*Pregnancy;*Prenatal Development;*Stress;Animal Develop...,,
rayyan-386283838,"Interplay of serotonin and kappa opioid systems in stress, anxiety, and depressive disorders     SO  - Dissertation Abstracts International: Section B: The Sciences and Engineering",2023,,,,,84,,,"",https://search.library.ualberta.ca/openurl/01UOA_INST/01UOA_INST:UOA?sid=OVID:psycdb&id=pmid:&id=doi:&issn=0419-4217&isbn=979-8352940761&volume=84&issue=5-B&spage=No&pages=No+Pagination+Specified&date=2023&title=Dissertation+Abstracts+International%3A+Section+B%3A+The+Sciences+and+Engineering&atitle=Interplay+of+serotonin+and+kappa+opioid+systems+in+stress%2C+anxiety%2C+and+depressive+disorders.&aulast=Christiansen&pid=%3Cauthor%3EChristiansen%2C+Sara+Erwin%3C%2Fauthor%3E%3CAN%3E2023-33086-011%3C%2FAN%3E%3CDT%3EDissertation%3C%2FDT%3E,,,,"The serotonin system, among other neurotransmitter systems, plays an important role in mood and anxiety disorders. The etiology of mood and anxiety disorders is still largely unknown. The biggest risk factor for the development of mood and anxiety disorders is stress, which has been found to affect neurotransmitter function and behaviors. My dissertation work set out to investigate (1) the effects of in utero stress exposure on neurochemistry and behavior during adulthood and whether concomitant maternal citalopram treatment rescued adverse stress effects, (2) the modulation of serotonin and dopamine by kappa opioid receptors in dysphoria, and (3) the selectivity of optogenetically stimulating dopamine neurons and the interplay between monoamine systems.The project of my graduate work focused on effects of in utero stress exposure and whether treatment with the SSRI, citalopram, could mitigate the adverse effects of prenatal stress. To model anxiety and depressive disorders during pregnancy, I used a mouse model in which pregnant dams underwent a chronic stress paradigm during their pregnancy. A group of dams received concomitant treatment with citalopram, an SSRI. I then examined developmental neurochemistry, and adult neurochemistry and behaviors. Pups from the stressed group had elevated neurochemical and amino acid tissue levels. Moreover, I found that pups born to stressed dams had increases in anxiety- and depressive- like behavior. The stress induced behavioral effects were rescued in pups that received concomitant in utero citalopram exposure. Serotonin concentrations were increased in stress pups after SERT blockade in the vHPC and after a systemic injection of a kappa opioid receptor agonist. My findings suggest beneficial outcomes for treating stress during pregnancy on overall offspring health.The secondary project my graduate work focused on investigating the interplay of serotonin and kappa opioid receptor systems in aversion. Human and animal studies have shown that kappa opioid receptor agonists produce dysphoric mood states. Research has also shown that while KOR agonists have anxiogenic effects, antagonists are anxiolytic. Nonetheless, the mechanisms by which KOR antagonists reduce anxiety-related or dysphoric behavior remain unclear. Using In situ hybridization, I found Oprk1, Sert, vGlut3 and vGat mRNA are co-expressed in the dorsal raphe nucleus, indicating a possible direct or indirect mechanism for KOR-modulation of serotonin transmission. Additionally, I showed local KOR activation with an agonist increases extracellular serotonin levels in both the ventral striatum and ventral hippocampus. This pilot work sets the stage for future studies to concurrently examine neurotransmitter levels during behavioral tests such as conditioned place aversion to better understand the interplay of the serotonin, dopamine, and kappa opioid receptor systems in dysphoria. (PsycInfo Database Record (c) 2023 APA, all rights reserved)","RAYYAN-INCLUSION: {""Anna""=>""Excluded""} | RAYYAN-EXCLUSION-REASONS: wrong exposure | USER-NOTES: {""Anna""=>[""chronic\t unpredictable\tstress""]}",,*Citalopram;*Major Depression;*Opiates;*Serotonin;*Stress;Anxiety;Emotional States;Neurochemistry,,
rayyan-386283891,Probiotic supplementation improves the cognitive function and the anxiety-like behaviors in the stressed rats     SO  - IRANIAN JOURNAL OF BASIC MEDICAL SCIENCES,2019,,,,,22,,,"",,,,,Objective(s): Prenatal stresses increase incidence of neurodevelopmental disorders and influence cognitive abilities. Glucocorticoids are released in stress condition as endpoint activation of hypothalamus-pituitary-adrenal (HPA) axis. Evidence indicates a cross-talk between gut microbiota and brain function. This study assesses the effect of probiotic supplementation on behavioral function and HPA axis action in stressed rats. Materials and Methods: The young rats born from dams exposed to noise stress (ST) during third trimester of pregnancy were used. Two groups of stressed animals were received a two-week probiotic supplementation before (pre-ST) and after (post-ST) birth. The time and distance to find hidden platform in Morris water maze were evaluated as spatial memory. Also entry to open arms in elevated plus-maze was considered as anxiety-like behaviors. The serum level of corticosterone was measured as the HPA axis function. Results: While the stressed rats decreased entries to open arms to one third compared to the controls (CON) the probiotic treatment increased the entries by two times. The ST rats required more time and distance to find the platform than did the CON animals. The pre- and post-ST rats significantly restored the impaired behavior almost near the CON ones. While the serum corticosterone concentration increased by 50\% in the ST rats it was reduced to almost normal level in the pre- and post-ST rats. Conclusion: Our findings confirmed a link between the gut microbiome and probiotics with the behavioral functions and HPA axis. The probiotic treatment favorably affected the stress-dependent behavioral disorders and the interaction between HPA and gut-brain-microbiota axes.,"RAYYAN-INCLUSION: {""Anna""=>""Included""}",10.22038/ijbms.2019.33956.8078,character(0),,
rayyan-386283897,Genotype and prenatal and premating stress interact to affect adult behavior in rats     SO  - Science,1965,,,,,150,,,"",https://search.library.ualberta.ca/openurl/01UOA_INST/01UOA_INST:UOA?sid=OVID:psycdb&id=pmid:&id=doi:10.1126%2Fscience.150.3705.1844&issn=0036-8075&isbn=&volume=150&issue=3705&spage=1844&pages=1844-1845&date=1965&title=Science&atitle=Genotype+and+prenatal+and+premating+stress+interact+to+affect+adult+behavior+in+rats.&aulast=Joffe&pid=%3Cauthor%3EJoffe%2C+J.+M%3C%2Fauthor%3E%3CAN%3E1966-02592-001%3C%2FAN%3E%3CDT%3EJournal+Article%3C%2FDT%3E,,,,"Open-field ambulation scores of rats were affected by stress received by their mothers prior to mating, whereas avoidance-conditioning scores were affected only by gestational stress. The direction of effects on ambulation depended upon offspring genotype, while those depending on conditioning were unidirectional. Both effects were mediated prenatally by the mother. (PsycInfo Database Record (c) 2021 APA, all rights reserved)","RAYYAN-INCLUSION: {""Anna""=>""Excluded""} | RAYYAN-EXCLUSION-REASONS: wrong exposure",https://dx.doi.org/10.1126/science.150.3705.1844,*Animal Ethology;*Animal Mating Behavior;*Genotypes;*Rats;*Stress,,
rayyan-386283912,"Involvement of NR1, NR2A different expression in brain regions in anxiety-like behavior of prenatally stressed offspring     SO  - BEHAVIOURAL BRAIN RESEARCH",2013,,,,,257,,,"",,,,,"Prenatal stress (PS) has been shown to be associated with anxiety. However, the underlying neurological mechanisms are not well understood. To determine the effects of PS on anxiety-like behavior in the adult offspring, we evaluated anxiety-like behavior using open field test (OFT) and elevated plus maze (EPM) in the 3-month offspring. Both male and female offspring showed a significant reduction of crossing counts in the center, total crossing counts, rearing counts and time spent in the center in the OFT, and only male offspring showed a decreased percentage of open-arm entries and open-arm time in open arms in the EPM. Additionally, expression of NR1 and NR2A subunit of N-methyl-D-aspartate receptor (NMDAR) in the hippocampus (HIP), prefrontal cortex (PFC) and striatum (STR) was studied. Our results showed that PS reduced NR1 and NR2A expression in the HIP, NR2A expression in the PFC and STR in the offspring. The altered NR1 and NR2A could have potential impact on anxiety-like behavior in the adult offspring exposed to PS. (C) 2013 Elsevier B.V. All rights reserved.","RAYYAN-INCLUSION: {""Anna""=>""Excluded""} | RAYYAN-EXCLUSION-REASONS: wrong exposure | USER-NOTES: {""Anna""=>[""restraint stress model ""]}",10.1016/j.bbr.2013.08.044,character(0),,
rayyan-386283927,"Motor lateralization, behavioral despair and dopaminergic brain asymmetry after prenatal stress     SO  - PHARMACOLOGY BIOCHEMISTRY AND BEHAVIOR",1997,,,,,58,,,"",,,,,"This paper presents data suggesting a relationship between rat behavioral despair in the Porsolt test and motor lateralization in the T-maze test. In addition, experimental evidence suggests a functional coupling among dopaminergic systems, behavioral despair and motor lateralization. In the first experiment, female, not male. rats with a high level of behavioral despair showed a low level of behavioral lateralization. The inverse relationship was found in female offspring of mothers stressed during gestation. In comparison with unstressed-mother rats, the female offspring of stressed mothers showed an increase of dopamine (DA) and a decrease of dihydroxyphenylacetic acid (DOPAC) and Homovanillic (HVA) levels and of DOPAC:DA and HVA:DA indexes in the n. accumbens of the right side of the brain. No significant differences were found in the n. accumbens of the left brain. Taken together, the present data provide evidence of a relation between behavioral despair and motor lateralization, suggesting that the biological dopaminergic inervation of n. accumbens could be the basis for this functional coupling. Because the stress of gestant mothers modified these biochemical and behavioral variables, the present study also suggests that lateralization of behavior and emotion during adulthood can be modified by prenatal variables. (C) 1997 Elsevier Science Inc.","RAYYAN-INCLUSION: {""Anna""=>""Excluded""} | RAYYAN-EXCLUSION-REASONS: wrong exposure",10.1016/S0091-3057(97)00009-9,character(0),,
rayyan-386283942,Prenatal stress alters the negative correlation between neuronal activation in limbic regions and behavioral responses in rats exposed to high and low anxiogenic environments     SO  - PSYCHONEUROENDOCRINOLOGY,2007,,,,,32,,,"",,,,,"Behavioral adaptation to an anxiogenic environment involves the activity of various interconnected limbic regions, such as the amygdala, hippocampus and prefrontal cortex. Prenatal stress (PS) in rats affects the ability to cope with environmental challenges and alters brain plasticity, leading to tong-lasting behavioral and neurobiological alterations. We examined in PS and control animals whether behavioral reactivity was correlated to neuronal activation by assessing Fos protein expression in limbic regions of rats exposed to a tow or high anxiogenic environment (the closed and open arms of an elevated plus maze, respectively). A negative correlation was found between behavioral and neuronal activation, with a tower behavioral reactivity and a higher neuronal response observed in rats exposed to the more anxiogenic environment (the open arm) with respect to the Less anxiogenic environment (the closed arm). Interestingly, the variation in the neurobehavioral response between the two arms of the maze was less pronounced in rats that had been subjected to PS. This study provides a remarkable example of how long-lasting changes in brain plasticity induced by PS affect the ability of limbic neurons to cope with anxiogenic stimuli of different strength. (C) 2007 Elsevier Ltd. All rights reserved.","RAYYAN-INCLUSION: {""Anna""=>""Excluded""} | RAYYAN-EXCLUSION-REASONS: wrong exposure | USER-NOTES: {""Anna""=>[""restraint stress""]}",10.1016/j.psyneuen.2007.03.013,character(0),,
rayyan-386283946,The impact of prenatal stress on insulin-like growth factor-1 and pro-inflammatory cytokine expression in the brains of adult male rats: The possible role of suppressors of cytokine signaling proteins     SO  - JOURNAL OF NEUROIMMUNOLOGY,2014,,,,,276,,,"",,,,,"Stress, inflammation and the reduced expression of neurotrophic factors are risk factors for depression. The objective of this study was to determine if prenatal stress affects IGF-1 - cytokine interactions by influencing suppressors of cytokine signaling (SOCS) in the brains of adult rats, in basal conditions and after acute lipopolysaccharide (LPS) treatment. We demonstrated that prenatal stress leads to depression-like behavior, decreased IGF-1, increased IL-1 beta, TNF-alpha and IFN-gamma release and disturbed SOCS-1, SOCS-2 and SOCS-3 expression in the hippocampus and frontal cortex of adult offspring. Furthermore, prenatal stress enhances the brain response to LPS-evoked inflammatory challenges. (C) 2014 Elsevier B.V. All rights reserved.","RAYYAN-INCLUSION: {""Anna""=>""Excluded""} | RAYYAN-EXCLUSION-REASONS: wrong exposure | USER-NOTES: {""Anna""=>[""plastic cylinders (7 × 12 cm) and exposed to a bright light (150 W) for 45 min""]}",10.1016/j.jneuroim.2014.08.001,character(0),,
rayyan-386283981,The effect of prenatal stress on rat offspring anxiety     SO  - ZHURNAL VYSSHEI NERVNOI DEYATELNOSTI IMENI I P PAVLOVA,1996,,,,,46,,,"",,,,,The anxiety level was studied in offsprings of dams stressed during pregnancy. Increased number of resorptions and stillbirths was mentioned. The experimental pups (1 months old) had lower locomotion and higher anxiety levels as compared to the control animals. There were no differences in anxiety and locomotion levels in males (4 months old) between the experimental and control groups. In experimental females of this age anxiety was decreased and locomotion increased. Aggressive behavior was more expressed in the experimental animals of both sexes.,"RAYYAN-INCLUSION: {""Anna""=>""Excluded""} | RAYYAN-EXCLUSION-REASONS: wrong exposure | USER-NOTES: {""Anna""=>[""I requested full-text to library""]}",,character(0),,
rayyan-386283985,Chronic traffic noise stress accelerates brain impairment and cognitive decline in mice     SO  - EXPERIMENTAL NEUROLOGY,2018,,,,,308,,,"",,,,,"Although traffic noise exposure is a well-known environmental pollutant whose negative health effect has been discussed in different aspects of the human life, only a few animal studies have tackled this issue as a cohort study, which is not feasible to be addressed in human studies. In addition to the deleterious impact of the daytime noise on well-being, chronic nocturnal noise can also disturb sleep and affects physical and mental health, but to date, little research has examined the neurobiological effects of light/dark cycles of traffic noise exposure. We investigated the effects of light/dark cycles and sex on the impact of chronic traffic noise exposure on mouse brain structure-function. The mice were randomly assigned to either one of two stress conditions or a control condition. Animals were exposed to traffic noise on either the light-cycle (LC) or dark-cycle (DC) for 30 days. Traffic noise exposure caused the hypothalamic pituitary adrenal (HPA) axis hyperactivity, anxiety like behavior, impairments in learning and memory, dysfunction in balance and motor coordination, and a reduction in variety of brain measures including a brain volume, medial prefrontal cortex (mPFC) area, cortical thickness, hippocampal volume, amygdala area, and the neural density in mPFC and dentate gyrus. All behavioral and brain measures revealed adverse effects of the chronic noise stress irrespective of the LC/DC exposure or sex. Our findings were a re-emphasis on the significance of noise prevention and mitigation strategies for public health.","RAYYAN-INCLUSION: {""Anna""=>""Excluded""} | RAYYAN-EXCLUSION-REASONS: wrong population",10.1016/j.expneurol.2018.06.011,character(0),,
rayyan-386284007,Female Early Adult Depression Results in Detrimental Impacts on the Behavioral Performance and Brain Development in Offspring     SO  - CNS NEUROSCIENCE \& THERAPEUTICS,2012,,,,,18,,,"",,,,,"Aims: The present study was to understand whether early adult depressive females implicated their offspring. Methods: Seven-week-old female mice were subject to chronic mild stress (CMS) to establish the animal model of depression. The behavioral performance of their offspring were tested via neonatal reflexes tests, hole-board test, and morris water maze test in different ages. Astrocyte number, hippocampal volume, and neurogenesis were analyzed via immunohistochemical blotting. Glucocorticoid receptor (GR) expression and serum cortisol levels were measured by western blotting and ELISA. Results: Female depressive mice had normal fertility, but their offspring had lowered neonatal survival rate and body weight from neonatal period to early adulthood. The offspring of female depressive mice exhibited the impairments of neonatal reflex attainment and memory, but had higher emotionality as adults. Furthermore, the astrocyte number, hippocampal volume, and neurogenesis were reduced in the offspring. However, the expressions of GR were increased in the hippocampus of offspring. Conclusion: This study reveals that female early adult depressive mice have normal reproductive ability, but make long-term detrimental impacts on the behavioral performance and brain development of their offspring.","RAYYAN-INCLUSION: {""Anna""=>""Excluded""} | RAYYAN-EXCLUSION-REASONS: wrong exposure | USER-NOTES: {""Anna""=>[""variable stress""]}",10.1111/j.1755-5949.2012.00324.x,character(0),,
rayyan-386284014,Gestational stress: Effects on open-field behaviour and heart rate reactivity in rat offspring     SO  - BIOLOGICAL PSYCHOLOGY,1975,,,,,3,,,"",https://search.library.ualberta.ca/openurl/01UOA_INST/01UOA_INST:UOA?sid=OVID:psycdb&id=pmid:&id=doi:10.1016%2F0301-0511%252875%252990037-X&issn=0301-0511&isbn=&volume=3&issue=3&spage=231&pages=231-236&date=1975&title=Biological+Psychology&atitle=Gestational+stress%3A+Effects+on+open-field+behaviour+and+heart+rate+reactivity+in+rat+offspring.&aulast=Jolley&pid=%3Cauthor%3EJolley%2C+Alan%2CAdam%2C+Jan+H%3C%2Fauthor%3E%3CAN%3E1976-03983-001%3C%2FAN%3E%3CDT%3EJournal+Article%3C%2FDT%3E,,,,"Home-cage heart rate (HR) and open-field defecation, ambulation, rearing and HR, were recorded in the offspring of mothers who had been exposed to stress during gestation. Compared with controls, experimental animals showed no significant differences in ambulation and rearing, while defecation was significantly lower. The only significant finding on HR was an increase from home-cage level to open-field level in the experimental group. The results confirmed previous findings that illumination level is a useful independent variable in gestational stress studies, and suggested that different types of HR measure yield a similar picture of the HR/defecation relationship, which appears to be a negative function. These conclusions were discussed in the light of other findings in this area and traditional assumptions about the emotionality construct were questioned.","RAYYAN-INCLUSION: {""Anna""=>""Excluded""} | RAYYAN-EXCLUSION-REASONS: wrong exposure | USER-NOTES: {""Anna""=>[""light and noise""]}",https://dx.doi.org/10.1016/0301-0511%2875%2990037-X,*Animal Open Field Behavior;*Early Experience;*Heart Rate;*Physiological Stress;*Prenatal Develop...,,
rayyan-386284036,Prenatal stress is a vulnerability factor for altered morphology and biological activity of microglia cells     SO  - FRONTIERS IN CELLULAR NEUROSCIENCE,2015,,,,,9,,,"",,,,,"Several lines of evidence suggest that the dysregulation of the immune system is an important factor in the development of depression. Microglia are the resident macrophages of the central nervous system and a key player in innate immunity of the brain. We hypothesized that prenatal stress (an animal model of depression) as a priming factor could affect microglial cells and might lead to depressive like disturbances in adult male rat offspring. We investigated the behavioral changes (sucrose preference test, Porsolt test), the expression of C1q and CD40 mRNA and the level of microglia (Iba1 positive) in 3-month-old control and prenatally stressed male offspring rats. In addition, we characterized the morphological and biochemical parameters of potentially harmful (NO, iNOS, IL-1 beta, IL-18, IL-6, TNF-alpha, CCL2, CXCL12, CCR2, CXCR4) and beneficial (insulin-like growth factor-1 (IGF-1), brain derived neurotrophic factor (BDNF)) phenotypes in cultures of microglia obtained from the cortices of 1-2 days old control and prenatally stressed pups. The adult prenatally stressed rats showed behavioral (anhedonic- and depression-like) disturbances, enhanced expression of microglial activation markers and an increased number of Iba1-immunopositive cells in the hippocampus and frontal cortex. The morphology of glia was altered in cultures from prenatally stressed rats, as demonstrated by immunofluorescence microscopy. Moreover, in these cultures, we observed enhanced expression of CD40 and MHC II and release of pro-inflammatory cytokines, including IL-1 beta, IL-18, TNF-alpha and IL-6. Prenatal stress significantly up regulated levels of the chemokines CCL2, CXCL12 and altered expression of their receptors, CCR2 and CXCR4 while IGF-1 production was suppressed in cultures of microglia from prenatally stressed rats. Our results suggest that prenatal stress may lead to excessive microglia activation and contribute to the behavioral changes observed in depression in adulthood.","RAYYAN-INCLUSION: {""Anna""=>""Excluded""} | RAYYAN-EXCLUSION-REASONS: wrong exposure | USER-NOTES: {""Anna""=>["" during which they were placed in plastic boxes (d = 7 cm; l = 19 cm) and exposed to a bright light (150 W) for 45 min.""]}",10.3389/fncel.2015.00082,character(0),,
rayyan-386284089,"Maternal Mirtazapine Selectively Enhances Hippocampal LTP without Reversing Stress-Associated Alterations in Basal Transmission, Short-Term Plasticity, or Open Field Behaviour in Rat Offspring     SO  - DRUG RESEARCH",2025,,,,,75,,,"",,,,,"Introduction Maternal stress during pregnancy has profound effects on offspring, disrupting brain development and behaviour. Mirtazapine, an antidepressant commonly prescribed for maternal depression, has an unclear impact on offspring neurophysiology and behaviour. We hypothesized that maternal mirtazapine treatment during pregnancy and lactation would influence locomotor activity, exploratory behaviour, and hippocampal synaptic plasticity in rat offspring, particularly in the context pre-gestational stress. Methods Offspring from control or chronically stressed dams, treated with either vehicle or mirtazapine, were assessed. Behavioural responses were evaluated using the open field test, and the hippocampus was examined electrophysiologically to measure population spike (PS) amplitude of compound action potential, field excitatory postsynaptic potential (fEPSP) slope, short-term plasticity, and long-term potentiation (LTP). Results Maternal stress significantly reduced exploration of the central zone, indicating increased anxiety-like behaviour, although post hoc comparisons did not reach significance. Mirtazapine treatment did not reverse these behavioural alterations. PS amplitude was unaffected across groups, but fEPSP slope was significantly reduced in stressed offspring, with no recovery observed following mirtazapine treatment. Paired-pulse ratios across inter-pulse intervals (10-100 ms) were consistently decreased in the stressed group, indicating impaired short-term synaptic plasticity, which mirtazapine did not restore. In contrast, LTP showed a significant stressxtreatment interaction ( p =0.0201), suggesting that mirtazapine selectively enhanced long-term plasticity in stressed offspring. Discussion and Conclusion Mirtazapine did not reverse behavioural impairments or basal synaptic transmission deficits induced by maternal stress. It may selectively enhance long-term synaptic plasticity, suggesting its potential to modulate specific neurodevelopmental outcomes following prenatal stress exposure.","RAYYAN-INCLUSION: {""Anna""=>""Excluded""} | RAYYAN-EXCLUSION-REASONS: wrong exposure | USER-NOTES: {""Anna""=>[""Can't access to full text "", ""I asked for text"", ""I got the full-text from the UofA Library. They use CUS""]}",10.1055/a-2682-5112,character(0),,
rayyan-386284125,[Comparative efficacy of selective serotonin reuptake inhibitors in young prenatally stressed female rats]     SO  - Eksperimental'naia i klinicheskaia farmakologiia,2010,,,,,73,,,"",https://pubmed.ncbi.nlm.nih.gov/21254505/,,,,"Effects of the chronic administration of selective serotonin reuptake inhibitors (SSRIs) fluoxetine (daily 5.0 mg/kg, p.o.) and paroxetine (daily 5.0 mg/kg, p.o.) for 14 days of postnatal period on anxiety-like behavior have been studied during pubertal period in prenatally stressed female rats. It was found that prenatal stress reduced the anxiety level in test rats. Chronic administration of paroxetine in female rats did not change their anxiety-like behavior. Administration of fluoxetine resulted in an anxiogenic effect, but leveled an action of prenatal stress on the anxiety-like behavior in prenatally stressed female rats during pubertal period.","RAYYAN-INCLUSION: {""Anna""=>""Excluded""} | RAYYAN-EXCLUSION-REASONS: wrong publication type",,Animals;Anti-Anxiety Agents/pharmacology;Anxiety/drug therapy/*physiopathology;Behavior;Animal/*drug effects;Female;Fluoxetine/*pharmacology;Paroxetine/*pharmacology;Rats;Rats;Sprague-Dawley;Selective Serotonin Reuptake Inhibitors/*pharmacology;Sexual Maturation/drug effec...;Psychological/drug therapy/*physiopathology,,
rayyan-386284128,Prenatal stress leads to chromatin and synaptic remodeling and excessive alcohol intake comorbid with anxiety-like behaviors in adult offspring     SO  - NEUROPHARMACOLOGY,2018,,,,,140,,,"",,,,,"Epidemiologic evidence suggests that individuals during their prenatal development may be especially vulnerable to the effects of environmental factors such as stress that predisposes them to psychiatric disorders including alcohol use disorder (AUD) later in life. Currently, the epigenetic mechanisms of anxiety comorbid with AUD induced by prenatal stress (PRS) remain to be elucidated. Here, we examined anxiety-like and alcohol drinking behaviors in adult offspring of prenatally stressed dam (PRS-mice) using elevated plus maze, light/dark box and two-bottle free-choice paradigm. It was found that PRS-mice exhibit heightened anxiety-like behaviors and increased alcohol intake in adulthood and these behavioral deficits were associated with a significant decrease in dendritic spine density (DSD) in medial prefrontal cortex (mPFC) relative to non-stressed mice (NS mice). To determine the mechanisms by which PRS reduces DSD, we examined the expressions of key genes associated with synaptic plasticity, including activity regulated cytoskeleton associated protein (Arc), spinophilin (Spn), postsynaptic density 95 (Psd95), tropomyosin receptor kinase B (TrkB), protein kinase B (Akt), mammalian target of rapamycin (mTOR) and period 2 (Pert) in mPFC of PRS and NS mice. The mRNA levels of these genes were significantly decreased in PRS mice. Methylated DNA and chromatin immunoprecipitation studies revealed hyper DNA methylation or reduced histone H3K14 acetylation on promoters of above genes suggesting that epigenetic dysregulation may be responsible for the deficits in their expression. Findings from this study suggest that prenatal stress induced abnormal epigenetic mechanisms and synaptic plasticity related events may be associated with anxiety-like and alcohol drinking behaviors in adulthood. (C) 2018 Elsevier Ltd. All rights reserved.","RAYYAN-INCLUSION: {""Anna""=>""Excluded""} | RAYYAN-EXCLUSION-REASONS: wrong exposure | USER-NOTES: {""Anna""=>[""under a bright light for 45 min three""]}",10.1016/j.neuropharm.2018.07.010,character(0),,
rayyan-386284145,Hippocampal metabolic alteration in rat exhibited susceptibility to prenatal stress     SO  - JOURNAL OF AFFECTIVE DISORDERS,2019,,,,,259,,,"",,,,,"Background: Numerous studies have shown that prenatal stress (PS) can cause emotional and behavioral abnormalities including depression and depressive-like behaviors in offspring. However, the mechanism underlying the pathophysiology of depression remains largely unknown. In recent years, small metabolic molecules have played an increasingly important role in explaining the pathogenesis of depression. Thus, we detected hippocampal metabolic alteration in rat of depression caused by PS. Methods: To explore the potential molecular markers and pathways that link the metabolic to the pathogenesis of depression, we monitored changes in hippocampus metabolites during the development of depressive-like behaviors in rats exposed to PS via UHPLC-Q-TOF/MS approach. Sucrose preference WA (SPT) was used to screen out the susceptibility rats exposed to PS, open field WA (OFT), forced swimming WA (FST) and tail suspension WA (TST) were used to verify the validity of animal model of depression. Results: A total of 38 differential metabolites were detected in the susceptibility rats exposed to PS compared with that in controls. Most of these differential metabolites were related to Retrograde endocannabinoid signaling, Central carbon metabolism in cancer, Arginine biosynthesis, Choline metabolism in cancer, ABC transporters, Alanine, aspartate and glutamate metabolism pathways. In addition, the results of Spearman correlation analysis indicated that L-aspartate, N-Acetylaspartylglutamate, choline and betaine aldehyde were most associated with depressive-like behaviors. Conclusion: This study demonstrates that hippocampal metabolites in the Alanine, aspartate and glutamate metabolism pathways may play a crucial role in the depressive-like behaviors.","RAYYAN-INCLUSION: {""Anna""=>""Excluded""} | RAYYAN-EXCLUSION-REASONS: wrong exposure | USER-NOTES: {""Anna""=>[""Chronic restraint stress""]}",10.1016/j.jad.2019.08.002,character(0),,
rayyan-386284146,"Prenatal Exposure to Noise Stress: Anxiety, Impaired Spatial Memory, and Deteriorated Hippocampal Plasticity in Postnatal Life     SO  - HIPPOCAMPUS",2015,,,,,25,,,"",,,,,"Sound pollution is known as an annoying phenomenon in modern life. Especially, development of organisms during fetal life is more sensitive to environmental tensions. To address a link between the behavioral and electrophysiological aspects of brain function with action of hypothalamus-pituitary-adrenal (HPA) axis in stressed animals, this study was carried out on the male Wistar rats prenatally exposed to sound stress. Groups of pregnant rats were exposed to noise stress for 1, 2, and 4 hour(s). The degree of anxiety and the spatial memory were evaluated by elevated plus maze and Morris water maze, respectively. Basic synaptic activity and long-term potentiation (LTP) induction were assessed in the CA3-CA1 pathway of hippocampus. The serum level of corticosterone was measured in the pregnant mothers and the offspring. The behavioral experiments appeared that the stressed animals performed considerably weaker than the control rats. The prenatal stress negatively affected the basic synaptic responses and led to a lower level of LTP. The pregnant animals showed an increased serum corticosterone in comparison with the nonpregnant females. Also the offspring exposed to the noise stress had a more elevated level of corticosterone than the control rats. Our findings indicate that the corticosterone concentration changes markedly coincides the results of behavioral and electrophysiological experiments. We conclude that, similar to other environmental stresses, the sound stress during fetal life efficiently disturbs both cognitive abilities and synaptic activities. The changes in action of HPA axis may contribute to problems of the brain function in the prenatally stress exposed animals. (c) 2014 Wiley Periodicals, Inc.","RAYYAN-INCLUSION: {""Anna""=>""Included""}",10.1002/hipo.22363,character(0),,
rayyan-386284153,Maternal stress programs a demasculinization of glutamatergic transmission in stress-related brain regions of aged rats     SO  - GEROSCIENCE,2022,,,,,44,,,"",,,,,"Brain aging may be programmed by early-life stress. Aging affects males and females differently, but how perinatal stress (PRS) affects brain aging between sexes is unknown. We showed behavioral and neurobiological sex differences in non-stressed control rats that were strongly reduced or inverted in PRS rats. In particular, PRS decreased risk-taking behavior, spatial memory, exploratory behavior, and fine motor behavior in male aged rats. In contrast, female aged PRS rats displayed only increased risk-taking behavior and reduced exploratory behavior. PRS induced large reductions in the expression of glutamate receptors in the ventral and dorsal hippocampus and prefrontal cortex only in male rats. PRS also reduced the expression of synaptic vesicle-associated proteins, glucocorticoid receptors (GR), and mineralocorticoid receptors (MR) in the ventral hippocampus of aged male rats. In contrast, in female aged rats, PRS enhanced the expression of MRs and brain-derived neurotrophic factor (BDNF) in the ventral hippocampus and the expression of glial fibrillary acidic protein (GFAP) and BDNF in the prefrontal cortex. A common PRS effect in both sexes was a reduction in exploratory behavior and metabotropic glutamate (mGlu2/3) receptors in the ventral hippocampus and prefrontal cortex. A multidimensional analysis revealed that PRS induced a demasculinization profile in glutamate-related proteins in the ventral and dorsal hippocampus and prefrontal cortex, as well as a demasculinization profile of stress markers only in the dorsal hippocampus. In contrast, defeminization was observed only in the ventral hippocampus. Measurements of testosterone and 17-beta-estradiol in the plasma and aromatase in the dorsal hippocampus were consistent with a demasculinizing action of PRS. These findings confirm that the brains of males and females differentially respond to PRS and aging suggesting that females might be more protected against early stress and age-related inflammation and neurodegeneration. Taken together, these results may contribute to understanding how early environmental factors shape vulnerability to brain aging in both sexes and may lay the groundwork for future studies aimed at identifying new treatment strategies to improve the quality of life of older individuals, which is of particular interest given that there is a high growth of aging in populations around the world.","RAYYAN-INCLUSION: {""Anna""=>""Excluded""} | RAYYAN-EXCLUSION-REASONS: wrong exposure | USER-NOTES: {""Anna""=>["" restraint""]}",10.1007/s11357-021-00375-5,character(0),,
rayyan-386284157,Effect of Valeriana fauriei extract on the offspring of adult rats exposed to prenatal stress     SO  - INTERNATIONAL JOURNAL OF MOLECULAR MEDICINE,2016,,,,,38,,,"",,,,,"Exposing a pregnant female to stress is a risk factor for the development of psychiatric disorders in the offspring. In the present study, we examined the effects of an extract of Valeriana fauriei (VF) root (100 mg/kg/day, administered on postnatal days 35-56) on behavioral patterns as well as protein expression in the prefrontal cortex of the offspring of prenatally-stressed rats. Modified behavioral tests, including the forced swim test, the open field test, a social interaction test and the prepulse inhibition test were performed and many of the parameters were found to decrease in the offspring of the rats exposed to PNS compared with the offspring of the non-stressed rats. Western blot and immunohistochemical analyses of the prefrontal cortex revealed that the downregulation of several neurodevelopmental proteins in the offspring of rats dams exposed to PNS was reversed after treatment with VF extract. These findings demonstrate that the downregulation of several proteins in the prefrontal cortex of the offspring of prenatally-stressed rats may be associated with subsequent behavioral changes, and that these phenomena recovered following VF treatment. Our results suggest that VF decreases the incidence of prenatal stress related-psychiatric disorders, such as depression and schizophrenia.","RAYYAN-INCLUSION: {""Anna""=>""Excluded""} | RAYYAN-EXCLUSION-REASONS: wrong exposure | USER-NOTES: {""Anna""=>[""variable stress""]}",10.3892/ijmm.2016.2589,character(0),,
rayyan-386284175,4.1 Can Maternal N-Acetyl Cysteine Rescue the Effects of Prenatal Stress on Behavior and the Brain?,,,,,,,,,"",,,,,,"RAYYAN-INCLUSION: {""Anna""=>""Excluded""} | RAYYAN-EXCLUSION-REASONS: wrong publication type | USER-NOTES: {""Anna""=>[""poster""]}",https://doi.org/10.1016/j.jaac.2017.09.217,character(0),,
rayyan-386284195,"H3K9 Acetylation of Tph2 Involved in Depression-like Behavior in Male, but not Female, Juvenile Offspring Rat Induced by Prenatal Stress     SO  - NEUROSCIENCE",2018,,,,,381,,,"",,,,,"Increasing evidence has shown that prenatal stress (PS) could cause depression-like behavior in the offspring, which is sex-specific. However, the underlying mechanisms remain to be elucidated. This study is to investigate the involvement of tryptophan hydroxylase 2 (Tph2) H3K9 acetylation (H3K9ac) modification on PS-induced depression-like behavior in juvenile offspring rats (JOR). PS models were established, with or without trichostatin A (TSA) treatment. Animal behavior was assessed by the sucrose preference test (SPT) and forced swimming test (FST). The mRNA and protein expression levels of TPH2 in the dorsal raphenucleus (DRN), hippocampus, and prefrontal cortex were detected with quantitative real-time PCR and Western blot analysis, respectively. The Tph2 H3K9ac levels in the hippocampus were also analyzed. SPT and FST showed significantly reduced sucrose preference and significantly prolonged immobility in PS-induced male juvenile offspring rats (MJOR). Moreover, the mRNA and protein expression levels of TPH2 in the DRN and hippocampus were significantly declined, while the hippocampal Tph2 H3K9ac levels were significantly declined in the PS-induced MJOR. Furthermore, the PS-induced effects in MJOR could be reversed by the microinjection of TSA. However, no significant effects were observed for the female juvenile offspring rats (FJORs). In conclusion, our results showed that the Tph2 H3K9ac modification is only involved in PS-induced depression-like behavior in MJOR, in a sex-specific manner. These findings might contribute to the understanding of the disease pathogenesis and clinical treatment in future. (C) 2018 IBRO. Published by Elsevier Ltd. All rights reserved.","RAYYAN-INCLUSION: {""Anna""=>""Excluded""} | RAYYAN-EXCLUSION-REASONS: wrong exposure | USER-NOTES: {""Anna""=>[""restraint ""]}",10.1016/j.neuroscience.2018.03.043,character(0),,
